analysis,ci95_half_width,ci95_high,ci95_low,comparison,mean,metric,n,t_critical,workload
arm_mean,2.666453649286945,46.518985176938244,41.18607787836436,guard,43.8525315276513,1BDP_to_1MB_fct_us_mean,5,2.7764451051977987,AliStorage30
arm_mean,7.675917850764762,116.59419785076477,101.24236214923525,guard,108.91828000000001,1BDP_to_1MB_fct_us_p95,5,2.7764451051977987,AliStorage30
arm_mean,38.41420414987705,194.89482414987702,118.06641585012294,guard,156.48062,1BDP_to_1MB_fct_us_p99,5,2.7764451051977987,AliStorage30
arm_mean,7.52206567897262,117.32206567897262,102.27793432102737,guard,109.8,1BDP_to_1MB_flow_count,5,2.7764451051977987,AliStorage30
arm_mean,0.026779616258091627,1.2243417455994445,1.1707825130832614,guard,1.197562129341353,1BDP_to_1MB_slowdown_mean,5,2.7764451051977987,AliStorage30
arm_mean,0.14772413349142877,1.7635443094018362,1.4680960424189786,guard,1.6158201759104074,1BDP_to_1MB_slowdown_p95,5,2.7764451051977987,AliStorage30
arm_mean,0.35213104603890333,2.4453017317472323,1.7410396396694257,guard,2.093170685708329,1BDP_to_1MB_slowdown_p99,5,2.7764451051977987,AliStorage30
arm_mean,0.13246068105609385,9.211121082903022,8.946199720790835,guard,9.078660401846928,8KB_to_1BDP_fct_us_mean,5,2.7764451051977987,AliStorage30
arm_mean,0.4740951730844358,15.127605173084437,14.179414826915565,guard,14.65351,8KB_to_1BDP_fct_us_p95,5,2.7764451051977987,AliStorage30
arm_mean,0.41267415220794623,17.825926152207945,17.000577847792055,guard,17.413252,8KB_to_1BDP_fct_us_p99,5,2.7764451051977987,AliStorage30
arm_mean,36.70162190627516,983.9016219062752,910.4983780937249,guard,947.2,8KB_to_1BDP_flow_count,5,2.7764451051977987,AliStorage30
arm_mean,0.00222870653580496,1.0317404348303505,1.0272830217587408,guard,1.0295117282945456,8KB_to_1BDP_slowdown_mean,5,2.7764451051977987,AliStorage30
arm_mean,0.011572771100211349,1.131764518685033,1.1086189764846102,guard,1.1201917475848215,8KB_to_1BDP_slowdown_p95,5,2.7764451051977987,AliStorage30
arm_mean,0.0472962223597482,1.3652012215293405,1.2706087768098442,guard,1.3179049991695924,8KB_to_1BDP_slowdown_p99,5,2.7764451051977987,AliStorage30
arm_mean,0.0,0.0,0.0,guard,0.0,completion_releases,5,2.7764451051977987,AliStorage30
arm_mean,0.0,2.0,2.0,guard,2.0,elapsed_seconds,5,2.7764451051977987,AliStorage30
arm_mean,90.4328704077637,3733.432870407764,3552.567129592236,guard,3643.0,flow_count,5,2.7764451051977987,AliStorage30
arm_mean,0.5552890210395597,0.7552890210395597,-0.35528902103955967,guard,0.2,grant_binding_rate_changes,5,2.7764451051977987,AliStorage30
arm_mean,36.602772053142786,72.60277205314279,-0.602772053142786,guard,36.0,grant_binding_updates,5,2.7764451051977987,AliStorage30
arm_mean,23821.531680608063,190727.93168060805,143084.86831939194,guard,166906.4,grant_bytes_sent,5,2.7764451051977987,AliStorage30
arm_mean,291.3005663547192,729.3005663547192,146.6994336452808,guard,438.0,grant_event_rate_changes,5,2.7764451051977987,AliStorage30
arm_mean,253.4205497937028,2029.0205497937027,1522.1794502062971,guard,1775.6,grants_received,5,2.7764451051977987,AliStorage30
arm_mean,253.4205497937028,2029.0205497937027,1522.1794502062971,guard,1775.6,grants_sent,5,2.7764451051977987,AliStorage30
arm_mean,30.507928691038924,228.26344758711994,167.2475902050421,guard,197.755518896081,gt_1MB_fct_us_mean,5,2.7764451051977987,AliStorage30
arm_mean,89.87425117951477,422.4040711795148,242.65556882048526,guard,332.52982000000003,gt_1MB_fct_us_p95,5,2.7764451051977987,AliStorage30
arm_mean,145.7833842888581,554.8148742888582,263.24810571114193,guard,409.03149,gt_1MB_fct_us_p99,5,2.7764451051977987,AliStorage30
arm_mean,7.583304673388708,56.18330467338871,41.01669532661129,guard,48.6,gt_1MB_flow_count,5,2.7764451051977987,AliStorage30
arm_mean,0.17296632957526217,1.6504642886005243,1.30453162945,guard,1.4774979590252622,gt_1MB_slowdown_mean,5,2.7764451051977987,AliStorage30
arm_mean,0.5404016066238632,2.869415669632384,1.7886124563846573,guard,2.3290140630085205,gt_1MB_slowdown_p95,5,2.7764451051977987,AliStorage30
arm_mean,0.9589892364846325,3.7171851513939425,1.7992066784246772,guard,2.75819591490931,gt_1MB_slowdown_p99,5,2.7764451051977987,AliStorage30
arm_mean,0.0,0.0,0.0,guard,0.0,guard_adaptive_grant_updates,5,2.7764451051977987,AliStorage30
arm_mean,0.0,1.0,1.0,guard,1.0,guard_grant_refresh_bdps,5,2.7764451051977987,AliStorage30
arm_mean,0.0,0.0,0.0,guard,0.0,guard_min_share_fraction,5,2.7764451051977987,AliStorage30
arm_mean,0.0,0.0,0.0,guard,0.0,guard_rebalance_events,5,2.7764451051977987,AliStorage30
arm_mean,0.0,1.0,1.0,guard,1.0,guard_remaining_aware,5,2.7764451051977987,AliStorage30
arm_mean,0.0,1.0,1.0,guard,1.0,guard_remaining_exponent,5,2.7764451051977987,AliStorage30
arm_mean,177.27640045033445,1497.0764004503344,1142.5235995496655,guard,1319.8,guard_remaining_refresh_events,5,2.7764451051977987,AliStorage30
arm_mean,0.0,1.0,1.0,guard,1.0,guard_sender_srpt_enabled,5,2.7764451051977987,AliStorage30
arm_mean,23.38485510173675,74.58485510173675,27.815144898263252,guard,51.2,guard_sender_srpt_forced_rr,5,2.7764451051977987,AliStorage30
arm_mean,4425.209087392415,16627.009087392413,7776.590912607584,guard,12201.8,guard_sender_srpt_non_rr,5,2.7764451051977987,AliStorage30
arm_mean,13911.008839662287,163609.80883966226,135787.7911603377,guard,149698.8,guard_sender_srpt_selections,5,2.7764451051977987,AliStorage30
arm_mean,0.0,64.0,64.0,guard,64.0,guard_srpt_quantum_packets,5,2.7764451051977987,AliStorage30
arm_mean,0.0,8.0,8.0,guard,8.0,guard_tail_bypass_bdps,5,2.7764451051977987,AliStorage30
arm_mean,0.0,1.0,1.0,guard,1.0,guard_tail_bypass_enabled,5,2.7764451051977987,AliStorage30
arm_mean,906.4408272748846,9497.640827274885,7684.7591727251165,guard,8591.2,guard_tail_bypass_feedbacks,5,2.7764451051977987,AliStorage30
arm_mean,12.00631945246779,221.00631945246778,196.99368054753222,guard,209.0,guard_tail_bypass_flows,5,2.7764451051977987,AliStorage30
arm_mean,0.0,0.0,0.0,guard,0.0,homa_completion_notices_received,5,2.7764451051977987,AliStorage30
arm_mean,0.0,0.0,0.0,guard,0.0,homa_completion_notices_sent,5,2.7764451051977987,AliStorage30
arm_mean,0.0,0.0,0.0,guard,0.0,homa_data_bytes,5,2.7764451051977987,AliStorage30
arm_mean,0.0,0.0,0.0,guard,0.0,homa_data_packets,5,2.7764451051977987,AliStorage30
arm_mean,0.0,0.0,0.0,guard,0.0,homa_grants_received,5,2.7764451051977987,AliStorage30
arm_mean,0.0,0.0,0.0,guard,0.0,homa_grants_sent,5,2.7764451051977987,AliStorage30
arm_mean,0.0,0.0,0.0,guard,0.0,homa_max_pending_messages,5,2.7764451051977987,AliStorage30
arm_mean,0.0,0.0,0.0,guard,0.0,homa_messages_completed,5,2.7764451051977987,AliStorage30
arm_mean,0.0,0.0,0.0,guard,0.0,homa_messages_tracked,5,2.7764451051977987,AliStorage30
arm_mean,0.0,0.0,0.0,guard,0.0,homa_resends_received,5,2.7764451051977987,AliStorage30
arm_mean,0.0,0.0,0.0,guard,0.0,homa_resends_sent,5,2.7764451051977987,AliStorage30
arm_mean,0.0,0.0,0.0,guard,0.0,homa_retransmit_packets,5,2.7764451051977987,AliStorage30
arm_mean,10.440319657442494,22.240319657442495,1.3596803425575068,guard,11.8,hpcc_actual_rate_changes,5,2.7764451051977987,AliStorage30
arm_mean,0.0,0.0,0.0,guard,0.0,hpcc_fast_computations,5,2.7764451051977987,AliStorage30
arm_mean,189.0989453782027,1129.8989453782026,751.7010546217973,guard,940.8,hpcc_feedback_updates,5,2.7764451051977987,AliStorage30
arm_mean,63.53511083721433,270.9351108372143,143.8648891627857,guard,207.4,hpcc_full_computations,5,2.7764451051977987,AliStorage30
arm_mean,63.53511083721433,270.9351108372143,143.8648891627857,guard,207.4,hpcc_rate_updates_applied,5,2.7764451051977987,AliStorage30
arm_mean,67.41903934358852,306.6190393435885,171.78096065641148,guard,239.2,hpcc_valid_feedback,5,2.7764451051977987,AliStorage30
arm_mean,2596.6652935613206,22380.66529356132,17187.33470643868,guard,19784.0,int_hops_after_strip,5,2.7764451051977987,AliStorage30
arm_mean,4357.18503839803,42163.385038398024,33449.01496160197,guard,37806.2,int_hops_before_strip,5,2.7764451051977987,AliStorage30
arm_mean,1819.2571330316061,19841.457133031607,16202.942866968395,guard,18022.2,int_records_stripped,5,2.7764451051977987,AliStorage30
arm_mean,0.0,0.0,0.0,guard,0.0,irn_nacks_generated,5,2.7764451051977987,AliStorage30
arm_mean,0.0,0.0,0.0,guard,0.0,irn_nacks_received,5,2.7764451051977987,AliStorage30
arm_mean,0.0,0.0,0.0,guard,0.0,irn_retransmit_bytes,5,2.7764451051977987,AliStorage30
arm_mean,0.0,0.0,0.0,guard,0.0,irn_retransmit_packets,5,2.7764451051977987,AliStorage30
arm_mean,0.013053070452738992,6.980081505798046,6.953975364892568,guard,6.967028435345307,le_8KB_fct_us_mean,5,2.7764451051977987,AliStorage30
arm_mean,0.023030373663301837,9.0591903736633,9.013129626336697,guard,9.036159999999999,le_8KB_fct_us_p95,5,2.7764451051977987,AliStorage30
arm_mean,0.042180199231990234,9.27908419923199,9.194723800768008,guard,9.236904,le_8KB_fct_us_p99,5,2.7764451051977987,AliStorage30
arm_mean,73.28237382299852,2610.6823738229987,2464.1176261770015,guard,2537.4,le_8KB_flow_count,5,2.7764451051977987,AliStorage30
arm_mean,0.000447858310141738,1.0064697413279526,1.0055740247076692,guard,1.006021883017811,le_8KB_slowdown_mean,5,2.7764451051977987,AliStorage30
arm_mean,0.001015080398189244,1.02725085843117,1.0252206976347915,guard,1.0262357780329807,le_8KB_slowdown_p95,5,2.7764451051977987,AliStorage30
arm_mean,0.00222145881282554,1.065218135728808,1.060775218103157,guard,1.0629966769159824,le_8KB_slowdown_p99,5,2.7764451051977987,AliStorage30
arm_mean,0.17216835855463827,1.640837369008117,1.2965006518988405,guard,1.4686690104534788,long_to_small_slowdown_mean_ratio,5,2.7764451051977987,AliStorage30
arm_mean,0.6800873806582569,4.080087380658257,2.719912619341743,guard,3.4,max_active_flows,5,2.7764451051977987,AliStorage30
arm_mean,466050.0727117962,1028391.0727117963,96290.92728820379,guard,562341.0,output_bytes,5,2.7764451051977987,AliStorage30
arm_mean,0.528663440779606,11.697466545886941,10.640139664327728,guard,11.168803105107335,overall_fct_us_mean,5,2.7764451051977987,AliStorage30
arm_mean,0.7720236679386161,16.431633667938613,14.88758633206138,guard,15.659609999999995,overall_fct_us_p95,5,2.7764451051977987,AliStorage30
arm_mean,12.757175250356543,158.34302325035662,132.82867274964354,guard,145.58584800000008,overall_fct_us_p99,5,2.7764451051977987,AliStorage30
arm_mean,90.4328704077637,3733.432870407764,3552.567129592236,guard,3643.0,overall_flow_count,5,2.7764451051977987,AliStorage30
arm_mean,0.0024908119527799924,1.0266177035619597,1.0216360796563997,guard,1.0241268916091797,overall_slowdown_mean,5,2.7764451051977987,AliStorage30
arm_mean,0.006332676088073282,1.1033409870348503,1.0906756348587037,guard,1.097008310946777,overall_slowdown_p95,5,2.7764451051977987,AliStorage30
arm_mean,0.06247249234723824,1.4569477313024541,1.3320027466079778,guard,1.394475238955216,overall_slowdown_p99,5,2.7764451051977987,AliStorage30
arm_mean,0.0,0.0,0.0,guard,0.0,pfc_cumulative_pause_ns,5,2.7764451051977987,AliStorage30
arm_mean,0.0,0.0,0.0,guard,0.0,pfc_matched_intervals,5,2.7764451051977987,AliStorage30
arm_mean,0.0,0.0,0.0,guard,0.0,pfc_max_pause_ns,5,2.7764451051977987,AliStorage30
arm_mean,0.0,0.0,0.0,guard,0.0,pfc_pause_count,5,2.7764451051977987,AliStorage30
arm_mean,0.0,0.0,0.0,guard,0.0,pfc_pause_events,5,2.7764451051977987,AliStorage30
arm_mean,0.0,0.0,0.0,guard,0.0,pfc_resume_count,5,2.7764451051977987,AliStorage30
arm_mean,0.0,0.0,0.0,guard,0.0,pfc_resume_events,5,2.7764451051977987,AliStorage30
arm_mean,0.0,0.0,0.0,guard,0.0,pfc_unmatched_pauses,5,2.7764451051977987,AliStorage30
arm_mean,0.0,0.0,0.0,guard,0.0,pfc_unmatched_resumes,5,2.7764451051977987,AliStorage30
arm_mean,12.00631945246779,221.00631945246778,196.99368054753222,guard,209.0,proactive_releases,5,2.7764451051977987,AliStorage30
arm_mean,37951.131153100745,232407.13115310075,156504.86884689925,guard,194456.0,queue_bytes_max,5,2.7764451051977987,AliStorage30
arm_mean,158.1386379103474,962.4404379103473,646.1631620896526,guard,804.3018,queue_bytes_mean,5,2.7764451051977987,AliStorage30
arm_mean,0.0,0.0,0.0,guard,0.0,queue_bytes_p95,5,2.7764451051977987,AliStorage30
arm_mean,5653.439929214428,27552.639929214427,16245.760070785573,guard,21899.2,queue_bytes_p99,5,2.7764451051977987,AliStorage30
arm_mean,0.0,160000.0,160000.0,guard,160000.0,queue_sample_count,5,2.7764451051977987,AliStorage30
arm_mean,9.633904450585383,20.833904450585383,1.5660955494146158,guard,11.2,reactive_binding_rate_changes,5,2.7764451051977987,AliStorage30
arm_mean,9.633904450585383,20.833904450585383,1.5660955494146158,guard,11.2,reactive_binding_updates,5,2.7764451051977987,AliStorage30
arm_mean,0.0,0.0,0.0,guard,0.0,recovery_nacks_generated,5,2.7764451051977987,AliStorage30
arm_mean,0.0,0.0,0.0,guard,0.0,recovery_nacks_received,5,2.7764451051977987,AliStorage30
arm_mean,12.00631945246779,221.00631945246778,196.99368054753222,guard,209.0,registrations,5,2.7764451051977987,AliStorage30
arm_mean,12.00631945246779,221.00631945246778,196.99368054753222,guard,209.0,selected_registrations,5,2.7764451051977987,AliStorage30
arm_mean,0.0,0.0,0.0,guard,0.0,switch_drops_egress,5,2.7764451051977987,AliStorage30
arm_mean,0.0,0.0,0.0,guard,0.0,switch_drops_ingress,5,2.7764451051977987,AliStorage30
arm_mean,0.0,0.0,0.0,guard,0.0,switch_drops_total,5,2.7764451051977987,AliStorage30
arm_mean,1.1105780420791194,1.5105780420791195,-0.7105780420791193,guard,0.4,tie_binding_rate_changes,5,2.7764451051977987,AliStorage30
arm_mean,41.053850883744616,201.2538508837446,119.14614911625537,guard,160.2,tie_binding_updates,5,2.7764451051977987,AliStorage30
arm_mean,0.0,0.0,0.0,guard,0.0,timeout_recoveries,5,2.7764451051977987,AliStorage30
arm_mean,3.7385909179493195,48.062174008255404,40.58499217235677,homa,44.32358309030609,1BDP_to_1MB_fct_us_mean,5,2.7764451051977987,AliStorage30
arm_mean,3.70989384742323,112.42002384742324,105.00023615257678,homa,108.71013,1BDP_to_1MB_fct_us_p95,5,2.7764451051977987,AliStorage30
arm_mean,17.33146911394973,165.60351111394974,130.94057288605026,homa,148.272042,1BDP_to_1MB_fct_us_p99,5,2.7764451051977987,AliStorage30
arm_mean,7.52206567897262,117.32206567897262,102.27793432102737,homa,109.8,1BDP_to_1MB_flow_count,5,2.7764451051977987,AliStorage30
arm_mean,0.038982773674457794,1.261817918427719,1.1838523710788036,homa,1.2228351447532613,1BDP_to_1MB_slowdown_mean,5,2.7764451051977987,AliStorage30
arm_mean,0.18078900038330165,1.9652908287725759,1.6037128280059725,homa,1.7845018283892742,1BDP_to_1MB_slowdown_p95,5,2.7764451051977987,AliStorage30
arm_mean,0.19236239047540754,2.385689922033876,2.0009651410830607,homa,2.1933275315584684,1BDP_to_1MB_slowdown_p99,5,2.7764451051977987,AliStorage30
arm_mean,0.12983232505708356,9.315807891275476,9.056143241161308,homa,9.185975566218392,8KB_to_1BDP_fct_us_mean,5,2.7764451051977987,AliStorage30
arm_mean,0.4460279115928864,15.535187911592887,14.643132088407116,homa,15.089160000000001,8KB_to_1BDP_fct_us_p95,5,2.7764451051977987,AliStorage30
arm_mean,0.4941416798871207,18.662175679887117,17.673892320112873,homa,18.168033999999995,8KB_to_1BDP_fct_us_p99,5,2.7764451051977987,AliStorage30
arm_mean,36.70162190627516,983.9016219062752,910.4983780937249,homa,947.2,8KB_to_1BDP_flow_count,5,2.7764451051977987,AliStorage30
arm_mean,0.0022107646270908524,1.042414876710314,1.0379933474561325,homa,1.0402041120832233,8KB_to_1BDP_slowdown_mean,5,2.7764451051977987,AliStorage30
arm_mean,0.011486609460810622,1.152022330657359,1.1290491117357377,homa,1.1405357211965483,8KB_to_1BDP_slowdown_p95,5,2.7764451051977987,AliStorage30
arm_mean,0.05110428196243827,1.3869070416640878,1.2846984777392112,homa,1.3358027597016495,8KB_to_1BDP_slowdown_p99,5,2.7764451051977987,AliStorage30
arm_mean,0.0,0.0,0.0,homa,0.0,completion_releases,5,2.7764451051977987,AliStorage30
arm_mean,0.0,2.0,2.0,homa,2.0,elapsed_seconds,5,2.7764451051977987,AliStorage30
arm_mean,90.4328704077637,3733.432870407764,3552.567129592236,homa,3643.0,flow_count,5,2.7764451051977987,AliStorage30
arm_mean,0.0,0.0,0.0,homa,0.0,grant_binding_rate_changes,5,2.7764451051977987,AliStorage30
arm_mean,0.0,0.0,0.0,homa,0.0,grant_binding_updates,5,2.7764451051977987,AliStorage30
arm_mean,0.0,0.0,0.0,homa,0.0,grant_bytes_sent,5,2.7764451051977987,AliStorage30
arm_mean,0.0,0.0,0.0,homa,0.0,grant_event_rate_changes,5,2.7764451051977987,AliStorage30
arm_mean,0.0,0.0,0.0,homa,0.0,grants_received,5,2.7764451051977987,AliStorage30
arm_mean,0.0,0.0,0.0,homa,0.0,grants_sent,5,2.7764451051977987,AliStorage30
arm_mean,26.02807906293297,216.1834148718046,164.12725674593867,homa,190.15533580887163,gt_1MB_fct_us_mean,5,2.7764451051977987,AliStorage30
arm_mean,78.83153211303949,399.6009621130395,241.9378978869605,homa,320.76943,gt_1MB_fct_us_p95,5,2.7764451051977987,AliStorage30
arm_mean,121.67321363572141,508.02645963572144,264.6800323642786,homa,386.353246,gt_1MB_fct_us_p99,5,2.7764451051977987,AliStorage30
arm_mean,7.583304673388708,56.18330467338871,41.01669532661129,homa,48.6,gt_1MB_flow_count,5,2.7764451051977987,AliStorage30
arm_mean,0.14032036086446378,1.560976785967102,1.2803360642381743,homa,1.4206564251026381,gt_1MB_slowdown_mean,5,2.7764451051977987,AliStorage30
arm_mean,0.47103932808358545,2.780833042841681,1.8387543866745104,homa,2.309793714758096,gt_1MB_slowdown_p95,5,2.7764451051977987,AliStorage30
arm_mean,0.5992738767736923,3.23014576226195,2.0315980087145658,homa,2.630871885488258,gt_1MB_slowdown_p99,5,2.7764451051977987,AliStorage30
arm_mean,0.0,0.0,0.0,homa,0.0,guard_adaptive_grant_updates,5,2.7764451051977987,AliStorage30
arm_mean,0.0,1.0,1.0,homa,1.0,guard_grant_refresh_bdps,5,2.7764451051977987,AliStorage30
arm_mean,0.0,0.0,0.0,homa,0.0,guard_min_share_fraction,5,2.7764451051977987,AliStorage30
arm_mean,0.0,0.0,0.0,homa,0.0,guard_rebalance_events,5,2.7764451051977987,AliStorage30
arm_mean,0.0,1.0,1.0,homa,1.0,guard_remaining_aware,5,2.7764451051977987,AliStorage30
arm_mean,0.0,1.0,1.0,homa,1.0,guard_remaining_exponent,5,2.7764451051977987,AliStorage30
arm_mean,0.0,0.0,0.0,homa,0.0,guard_remaining_refresh_events,5,2.7764451051977987,AliStorage30
arm_mean,0.0,1.0,1.0,homa,1.0,guard_sender_srpt_enabled,5,2.7764451051977987,AliStorage30
arm_mean,0.0,0.0,0.0,homa,0.0,guard_sender_srpt_forced_rr,5,2.7764451051977987,AliStorage30
arm_mean,0.0,0.0,0.0,homa,0.0,guard_sender_srpt_non_rr,5,2.7764451051977987,AliStorage30
arm_mean,0.0,0.0,0.0,homa,0.0,guard_sender_srpt_selections,5,2.7764451051977987,AliStorage30
arm_mean,0.0,64.0,64.0,homa,64.0,guard_srpt_quantum_packets,5,2.7764451051977987,AliStorage30
arm_mean,0.0,8.0,8.0,homa,8.0,guard_tail_bypass_bdps,5,2.7764451051977987,AliStorage30
arm_mean,0.0,1.0,1.0,homa,1.0,guard_tail_bypass_enabled,5,2.7764451051977987,AliStorage30
arm_mean,0.0,0.0,0.0,homa,0.0,guard_tail_bypass_feedbacks,5,2.7764451051977987,AliStorage30
arm_mean,0.0,0.0,0.0,homa,0.0,guard_tail_bypass_flows,5,2.7764451051977987,AliStorage30
arm_mean,90.4328704077637,3733.432870407764,3552.567129592236,homa,3643.0,homa_completion_notices_received,5,2.7764451051977987,AliStorage30
arm_mean,90.4328704077637,3733.432870407764,3552.567129592236,homa,3643.0,homa_completion_notices_sent,5,2.7764451051977987,AliStorage30
arm_mean,13908944.46088089,161792052.8608809,133974163.93911912,homa,147883108.4,homa_data_bytes,5,2.7764451051977987,AliStorage30
arm_mean,13911.008839662287,163609.80883966226,135787.7911603377,homa,149698.8,homa_data_packets,5,2.7764451051977987,AliStorage30
arm_mean,13791.40769803203,112664.60769803202,85081.79230196797,homa,98873.2,homa_grants_received,5,2.7764451051977987,AliStorage30
arm_mean,13791.40769803203,112664.60769803202,85081.79230196797,homa,98873.2,homa_grants_sent,5,2.7764451051977987,AliStorage30
arm_mean,1.2416639982037665,4.241663998203767,1.7583360017962335,homa,3.0,homa_max_pending_messages,5,2.7764451051977987,AliStorage30
arm_mean,90.4328704077637,3733.432870407764,3552.567129592236,homa,3643.0,homa_messages_completed,5,2.7764451051977987,AliStorage30
arm_mean,90.4328704077637,3733.432870407764,3552.567129592236,homa,3643.0,homa_messages_tracked,5,2.7764451051977987,AliStorage30
arm_mean,0.0,0.0,0.0,homa,0.0,homa_resends_received,5,2.7764451051977987,AliStorage30
arm_mean,0.0,0.0,0.0,homa,0.0,homa_resends_sent,5,2.7764451051977987,AliStorage30
arm_mean,0.0,0.0,0.0,homa,0.0,homa_retransmit_packets,5,2.7764451051977987,AliStorage30
arm_mean,0.0,0.0,0.0,homa,0.0,hpcc_actual_rate_changes,5,2.7764451051977987,AliStorage30
arm_mean,0.0,0.0,0.0,homa,0.0,hpcc_fast_computations,5,2.7764451051977987,AliStorage30
arm_mean,0.0,0.0,0.0,homa,0.0,hpcc_feedback_updates,5,2.7764451051977987,AliStorage30
arm_mean,0.0,0.0,0.0,homa,0.0,hpcc_full_computations,5,2.7764451051977987,AliStorage30
arm_mean,0.0,0.0,0.0,homa,0.0,hpcc_rate_updates_applied,5,2.7764451051977987,AliStorage30
arm_mean,0.0,0.0,0.0,homa,0.0,hpcc_valid_feedback,5,2.7764451051977987,AliStorage30
arm_mean,0.0,0.0,0.0,homa,0.0,int_hops_after_strip,5,2.7764451051977987,AliStorage30
arm_mean,0.0,0.0,0.0,homa,0.0,int_hops_before_strip,5,2.7764451051977987,AliStorage30
arm_mean,0.0,0.0,0.0,homa,0.0,int_records_stripped,5,2.7764451051977987,AliStorage30
arm_mean,0.0,0.0,0.0,homa,0.0,irn_nacks_generated,5,2.7764451051977987,AliStorage30
arm_mean,0.0,0.0,0.0,homa,0.0,irn_nacks_received,5,2.7764451051977987,AliStorage30
arm_mean,0.0,0.0,0.0,homa,0.0,irn_retransmit_bytes,5,2.7764451051977987,AliStorage30
arm_mean,0.0,0.0,0.0,homa,0.0,irn_retransmit_packets,5,2.7764451051977987,AliStorage30
arm_mean,0.01559787831670624,7.009458598921168,6.978262842287756,homa,6.993860720604462,le_8KB_fct_us_mean,5,2.7764451051977987,AliStorage30
arm_mean,0.026276218388446793,9.123506218388446,9.070953781611554,homa,9.09723,le_8KB_fct_us_p95,5,2.7764451051977987,AliStorage30
arm_mean,0.02846314593773946,9.337447145937738,9.28052085406226,homa,9.308983999999999,le_8KB_fct_us_p99,5,2.7764451051977987,AliStorage30
arm_mean,73.28237382299852,2610.6823738229987,2464.1176261770015,homa,2537.4,le_8KB_flow_count,5,2.7764451051977987,AliStorage30
arm_mean,0.0012682334580195415,1.010244745675427,1.0077082787593878,homa,1.0089765122174075,le_8KB_slowdown_mean,5,2.7764451051977987,AliStorage30
arm_mean,0.0031734349295075644,1.0379358122133067,1.0315889423542914,homa,1.034762377283799,le_8KB_slowdown_p95,5,2.7764451051977987,AliStorage30
arm_mean,0.013299112437895206,1.0897305450015045,1.0631323201257141,homa,1.0764314325636093,le_8KB_slowdown_p99,5,2.7764451051977987,AliStorage30
arm_mean,0.13941782372268427,1.547454829320173,1.2686191818748047,homa,1.408037005597489,long_to_small_slowdown_mean_ratio,5,2.7764451051977987,AliStorage30
arm_mean,0.0,0.0,0.0,homa,0.0,max_active_flows,5,2.7764451051977987,AliStorage30
arm_mean,11597.53874985008,417673.9387498501,394478.86125014996,homa,406076.4,output_bytes,5,2.7764451051977987,AliStorage30
arm_mean,0.5174942743975994,11.649118296280394,10.614129747485196,homa,11.131624021882795,overall_fct_us_mean,5,2.7764451051977987,AliStorage30
arm_mean,0.9594861223029728,16.857886122302972,14.938913877697026,homa,15.898399999999999,overall_fct_us_p95,5,2.7764451051977987,AliStorage30
arm_mean,11.779331121265095,156.52840512126525,132.96974287873505,homa,144.74907400000015,overall_fct_us_p99,5,2.7764451051977987,AliStorage30
arm_mean,90.4328704077637,3733.432870407764,3552.567129592236,homa,3643.0,overall_flow_count,5,2.7764451051977987,AliStorage30
arm_mean,0.0024802902312134538,1.0314543933519742,1.026493812889547,homa,1.0289741031207607,overall_slowdown_mean,5,2.7764451051977987,AliStorage30
arm_mean,0.008717455286632213,1.1172492645766676,1.099814354003403,homa,1.1085318092900354,overall_slowdown_p95,5,2.7764451051977987,AliStorage30
arm_mean,0.06344529862575303,1.493016048587191,1.366125451335685,homa,1.429570749961438,overall_slowdown_p99,5,2.7764451051977987,AliStorage30
arm_mean,0.0,0.0,0.0,homa,0.0,pfc_cumulative_pause_ns,5,2.7764451051977987,AliStorage30
arm_mean,0.0,0.0,0.0,homa,0.0,pfc_matched_intervals,5,2.7764451051977987,AliStorage30
arm_mean,0.0,0.0,0.0,homa,0.0,pfc_max_pause_ns,5,2.7764451051977987,AliStorage30
arm_mean,0.0,0.0,0.0,homa,0.0,pfc_pause_count,5,2.7764451051977987,AliStorage30
arm_mean,0.0,0.0,0.0,homa,0.0,pfc_pause_events,5,2.7764451051977987,AliStorage30
arm_mean,0.0,0.0,0.0,homa,0.0,pfc_resume_count,5,2.7764451051977987,AliStorage30
arm_mean,0.0,0.0,0.0,homa,0.0,pfc_resume_events,5,2.7764451051977987,AliStorage30
arm_mean,0.0,0.0,0.0,homa,0.0,pfc_unmatched_pauses,5,2.7764451051977987,AliStorage30
arm_mean,0.0,0.0,0.0,homa,0.0,pfc_unmatched_resumes,5,2.7764451051977987,AliStorage30
arm_mean,0.0,0.0,0.0,homa,0.0,proactive_releases,5,2.7764451051977987,AliStorage30
arm_mean,48559.35937987088,324150.3593798709,227031.64062012912,homa,275591.0,queue_bytes_max,5,2.7764451051977987,AliStorage30
arm_mean,267.2651296044329,1638.3663296044328,1103.8360703955673,homa,1371.1012,queue_bytes_mean,5,2.7764451051977987,AliStorage30
arm_mean,1155.2019046561293,3156.8019046561294,846.3980953438706,homa,2001.6,queue_bytes_p95,5,2.7764451051977987,AliStorage30
arm_mean,15821.266255104096,56520.4662551041,24877.9337448959,homa,40699.2,queue_bytes_p99,5,2.7764451051977987,AliStorage30
arm_mean,0.0,160000.0,160000.0,homa,160000.0,queue_sample_count,5,2.7764451051977987,AliStorage30
arm_mean,0.0,0.0,0.0,homa,0.0,reactive_binding_rate_changes,5,2.7764451051977987,AliStorage30
arm_mean,0.0,0.0,0.0,homa,0.0,reactive_binding_updates,5,2.7764451051977987,AliStorage30
arm_mean,0.0,0.0,0.0,homa,0.0,recovery_nacks_generated,5,2.7764451051977987,AliStorage30
arm_mean,0.0,0.0,0.0,homa,0.0,recovery_nacks_received,5,2.7764451051977987,AliStorage30
arm_mean,0.0,0.0,0.0,homa,0.0,registrations,5,2.7764451051977987,AliStorage30
arm_mean,0.0,0.0,0.0,homa,0.0,selected_registrations,5,2.7764451051977987,AliStorage30
arm_mean,0.0,0.0,0.0,homa,0.0,switch_drops_egress,5,2.7764451051977987,AliStorage30
arm_mean,0.0,0.0,0.0,homa,0.0,switch_drops_ingress,5,2.7764451051977987,AliStorage30
arm_mean,0.0,0.0,0.0,homa,0.0,switch_drops_total,5,2.7764451051977987,AliStorage30
arm_mean,0.0,0.0,0.0,homa,0.0,tie_binding_rate_changes,5,2.7764451051977987,AliStorage30
arm_mean,0.0,0.0,0.0,homa,0.0,tie_binding_updates,5,2.7764451051977987,AliStorage30
arm_mean,0.0,0.0,0.0,homa,0.0,timeout_recoveries,5,2.7764451051977987,AliStorage30
arm_mean,2.9604108179821274,54.11006604211152,48.18924440614726,hpcc,51.14965522412939,1BDP_to_1MB_fct_us_mean,5,2.7764451051977987,AliStorage30
arm_mean,25.611876017550777,161.65711601755075,110.43336398244921,hpcc,136.04523999999998,1BDP_to_1MB_fct_us_p95,5,2.7764451051977987,AliStorage30
arm_mean,74.6122998947132,281.14470789471306,131.9201081052867,hpcc,206.5324079999999,1BDP_to_1MB_fct_us_p99,5,2.7764451051977987,AliStorage30
arm_mean,7.52206567897262,117.32206567897262,102.27793432102737,hpcc,109.8,1BDP_to_1MB_flow_count,5,2.7764451051977987,AliStorage30
arm_mean,0.060617936357600676,1.4608693716500447,1.3396334989348433,hpcc,1.400251435292444,1BDP_to_1MB_slowdown_mean,5,2.7764451051977987,AliStorage30
arm_mean,0.3002181862209382,2.562403049365698,1.9619666769238213,hpcc,2.2621848631447596,1BDP_to_1MB_slowdown_p95,5,2.7764451051977987,AliStorage30
arm_mean,0.8509707597900961,3.8421463329724928,2.140204813392301,hpcc,2.991175573182397,1BDP_to_1MB_slowdown_p99,5,2.7764451051977987,AliStorage30
arm_mean,0.09005703545848116,10.100156578030678,9.920042507113717,hpcc,10.010099542572197,8KB_to_1BDP_fct_us_mean,5,2.7764451051977987,AliStorage30
arm_mean,0.13164173737643692,17.52328173737644,17.259998262623565,hpcc,17.391640000000002,8KB_to_1BDP_fct_us_p95,5,2.7764451051977987,AliStorage30
arm_mean,2.1644628897743132,27.19654888977431,22.867623110225683,hpcc,25.032085999999996,8KB_to_1BDP_fct_us_p99,5,2.7764451051977987,AliStorage30
arm_mean,36.70162190627516,983.9016219062752,910.4983780937249,hpcc,947.2,8KB_to_1BDP_flow_count,5,2.7764451051977987,AliStorage30
arm_mean,0.009422391803986619,1.1384586846799511,1.119613901071978,hpcc,1.1290362928759645,8KB_to_1BDP_slowdown_mean,5,2.7764451051977987,AliStorage30
arm_mean,0.047945824830227614,1.5691004326344156,1.4732087829739604,hpcc,1.521154607804188,8KB_to_1BDP_slowdown_p95,5,2.7764451051977987,AliStorage30
arm_mean,0.14307211177988374,2.1435726847515952,1.857428461191828,hpcc,2.0005005729717116,8KB_to_1BDP_slowdown_p99,5,2.7764451051977987,AliStorage30
arm_mean,0.0,0.0,0.0,hpcc,0.0,completion_releases,5,2.7764451051977987,AliStorage30
arm_mean,0.0,2.0,2.0,hpcc,2.0,elapsed_seconds,5,2.7764451051977987,AliStorage30
arm_mean,90.4328704077637,3733.432870407764,3552.567129592236,hpcc,3643.0,flow_count,5,2.7764451051977987,AliStorage30
arm_mean,0.0,0.0,0.0,hpcc,0.0,grant_binding_rate_changes,5,2.7764451051977987,AliStorage30
arm_mean,0.0,0.0,0.0,hpcc,0.0,grant_binding_updates,5,2.7764451051977987,AliStorage30
arm_mean,0.0,0.0,0.0,hpcc,0.0,grant_bytes_sent,5,2.7764451051977987,AliStorage30
arm_mean,0.0,0.0,0.0,hpcc,0.0,grant_event_rate_changes,5,2.7764451051977987,AliStorage30
arm_mean,0.0,0.0,0.0,hpcc,0.0,grants_received,5,2.7764451051977987,AliStorage30
arm_mean,0.0,0.0,0.0,hpcc,0.0,grants_sent,5,2.7764451051977987,AliStorage30
arm_mean,35.67107567908872,249.4591068524636,178.11695549428617,hpcc,213.7880311733749,gt_1MB_fct_us_mean,5,2.7764451051977987,AliStorage30
arm_mean,110.79643727259015,479.7282472725902,258.1353727274099,hpcc,368.93181000000004,gt_1MB_fct_us_p95,5,2.7764451051977987,AliStorage30
arm_mean,135.22885495067237,575.9665529506724,305.50884304932765,hpcc,440.737698,gt_1MB_fct_us_p99,5,2.7764451051977987,AliStorage30
arm_mean,7.583304673388708,56.18330467338871,41.01669532661129,hpcc,48.6,gt_1MB_flow_count,5,2.7764451051977987,AliStorage30
arm_mean,0.19988305893497935,1.7947083071056553,1.3949421892356966,hpcc,1.594825248170676,gt_1MB_slowdown_mean,5,2.7764451051977987,AliStorage30
arm_mean,0.5011209664934428,3.0556188436621725,2.053376910675287,hpcc,2.5544978771687297,gt_1MB_slowdown_p95,5,2.7764451051977987,AliStorage30
arm_mean,0.9096213630069954,3.9095942083099793,2.090351482295988,hpcc,2.9999728453029837,gt_1MB_slowdown_p99,5,2.7764451051977987,AliStorage30
arm_mean,0.0,0.0,0.0,hpcc,0.0,guard_adaptive_grant_updates,5,2.7764451051977987,AliStorage30
arm_mean,0.0,1.0,1.0,hpcc,1.0,guard_grant_refresh_bdps,5,2.7764451051977987,AliStorage30
arm_mean,0.0,0.0,0.0,hpcc,0.0,guard_min_share_fraction,5,2.7764451051977987,AliStorage30
arm_mean,0.0,0.0,0.0,hpcc,0.0,guard_rebalance_events,5,2.7764451051977987,AliStorage30
arm_mean,0.0,1.0,1.0,hpcc,1.0,guard_remaining_aware,5,2.7764451051977987,AliStorage30
arm_mean,0.0,1.0,1.0,hpcc,1.0,guard_remaining_exponent,5,2.7764451051977987,AliStorage30
arm_mean,0.0,0.0,0.0,hpcc,0.0,guard_remaining_refresh_events,5,2.7764451051977987,AliStorage30
arm_mean,0.0,1.0,1.0,hpcc,1.0,guard_sender_srpt_enabled,5,2.7764451051977987,AliStorage30
arm_mean,0.0,0.0,0.0,hpcc,0.0,guard_sender_srpt_forced_rr,5,2.7764451051977987,AliStorage30
arm_mean,0.0,0.0,0.0,hpcc,0.0,guard_sender_srpt_non_rr,5,2.7764451051977987,AliStorage30
arm_mean,0.0,0.0,0.0,hpcc,0.0,guard_sender_srpt_selections,5,2.7764451051977987,AliStorage30
arm_mean,0.0,64.0,64.0,hpcc,64.0,guard_srpt_quantum_packets,5,2.7764451051977987,AliStorage30
arm_mean,0.0,8.0,8.0,hpcc,8.0,guard_tail_bypass_bdps,5,2.7764451051977987,AliStorage30
arm_mean,0.0,1.0,1.0,hpcc,1.0,guard_tail_bypass_enabled,5,2.7764451051977987,AliStorage30
arm_mean,0.0,0.0,0.0,hpcc,0.0,guard_tail_bypass_feedbacks,5,2.7764451051977987,AliStorage30
arm_mean,0.0,0.0,0.0,hpcc,0.0,guard_tail_bypass_flows,5,2.7764451051977987,AliStorage30
arm_mean,0.0,0.0,0.0,hpcc,0.0,homa_completion_notices_received,5,2.7764451051977987,AliStorage30
arm_mean,0.0,0.0,0.0,hpcc,0.0,homa_completion_notices_sent,5,2.7764451051977987,AliStorage30
arm_mean,0.0,0.0,0.0,hpcc,0.0,homa_data_bytes,5,2.7764451051977987,AliStorage30
arm_mean,0.0,0.0,0.0,hpcc,0.0,homa_data_packets,5,2.7764451051977987,AliStorage30
arm_mean,0.0,0.0,0.0,hpcc,0.0,homa_grants_received,5,2.7764451051977987,AliStorage30
arm_mean,0.0,0.0,0.0,hpcc,0.0,homa_grants_sent,5,2.7764451051977987,AliStorage30
arm_mean,0.0,0.0,0.0,hpcc,0.0,homa_max_pending_messages,5,2.7764451051977987,AliStorage30
arm_mean,0.0,0.0,0.0,hpcc,0.0,homa_messages_completed,5,2.7764451051977987,AliStorage30
arm_mean,0.0,0.0,0.0,hpcc,0.0,homa_messages_tracked,5,2.7764451051977987,AliStorage30
arm_mean,0.0,0.0,0.0,hpcc,0.0,homa_resends_received,5,2.7764451051977987,AliStorage30
arm_mean,0.0,0.0,0.0,hpcc,0.0,homa_resends_sent,5,2.7764451051977987,AliStorage30
arm_mean,0.0,0.0,0.0,hpcc,0.0,homa_retransmit_packets,5,2.7764451051977987,AliStorage30
arm_mean,246.66648354253888,2012.6664835425388,1519.3335164574612,hpcc,1766.0,hpcc_actual_rate_changes,5,2.7764451051977987,AliStorage30
arm_mean,0.0,0.0,0.0,hpcc,0.0,hpcc_fast_computations,5,2.7764451051977987,AliStorage30
arm_mean,378.877853730522,6291.077853730521,5533.322146269478,hpcc,5912.2,hpcc_feedback_updates,5,2.7764451051977987,AliStorage30
arm_mean,377.94077907075155,2647.1407790707513,1891.2592209292484,hpcc,2269.2,hpcc_full_computations,5,2.7764451051977987,AliStorage30
arm_mean,377.94077907075155,2647.1407790707513,1891.2592209292484,hpcc,2269.2,hpcc_rate_updates_applied,5,2.7764451051977987,AliStorage30
arm_mean,378.877853730522,6291.077853730521,5533.322146269478,hpcc,5912.2,hpcc_valid_feedback,5,2.7764451051977987,AliStorage30
arm_mean,0.0,0.0,0.0,hpcc,0.0,int_hops_after_strip,5,2.7764451051977987,AliStorage30
arm_mean,0.0,0.0,0.0,hpcc,0.0,int_hops_before_strip,5,2.7764451051977987,AliStorage30
arm_mean,0.0,0.0,0.0,hpcc,0.0,int_records_stripped,5,2.7764451051977987,AliStorage30
arm_mean,0.0,0.0,0.0,hpcc,0.0,irn_nacks_generated,5,2.7764451051977987,AliStorage30
arm_mean,0.0,0.0,0.0,hpcc,0.0,irn_nacks_received,5,2.7764451051977987,AliStorage30
arm_mean,0.0,0.0,0.0,hpcc,0.0,irn_retransmit_bytes,5,2.7764451051977987,AliStorage30
arm_mean,0.0,0.0,0.0,hpcc,0.0,irn_retransmit_packets,5,2.7764451051977987,AliStorage30
arm_mean,0.03223716784601535,7.261472451200647,7.196998115508616,hpcc,7.229235283354631,le_8KB_fct_us_mean,5,2.7764451051977987,AliStorage30
arm_mean,0.09816955529539398,9.797649555295393,9.601310444704605,hpcc,9.69948,le_8KB_fct_us_p95,5,2.7764451051977987,AliStorage30
arm_mean,1.1598282488650054,13.555350248865006,11.235693751134994,hpcc,12.395522,le_8KB_fct_us_p99,5,2.7764451051977987,AliStorage30
arm_mean,73.28237382299852,2610.6823738229987,2464.1176261770015,hpcc,2537.4,le_8KB_flow_count,5,2.7764451051977987,AliStorage30
arm_mean,0.0025054624099945617,1.0459137987315754,1.0409028739115864,hpcc,1.043408336321581,le_8KB_slowdown_mean,5,2.7764451051977987,AliStorage30
arm_mean,0.003565003661903228,1.1608033316343267,1.1536733243105202,hpcc,1.1572383279724234,le_8KB_slowdown_p95,5,2.7764451051977987,AliStorage30
arm_mean,0.10040903374411363,1.7320228214191822,1.5312047539309548,hpcc,1.6316137876750685,le_8KB_slowdown_p99,5,2.7764451051977987,AliStorage30
arm_mean,0.18868632164699842,1.7169903674113998,1.3396177241174028,hpcc,1.5283040457644013,long_to_small_slowdown_mean_ratio,5,2.7764451051977987,AliStorage30
arm_mean,0.0,0.0,0.0,hpcc,0.0,max_active_flows,5,2.7764451051977987,AliStorage30
arm_mean,12587.724449963618,435727.7244499636,410552.2755500364,hpcc,423140.0,output_bytes,5,2.7764451051977987,AliStorage30
arm_mean,0.6667320443506536,12.697055390420912,11.363591301719604,hpcc,12.030323346070258,overall_fct_us_mean,5,2.7764451051977987,AliStorage30
arm_mean,1.2745770918035548,19.83969709180355,17.290542908196443,hpcc,18.565119999999997,overall_fct_us_p95,5,2.7764451051977987,AliStorage30
arm_mean,16.285221373893602,176.0689933738938,143.4985506261066,hpcc,159.7837720000002,overall_fct_us_p99,5,2.7764451051977987,AliStorage30
arm_mean,90.4328704077637,3733.432870407764,3552.567129592236,hpcc,3643.0,overall_flow_count,5,2.7764451051977987,AliStorage30
arm_mean,0.00613773505425868,1.0898523426228157,1.0775768725142985,hpcc,1.083714607568557,overall_slowdown_mean,5,2.7764451051977987,AliStorage30
arm_mean,0.030818303948745296,1.4342236838813816,1.372587075983891,hpcc,1.4034053799326363,overall_slowdown_p95,5,2.7764451051977987,AliStorage30
arm_mean,0.1892527495643878,2.250586667446283,1.8720811683175074,hpcc,2.0613339178818952,overall_slowdown_p99,5,2.7764451051977987,AliStorage30
arm_mean,0.0,0.0,0.0,hpcc,0.0,pfc_cumulative_pause_ns,5,2.7764451051977987,AliStorage30
arm_mean,0.0,0.0,0.0,hpcc,0.0,pfc_matched_intervals,5,2.7764451051977987,AliStorage30
arm_mean,0.0,0.0,0.0,hpcc,0.0,pfc_max_pause_ns,5,2.7764451051977987,AliStorage30
arm_mean,0.0,0.0,0.0,hpcc,0.0,pfc_pause_count,5,2.7764451051977987,AliStorage30
arm_mean,0.0,0.0,0.0,hpcc,0.0,pfc_pause_events,5,2.7764451051977987,AliStorage30
arm_mean,0.0,0.0,0.0,hpcc,0.0,pfc_resume_count,5,2.7764451051977987,AliStorage30
arm_mean,0.0,0.0,0.0,hpcc,0.0,pfc_resume_events,5,2.7764451051977987,AliStorage30
arm_mean,0.0,0.0,0.0,hpcc,0.0,pfc_unmatched_pauses,5,2.7764451051977987,AliStorage30
arm_mean,0.0,0.0,0.0,hpcc,0.0,pfc_unmatched_resumes,5,2.7764451051977987,AliStorage30
arm_mean,0.0,0.0,0.0,hpcc,0.0,proactive_releases,5,2.7764451051977987,AliStorage30
arm_mean,56223.62395903669,270032.2239590367,157584.97604096332,hpcc,213808.6,queue_bytes_max,5,2.7764451051977987,AliStorage30
arm_mean,89.09712800355561,831.0789280035556,652.8846719964445,hpcc,741.9818,queue_bytes_mean,5,2.7764451051977987,AliStorage30
arm_mean,0.0,0.0,0.0,hpcc,0.0,queue_bytes_p95,5,2.7764451051977987,AliStorage30
arm_mean,2365.885818963545,22455.685818963546,17723.914181036453,hpcc,20089.8,queue_bytes_p99,5,2.7764451051977987,AliStorage30
arm_mean,0.0,160000.0,160000.0,hpcc,160000.0,queue_sample_count,5,2.7764451051977987,AliStorage30
arm_mean,0.0,0.0,0.0,hpcc,0.0,reactive_binding_rate_changes,5,2.7764451051977987,AliStorage30
arm_mean,0.0,0.0,0.0,hpcc,0.0,reactive_binding_updates,5,2.7764451051977987,AliStorage30
arm_mean,0.0,0.0,0.0,hpcc,0.0,recovery_nacks_generated,5,2.7764451051977987,AliStorage30
arm_mean,0.0,0.0,0.0,hpcc,0.0,recovery_nacks_received,5,2.7764451051977987,AliStorage30
arm_mean,0.0,0.0,0.0,hpcc,0.0,registrations,5,2.7764451051977987,AliStorage30
arm_mean,0.0,0.0,0.0,hpcc,0.0,selected_registrations,5,2.7764451051977987,AliStorage30
arm_mean,0.0,0.0,0.0,hpcc,0.0,switch_drops_egress,5,2.7764451051977987,AliStorage30
arm_mean,0.0,0.0,0.0,hpcc,0.0,switch_drops_ingress,5,2.7764451051977987,AliStorage30
arm_mean,0.0,0.0,0.0,hpcc,0.0,switch_drops_total,5,2.7764451051977987,AliStorage30
arm_mean,0.0,0.0,0.0,hpcc,0.0,tie_binding_rate_changes,5,2.7764451051977987,AliStorage30
arm_mean,0.0,0.0,0.0,hpcc,0.0,tie_binding_updates,5,2.7764451051977987,AliStorage30
arm_mean,0.0,0.0,0.0,hpcc,0.0,timeout_recoveries,5,2.7764451051977987,AliStorage30
paired_difference,2.4709517838948054,-4.826171912583283,-9.768075480372893,guard_minus_hpcc,-7.297123696478089,1BDP_to_1MB_fct_us_mean,5,2.7764451051977987,AliStorage30
paired_percent,4.356200851369434,-9.857982770737959,-18.570384473476828,guard_minus_hpcc,-14.214183622107393,1BDP_to_1MB_fct_us_mean,5,2.7764451051977987,AliStorage30
paired_difference,20.74564225331092,-6.381317746689071,-47.87260225331091,guard_minus_hpcc,-27.12695999999999,1BDP_to_1MB_fct_us_p95,5,2.7764451051977987,AliStorage30
paired_percent,11.599551363922279,-7.320318633409164,-30.51942136125372,guard_minus_hpcc,-18.919869997331443,1BDP_to_1MB_fct_us_p95,5,2.7764451051977987,AliStorage30
paired_difference,43.340549221358,-6.711238778641913,-93.39233722135792,guard_minus_hpcc,-50.05178799999992,1BDP_to_1MB_fct_us_p99,5,2.7764451051977987,AliStorage30
paired_percent,11.358407942126558,-11.362510470673783,-34.0793263549269,guard_minus_hpcc,-22.72091841280034,1BDP_to_1MB_fct_us_p99,5,2.7764451051977987,AliStorage30
paired_difference,0.0,0.0,0.0,guard_minus_hpcc,0.0,1BDP_to_1MB_flow_count,5,2.7764451051977987,AliStorage30
paired_percent,0.0,0.0,0.0,guard_minus_hpcc,0.0,1BDP_to_1MB_flow_count,5,2.7764451051977987,AliStorage30
paired_difference,0.047851270617157736,-0.15483803533393312,-0.2505405765682486,guard_minus_hpcc,-0.20268930595109086,1BDP_to_1MB_slowdown_mean,5,2.7764451051977987,AliStorage30
paired_percent,2.8351913687837573,-11.585652994151928,-17.256035731719443,guard_minus_hpcc,-14.420844362935686,1BDP_to_1MB_slowdown_mean,5,2.7764451051977987,AliStorage30
paired_difference,0.24741344276778335,-0.3989512444665694,-0.893778130002136,guard_minus_hpcc,-0.6463646872343527,1BDP_to_1MB_slowdown_p95,5,2.7764451051977987,AliStorage30
paired_percent,7.32840634406955,-20.89640690244015,-35.55321959057925,guard_minus_hpcc,-28.2248132465097,1BDP_to_1MB_slowdown_p95,5,2.7764451051977987,AliStorage30
paired_difference,0.5734229431426722,-0.32458194433139564,-1.47142783061674,guard_minus_hpcc,-0.8980048874740678,1BDP_to_1MB_slowdown_p99,5,2.7764451051977987,AliStorage30
paired_percent,11.06799877878408,-17.629997258602913,-39.76599481617107,guard_minus_hpcc,-28.697996037386993,1BDP_to_1MB_slowdown_p99,5,2.7764451051977987,AliStorage30
paired_difference,0.08113084480902603,-0.850308295916244,-1.012569985534296,guard_minus_hpcc,-0.93143914072527,8KB_to_1BDP_fct_us_mean,5,2.7764451051977987,AliStorage30
paired_percent,0.8305451894262355,-8.475566180196607,-10.136656559049078,guard_minus_hpcc,-9.306111369622842,8KB_to_1BDP_fct_us_mean,5,2.7764451051977987,AliStorage30
paired_difference,0.4781299574010796,-2.260000042598921,-3.2162599574010806,guard_minus_hpcc,-2.738130000000001,8KB_to_1BDP_fct_us_p95,5,2.7764451051977987,AliStorage30
paired_percent,2.728960846129598,-13.013600917922744,-18.471522610181943,guard_minus_hpcc,-15.742561764052343,8KB_to_1BDP_fct_us_p95,5,2.7764451051977987,AliStorage30
paired_difference,2.419503965722367,-5.199330034277628,-10.038337965722363,guard_minus_hpcc,-7.618833999999995,8KB_to_1BDP_fct_us_p99,5,2.7764451051977987,AliStorage30
paired_percent,7.254544434423339,-22.8641649822223,-37.373253851068974,guard_minus_hpcc,-30.118709416645636,8KB_to_1BDP_fct_us_p99,5,2.7764451051977987,AliStorage30
paired_difference,0.0,0.0,0.0,guard_minus_hpcc,0.0,8KB_to_1BDP_flow_count,5,2.7764451051977987,AliStorage30
paired_percent,0.0,0.0,0.0,guard_minus_hpcc,0.0,8KB_to_1BDP_flow_count,5,2.7764451051977987,AliStorage30
paired_difference,0.009828048302977637,-0.0896965162784413,-0.10935261288439657,guard_minus_hpcc,-0.09952456458141894,8KB_to_1BDP_slowdown_mean,5,2.7764451051977987,AliStorage30
paired_percent,0.7977690484905063,-8.013884993065584,-9.609423090046597,guard_minus_hpcc,-8.811654041556091,8KB_to_1BDP_slowdown_mean,5,2.7764451051977987,AliStorage30
paired_difference,0.04612414813080418,-0.35483871208856216,-0.4470870083501705,guard_minus_hpcc,-0.40096286021936633,8KB_to_1BDP_slowdown_p95,5,2.7764451051977987,AliStorage30
paired_percent,2.25179420223945,-24.07236511776942,-28.575953522248316,guard_minus_hpcc,-26.324159320008867,8KB_to_1BDP_slowdown_p95,5,2.7764451051977987,AliStorage30
paired_difference,0.14695909341806004,-0.5356364803840591,-0.8295546672201791,guard_minus_hpcc,-0.6825955738021191,8KB_to_1BDP_slowdown_p99,5,2.7764451051977987,AliStorage30
paired_percent,4.984647994500547,-28.97272941922325,-38.942025408224346,guard_minus_hpcc,-33.9573774137238,8KB_to_1BDP_slowdown_p99,5,2.7764451051977987,AliStorage30
paired_difference,0.0,0.0,0.0,guard_minus_hpcc,0.0,completion_releases,5,2.7764451051977987,AliStorage30
paired_difference,0.0,0.0,0.0,guard_minus_hpcc,0.0,elapsed_seconds,5,2.7764451051977987,AliStorage30
paired_percent,0.0,0.0,0.0,guard_minus_hpcc,0.0,elapsed_seconds,5,2.7764451051977987,AliStorage30
paired_difference,0.0,0.0,0.0,guard_minus_hpcc,0.0,flow_count,5,2.7764451051977987,AliStorage30
paired_percent,0.0,0.0,0.0,guard_minus_hpcc,0.0,flow_count,5,2.7764451051977987,AliStorage30
paired_difference,0.5552890210395597,0.7552890210395597,-0.35528902103955967,guard_minus_hpcc,0.2,grant_binding_rate_changes,5,2.7764451051977987,AliStorage30
paired_difference,36.602772053142786,72.60277205314279,-0.602772053142786,guard_minus_hpcc,36.0,grant_binding_updates,5,2.7764451051977987,AliStorage30
paired_difference,23821.531680608063,190727.93168060805,143084.86831939194,guard_minus_hpcc,166906.4,grant_bytes_sent,5,2.7764451051977987,AliStorage30
paired_difference,291.3005663547192,729.3005663547192,146.6994336452808,guard_minus_hpcc,438.0,grant_event_rate_changes,5,2.7764451051977987,AliStorage30
paired_difference,253.4205497937028,2029.0205497937027,1522.1794502062971,guard_minus_hpcc,1775.6,grants_received,5,2.7764451051977987,AliStorage30
paired_difference,253.4205497937028,2029.0205497937027,1522.1794502062971,guard_minus_hpcc,1775.6,grants_sent,5,2.7764451051977987,AliStorage30
paired_difference,6.6911981888723755,-9.341314088421507,-22.72371046616626,guard_minus_hpcc,-16.032512277293883,gt_1MB_fct_us_mean,5,2.7764451051977987,AliStorage30
paired_percent,1.9818815324063241,-5.426196322449109,-9.389959387261758,guard_minus_hpcc,-7.408077854855433,gt_1MB_fct_us_mean,5,2.7764451051977987,AliStorage30
paired_difference,31.482605582120378,-4.919384417879655,-67.88459558212041,guard_minus_hpcc,-36.40199000000003,gt_1MB_fct_us_p95,5,2.7764451051977987,AliStorage30
paired_percent,6.740609677300021,-2.692293529558813,-16.173512884158853,guard_minus_hpcc,-9.432903206858834,gt_1MB_fct_us_p95,5,2.7764451051977987,AliStorage30
paired_difference,21.098158737611936,-10.608049262388047,-52.804366737611915,guard_minus_hpcc,-31.706207999999982,gt_1MB_fct_us_p99,5,2.7764451051977987,AliStorage30
paired_percent,5.928586706569106,-1.844569790187263,-13.701743203325474,guard_minus_hpcc,-7.773156496756369,gt_1MB_fct_us_p99,5,2.7764451051977987,AliStorage30
paired_difference,0.0,0.0,0.0,guard_minus_hpcc,0.0,gt_1MB_flow_count,5,2.7764451051977987,AliStorage30
paired_percent,0.0,0.0,0.0,guard_minus_hpcc,0.0,gt_1MB_flow_count,5,2.7764451051977987,AliStorage30
paired_difference,0.03739308432871546,-0.07993420481669833,-0.15472037347412926,guard_minus_hpcc,-0.1173272891454138,gt_1MB_slowdown_mean,5,2.7764451051977987,AliStorage30
paired_percent,1.5812202034578475,-5.72539321190111,-8.887833618816805,guard_minus_hpcc,-7.3066134153589575,gt_1MB_slowdown_mean,5,2.7764451051977987,AliStorage30
paired_difference,0.16307273990900845,-0.062411074251201126,-0.388556554069218,guard_minus_hpcc,-0.22548381416020957,gt_1MB_slowdown_p95,5,2.7764451051977987,AliStorage30
paired_percent,5.926258427680773,-3.1161669437841564,-14.968683799145703,guard_minus_hpcc,-9.04242537146493,gt_1MB_slowdown_p95,5,2.7764451051977987,AliStorage30
paired_difference,0.09937708442123627,-0.14239984597243752,-0.34115401481491003,guard_minus_hpcc,-0.2417769303936738,gt_1MB_slowdown_p99,5,2.7764451051977987,AliStorage30
paired_percent,4.316922302438022,-4.235081712944267,-12.86892631782031,guard_minus_hpcc,-8.55200401538229,gt_1MB_slowdown_p99,5,2.7764451051977987,AliStorage30
paired_difference,0.0,0.0,0.0,guard_minus_hpcc,0.0,guard_adaptive_grant_updates,5,2.7764451051977987,AliStorage30
paired_difference,0.0,0.0,0.0,guard_minus_hpcc,0.0,guard_grant_refresh_bdps,5,2.7764451051977987,AliStorage30
paired_percent,0.0,0.0,0.0,guard_minus_hpcc,0.0,guard_grant_refresh_bdps,5,2.7764451051977987,AliStorage30
paired_difference,0.0,0.0,0.0,guard_minus_hpcc,0.0,guard_min_share_fraction,5,2.7764451051977987,AliStorage30
paired_difference,0.0,0.0,0.0,guard_minus_hpcc,0.0,guard_rebalance_events,5,2.7764451051977987,AliStorage30
paired_difference,0.0,0.0,0.0,guard_minus_hpcc,0.0,guard_remaining_aware,5,2.7764451051977987,AliStorage30
paired_percent,0.0,0.0,0.0,guard_minus_hpcc,0.0,guard_remaining_aware,5,2.7764451051977987,AliStorage30
paired_difference,0.0,0.0,0.0,guard_minus_hpcc,0.0,guard_remaining_exponent,5,2.7764451051977987,AliStorage30
paired_percent,0.0,0.0,0.0,guard_minus_hpcc,0.0,guard_remaining_exponent,5,2.7764451051977987,AliStorage30
paired_difference,177.27640045033445,1497.0764004503344,1142.5235995496655,guard_minus_hpcc,1319.8,guard_remaining_refresh_events,5,2.7764451051977987,AliStorage30
paired_difference,0.0,0.0,0.0,guard_minus_hpcc,0.0,guard_sender_srpt_enabled,5,2.7764451051977987,AliStorage30
paired_percent,0.0,0.0,0.0,guard_minus_hpcc,0.0,guard_sender_srpt_enabled,5,2.7764451051977987,AliStorage30
paired_difference,23.38485510173675,74.58485510173675,27.815144898263252,guard_minus_hpcc,51.2,guard_sender_srpt_forced_rr,5,2.7764451051977987,AliStorage30
paired_difference,4425.209087392415,16627.009087392413,7776.590912607584,guard_minus_hpcc,12201.8,guard_sender_srpt_non_rr,5,2.7764451051977987,AliStorage30
paired_difference,13911.008839662287,163609.80883966226,135787.7911603377,guard_minus_hpcc,149698.8,guard_sender_srpt_selections,5,2.7764451051977987,AliStorage30
paired_difference,0.0,0.0,0.0,guard_minus_hpcc,0.0,guard_srpt_quantum_packets,5,2.7764451051977987,AliStorage30
paired_percent,0.0,0.0,0.0,guard_minus_hpcc,0.0,guard_srpt_quantum_packets,5,2.7764451051977987,AliStorage30
paired_difference,0.0,0.0,0.0,guard_minus_hpcc,0.0,guard_tail_bypass_bdps,5,2.7764451051977987,AliStorage30
paired_percent,0.0,0.0,0.0,guard_minus_hpcc,0.0,guard_tail_bypass_bdps,5,2.7764451051977987,AliStorage30
paired_difference,0.0,0.0,0.0,guard_minus_hpcc,0.0,guard_tail_bypass_enabled,5,2.7764451051977987,AliStorage30
paired_percent,0.0,0.0,0.0,guard_minus_hpcc,0.0,guard_tail_bypass_enabled,5,2.7764451051977987,AliStorage30
paired_difference,906.4408272748846,9497.640827274885,7684.7591727251165,guard_minus_hpcc,8591.2,guard_tail_bypass_feedbacks,5,2.7764451051977987,AliStorage30
paired_difference,12.00631945246779,221.00631945246778,196.99368054753222,guard_minus_hpcc,209.0,guard_tail_bypass_flows,5,2.7764451051977987,AliStorage30
paired_difference,0.0,0.0,0.0,guard_minus_hpcc,0.0,homa_completion_notices_received,5,2.7764451051977987,AliStorage30
paired_difference,0.0,0.0,0.0,guard_minus_hpcc,0.0,homa_completion_notices_sent,5,2.7764451051977987,AliStorage30
paired_difference,0.0,0.0,0.0,guard_minus_hpcc,0.0,homa_data_bytes,5,2.7764451051977987,AliStorage30
paired_difference,0.0,0.0,0.0,guard_minus_hpcc,0.0,homa_data_packets,5,2.7764451051977987,AliStorage30
paired_difference,0.0,0.0,0.0,guard_minus_hpcc,0.0,homa_grants_received,5,2.7764451051977987,AliStorage30
paired_difference,0.0,0.0,0.0,guard_minus_hpcc,0.0,homa_grants_sent,5,2.7764451051977987,AliStorage30
paired_difference,0.0,0.0,0.0,guard_minus_hpcc,0.0,homa_max_pending_messages,5,2.7764451051977987,AliStorage30
paired_difference,0.0,0.0,0.0,guard_minus_hpcc,0.0,homa_messages_completed,5,2.7764451051977987,AliStorage30
paired_difference,0.0,0.0,0.0,guard_minus_hpcc,0.0,homa_messages_tracked,5,2.7764451051977987,AliStorage30
paired_difference,0.0,0.0,0.0,guard_minus_hpcc,0.0,homa_resends_received,5,2.7764451051977987,AliStorage30
paired_difference,0.0,0.0,0.0,guard_minus_hpcc,0.0,homa_resends_sent,5,2.7764451051977987,AliStorage30
paired_difference,0.0,0.0,0.0,guard_minus_hpcc,0.0,homa_retransmit_packets,5,2.7764451051977987,AliStorage30
paired_difference,247.99483706220164,-1506.2051629377984,-2002.1948370622017,guard_minus_hpcc,-1754.2,hpcc_actual_rate_changes,5,2.7764451051977987,AliStorage30
paired_percent,0.6376767643422093,-98.68256059792945,-99.95791412661386,guard_minus_hpcc,-99.32023736227166,hpcc_actual_rate_changes,5,2.7764451051977987,AliStorage30
paired_difference,0.0,0.0,0.0,guard_minus_hpcc,0.0,hpcc_fast_computations,5,2.7764451051977987,AliStorage30
paired_difference,203.811874084871,-4767.588125915128,-5175.211874084871,guard_minus_hpcc,-4971.4,hpcc_feedback_updates,5,2.7764451051977987,AliStorage30
paired_percent,2.1521590291549906,-82.00023977311679,-86.30455783142676,guard_minus_hpcc,-84.15239880227178,hpcc_feedback_updates,5,2.7764451051977987,AliStorage30
paired_difference,319.01873780774076,-1742.7812621922594,-2380.818737807741,guard_minus_hpcc,-2061.8,hpcc_full_computations,5,2.7764451051977987,AliStorage30
paired_percent,1.3926645501889985,-89.55593093970676,-92.34126004008475,guard_minus_hpcc,-90.94859548989575,hpcc_full_computations,5,2.7764451051977987,AliStorage30
paired_difference,319.01873780774076,-1742.7812621922594,-2380.818737807741,guard_minus_hpcc,-2061.8,hpcc_rate_updates_applied,5,2.7764451051977987,AliStorage30
paired_percent,1.3926645501889985,-89.55593093970676,-92.34126004008475,guard_minus_hpcc,-90.94859548989575,hpcc_rate_updates_applied,5,2.7764451051977987,AliStorage30
paired_difference,313.07788897845353,-5359.922111021547,-5986.077888978453,guard_minus_hpcc,-5673.0,hpcc_valid_feedback,5,2.7764451051977987,AliStorage30
paired_percent,0.8624099265074466,-95.11920540720129,-96.8440252602162,guard_minus_hpcc,-95.98161533370875,hpcc_valid_feedback,5,2.7764451051977987,AliStorage30
paired_difference,2596.6652935613206,22380.66529356132,17187.33470643868,guard_minus_hpcc,19784.0,int_hops_after_strip,5,2.7764451051977987,AliStorage30
paired_difference,4357.18503839803,42163.385038398024,33449.01496160197,guard_minus_hpcc,37806.2,int_hops_before_strip,5,2.7764451051977987,AliStorage30
paired_difference,1819.2571330316061,19841.457133031607,16202.942866968395,guard_minus_hpcc,18022.2,int_records_stripped,5,2.7764451051977987,AliStorage30
paired_difference,0.0,0.0,0.0,guard_minus_hpcc,0.0,irn_nacks_generated,5,2.7764451051977987,AliStorage30
paired_difference,0.0,0.0,0.0,guard_minus_hpcc,0.0,irn_nacks_received,5,2.7764451051977987,AliStorage30
paired_difference,0.0,0.0,0.0,guard_minus_hpcc,0.0,irn_retransmit_bytes,5,2.7764451051977987,AliStorage30
paired_difference,0.0,0.0,0.0,guard_minus_hpcc,0.0,irn_retransmit_packets,5,2.7764451051977987,AliStorage30
paired_difference,0.02135689576226068,-0.24084995224706318,-0.28356374377158455,guard_minus_hpcc,-0.26220684800932387,le_8KB_fct_us_mean,5,2.7764451051977987,AliStorage30
paired_percent,0.2797999615987917,-3.3466148381196876,-3.9062147613172713,guard_minus_hpcc,-3.6264147997184795,le_8KB_fct_us_mean,5,2.7764451051977987,AliStorage30
paired_difference,0.08063555674215177,-0.5826844432578492,-0.7439555567421526,guard_minus_hpcc,-0.6633200000000009,le_8KB_fct_us_p95,5,2.7764451051977987,AliStorage30
paired_percent,0.760664737532021,-6.07412456123701,-7.595454036301053,guard_minus_hpcc,-6.8347892987690315,le_8KB_fct_us_p95,5,2.7764451051977987,AliStorage30
paired_difference,1.1688531013222998,-1.9897648986777,-4.327471101322299,guard_minus_hpcc,-3.1586179999999997,le_8KB_fct_us_p99,5,2.7764451051977987,AliStorage30
paired_percent,6.987151332313379,-18.155619685735637,-32.12992235036239,guard_minus_hpcc,-25.142771018049014,le_8KB_fct_us_p99,5,2.7764451051977987,AliStorage30
paired_difference,0.0,0.0,0.0,guard_minus_hpcc,0.0,le_8KB_flow_count,5,2.7764451051977987,AliStorage30
paired_percent,0.0,0.0,0.0,guard_minus_hpcc,0.0,le_8KB_flow_count,5,2.7764451051977987,AliStorage30
paired_difference,0.0023963313135746405,-0.0349901219901954,-0.03978278461734468,guard_minus_hpcc,-0.03738645330377004,le_8KB_slowdown_mean,5,2.7764451051977987,AliStorage30
paired_percent,0.22107493885995771,-3.361762868201498,-3.803912745921413,guard_minus_hpcc,-3.5828378070614555,le_8KB_slowdown_mean,5,2.7764451051977987,AliStorage30
paired_difference,0.0026297027977928893,-0.12837284714164968,-0.13363225273723547,guard_minus_hpcc,-0.13100254993944258,le_8KB_slowdown_p95,5,2.7764451051977987,AliStorage30
paired_percent,0.19248202651041804,-11.127487818023564,-11.512451871044401,guard_minus_hpcc,-11.319969844533983,le_8KB_slowdown_p95,5,2.7764451051977987,AliStorage30
paired_difference,0.10115285053863693,-0.4674642602204491,-0.669769961297723,guard_minus_hpcc,-0.568617110759086,le_8KB_slowdown_p99,5,2.7764451051977987,AliStorage30
paired_percent,4.333921655709173,-30.377749695518208,-39.045593006936556,guard_minus_hpcc,-34.71167135122738,le_8KB_slowdown_p99,5,2.7764451051977987,AliStorage30
paired_difference,0.029003878931534315,-0.030631156379388198,-0.08863891424245683,guard_minus_hpcc,-0.05963503531092251,long_to_small_slowdown_mean_ratio,5,2.7764451051977987,AliStorage30
paired_percent,1.4941002778104941,-2.3691718112683358,-5.357372366889324,guard_minus_hpcc,-3.86327208907883,long_to_small_slowdown_mean_ratio,5,2.7764451051977987,AliStorage30
paired_difference,0.6800873806582569,4.080087380658257,2.719912619341743,guard_minus_hpcc,3.4,max_active_flows,5,2.7764451051977987,AliStorage30
paired_difference,457638.6303722742,596839.6303722742,-318437.6303722742,guard_minus_hpcc,139201.0,output_bytes,5,2.7764451051977987,AliStorage30
paired_percent,105.28766124441694,137.1096849076176,-73.46563758121627,guard_minus_hpcc,31.82202366320066,output_bytes,5,2.7764451051977987,AliStorage30
paired_difference,0.1448376131058237,-0.7166826278570997,-1.006357854068747,guard_minus_hpcc,-0.8615202409629233,overall_fct_us_mean,5,2.7764451051977987,AliStorage30
paired_percent,0.8264648996230801,-6.31302119894033,-7.965950998186489,guard_minus_hpcc,-7.13948609856341,overall_fct_us_mean,5,2.7764451051977987,AliStorage30
paired_difference,0.8081040350611162,-2.0974059649388854,-3.7136140350611173,guard_minus_hpcc,-2.9055100000000014,overall_fct_us_p95,5,2.7764451051977987,AliStorage30
paired_percent,3.61031446753388,-11.950766698376306,-19.171395633444067,guard_minus_hpcc,-15.561081165910187,overall_fct_us_p95,5,2.7764451051977987,AliStorage30
paired_difference,10.002113655688156,-4.195810344311958,-24.20003765568827,guard_minus_hpcc,-14.197924000000114,overall_fct_us_p99,5,2.7764451051977987,AliStorage30
paired_percent,5.633422261724649,-3.111331899283333,-14.378176422732633,guard_minus_hpcc,-8.744754161007982,overall_fct_us_p99,5,2.7764451051977987,AliStorage30
paired_difference,0.0,0.0,0.0,guard_minus_hpcc,0.0,overall_flow_count,5,2.7764451051977987,AliStorage30
paired_percent,0.0,0.0,0.0,guard_minus_hpcc,0.0,overall_flow_count,5,2.7764451051977987,AliStorage30
paired_difference,0.00405360219534379,-0.05553411376403343,-0.063641318154721,guard_minus_hpcc,-0.059587715959377216,overall_slowdown_mean,5,2.7764451051977987,AliStorage30
paired_percent,0.3433546020567354,-5.154151243840419,-5.84086044795389,guard_minus_hpcc,-5.497505845897154,overall_slowdown_mean,5,2.7764451051977987,AliStorage30
paired_difference,0.026687776838706066,-0.27970929214715334,-0.33308484582456543,guard_minus_hpcc,-0.3063970689858594,overall_slowdown_p95,5,2.7764451051977987,AliStorage30
paired_percent,1.4117912081119124,-20.404884747902184,-23.228467164126005,guard_minus_hpcc,-21.816675956014095,overall_slowdown_p95,5,2.7764451051977987,AliStorage30
paired_difference,0.13914955494724096,-0.5277091239794385,-0.8060082338739205,guard_minus_hpcc,-0.6668586789266795,overall_slowdown_p99,5,2.7764451051977987,AliStorage30
paired_percent,3.8471880051342273,-28.33499587539434,-36.0293718856628,guard_minus_hpcc,-32.18218388052857,overall_slowdown_p99,5,2.7764451051977987,AliStorage30
paired_difference,0.0,0.0,0.0,guard_minus_hpcc,0.0,pfc_cumulative_pause_ns,5,2.7764451051977987,AliStorage30
paired_difference,0.0,0.0,0.0,guard_minus_hpcc,0.0,pfc_matched_intervals,5,2.7764451051977987,AliStorage30
paired_difference,0.0,0.0,0.0,guard_minus_hpcc,0.0,pfc_max_pause_ns,5,2.7764451051977987,AliStorage30
paired_difference,0.0,0.0,0.0,guard_minus_hpcc,0.0,pfc_pause_count,5,2.7764451051977987,AliStorage30
paired_difference,0.0,0.0,0.0,guard_minus_hpcc,0.0,pfc_pause_events,5,2.7764451051977987,AliStorage30
paired_difference,0.0,0.0,0.0,guard_minus_hpcc,0.0,pfc_resume_count,5,2.7764451051977987,AliStorage30
paired_difference,0.0,0.0,0.0,guard_minus_hpcc,0.0,pfc_resume_events,5,2.7764451051977987,AliStorage30
paired_difference,0.0,0.0,0.0,guard_minus_hpcc,0.0,pfc_unmatched_pauses,5,2.7764451051977987,AliStorage30
paired_difference,0.0,0.0,0.0,guard_minus_hpcc,0.0,pfc_unmatched_resumes,5,2.7764451051977987,AliStorage30
paired_difference,12.00631945246779,221.00631945246778,196.99368054753222,guard_minus_hpcc,209.0,proactive_releases,5,2.7764451051977987,AliStorage30
paired_difference,70659.9180536658,51307.3180536658,-90012.51805366579,guard_minus_hpcc,-19352.6,queue_bytes_max,5,2.7764451051977987,AliStorage30
paired_percent,41.529026484451066,37.251357923036025,-45.80669504586611,guard_minus_hpcc,-4.277668561415044,queue_bytes_max,5,2.7764451051977987,AliStorage30
paired_difference,109.29712100410832,171.61712100410836,-46.97712100410829,guard_minus_hpcc,62.32000000000003,queue_bytes_mean,5,2.7764451051977987,AliStorage30
paired_percent,14.075435396542842,22.240484157047742,-5.910386636037941,guard_minus_hpcc,8.1650487605049,queue_bytes_mean,5,2.7764451051977987,AliStorage30
paired_difference,0.0,0.0,0.0,guard_minus_hpcc,0.0,queue_bytes_p95,5,2.7764451051977987,AliStorage30
paired_difference,4659.318434778458,6468.718434778459,-2849.918434778458,guard_minus_hpcc,1809.4,queue_bytes_p99,5,2.7764451051977987,AliStorage30
paired_percent,23.709736398222564,32.34805759295297,-15.071415203492158,guard_minus_hpcc,8.638321194730405,queue_bytes_p99,5,2.7764451051977987,AliStorage30
paired_difference,0.0,0.0,0.0,guard_minus_hpcc,0.0,queue_sample_count,5,2.7764451051977987,AliStorage30
paired_percent,0.0,0.0,0.0,guard_minus_hpcc,0.0,queue_sample_count,5,2.7764451051977987,AliStorage30
paired_difference,9.633904450585383,20.833904450585383,1.5660955494146158,guard_minus_hpcc,11.2,reactive_binding_rate_changes,5,2.7764451051977987,AliStorage30
paired_difference,9.633904450585383,20.833904450585383,1.5660955494146158,guard_minus_hpcc,11.2,reactive_binding_updates,5,2.7764451051977987,AliStorage30
paired_difference,0.0,0.0,0.0,guard_minus_hpcc,0.0,recovery_nacks_generated,5,2.7764451051977987,AliStorage30
paired_difference,0.0,0.0,0.0,guard_minus_hpcc,0.0,recovery_nacks_received,5,2.7764451051977987,AliStorage30
paired_difference,12.00631945246779,221.00631945246778,196.99368054753222,guard_minus_hpcc,209.0,registrations,5,2.7764451051977987,AliStorage30
paired_difference,12.00631945246779,221.00631945246778,196.99368054753222,guard_minus_hpcc,209.0,selected_registrations,5,2.7764451051977987,AliStorage30
paired_difference,0.0,0.0,0.0,guard_minus_hpcc,0.0,switch_drops_egress,5,2.7764451051977987,AliStorage30
paired_difference,0.0,0.0,0.0,guard_minus_hpcc,0.0,switch_drops_ingress,5,2.7764451051977987,AliStorage30
paired_difference,0.0,0.0,0.0,guard_minus_hpcc,0.0,switch_drops_total,5,2.7764451051977987,AliStorage30
paired_difference,1.1105780420791194,1.5105780420791195,-0.7105780420791193,guard_minus_hpcc,0.4,tie_binding_rate_changes,5,2.7764451051977987,AliStorage30
paired_difference,41.053850883744616,201.2538508837446,119.14614911625537,guard_minus_hpcc,160.2,tie_binding_updates,5,2.7764451051977987,AliStorage30
paired_difference,0.0,0.0,0.0,guard_minus_hpcc,0.0,timeout_recoveries,5,2.7764451051977987,AliStorage30
paired_difference,1.6051526442392492,1.134101081584466,-2.0762042068940323,guard_minus_homa,-0.47105156265478315,1BDP_to_1MB_fct_us_mean,5,2.7764451051977987,AliStorage30
paired_percent,3.740043444771546,2.8013499377357265,-4.678736951807365,guard_minus_homa,-0.9386935070358191,1BDP_to_1MB_fct_us_mean,5,2.7764451051977987,AliStorage30
paired_difference,8.83741304474253,9.045563044742533,-8.629263044742526,guard_minus_homa,0.2081500000000034,1BDP_to_1MB_fct_us_p95,5,2.7764451051977987,AliStorage30
paired_percent,8.127938960478572,8.389312102180678,-7.866565818776466,guard_minus_homa,0.26137314170210607,1BDP_to_1MB_fct_us_p95,5,2.7764451051977987,AliStorage30
paired_difference,29.07963442834766,37.288212428347656,-20.871056428347664,guard_minus_homa,8.208577999999997,1BDP_to_1MB_fct_us_p99,5,2.7764451051977987,AliStorage30
paired_percent,19.168121611036685,24.31785965486239,-14.018383567210982,guard_minus_homa,5.149738043825703,1BDP_to_1MB_fct_us_p99,5,2.7764451051977987,AliStorage30
paired_difference,0.0,0.0,0.0,guard_minus_homa,0.0,1BDP_to_1MB_flow_count,5,2.7764451051977987,AliStorage30
paired_percent,0.0,0.0,0.0,guard_minus_homa,0.0,1BDP_to_1MB_flow_count,5,2.7764451051977987,AliStorage30
paired_difference,0.027202725483145705,0.0019297100712373644,-0.052475740895054045,guard_minus_homa,-0.02527301541190834,1BDP_to_1MB_slowdown_mean,5,2.7764451051977987,AliStorage30
paired_percent,2.1565156205773928,0.11508425865657745,-4.197946982498208,guard_minus_homa,-2.0414313619208153,1BDP_to_1MB_slowdown_mean,5,2.7764451051977987,AliStorage30
paired_difference,0.16487225938930816,-0.003809393089558938,-0.3335539118681753,guard_minus_homa,-0.1686816524788671,1BDP_to_1MB_slowdown_p95,5,2.7764451051977987,AliStorage30
paired_percent,8.246721395603922,-0.9505169179964827,-17.44395970920433,guard_minus_homa,-9.197238313600405,1BDP_to_1MB_slowdown_p95,5,2.7764451051977987,AliStorage30
paired_difference,0.21524652931187724,0.11508968346173754,-0.31540337516201694,guard_minus_homa,-0.1001568458501397,1BDP_to_1MB_slowdown_p99,5,2.7764451051977987,AliStorage30
paired_percent,9.830949203244005,5.014870421233972,-14.647027985254038,guard_minus_homa,-4.816078782010033,1BDP_to_1MB_slowdown_p99,5,2.7764451051977987,AliStorage30
paired_difference,0.020448849061410354,-0.08686631531005524,-0.12776401343287597,guard_minus_homa,-0.1073151643714656,8KB_to_1BDP_fct_us_mean,5,2.7764451051977987,AliStorage30
paired_percent,0.22289692252868756,-0.9455554640003477,-1.391349309057723,guard_minus_homa,-1.1684523865290353,8KB_to_1BDP_fct_us_mean,5,2.7764451051977987,AliStorage30
paired_difference,0.33281808689801656,-0.10283191310198492,-0.768468086898018,guard_minus_homa,-0.4356500000000015,8KB_to_1BDP_fct_us_p95,5,2.7764451051977987,AliStorage30
paired_percent,2.139155749715317,-0.7396775635111767,-5.017989062941811,guard_minus_homa,-2.878833313226494,8KB_to_1BDP_fct_us_p95,5,2.7764451051977987,AliStorage30
paired_difference,0.24526231855301,-0.5095196814469858,-1.000044318553006,guard_minus_homa,-0.7547819999999958,8KB_to_1BDP_fct_us_p99,5,2.7764451051977987,AliStorage30
paired_percent,1.2875687760378196,-2.8581143502703177,-5.4332519023459565,guard_minus_homa,-4.145683126308137,8KB_to_1BDP_fct_us_p99,5,2.7764451051977987,AliStorage30
paired_difference,0.0,0.0,0.0,guard_minus_homa,0.0,8KB_to_1BDP_flow_count,5,2.7764451051977987,AliStorage30
paired_percent,0.0,0.0,0.0,guard_minus_homa,0.0,8KB_to_1BDP_flow_count,5,2.7764451051977987,AliStorage30
paired_difference,0.001974242349005951,-0.0087181414396717,-0.012666626137683601,guard_minus_homa,-0.01069238378867765,8KB_to_1BDP_slowdown_mean,5,2.7764451051977987,AliStorage30
paired_percent,0.1888694139676104,-0.8389534709457878,-1.2166922988810085,guard_minus_homa,-1.0278228849133981,8KB_to_1BDP_slowdown_mean,5,2.7764451051977987,AliStorage30
paired_difference,0.006263882109324468,-0.014080091502402328,-0.026607855721051264,guard_minus_homa,-0.020343973611726796,8KB_to_1BDP_slowdown_p95,5,2.7764451051977987,AliStorage30
paired_percent,0.548447053440903,-1.2346129504066359,-2.3315070572884418,guard_minus_homa,-1.7830600038475388,8KB_to_1BDP_slowdown_p95,5,2.7764451051977987,AliStorage30
paired_difference,0.035924892657757036,0.018027132125700052,-0.053822653189814024,guard_minus_homa,-0.017897760532056984,8KB_to_1BDP_slowdown_p99,5,2.7764451051977987,AliStorage30
paired_percent,2.6373883512649057,1.3209621496827748,-3.9538145528470365,guard_minus_homa,-1.3164262015821309,8KB_to_1BDP_slowdown_p99,5,2.7764451051977987,AliStorage30
paired_difference,0.0,0.0,0.0,guard_minus_homa,0.0,completion_releases,5,2.7764451051977987,AliStorage30
paired_difference,0.0,0.0,0.0,guard_minus_homa,0.0,elapsed_seconds,5,2.7764451051977987,AliStorage30
paired_percent,0.0,0.0,0.0,guard_minus_homa,0.0,elapsed_seconds,5,2.7764451051977987,AliStorage30
paired_difference,0.0,0.0,0.0,guard_minus_homa,0.0,flow_count,5,2.7764451051977987,AliStorage30
paired_percent,0.0,0.0,0.0,guard_minus_homa,0.0,flow_count,5,2.7764451051977987,AliStorage30
paired_difference,0.5552890210395597,0.7552890210395597,-0.35528902103955967,guard_minus_homa,0.2,grant_binding_rate_changes,5,2.7764451051977987,AliStorage30
paired_difference,36.602772053142786,72.60277205314279,-0.602772053142786,guard_minus_homa,36.0,grant_binding_updates,5,2.7764451051977987,AliStorage30
paired_difference,23821.531680608063,190727.93168060805,143084.86831939194,guard_minus_homa,166906.4,grant_bytes_sent,5,2.7764451051977987,AliStorage30
paired_difference,291.3005663547192,729.3005663547192,146.6994336452808,guard_minus_homa,438.0,grant_event_rate_changes,5,2.7764451051977987,AliStorage30
paired_difference,253.4205497937028,2029.0205497937027,1522.1794502062971,guard_minus_homa,1775.6,grants_received,5,2.7764451051977987,AliStorage30
paired_difference,253.4205497937028,2029.0205497937027,1522.1794502062971,guard_minus_homa,1775.6,grants_sent,5,2.7764451051977987,AliStorage30
paired_difference,5.305206707501429,12.90538979471079,2.29497637970793,guard_minus_homa,7.600183087209359,gt_1MB_fct_us_mean,5,2.7764451051977987,AliStorage30
paired_percent,2.401804945155227,6.2795570235170555,1.4759471332066019,guard_minus_homa,3.8777520783618287,gt_1MB_fct_us_mean,5,2.7764451051977987,AliStorage30
paired_difference,28.431186071097034,40.19157607109703,-16.670796071097037,guard_minus_homa,11.760389999999996,gt_1MB_fct_us_p95,5,2.7764451051977987,AliStorage30
paired_percent,9.48449331087778,13.025795138778737,-5.943191482976822,guard_minus_homa,3.541301827900957,gt_1MB_fct_us_p95,5,2.7764451051977987,AliStorage30
paired_difference,25.383614298082634,48.06185829808266,-2.705370298082606,guard_minus_homa,22.678244000000028,gt_1MB_fct_us_p99,5,2.7764451051977987,AliStorage30
paired_percent,4.027792758113092,9.303675226529052,1.2480897103028674,guard_minus_homa,5.2758824684159595,gt_1MB_fct_us_p99,5,2.7764451051977987,AliStorage30
paired_difference,0.0,0.0,0.0,guard_minus_homa,0.0,gt_1MB_flow_count,5,2.7764451051977987,AliStorage30
paired_percent,0.0,0.0,0.0,guard_minus_homa,0.0,gt_1MB_flow_count,5,2.7764451051977987,AliStorage30
paired_difference,0.03723228464375264,0.0940738185663769,0.019609249278871616,guard_minus_homa,0.056841533922624254,gt_1MB_slowdown_mean,5,2.7764451051977987,AliStorage30
paired_percent,2.2870162405737746,6.197048752755422,1.6230162716078729,guard_minus_homa,3.9100325121816475,gt_1MB_slowdown_mean,5,2.7764451051977987,AliStorage30
paired_difference,0.10069750469863423,0.11991785294905888,-0.08147715644820958,guard_minus_homa,0.019220348250424645,gt_1MB_slowdown_p95,5,2.7764451051977987,AliStorage30
paired_percent,4.3342618960133334,4.894099349803377,-3.77442444222329,guard_minus_homa,0.5598374537900433,gt_1MB_slowdown_p95,5,2.7764451051977987,AliStorage30
paired_difference,0.40789514685468126,0.5352191762757332,-0.2805711174336293,guard_minus_homa,0.12732402942105195,gt_1MB_slowdown_p99,5,2.7764451051977987,AliStorage30
paired_percent,12.833084135969719,16.532315112761893,-9.133853159177544,guard_minus_homa,3.699230976792175,gt_1MB_slowdown_p99,5,2.7764451051977987,AliStorage30
paired_difference,0.0,0.0,0.0,guard_minus_homa,0.0,guard_adaptive_grant_updates,5,2.7764451051977987,AliStorage30
paired_difference,0.0,0.0,0.0,guard_minus_homa,0.0,guard_grant_refresh_bdps,5,2.7764451051977987,AliStorage30
paired_percent,0.0,0.0,0.0,guard_minus_homa,0.0,guard_grant_refresh_bdps,5,2.7764451051977987,AliStorage30
paired_difference,0.0,0.0,0.0,guard_minus_homa,0.0,guard_min_share_fraction,5,2.7764451051977987,AliStorage30
paired_difference,0.0,0.0,0.0,guard_minus_homa,0.0,guard_rebalance_events,5,2.7764451051977987,AliStorage30
paired_difference,0.0,0.0,0.0,guard_minus_homa,0.0,guard_remaining_aware,5,2.7764451051977987,AliStorage30
paired_percent,0.0,0.0,0.0,guard_minus_homa,0.0,guard_remaining_aware,5,2.7764451051977987,AliStorage30
paired_difference,0.0,0.0,0.0,guard_minus_homa,0.0,guard_remaining_exponent,5,2.7764451051977987,AliStorage30
paired_percent,0.0,0.0,0.0,guard_minus_homa,0.0,guard_remaining_exponent,5,2.7764451051977987,AliStorage30
paired_difference,177.27640045033445,1497.0764004503344,1142.5235995496655,guard_minus_homa,1319.8,guard_remaining_refresh_events,5,2.7764451051977987,AliStorage30
paired_difference,0.0,0.0,0.0,guard_minus_homa,0.0,guard_sender_srpt_enabled,5,2.7764451051977987,AliStorage30
paired_percent,0.0,0.0,0.0,guard_minus_homa,0.0,guard_sender_srpt_enabled,5,2.7764451051977987,AliStorage30
paired_difference,23.38485510173675,74.58485510173675,27.815144898263252,guard_minus_homa,51.2,guard_sender_srpt_forced_rr,5,2.7764451051977987,AliStorage30
paired_difference,4425.209087392415,16627.009087392413,7776.590912607584,guard_minus_homa,12201.8,guard_sender_srpt_non_rr,5,2.7764451051977987,AliStorage30
paired_difference,13911.008839662287,163609.80883966226,135787.7911603377,guard_minus_homa,149698.8,guard_sender_srpt_selections,5,2.7764451051977987,AliStorage30
paired_difference,0.0,0.0,0.0,guard_minus_homa,0.0,guard_srpt_quantum_packets,5,2.7764451051977987,AliStorage30
paired_percent,0.0,0.0,0.0,guard_minus_homa,0.0,guard_srpt_quantum_packets,5,2.7764451051977987,AliStorage30
paired_difference,0.0,0.0,0.0,guard_minus_homa,0.0,guard_tail_bypass_bdps,5,2.7764451051977987,AliStorage30
paired_percent,0.0,0.0,0.0,guard_minus_homa,0.0,guard_tail_bypass_bdps,5,2.7764451051977987,AliStorage30
paired_difference,0.0,0.0,0.0,guard_minus_homa,0.0,guard_tail_bypass_enabled,5,2.7764451051977987,AliStorage30
paired_percent,0.0,0.0,0.0,guard_minus_homa,0.0,guard_tail_bypass_enabled,5,2.7764451051977987,AliStorage30
paired_difference,906.4408272748846,9497.640827274885,7684.7591727251165,guard_minus_homa,8591.2,guard_tail_bypass_feedbacks,5,2.7764451051977987,AliStorage30
paired_difference,12.00631945246779,221.00631945246778,196.99368054753222,guard_minus_homa,209.0,guard_tail_bypass_flows,5,2.7764451051977987,AliStorage30
paired_difference,90.4328704077637,-3552.567129592236,-3733.432870407764,guard_minus_homa,-3643.0,homa_completion_notices_received,5,2.7764451051977987,AliStorage30
paired_percent,0.0,-100.0,-100.0,guard_minus_homa,-100.0,homa_completion_notices_received,5,2.7764451051977987,AliStorage30
paired_difference,90.4328704077637,-3552.567129592236,-3733.432870407764,guard_minus_homa,-3643.0,homa_completion_notices_sent,5,2.7764451051977987,AliStorage30
paired_percent,0.0,-100.0,-100.0,guard_minus_homa,-100.0,homa_completion_notices_sent,5,2.7764451051977987,AliStorage30
paired_difference,13908944.46088089,-133974163.93911912,-161792052.8608809,guard_minus_homa,-147883108.4,homa_data_bytes,5,2.7764451051977987,AliStorage30
paired_percent,0.0,-100.0,-100.0,guard_minus_homa,-100.0,homa_data_bytes,5,2.7764451051977987,AliStorage30
paired_difference,13911.008839662287,-135787.7911603377,-163609.80883966226,guard_minus_homa,-149698.8,homa_data_packets,5,2.7764451051977987,AliStorage30
paired_percent,0.0,-100.0,-100.0,guard_minus_homa,-100.0,homa_data_packets,5,2.7764451051977987,AliStorage30
paired_difference,13791.40769803203,-85081.79230196797,-112664.60769803202,guard_minus_homa,-98873.2,homa_grants_received,5,2.7764451051977987,AliStorage30
paired_percent,0.0,-100.0,-100.0,guard_minus_homa,-100.0,homa_grants_received,5,2.7764451051977987,AliStorage30
paired_difference,13791.40769803203,-85081.79230196797,-112664.60769803202,guard_minus_homa,-98873.2,homa_grants_sent,5,2.7764451051977987,AliStorage30
paired_percent,0.0,-100.0,-100.0,guard_minus_homa,-100.0,homa_grants_sent,5,2.7764451051977987,AliStorage30
paired_difference,1.2416639982037665,-1.7583360017962335,-4.241663998203767,guard_minus_homa,-3.0,homa_max_pending_messages,5,2.7764451051977987,AliStorage30
paired_percent,0.0,-100.0,-100.0,guard_minus_homa,-100.0,homa_max_pending_messages,5,2.7764451051977987,AliStorage30
paired_difference,90.4328704077637,-3552.567129592236,-3733.432870407764,guard_minus_homa,-3643.0,homa_messages_completed,5,2.7764451051977987,AliStorage30
paired_percent,0.0,-100.0,-100.0,guard_minus_homa,-100.0,homa_messages_completed,5,2.7764451051977987,AliStorage30
paired_difference,90.4328704077637,-3552.567129592236,-3733.432870407764,guard_minus_homa,-3643.0,homa_messages_tracked,5,2.7764451051977987,AliStorage30
paired_percent,0.0,-100.0,-100.0,guard_minus_homa,-100.0,homa_messages_tracked,5,2.7764451051977987,AliStorage30
paired_difference,0.0,0.0,0.0,guard_minus_homa,0.0,homa_resends_received,5,2.7764451051977987,AliStorage30
paired_difference,0.0,0.0,0.0,guard_minus_homa,0.0,homa_resends_sent,5,2.7764451051977987,AliStorage30
paired_difference,0.0,0.0,0.0,guard_minus_homa,0.0,homa_retransmit_packets,5,2.7764451051977987,AliStorage30
paired_difference,10.440319657442494,22.240319657442495,1.3596803425575068,guard_minus_homa,11.8,hpcc_actual_rate_changes,5,2.7764451051977987,AliStorage30
paired_difference,0.0,0.0,0.0,guard_minus_homa,0.0,hpcc_fast_computations,5,2.7764451051977987,AliStorage30
paired_difference,189.0989453782027,1129.8989453782026,751.7010546217973,guard_minus_homa,940.8,hpcc_feedback_updates,5,2.7764451051977987,AliStorage30
paired_difference,63.53511083721433,270.9351108372143,143.8648891627857,guard_minus_homa,207.4,hpcc_full_computations,5,2.7764451051977987,AliStorage30
paired_difference,63.53511083721433,270.9351108372143,143.8648891627857,guard_minus_homa,207.4,hpcc_rate_updates_applied,5,2.7764451051977987,AliStorage30
paired_difference,67.41903934358852,306.6190393435885,171.78096065641148,guard_minus_homa,239.2,hpcc_valid_feedback,5,2.7764451051977987,AliStorage30
paired_difference,2596.6652935613206,22380.66529356132,17187.33470643868,guard_minus_homa,19784.0,int_hops_after_strip,5,2.7764451051977987,AliStorage30
paired_difference,4357.18503839803,42163.385038398024,33449.01496160197,guard_minus_homa,37806.2,int_hops_before_strip,5,2.7764451051977987,AliStorage30
paired_difference,1819.2571330316061,19841.457133031607,16202.942866968395,guard_minus_homa,18022.2,int_records_stripped,5,2.7764451051977987,AliStorage30
paired_difference,0.0,0.0,0.0,guard_minus_homa,0.0,irn_nacks_generated,5,2.7764451051977987,AliStorage30
paired_difference,0.0,0.0,0.0,guard_minus_homa,0.0,irn_nacks_received,5,2.7764451051977987,AliStorage30
paired_difference,0.0,0.0,0.0,guard_minus_homa,0.0,irn_retransmit_bytes,5,2.7764451051977987,AliStorage30
paired_difference,0.0,0.0,0.0,guard_minus_homa,0.0,irn_retransmit_packets,5,2.7764451051977987,AliStorage30
paired_difference,0.005431875916961416,-0.021400409342193293,-0.03226416117611612,guard_minus_homa,-0.02683228525915471,le_8KB_fct_us_mean,5,2.7764451051977987,AliStorage30
paired_percent,0.0772050069516359,-0.30639649080323295,-0.46080650470650475,guard_minus_homa,-0.38360149775486885,le_8KB_fct_us_mean,5,2.7764451051977987,AliStorage30
paired_difference,0.01083557280546046,-0.050234427194540035,-0.07190557280546095,guard_minus_homa,-0.06107000000000049,le_8KB_fct_us_p95,5,2.7764451051977987,AliStorage30
paired_percent,0.11824794796829509,-0.5529713150413561,-0.7894672109779463,guard_minus_homa,-0.6712192630096512,le_8KB_fct_us_p95,5,2.7764451051977987,AliStorage30
paired_difference,0.03300619560605064,-0.03907380439394906,-0.10508619560605034,guard_minus_homa,-0.0720799999999997,le_8KB_fct_us_p99,5,2.7764451051977987,AliStorage30
paired_percent,0.35479219509371074,-0.4194809862516168,-1.1290653764390384,guard_minus_homa,-0.7742731813453275,le_8KB_fct_us_p99,5,2.7764451051977987,AliStorage30
paired_difference,0.0,0.0,0.0,guard_minus_homa,0.0,le_8KB_flow_count,5,2.7764451051977987,AliStorage30
paired_percent,0.0,0.0,0.0,guard_minus_homa,0.0,le_8KB_flow_count,5,2.7764451051977987,AliStorage30
paired_difference,0.0008653578205616734,-0.0020892713790348744,-0.0038199870201582214,guard_minus_homa,-0.002954629199596548,le_8KB_slowdown_mean,5,2.7764451051977987,AliStorage30
paired_percent,0.08543286201094219,-0.20734668324966538,-0.37821240727154976,guard_minus_homa,-0.29277954526060757,le_8KB_slowdown_mean,5,2.7764451051977987,AliStorage30
paired_difference,0.0027396999489580046,-0.005786899301860196,-0.011266299199776205,guard_minus_homa,-0.0085265992508182,le_8KB_slowdown_p95,5,2.7764451051977987,AliStorage30
paired_percent,0.2626260077176577,-0.5609919365500533,-1.0862439519853686,guard_minus_homa,-0.823617944267711,le_8KB_slowdown_p95,5,2.7764451051977987,AliStorage30
paired_difference,0.013080187412797433,-0.00035456823482960496,-0.02651494306042447,guard_minus_homa,-0.013434755647627038,le_8KB_slowdown_p99,5,2.7764451051977987,AliStorage30
paired_percent,1.1989381854495158,-0.04157180300488861,-2.43944817390392,guard_minus_homa,-1.2405099884544044,le_8KB_slowdown_p99,5,2.7764451051977987,AliStorage30
paired_difference,0.03679609065344115,0.09742809550943113,0.02383591420254883,guard_minus_homa,0.060632004855989984,long_to_small_slowdown_mean_ratio,5,2.7764451051977987,AliStorage30
paired_percent,2.242319112235594,6.456904608492227,1.9722663840210397,guard_minus_homa,4.214585496256634,long_to_small_slowdown_mean_ratio,5,2.7764451051977987,AliStorage30
paired_difference,0.6800873806582569,4.080087380658257,2.719912619341743,guard_minus_homa,3.4,max_active_flows,5,2.7764451051977987,AliStorage30
paired_difference,459019.437672516,615284.037672516,-302754.837672516,guard_minus_homa,156264.6,output_bytes,5,2.7764451051977987,AliStorage30
paired_percent,110.35636394562275,147.85903294517482,-72.85369494607068,guard_minus_homa,37.50266899955207,output_bytes,5,2.7764451051977987,AliStorage30
paired_difference,0.10644582876692502,0.1436249119914656,-0.06926674554238443,guard_minus_homa,0.037179083224540575,overall_fct_us_mean,5,2.7764451051977987,AliStorage30
paired_percent,0.9554706728370116,1.2901005221611834,-0.6208408235128396,guard_minus_homa,0.33462984932417195,overall_fct_us_mean,5,2.7764451051977987,AliStorage30
paired_difference,0.23684173792060273,-0.0019482620793992433,-0.4756317379206047,guard_minus_homa,-0.23879000000000197,overall_fct_us_p95,5,2.7764451051977987,AliStorage30
paired_percent,1.4386889003945003,-0.026933717779948463,-2.904311518568949,guard_minus_homa,-1.4656226181744487,overall_fct_us_p95,5,2.7764451051977987,AliStorage30
paired_difference,4.96032948240527,5.797103482405193,-4.123555482405347,guard_minus_homa,0.8367739999999231,overall_fct_us_p99,5,2.7764451051977987,AliStorage30
paired_percent,3.4166616240251684,3.9954258792069948,-2.837897368843342,guard_minus_homa,0.5787642551818263,overall_fct_us_p99,5,2.7764451051977987,AliStorage30
paired_difference,0.0,0.0,0.0,guard_minus_homa,0.0,overall_flow_count,5,2.7764451051977987,AliStorage30
paired_percent,0.0,0.0,0.0,guard_minus_homa,0.0,overall_flow_count,5,2.7764451051977987,AliStorage30
paired_difference,0.0016192050645315273,-0.0032280064470493466,-0.006466416576112401,guard_minus_homa,-0.004847211511580874,overall_slowdown_mean,5,2.7764451051977987,AliStorage30
paired_percent,0.15711438863755545,-0.31389628998589003,-0.6281250672610009,guard_minus_homa,-0.4710106786234455,overall_slowdown_mean,5,2.7764451051977987,AliStorage30
paired_difference,0.003501605090557405,-0.008021893252700982,-0.015025103433815792,guard_minus_homa,-0.011523498343258387,overall_slowdown_p95,5,2.7764451051977987,AliStorage30
paired_percent,0.3083792115404374,-0.7301667823359987,-1.3469252054168734,guard_minus_homa,-1.038545993876436,overall_slowdown_p95,5,2.7764451051977987,AliStorage30
paired_difference,0.011903704542724663,-0.023191806463497437,-0.04699921554894677,guard_minus_homa,-0.0350955110062221,overall_slowdown_p99,5,2.7764451051977987,AliStorage30
paired_percent,0.8091747356837233,-1.6446283972207132,-3.26297786858816,guard_minus_homa,-2.4538031329044365,overall_slowdown_p99,5,2.7764451051977987,AliStorage30
paired_difference,0.0,0.0,0.0,guard_minus_homa,0.0,pfc_cumulative_pause_ns,5,2.7764451051977987,AliStorage30
paired_difference,0.0,0.0,0.0,guard_minus_homa,0.0,pfc_matched_intervals,5,2.7764451051977987,AliStorage30
paired_difference,0.0,0.0,0.0,guard_minus_homa,0.0,pfc_max_pause_ns,5,2.7764451051977987,AliStorage30
paired_difference,0.0,0.0,0.0,guard_minus_homa,0.0,pfc_pause_count,5,2.7764451051977987,AliStorage30
paired_difference,0.0,0.0,0.0,guard_minus_homa,0.0,pfc_pause_events,5,2.7764451051977987,AliStorage30
paired_difference,0.0,0.0,0.0,guard_minus_homa,0.0,pfc_resume_count,5,2.7764451051977987,AliStorage30
paired_difference,0.0,0.0,0.0,guard_minus_homa,0.0,pfc_resume_events,5,2.7764451051977987,AliStorage30
paired_difference,0.0,0.0,0.0,guard_minus_homa,0.0,pfc_unmatched_pauses,5,2.7764451051977987,AliStorage30
paired_difference,0.0,0.0,0.0,guard_minus_homa,0.0,pfc_unmatched_resumes,5,2.7764451051977987,AliStorage30
paired_difference,12.00631945246779,221.00631945246778,196.99368054753222,guard_minus_homa,209.0,proactive_releases,5,2.7764451051977987,AliStorage30
paired_difference,30843.654936779993,-50291.34506322001,-111978.65493677999,guard_minus_homa,-81135.0,queue_bytes_max,5,2.7764451051977987,AliStorage30
paired_percent,9.085400760204132,-20.258085814038765,-38.428887334447026,guard_minus_homa,-29.343486574242895,queue_bytes_max,5,2.7764451051977987,AliStorage30
paired_difference,231.92255674182667,-334.8768432581733,-798.7219567418267,guard_minus_homa,-566.7994,queue_bytes_mean,5,2.7764451051977987,AliStorage30
paired_percent,10.107017681551577,-30.77217873863013,-50.98621410173328,guard_minus_homa,-40.87919642018171,queue_bytes_mean,5,2.7764451051977987,AliStorage30
paired_difference,1155.2019046561293,-846.3980953438706,-3156.8019046561294,guard_minus_homa,-2001.6,queue_bytes_p95,5,2.7764451051977987,AliStorage30
paired_percent,0.0,-100.0,-100.0,guard_minus_homa,-100.0,queue_bytes_p95,5,2.7764451051977987,AliStorage30
paired_difference,13981.114344789736,-4818.885655210264,-32781.114344789734,guard_minus_homa,-18800.0,queue_bytes_p99,5,2.7764451051977987,AliStorage30
paired_percent,15.518605312175486,-28.103339289984945,-59.14054991433592,guard_minus_homa,-43.62194460216043,queue_bytes_p99,5,2.7764451051977987,AliStorage30
paired_difference,0.0,0.0,0.0,guard_minus_homa,0.0,queue_sample_count,5,2.7764451051977987,AliStorage30
paired_percent,0.0,0.0,0.0,guard_minus_homa,0.0,queue_sample_count,5,2.7764451051977987,AliStorage30
paired_difference,9.633904450585383,20.833904450585383,1.5660955494146158,guard_minus_homa,11.2,reactive_binding_rate_changes,5,2.7764451051977987,AliStorage30
paired_difference,9.633904450585383,20.833904450585383,1.5660955494146158,guard_minus_homa,11.2,reactive_binding_updates,5,2.7764451051977987,AliStorage30
paired_difference,0.0,0.0,0.0,guard_minus_homa,0.0,recovery_nacks_generated,5,2.7764451051977987,AliStorage30
paired_difference,0.0,0.0,0.0,guard_minus_homa,0.0,recovery_nacks_received,5,2.7764451051977987,AliStorage30
paired_difference,12.00631945246779,221.00631945246778,196.99368054753222,guard_minus_homa,209.0,registrations,5,2.7764451051977987,AliStorage30
paired_difference,12.00631945246779,221.00631945246778,196.99368054753222,guard_minus_homa,209.0,selected_registrations,5,2.7764451051977987,AliStorage30
paired_difference,0.0,0.0,0.0,guard_minus_homa,0.0,switch_drops_egress,5,2.7764451051977987,AliStorage30
paired_difference,0.0,0.0,0.0,guard_minus_homa,0.0,switch_drops_ingress,5,2.7764451051977987,AliStorage30
paired_difference,0.0,0.0,0.0,guard_minus_homa,0.0,switch_drops_total,5,2.7764451051977987,AliStorage30
paired_difference,1.1105780420791194,1.5105780420791195,-0.7105780420791193,guard_minus_homa,0.4,tie_binding_rate_changes,5,2.7764451051977987,AliStorage30
paired_difference,41.053850883744616,201.2538508837446,119.14614911625537,guard_minus_homa,160.2,tie_binding_updates,5,2.7764451051977987,AliStorage30
paired_difference,0.0,0.0,0.0,guard_minus_homa,0.0,timeout_recoveries,5,2.7764451051977987,AliStorage30
paired_difference,4.0305801087416775,-2.7954920250816278,-10.856652242564984,homa_minus_hpcc,-6.826072133823305,1BDP_to_1MB_fct_us_mean,5,2.7764451051977987,AliStorage30
paired_percent,7.380668496387879,-5.877917684839972,-20.63925467761573,homa_minus_hpcc,-13.258586181227852,1BDP_to_1MB_fct_us_mean,5,2.7764451051977987,AliStorage30
paired_difference,27.173910205611204,-0.16119979438879284,-54.5090202056112,homa_minus_hpcc,-27.335109999999997,1BDP_to_1MB_fct_us_p95,5,2.7764451051977987,AliStorage30
paired_percent,15.182692335017501,-3.4645150805387583,-33.82989975057376,homa_minus_hpcc,-18.64720741555626,1BDP_to_1MB_fct_us_p95,5,2.7764451051977987,AliStorage30
paired_difference,66.78916951914927,8.52880351914935,-125.04953551914919,homa_minus_hpcc,-58.26036599999992,1BDP_to_1MB_fct_us_p99,5,2.7764451051977987,AliStorage30
paired_percent,17.57538054349407,-7.472744770975879,-42.62350585796402,homa_minus_hpcc,-25.04812531446995,1BDP_to_1MB_fct_us_p99,5,2.7764451051977987,AliStorage30
paired_difference,0.0,0.0,0.0,homa_minus_hpcc,0.0,1BDP_to_1MB_flow_count,5,2.7764451051977987,AliStorage30
paired_percent,0.0,0.0,0.0,homa_minus_hpcc,0.0,1BDP_to_1MB_flow_count,5,2.7764451051977987,AliStorage30
paired_difference,0.07303643685140214,-0.10437985368778037,-0.25045272739058466,homa_minus_hpcc,-0.1774162905391825,1BDP_to_1MB_slowdown_mean,5,2.7764451051977987,AliStorage30
paired_percent,4.708564267367384,-7.876936636336202,-17.29406517107097,homa_minus_hpcc,-12.585500903703586,1BDP_to_1MB_slowdown_mean,5,2.7764451051977987,AliStorage30
paired_difference,0.3138222642609423,-0.16386077049454334,-0.791505299016428,homa_minus_hpcc,-0.4776830347554856,1BDP_to_1MB_slowdown_p95,5,2.7764451051977987,AliStorage30
paired_percent,10.649361071285423,-9.95302006814497,-31.251742210715815,homa_minus_hpcc,-20.602381139430392,1BDP_to_1MB_slowdown_p95,5,2.7764451051977987,AliStorage30
paired_difference,0.767803926918291,-0.03004411470563706,-1.5656519685422192,homa_minus_hpcc,-0.7978480416239281,1BDP_to_1MB_slowdown_p99,5,2.7764451051977987,AliStorage30
paired_percent,17.86269216545422,-6.385847754744056,-42.111232085652496,homa_minus_hpcc,-24.248539920198276,1BDP_to_1MB_slowdown_p99,5,2.7764451051977987,AliStorage30
paired_difference,0.07332371225534902,-0.7508002640984553,-0.8974476886091535,homa_minus_hpcc,-0.8241239763538044,8KB_to_1BDP_fct_us_mean,5,2.7764451051977987,AliStorage30
paired_percent,0.7543221794835208,-7.479813331603672,-8.988457690570714,homa_minus_hpcc,-8.234135511087192,8KB_to_1BDP_fct_us_mean,5,2.7764451051977987,AliStorage30
paired_difference,0.4551503395589299,-1.8473296604410692,-2.7576303395589292,homa_minus_hpcc,-2.302479999999999,8KB_to_1BDP_fct_us_p95,5,2.7764451051977987,AliStorage30
paired_percent,2.5965560475527547,-10.640636023047096,-15.833748118152604,homa_minus_hpcc,-13.23719207059985,8KB_to_1BDP_fct_us_p95,5,2.7764451051977987,AliStorage30
paired_difference,2.4337821037704948,-4.430269896229506,-9.297834103770496,homa_minus_hpcc,-6.864052000000001,8KB_to_1BDP_fct_us_p99,5,2.7764451051977987,AliStorage30
paired_percent,7.695280823790042,-19.394306204377845,-34.78486785195793,homa_minus_hpcc,-27.089587028167887,8KB_to_1BDP_fct_us_p99,5,2.7764451051977987,AliStorage30
paired_difference,0.0,0.0,0.0,homa_minus_hpcc,0.0,8KB_to_1BDP_flow_count,5,2.7764451051977987,AliStorage30
paired_percent,0.0,0.0,0.0,homa_minus_hpcc,0.0,8KB_to_1BDP_flow_count,5,2.7764451051977987,AliStorage30
paired_difference,0.00863245091766336,-0.08019972987507792,-0.09746463171040465,homa_minus_hpcc,-0.08883218079274129,8KB_to_1BDP_slowdown_mean,5,2.7764451051977987,AliStorage30
paired_percent,0.6993228584763307,-7.165708353031989,-8.56435406998465,homa_minus_hpcc,-7.865031211508319,8KB_to_1BDP_slowdown_mean,5,2.7764451051977987,AliStorage30
paired_difference,0.04217780217147639,-0.33844108443616316,-0.4227966887791159,homa_minus_hpcc,-0.38061888660763954,8KB_to_1BDP_slowdown_p95,5,2.7764451051977987,AliStorage30
paired_percent,2.0245570550584246,-22.96546676960198,-27.014580879718828,homa_minus_hpcc,-24.990023824660405,8KB_to_1BDP_slowdown_p95,5,2.7764451051977987,AliStorage30
paired_difference,0.16284795030073898,-0.5018498629693231,-0.827545763570801,homa_minus_hpcc,-0.664697813270062,8KB_to_1BDP_slowdown_p99,5,2.7764451051977987,AliStorage30
paired_percent,5.7689927398820915,-27.262572301281732,-38.80055778104592,homa_minus_hpcc,-33.03156504116382,8KB_to_1BDP_slowdown_p99,5,2.7764451051977987,AliStorage30
paired_difference,0.0,0.0,0.0,homa_minus_hpcc,0.0,completion_releases,5,2.7764451051977987,AliStorage30
paired_difference,0.0,0.0,0.0,homa_minus_hpcc,0.0,elapsed_seconds,5,2.7764451051977987,AliStorage30
paired_percent,0.0,0.0,0.0,homa_minus_hpcc,0.0,elapsed_seconds,5,2.7764451051977987,AliStorage30
paired_difference,0.0,0.0,0.0,homa_minus_hpcc,0.0,flow_count,5,2.7764451051977987,AliStorage30
paired_percent,0.0,0.0,0.0,homa_minus_hpcc,0.0,flow_count,5,2.7764451051977987,AliStorage30
paired_difference,0.0,0.0,0.0,homa_minus_hpcc,0.0,grant_binding_rate_changes,5,2.7764451051977987,AliStorage30
paired_difference,0.0,0.0,0.0,homa_minus_hpcc,0.0,grant_binding_updates,5,2.7764451051977987,AliStorage30
paired_difference,0.0,0.0,0.0,homa_minus_hpcc,0.0,grant_bytes_sent,5,2.7764451051977987,AliStorage30
paired_difference,0.0,0.0,0.0,homa_minus_hpcc,0.0,grant_event_rate_changes,5,2.7764451051977987,AliStorage30
paired_difference,0.0,0.0,0.0,homa_minus_hpcc,0.0,grants_received,5,2.7764451051977987,AliStorage30
paired_difference,0.0,0.0,0.0,homa_minus_hpcc,0.0,grants_sent,5,2.7764451051977987,AliStorage30
paired_difference,10.093188501577416,-13.539506862925826,-33.72588386608066,homa_minus_hpcc,-23.632695364503242,gt_1MB_fct_us_mean,5,2.7764451051977987,AliStorage30
paired_percent,2.669567740696731,-8.172133775977152,-13.511269257370614,homa_minus_hpcc,-10.841701516673883,gt_1MB_fct_us_mean,5,2.7764451051977987,AliStorage30
paired_difference,34.330800708459044,-13.831579291540983,-82.49318070845908,homa_minus_hpcc,-48.16238000000003,gt_1MB_fct_us_p95,5,2.7764451051977987,AliStorage30
paired_percent,5.384215810936522,-6.99060702861246,-17.759038650485504,homa_minus_hpcc,-12.374822839548981,gt_1MB_fct_us_p95,5,2.7764451051977987,AliStorage30
paired_difference,26.5131702788504,-27.87128172114961,-80.8976222788504,homa_minus_hpcc,-54.38445200000001,gt_1MB_fct_us_p99,5,2.7764451051977987,AliStorage30
paired_percent,5.303791285866805,-7.0699769576068965,-17.677559529340506,homa_minus_hpcc,-12.373768243473702,gt_1MB_fct_us_p99,5,2.7764451051977987,AliStorage30
paired_difference,0.0,0.0,0.0,homa_minus_hpcc,0.0,gt_1MB_flow_count,5,2.7764451051977987,AliStorage30
paired_percent,0.0,0.0,0.0,homa_minus_hpcc,0.0,gt_1MB_flow_count,5,2.7764451051977987,AliStorage30
paired_difference,0.06426747969705264,-0.10990134337098541,-0.2384363027650907,homa_minus_hpcc,-0.17416882306803805,gt_1MB_slowdown_mean,5,2.7764451051977987,AliStorage30
paired_percent,2.576478152553983,-8.194048037420552,-13.34700434252852,homa_minus_hpcc,-10.770526189974536,gt_1MB_slowdown_mean,5,2.7764451051977987,AliStorage30
paired_difference,0.20990264200326442,-0.03480152040736981,-0.45460680441389867,homa_minus_hpcc,-0.24470416241063422,gt_1MB_slowdown_p95,5,2.7764451051977987,AliStorage30
paired_percent,6.831440302779389,-2.634546427900882,-16.29742703345966,homa_minus_hpcc,-9.465986730680271,gt_1MB_slowdown_p95,5,2.7764451051977987,AliStorage30
paired_difference,0.34303745337971564,-0.026063506435010098,-0.7121384131944414,homa_minus_hpcc,-0.36910095981472574,gt_1MB_slowdown_p99,5,2.7764451051977987,AliStorage30
paired_percent,7.114708947673085,-4.263394720761832,-18.492812616108004,homa_minus_hpcc,-11.378103668434917,gt_1MB_slowdown_p99,5,2.7764451051977987,AliStorage30
paired_difference,0.0,0.0,0.0,homa_minus_hpcc,0.0,guard_adaptive_grant_updates,5,2.7764451051977987,AliStorage30
paired_difference,0.0,0.0,0.0,homa_minus_hpcc,0.0,guard_grant_refresh_bdps,5,2.7764451051977987,AliStorage30
paired_percent,0.0,0.0,0.0,homa_minus_hpcc,0.0,guard_grant_refresh_bdps,5,2.7764451051977987,AliStorage30
paired_difference,0.0,0.0,0.0,homa_minus_hpcc,0.0,guard_min_share_fraction,5,2.7764451051977987,AliStorage30
paired_difference,0.0,0.0,0.0,homa_minus_hpcc,0.0,guard_rebalance_events,5,2.7764451051977987,AliStorage30
paired_difference,0.0,0.0,0.0,homa_minus_hpcc,0.0,guard_remaining_aware,5,2.7764451051977987,AliStorage30
paired_percent,0.0,0.0,0.0,homa_minus_hpcc,0.0,guard_remaining_aware,5,2.7764451051977987,AliStorage30
paired_difference,0.0,0.0,0.0,homa_minus_hpcc,0.0,guard_remaining_exponent,5,2.7764451051977987,AliStorage30
paired_percent,0.0,0.0,0.0,homa_minus_hpcc,0.0,guard_remaining_exponent,5,2.7764451051977987,AliStorage30
paired_difference,0.0,0.0,0.0,homa_minus_hpcc,0.0,guard_remaining_refresh_events,5,2.7764451051977987,AliStorage30
paired_difference,0.0,0.0,0.0,homa_minus_hpcc,0.0,guard_sender_srpt_enabled,5,2.7764451051977987,AliStorage30
paired_percent,0.0,0.0,0.0,homa_minus_hpcc,0.0,guard_sender_srpt_enabled,5,2.7764451051977987,AliStorage30
paired_difference,0.0,0.0,0.0,homa_minus_hpcc,0.0,guard_sender_srpt_forced_rr,5,2.7764451051977987,AliStorage30
paired_difference,0.0,0.0,0.0,homa_minus_hpcc,0.0,guard_sender_srpt_non_rr,5,2.7764451051977987,AliStorage30
paired_difference,0.0,0.0,0.0,homa_minus_hpcc,0.0,guard_sender_srpt_selections,5,2.7764451051977987,AliStorage30
paired_difference,0.0,0.0,0.0,homa_minus_hpcc,0.0,guard_srpt_quantum_packets,5,2.7764451051977987,AliStorage30
paired_percent,0.0,0.0,0.0,homa_minus_hpcc,0.0,guard_srpt_quantum_packets,5,2.7764451051977987,AliStorage30
paired_difference,0.0,0.0,0.0,homa_minus_hpcc,0.0,guard_tail_bypass_bdps,5,2.7764451051977987,AliStorage30
paired_percent,0.0,0.0,0.0,homa_minus_hpcc,0.0,guard_tail_bypass_bdps,5,2.7764451051977987,AliStorage30
paired_difference,0.0,0.0,0.0,homa_minus_hpcc,0.0,guard_tail_bypass_enabled,5,2.7764451051977987,AliStorage30
paired_percent,0.0,0.0,0.0,homa_minus_hpcc,0.0,guard_tail_bypass_enabled,5,2.7764451051977987,AliStorage30
paired_difference,0.0,0.0,0.0,homa_minus_hpcc,0.0,guard_tail_bypass_feedbacks,5,2.7764451051977987,AliStorage30
paired_difference,0.0,0.0,0.0,homa_minus_hpcc,0.0,guard_tail_bypass_flows,5,2.7764451051977987,AliStorage30
paired_difference,90.4328704077637,3733.432870407764,3552.567129592236,homa_minus_hpcc,3643.0,homa_completion_notices_received,5,2.7764451051977987,AliStorage30
paired_difference,90.4328704077637,3733.432870407764,3552.567129592236,homa_minus_hpcc,3643.0,homa_completion_notices_sent,5,2.7764451051977987,AliStorage30
paired_difference,13908944.46088089,161792052.8608809,133974163.93911912,homa_minus_hpcc,147883108.4,homa_data_bytes,5,2.7764451051977987,AliStorage30
paired_difference,13911.008839662287,163609.80883966226,135787.7911603377,homa_minus_hpcc,149698.8,homa_data_packets,5,2.7764451051977987,AliStorage30
paired_difference,13791.40769803203,112664.60769803202,85081.79230196797,homa_minus_hpcc,98873.2,homa_grants_received,5,2.7764451051977987,AliStorage30
paired_difference,13791.40769803203,112664.60769803202,85081.79230196797,homa_minus_hpcc,98873.2,homa_grants_sent,5,2.7764451051977987,AliStorage30
paired_difference,1.2416639982037665,4.241663998203767,1.7583360017962335,homa_minus_hpcc,3.0,homa_max_pending_messages,5,2.7764451051977987,AliStorage30
paired_difference,90.4328704077637,3733.432870407764,3552.567129592236,homa_minus_hpcc,3643.0,homa_messages_completed,5,2.7764451051977987,AliStorage30
paired_difference,90.4328704077637,3733.432870407764,3552.567129592236,homa_minus_hpcc,3643.0,homa_messages_tracked,5,2.7764451051977987,AliStorage30
paired_difference,0.0,0.0,0.0,homa_minus_hpcc,0.0,homa_resends_received,5,2.7764451051977987,AliStorage30
paired_difference,0.0,0.0,0.0,homa_minus_hpcc,0.0,homa_resends_sent,5,2.7764451051977987,AliStorage30
paired_difference,0.0,0.0,0.0,homa_minus_hpcc,0.0,homa_retransmit_packets,5,2.7764451051977987,AliStorage30
paired_difference,246.66648354253888,-1519.3335164574612,-2012.6664835425388,homa_minus_hpcc,-1766.0,hpcc_actual_rate_changes,5,2.7764451051977987,AliStorage30
paired_percent,0.0,-100.0,-100.0,homa_minus_hpcc,-100.0,hpcc_actual_rate_changes,5,2.7764451051977987,AliStorage30
paired_difference,0.0,0.0,0.0,homa_minus_hpcc,0.0,hpcc_fast_computations,5,2.7764451051977987,AliStorage30
paired_difference,378.877853730522,-5533.322146269478,-6291.077853730521,homa_minus_hpcc,-5912.2,hpcc_feedback_updates,5,2.7764451051977987,AliStorage30
paired_percent,0.0,-100.0,-100.0,homa_minus_hpcc,-100.0,hpcc_feedback_updates,5,2.7764451051977987,AliStorage30
paired_difference,377.94077907075155,-1891.2592209292484,-2647.1407790707513,homa_minus_hpcc,-2269.2,hpcc_full_computations,5,2.7764451051977987,AliStorage30
paired_percent,0.0,-100.0,-100.0,homa_minus_hpcc,-100.0,hpcc_full_computations,5,2.7764451051977987,AliStorage30
paired_difference,377.94077907075155,-1891.2592209292484,-2647.1407790707513,homa_minus_hpcc,-2269.2,hpcc_rate_updates_applied,5,2.7764451051977987,AliStorage30
paired_percent,0.0,-100.0,-100.0,homa_minus_hpcc,-100.0,hpcc_rate_updates_applied,5,2.7764451051977987,AliStorage30
paired_difference,378.877853730522,-5533.322146269478,-6291.077853730521,homa_minus_hpcc,-5912.2,hpcc_valid_feedback,5,2.7764451051977987,AliStorage30
paired_percent,0.0,-100.0,-100.0,homa_minus_hpcc,-100.0,hpcc_valid_feedback,5,2.7764451051977987,AliStorage30
paired_difference,0.0,0.0,0.0,homa_minus_hpcc,0.0,int_hops_after_strip,5,2.7764451051977987,AliStorage30
paired_difference,0.0,0.0,0.0,homa_minus_hpcc,0.0,int_hops_before_strip,5,2.7764451051977987,AliStorage30
paired_difference,0.0,0.0,0.0,homa_minus_hpcc,0.0,int_records_stripped,5,2.7764451051977987,AliStorage30
paired_difference,0.0,0.0,0.0,homa_minus_hpcc,0.0,irn_nacks_generated,5,2.7764451051977987,AliStorage30
paired_difference,0.0,0.0,0.0,homa_minus_hpcc,0.0,irn_nacks_received,5,2.7764451051977987,AliStorage30
paired_difference,0.0,0.0,0.0,homa_minus_hpcc,0.0,irn_retransmit_bytes,5,2.7764451051977987,AliStorage30
paired_difference,0.0,0.0,0.0,homa_minus_hpcc,0.0,irn_retransmit_packets,5,2.7764451051977987,AliStorage30
paired_difference,0.023491956392703593,-0.21188260635746556,-0.25886651914287273,homa_minus_hpcc,-0.23537456275016916,le_8KB_fct_us_mean,5,2.7764451051977987,AliStorage30
paired_percent,0.3123554614236386,-2.9428802511727166,-3.5675911740199937,homa_minus_hpcc,-3.255235712596355,le_8KB_fct_us_mean,5,2.7764451051977987,AliStorage30
paired_difference,0.08450070880494258,-0.5177492911950579,-0.6867507088049429,homa_minus_hpcc,-0.6022500000000004,le_8KB_fct_us_p95,5,2.7764451051977987,AliStorage30
paired_percent,0.8088761801412792,-5.396124097595811,-7.01387645787837,homa_minus_hpcc,-6.20500027773709,le_8KB_fct_us_p95,5,2.7764451051977987,AliStorage30
paired_difference,1.1785211227487826,-1.9080168772512174,-4.265059122748783,homa_minus_hpcc,-3.086538,le_8KB_fct_us_p99,5,2.7764451051977987,AliStorage30
paired_percent,7.139082121971943,-17.41505866896517,-31.693222912909054,homa_minus_hpcc,-24.55414079093711,le_8KB_fct_us_p99,5,2.7764451051977987,AliStorage30
paired_difference,0.0,0.0,0.0,homa_minus_hpcc,0.0,le_8KB_flow_count,5,2.7764451051977987,AliStorage30
paired_percent,0.0,0.0,0.0,homa_minus_hpcc,0.0,le_8KB_flow_count,5,2.7764451051977987,AliStorage30
paired_difference,0.0024478422275824125,-0.03198398187659108,-0.0368796663317559,homa_minus_hpcc,-0.03443182410417349,le_8KB_slowdown_mean,5,2.7764451051977987,AliStorage30
paired_percent,0.2278243045162539,-3.071869213817574,-3.527517822850082,homa_minus_hpcc,-3.299693518333828,le_8KB_slowdown_mean,5,2.7764451051977987,AliStorage30
paired_difference,0.003674326039452936,-0.11880162464917145,-0.12615027672807733,homa_minus_hpcc,-0.12247595068862438,le_8KB_slowdown_p95,5,2.7764451051977987,AliStorage30
paired_percent,0.2983985837636543,-10.28480933788905,-10.881606505416359,homa_minus_hpcc,-10.583207921652704,le_8KB_slowdown_p95,5,2.7764451051977987,AliStorage30
paired_difference,0.11043982142638564,-0.4447425336850733,-0.6656221765378446,homa_minus_hpcc,-0.555182355111459,le_8KB_slowdown_p99,5,2.7764451051977987,AliStorage30
paired_percent,4.9863313456920695,-28.881790297598304,-38.854452988982445,homa_minus_hpcc,-33.86812164329037,le_8KB_slowdown_p99,5,2.7764451051977987,AliStorage30
paired_difference,0.05446051290367733,-0.06580652726323517,-0.17472755307058985,homa_minus_hpcc,-0.1202670401669125,long_to_small_slowdown_mean_ratio,5,2.7764451051977987,AliStorage30
paired_percent,2.4985155406270945,-5.229562825107969,-10.226593906362158,homa_minus_hpcc,-7.728078365735064,long_to_small_slowdown_mean_ratio,5,2.7764451051977987,AliStorage30
paired_difference,0.0,0.0,0.0,homa_minus_hpcc,0.0,max_active_flows,5,2.7764451051977987,AliStorage30
paired_difference,2097.673383780584,-14965.926616219414,-19161.273383780583,homa_minus_hpcc,-17063.6,output_bytes,5,2.7764451051977987,AliStorage30
paired_percent,0.44142160754671395,-3.5889711669613793,-4.4718143820548075,homa_minus_hpcc,-4.030392774508093,output_bytes,5,2.7764451051977987,AliStorage30
paired_difference,0.21813412905467036,-0.6805651951327936,-1.1168334532421342,homa_minus_hpcc,-0.8986993241874639,overall_fct_us_mean,5,2.7764451051977987,AliStorage30
paired_percent,1.5026915108644048,-5.939876158483225,-8.945259180212034,homa_minus_hpcc,-7.442567669347629,overall_fct_us_mean,5,2.7764451051977987,AliStorage30
paired_difference,0.7465097514880868,-1.9202102485119124,-3.4132297514880863,homa_minus_hpcc,-2.6667199999999993,overall_fct_us_p95,5,2.7764451051977987,AliStorage30
paired_percent,3.539892961081609,-10.762952127353266,-17.842738049516484,homa_minus_hpcc,-14.302845088434875,overall_fct_us_p95,5,2.7764451051977987,AliStorage30
paired_difference,7.893761663478264,-7.140936336521774,-22.9284596634783,homa_minus_hpcc,-15.034698000000038,overall_fct_us_p99,5,2.7764451051977987,AliStorage30
paired_percent,4.234251220219841,-5.046514627817535,-13.515017068257217,homa_minus_hpcc,-9.280765848037376,overall_fct_us_p99,5,2.7764451051977987,AliStorage30
paired_difference,0.0,0.0,0.0,homa_minus_hpcc,0.0,overall_flow_count,5,2.7764451051977987,AliStorage30
paired_percent,0.0,0.0,0.0,homa_minus_hpcc,0.0,overall_flow_count,5,2.7764451051977987,AliStorage30
paired_difference,0.004211884491368377,-0.05052861995642797,-0.05895238893916472,homa_minus_hpcc,-0.054740504447796344,overall_slowdown_mean,5,2.7764451051977987,AliStorage30
paired_percent,0.36072889692079757,-4.689461926817696,-5.41091972065929,homa_minus_hpcc,-5.050190823738493,overall_slowdown_mean,5,2.7764451051977987,AliStorage30
paired_difference,0.02369950798931228,-0.2711740626532887,-0.3185730786319133,homa_minus_hpcc,-0.294873570642601,overall_slowdown_p95,5,2.7764451051977987,AliStorage30
paired_percent,1.2238267810288803,-19.773952901140962,-22.22160646319872,homa_minus_hpcc,-20.997779682169842,overall_slowdown_p95,5,2.7764451051977987,AliStorage30
paired_difference,0.14150757484799492,-0.49025559307246247,-0.7732707427684523,homa_minus_hpcc,-0.6317631679204574,overall_slowdown_p99,5,2.7764451051977987,AliStorage30
paired_percent,4.113510385429213,-26.356242333120836,-34.58326310397926,homa_minus_hpcc,-30.469752718550048,overall_slowdown_p99,5,2.7764451051977987,AliStorage30
paired_difference,0.0,0.0,0.0,homa_minus_hpcc,0.0,pfc_cumulative_pause_ns,5,2.7764451051977987,AliStorage30
paired_difference,0.0,0.0,0.0,homa_minus_hpcc,0.0,pfc_matched_intervals,5,2.7764451051977987,AliStorage30
paired_difference,0.0,0.0,0.0,homa_minus_hpcc,0.0,pfc_max_pause_ns,5,2.7764451051977987,AliStorage30
paired_difference,0.0,0.0,0.0,homa_minus_hpcc,0.0,pfc_pause_count,5,2.7764451051977987,AliStorage30
paired_difference,0.0,0.0,0.0,homa_minus_hpcc,0.0,pfc_pause_events,5,2.7764451051977987,AliStorage30
paired_difference,0.0,0.0,0.0,homa_minus_hpcc,0.0,pfc_resume_count,5,2.7764451051977987,AliStorage30
paired_difference,0.0,0.0,0.0,homa_minus_hpcc,0.0,pfc_resume_events,5,2.7764451051977987,AliStorage30
paired_difference,0.0,0.0,0.0,homa_minus_hpcc,0.0,pfc_unmatched_pauses,5,2.7764451051977987,AliStorage30
paired_difference,0.0,0.0,0.0,homa_minus_hpcc,0.0,pfc_unmatched_resumes,5,2.7764451051977987,AliStorage30
paired_difference,0.0,0.0,0.0,homa_minus_hpcc,0.0,proactive_releases,5,2.7764451051977987,AliStorage30
paired_difference,51924.43805911865,113706.83805911866,9857.961940881352,homa_minus_hpcc,61782.4,queue_bytes_max,5,2.7764451051977987,AliStorage30
paired_percent,39.91993367790338,73.14987572585794,-6.689991629948821,homa_minus_hpcc,33.22994204795456,queue_bytes_max,5,2.7764451051977987,AliStorage30
paired_difference,189.99133051867145,819.1107305186715,439.12806948132857,homa_minus_hpcc,629.1194,queue_bytes_mean,5,2.7764451051977987,AliStorage30
paired_percent,17.894397224923452,101.98618369985064,66.19738925000374,homa_minus_hpcc,84.09178647492719,queue_bytes_mean,5,2.7764451051977987,AliStorage30
paired_difference,1155.2019046561293,3156.8019046561294,846.3980953438706,homa_minus_hpcc,2001.6,queue_bytes_p95,5,2.7764451051977987,AliStorage30
paired_difference,13871.672678372866,34481.07267837287,6737.727321627135,homa_minus_hpcc,20609.4,queue_bytes_p99,5,2.7764451051977987,AliStorage30
paired_percent,61.202659210311694,161.00978033208725,38.60446191146386,homa_minus_hpcc,99.80712112177555,queue_bytes_p99,5,2.7764451051977987,AliStorage30
paired_difference,0.0,0.0,0.0,homa_minus_hpcc,0.0,queue_sample_count,5,2.7764451051977987,AliStorage30
paired_percent,0.0,0.0,0.0,homa_minus_hpcc,0.0,queue_sample_count,5,2.7764451051977987,AliStorage30
paired_difference,0.0,0.0,0.0,homa_minus_hpcc,0.0,reactive_binding_rate_changes,5,2.7764451051977987,AliStorage30
paired_difference,0.0,0.0,0.0,homa_minus_hpcc,0.0,reactive_binding_updates,5,2.7764451051977987,AliStorage30
paired_difference,0.0,0.0,0.0,homa_minus_hpcc,0.0,recovery_nacks_generated,5,2.7764451051977987,AliStorage30
paired_difference,0.0,0.0,0.0,homa_minus_hpcc,0.0,recovery_nacks_received,5,2.7764451051977987,AliStorage30
paired_difference,0.0,0.0,0.0,homa_minus_hpcc,0.0,registrations,5,2.7764451051977987,AliStorage30
paired_difference,0.0,0.0,0.0,homa_minus_hpcc,0.0,selected_registrations,5,2.7764451051977987,AliStorage30
paired_difference,0.0,0.0,0.0,homa_minus_hpcc,0.0,switch_drops_egress,5,2.7764451051977987,AliStorage30
paired_difference,0.0,0.0,0.0,homa_minus_hpcc,0.0,switch_drops_ingress,5,2.7764451051977987,AliStorage30
paired_difference,0.0,0.0,0.0,homa_minus_hpcc,0.0,switch_drops_total,5,2.7764451051977987,AliStorage30
paired_difference,0.0,0.0,0.0,homa_minus_hpcc,0.0,tie_binding_rate_changes,5,2.7764451051977987,AliStorage30
paired_difference,0.0,0.0,0.0,homa_minus_hpcc,0.0,tie_binding_updates,5,2.7764451051977987,AliStorage30
paired_difference,0.0,0.0,0.0,homa_minus_hpcc,0.0,timeout_recoveries,5,2.7764451051977987,AliStorage30
