arm,metric,seed,value
concurrency_all,1BDP_to_1MB_fct_us_mean,61,45.62773142857143
concurrency_all,1BDP_to_1MB_fct_us_p95,61,138.7803
concurrency_all,1BDP_to_1MB_fct_us_p99,61,218.6747399999999
concurrency_all,1BDP_to_1MB_flow_count,61,175.0
concurrency_all,1BDP_to_1MB_slowdown_mean,61,1.3225031109726366
concurrency_all,1BDP_to_1MB_slowdown_p95,61,2.341005706574527
concurrency_all,1BDP_to_1MB_slowdown_p99,61,2.9160408251986905
concurrency_all,8KB_to_1BDP_fct_us_mean,61,9.148284375
concurrency_all,8KB_to_1BDP_fct_us_p95,61,14.716149999999999
concurrency_all,8KB_to_1BDP_fct_us_p99,61,18.45448
concurrency_all,8KB_to_1BDP_flow_count,61,1600.0
concurrency_all,8KB_to_1BDP_slowdown_mean,61,1.0426763420642882
concurrency_all,8KB_to_1BDP_slowdown_p95,61,1.1723428322217877
concurrency_all,8KB_to_1BDP_slowdown_p99,61,1.3083512666978185
concurrency_all,aggregate_goodput_gbps,61,212.51979282098637
concurrency_all,completion_releases,61,0.0
concurrency_all,completion_span_us,61,10053.721
concurrency_all,grant_binding_rate_changes,61,0.0
concurrency_all,grant_binding_updates,61,125.0
concurrency_all,grant_bytes_sent,61,360114.0
concurrency_all,grant_event_rate_changes,61,1592.0
concurrency_all,grants_received,61,3831.0
concurrency_all,grants_sent,61,3831.0
concurrency_all,gt_1MB_fct_us_mean,61,228.60654901960783
concurrency_all,gt_1MB_fct_us_p95,61,392.05855
concurrency_all,gt_1MB_fct_us_p99,61,472.0821199999999
concurrency_all,gt_1MB_flow_count,61,102.0
concurrency_all,gt_1MB_slowdown_mean,61,1.7295340976480746
concurrency_all,gt_1MB_slowdown_p95,61,2.8846960105461203
concurrency_all,gt_1MB_slowdown_p99,61,3.3414588177066626
concurrency_all,guard_ack_interval_packets,61,8.0
concurrency_all,guard_adaptive_grant_updates,61,0.0
concurrency_all,guard_fixed_window,61,1.0
concurrency_all,guard_grant_refresh_bdps,61,1.0
concurrency_all,guard_long_acks_suppressed,61,185159.0
concurrency_all,guard_min_share_fraction,61,0.0
concurrency_all,guard_one_rtt_acks_suppressed,61,52273.0
concurrency_all,guard_one_rtt_bypass_enabled,61,1.0
concurrency_all,guard_one_rtt_bypass_feedbacks,61,5681.0
concurrency_all,guard_one_rtt_bypass_flows,61,5681.0
concurrency_all,guard_rebalance_events,61,0.0
concurrency_all,guard_remaining_aware,61,1.0
concurrency_all,guard_remaining_exponent,61,1.0
concurrency_all,guard_remaining_refresh_events,61,2559.0
concurrency_all,guard_sender_srpt_enabled,61,1.0
concurrency_all,guard_sender_srpt_forced_rr,61,79.0
concurrency_all,guard_sender_srpt_non_rr,61,36810.0
concurrency_all,guard_sender_srpt_selections,61,270112.0
concurrency_all,guard_srpt_quantum_packets,61,64.0
concurrency_all,guard_tail_bypass_bdps,61,8.0
concurrency_all,guard_tail_bypass_enabled,61,1.0
concurrency_all,guard_tail_bypass_feedbacks,61,14747.0
concurrency_all,guard_tail_bypass_flows,61,365.0
concurrency_all,hpcc_actual_rate_changes,61,31.0
concurrency_all,hpcc_fast_computations,61,0.0
concurrency_all,hpcc_feedback_updates,61,2030.0
concurrency_all,hpcc_full_computations,61,485.0
concurrency_all,hpcc_rate_updates_applied,61,485.0
concurrency_all,hpcc_valid_feedback,61,543.0
concurrency_all,int_hops_after_strip,61,33630.0
concurrency_all,int_hops_before_strip,61,66310.0
concurrency_all,int_records_stripped,61,32680.0
concurrency_all,irn_nacks_generated,61,0.0
concurrency_all,irn_nacks_received,61,0.0
concurrency_all,irn_retransmit_bytes,61,0.0
concurrency_all,irn_retransmit_packets,61,0.0
concurrency_all,le_8KB_fct_us_mean,61,7.021492684096906
concurrency_all,le_8KB_fct_us_p95,61,9.139
concurrency_all,le_8KB_fct_us_p99,61,9.3906
concurrency_all,le_8KB_flow_count,61,4169.0
concurrency_all,le_8KB_slowdown_mean,61,1.011013308791117
concurrency_all,le_8KB_slowdown_p95,61,1.039106733931855
concurrency_all,le_8KB_slowdown_p99,61,1.0801966313053168
concurrency_all,long_to_small_slowdown_mean_ratio,61,1.7106936996864097
concurrency_all,max_active_flows,61,4.0
concurrency_all,overall_fct_us_mean,61,12.44005607012901
concurrency_all,overall_fct_us_p95,61,15.7235
concurrency_all,overall_fct_us_p99,61,198.63705000000078
concurrency_all,overall_flow_count,61,6046.0
concurrency_all,overall_slowdown_mean,61,1.040530458821261
concurrency_all,overall_slowdown_p95,61,1.1494252073162161
concurrency_all,overall_slowdown_p99,61,1.7089833460659525
concurrency_all,pfc_pause_events,61,0.0
concurrency_all,pfc_resume_events,61,0.0
concurrency_all,proactive_releases,61,365.0
concurrency_all,queue_bytes_max,61,238710.0
concurrency_all,queue_bytes_mean,61,2348.194
concurrency_all,queue_bytes_p95,61,7630.0
concurrency_all,queue_bytes_p99,61,71940.0
concurrency_all,queue_sample_count,61,160000.0
concurrency_all,reactive_binding_rate_changes,61,30.0
concurrency_all,reactive_binding_updates,61,30.0
concurrency_all,recovery_nacks_generated,61,0.0
concurrency_all,recovery_nacks_received,61,0.0
concurrency_all,registrations,61,365.0
concurrency_all,selected_registrations,61,365.0
concurrency_all,tie_binding_rate_changes,61,1.0
concurrency_all,tie_binding_updates,61,330.0
concurrency_all,timeout_recoveries,61,0.0
threshold4,1BDP_to_1MB_fct_us_mean,61,43.81529714285714
threshold4,1BDP_to_1MB_fct_us_p95,61,137.8211
threshold4,1BDP_to_1MB_fct_us_p99,61,191.9433399999998
threshold4,1BDP_to_1MB_flow_count,61,175.0
threshold4,1BDP_to_1MB_slowdown_mean,61,1.2926151710663676
threshold4,1BDP_to_1MB_slowdown_p95,61,1.9440455079790113
threshold4,1BDP_to_1MB_slowdown_p99,61,3.11679308684191
threshold4,8KB_to_1BDP_fct_us_mean,61,9.15127625
threshold4,8KB_to_1BDP_fct_us_p95,61,14.73205
threshold4,8KB_to_1BDP_fct_us_p99,61,18.56562
threshold4,8KB_to_1BDP_flow_count,61,1600.0
threshold4,8KB_to_1BDP_slowdown_mean,61,1.0428892184198668
threshold4,8KB_to_1BDP_slowdown_p95,61,1.1697927530254932
threshold4,8KB_to_1BDP_slowdown_p99,61,1.3233403374492059
threshold4,aggregate_goodput_gbps,61,212.51979282098637
threshold4,completion_releases,61,0.0
threshold4,completion_span_us,61,10053.721
threshold4,grant_binding_rate_changes,61,0.0
threshold4,grant_binding_updates,61,22.0
threshold4,grant_bytes_sent,61,337084.0
threshold4,grant_event_rate_changes,61,387.0
threshold4,grants_received,61,3586.0
threshold4,grants_sent,61,3586.0
threshold4,gt_1MB_fct_us_mean,61,223.8991176470588
threshold4,gt_1MB_fct_us_p95,61,389.81089999999995
threshold4,gt_1MB_fct_us_p99,61,445.3375
threshold4,gt_1MB_flow_count,61,102.0
threshold4,gt_1MB_slowdown_mean,61,1.6925186705191932
threshold4,gt_1MB_slowdown_p95,61,2.793035511516777
threshold4,gt_1MB_slowdown_p99,61,3.2071019533708376
threshold4,guard_ack_interval_packets,61,8.0
threshold4,guard_adaptive_grant_updates,61,0.0
threshold4,guard_fixed_window,61,1.0
threshold4,guard_grant_refresh_bdps,61,1.0
threshold4,guard_long_acks_suppressed,61,185159.0
threshold4,guard_min_share_fraction,61,0.0
threshold4,guard_one_rtt_acks_suppressed,61,52273.0
threshold4,guard_one_rtt_bypass_enabled,61,1.0
threshold4,guard_one_rtt_bypass_feedbacks,61,5681.0
threshold4,guard_one_rtt_bypass_flows,61,5681.0
threshold4,guard_rebalance_events,61,0.0
threshold4,guard_remaining_aware,61,1.0
threshold4,guard_remaining_exponent,61,1.0
threshold4,guard_remaining_refresh_events,61,2559.0
threshold4,guard_sender_srpt_enabled,61,1.0
threshold4,guard_sender_srpt_forced_rr,61,121.0
threshold4,guard_sender_srpt_non_rr,61,39094.0
threshold4,guard_sender_srpt_selections,61,270112.0
threshold4,guard_srpt_quantum_packets,61,64.0
threshold4,guard_tail_bypass_bdps,61,8.0
threshold4,guard_tail_bypass_enabled,61,1.0
threshold4,guard_tail_bypass_feedbacks,61,14745.0
threshold4,guard_tail_bypass_flows,61,365.0
threshold4,hpcc_actual_rate_changes,61,40.0
threshold4,hpcc_fast_computations,61,0.0
threshold4,hpcc_feedback_updates,61,1820.0
threshold4,hpcc_full_computations,61,423.0
threshold4,hpcc_rate_updates_applied,61,423.0
threshold4,hpcc_valid_feedback,61,481.0
threshold4,int_hops_after_strip,61,33630.0
threshold4,int_hops_before_strip,61,66310.0
threshold4,int_records_stripped,61,32680.0
threshold4,irn_nacks_generated,61,0.0
threshold4,irn_nacks_received,61,0.0
threshold4,irn_retransmit_bytes,61,0.0
threshold4,irn_retransmit_packets,61,0.0
threshold4,le_8KB_fct_us_mean,61,7.020869033341329
threshold4,le_8KB_fct_us_p95,61,9.137
threshold4,le_8KB_fct_us_p99,61,9.3906
threshold4,le_8KB_flow_count,61,4169.0
threshold4,le_8KB_slowdown_mean,61,1.0108945878261377
threshold4,le_8KB_slowdown_p95,61,1.039274428606738
threshold4,le_8KB_slowdown_p99,61,1.0802396952711573
threshold4,long_to_small_slowdown_mean_ratio,61,1.6742781007056762
threshold4,max_active_flows,61,3.0
threshold4,overall_fct_us_mean,61,12.308539861065167
threshold4,overall_fct_us_p95,61,15.855
threshold4,overall_fct_us_p99,61,191.59465000000046
threshold4,overall_flow_count,61,6046.0
threshold4,overall_slowdown_mean,61,1.0390153565081919
threshold4,overall_slowdown_p95,61,1.1520386449633335
threshold4,overall_slowdown_p99,61,1.6060582326157569
threshold4,pfc_pause_events,61,0.0
threshold4,pfc_resume_events,61,0.0
threshold4,proactive_releases,61,365.0
threshold4,queue_bytes_max,61,241980.0
threshold4,queue_bytes_mean,61,2076.099
threshold4,queue_bytes_p95,61,6540.0
threshold4,queue_bytes_p99,61,65784.0
threshold4,queue_sample_count,61,160000.0
threshold4,reactive_binding_rate_changes,61,37.0
threshold4,reactive_binding_updates,61,37.0
threshold4,recovery_nacks_generated,61,0.0
threshold4,recovery_nacks_received,61,0.0
threshold4,registrations,61,365.0
threshold4,selected_registrations,61,365.0
threshold4,tie_binding_rate_changes,61,3.0
threshold4,tie_binding_updates,61,364.0
threshold4,timeout_recoveries,61,0.0
threshold6,1BDP_to_1MB_fct_us_mean,61,44.189777142857146
threshold6,1BDP_to_1MB_fct_us_p95,61,138.9105
threshold6,1BDP_to_1MB_fct_us_p99,61,179.85321999999962
threshold6,1BDP_to_1MB_flow_count,61,175.0
threshold6,1BDP_to_1MB_slowdown_mean,61,1.3058383666278544
threshold6,1BDP_to_1MB_slowdown_p95,61,1.9937963845520246
threshold6,1BDP_to_1MB_slowdown_p99,61,2.9924356024590444
threshold6,8KB_to_1BDP_fct_us_mean,61,9.151958125
threshold6,8KB_to_1BDP_fct_us_p95,61,14.73205
threshold6,8KB_to_1BDP_fct_us_p99,61,18.45313
threshold6,8KB_to_1BDP_flow_count,61,1600.0
threshold6,8KB_to_1BDP_slowdown_mean,61,1.0429633260442557
threshold6,8KB_to_1BDP_slowdown_p95,61,1.169625079545642
threshold6,8KB_to_1BDP_slowdown_p99,61,1.3233403374492059
threshold6,aggregate_goodput_gbps,61,212.51979282098637
threshold6,completion_releases,61,0.0
threshold6,completion_span_us,61,10053.721
threshold6,grant_binding_rate_changes,61,0.0
threshold6,grant_binding_updates,61,23.0
threshold6,grant_bytes_sent,61,338776.0
threshold6,grant_event_rate_changes,61,471.0
threshold6,grants_received,61,3604.0
threshold6,grants_sent,61,3604.0
threshold6,gt_1MB_fct_us_mean,61,223.0333725490196
threshold6,gt_1MB_fct_us_p95,61,383.79305000000005
threshold6,gt_1MB_fct_us_p99,61,445.27531999999997
threshold6,gt_1MB_flow_count,61,102.0
threshold6,gt_1MB_slowdown_mean,61,1.6857500298913284
threshold6,gt_1MB_slowdown_p95,61,2.791140531432599
threshold6,gt_1MB_slowdown_p99,61,3.2071097556087964
threshold6,guard_ack_interval_packets,61,8.0
threshold6,guard_adaptive_grant_updates,61,0.0
threshold6,guard_fixed_window,61,1.0
threshold6,guard_grant_refresh_bdps,61,1.0
threshold6,guard_long_acks_suppressed,61,185159.0
threshold6,guard_min_share_fraction,61,0.0
threshold6,guard_one_rtt_acks_suppressed,61,52273.0
threshold6,guard_one_rtt_bypass_enabled,61,1.0
threshold6,guard_one_rtt_bypass_feedbacks,61,5681.0
threshold6,guard_one_rtt_bypass_flows,61,5681.0
threshold6,guard_rebalance_events,61,0.0
threshold6,guard_remaining_aware,61,1.0
threshold6,guard_remaining_exponent,61,1.0
threshold6,guard_remaining_refresh_events,61,2562.0
threshold6,guard_sender_srpt_enabled,61,1.0
threshold6,guard_sender_srpt_forced_rr,61,120.0
threshold6,guard_sender_srpt_non_rr,61,38549.0
threshold6,guard_sender_srpt_selections,61,270112.0
threshold6,guard_srpt_quantum_packets,61,64.0
threshold6,guard_tail_bypass_bdps,61,8.0
threshold6,guard_tail_bypass_enabled,61,1.0
threshold6,guard_tail_bypass_feedbacks,61,14742.0
threshold6,guard_tail_bypass_flows,61,365.0
threshold6,hpcc_actual_rate_changes,61,41.0
threshold6,hpcc_fast_computations,61,0.0
threshold6,hpcc_feedback_updates,61,1836.0
threshold6,hpcc_full_computations,61,429.0
threshold6,hpcc_rate_updates_applied,61,429.0
threshold6,hpcc_valid_feedback,61,487.0
threshold6,int_hops_after_strip,61,33630.0
threshold6,int_hops_before_strip,61,66310.0
threshold6,int_records_stripped,61,32680.0
threshold6,irn_nacks_generated,61,0.0
threshold6,irn_nacks_received,61,0.0
threshold6,irn_retransmit_bytes,61,0.0
threshold6,irn_retransmit_packets,61,0.0
threshold6,le_8KB_fct_us_mean,61,7.021312065243463
threshold6,le_8KB_fct_us_p95,61,9.133
threshold6,le_8KB_fct_us_p99,61,9.39564
threshold6,le_8KB_flow_count,61,4169.0
threshold6,le_8KB_slowdown_mean,61,1.0109324697354647
threshold6,le_8KB_slowdown_p95,61,1.0386823204161881
threshold6,le_8KB_slowdown_p99,61,1.0811599564992127
threshold6,long_to_small_slowdown_mean_ratio,61,1.6675199188452678
threshold6,max_active_flows,61,3.0
threshold6,overall_fct_us_mean,61,12.3052593450215
threshold6,overall_fct_us_p95,61,15.855
threshold6,overall_fct_us_p99,61,191.59465000000046
threshold6,overall_flow_count,61,6046.0
threshold6,overall_slowdown_mean,61,1.039329640292218
threshold6,overall_slowdown_p95,61,1.1529665480399227
threshold6,overall_slowdown_p99,61,1.6370188623623205
threshold6,pfc_pause_events,61,0.0
threshold6,pfc_resume_events,61,0.0
threshold6,proactive_releases,61,365.0
threshold6,queue_bytes_max,61,238710.0
threshold6,queue_bytes_mean,61,2037.856
threshold6,queue_bytes_p95,61,6540.0
threshold6,queue_bytes_p99,61,63220.0
threshold6,queue_sample_count,61,160000.0
threshold6,reactive_binding_rate_changes,61,38.0
threshold6,reactive_binding_updates,61,38.0
threshold6,recovery_nacks_generated,61,0.0
threshold6,recovery_nacks_received,61,0.0
threshold6,registrations,61,365.0
threshold6,selected_registrations,61,365.0
threshold6,tie_binding_rate_changes,61,3.0
threshold6,tie_binding_updates,61,368.0
threshold6,timeout_recoveries,61,0.0
threshold8,1BDP_to_1MB_fct_us_mean,61,44.85708571428572
threshold8,1BDP_to_1MB_fct_us_p95,61,138.9105
threshold8,1BDP_to_1MB_fct_us_p99,61,189.96321999999972
threshold8,1BDP_to_1MB_flow_count,61,175.0
threshold8,1BDP_to_1MB_slowdown_mean,61,1.3143167103085718
threshold8,1BDP_to_1MB_slowdown_p95,61,2.0639770824720154
threshold8,1BDP_to_1MB_slowdown_p99,61,3.116016881782953
threshold8,8KB_to_1BDP_fct_us_mean,61,9.151451875
threshold8,8KB_to_1BDP_fct_us_p95,61,14.715799999999998
threshold8,8KB_to_1BDP_fct_us_p99,61,18.45313
threshold8,8KB_to_1BDP_flow_count,61,1600.0
threshold8,8KB_to_1BDP_slowdown_mean,61,1.04295031539014
threshold8,8KB_to_1BDP_slowdown_p95,61,1.175283072421556
threshold8,8KB_to_1BDP_slowdown_p99,61,1.3143203107756358
threshold8,aggregate_goodput_gbps,61,212.51979282098637
threshold8,completion_releases,61,0.0
threshold8,completion_span_us,61,10053.721
threshold8,grant_binding_rate_changes,61,0.0
threshold8,grant_binding_updates,61,27.0
threshold8,grant_bytes_sent,61,339058.0
threshold8,grant_event_rate_changes,61,518.0
threshold8,grants_received,61,3607.0
threshold8,grants_sent,61,3607.0
threshold8,gt_1MB_fct_us_mean,61,223.66357843137257
threshold8,gt_1MB_fct_us_p95,61,383.87190000000004
threshold8,gt_1MB_fct_us_p99,61,445.1792799999999
threshold8,gt_1MB_flow_count,61,102.0
threshold8,gt_1MB_slowdown_mean,61,1.6906790076715297
threshold8,gt_1MB_slowdown_p95,61,2.759793841983935
threshold8,gt_1MB_slowdown_p99,61,3.207679121454747
threshold8,guard_ack_interval_packets,61,8.0
threshold8,guard_adaptive_grant_updates,61,0.0
threshold8,guard_fixed_window,61,1.0
threshold8,guard_grant_refresh_bdps,61,1.0
threshold8,guard_long_acks_suppressed,61,185159.0
threshold8,guard_min_share_fraction,61,0.0
threshold8,guard_one_rtt_acks_suppressed,61,52273.0
threshold8,guard_one_rtt_bypass_enabled,61,1.0
threshold8,guard_one_rtt_bypass_feedbacks,61,5681.0
threshold8,guard_one_rtt_bypass_flows,61,5681.0
threshold8,guard_rebalance_events,61,0.0
threshold8,guard_remaining_aware,61,1.0
threshold8,guard_remaining_exponent,61,1.0
threshold8,guard_remaining_refresh_events,61,2560.0
threshold8,guard_sender_srpt_enabled,61,1.0
threshold8,guard_sender_srpt_forced_rr,61,113.0
threshold8,guard_sender_srpt_non_rr,61,38167.0
threshold8,guard_sender_srpt_selections,61,270112.0
threshold8,guard_srpt_quantum_packets,61,64.0
threshold8,guard_tail_bypass_bdps,61,8.0
threshold8,guard_tail_bypass_enabled,61,1.0
threshold8,guard_tail_bypass_feedbacks,61,14741.0
threshold8,guard_tail_bypass_flows,61,365.0
threshold8,hpcc_actual_rate_changes,61,40.0
threshold8,hpcc_fast_computations,61,0.0
threshold8,hpcc_feedback_updates,61,1836.0
threshold8,hpcc_full_computations,61,430.0
threshold8,hpcc_rate_updates_applied,61,430.0
threshold8,hpcc_valid_feedback,61,488.0
threshold8,int_hops_after_strip,61,33630.0
threshold8,int_hops_before_strip,61,66310.0
threshold8,int_records_stripped,61,32680.0
threshold8,irn_nacks_generated,61,0.0
threshold8,irn_nacks_received,61,0.0
threshold8,irn_retransmit_bytes,61,0.0
threshold8,irn_retransmit_packets,61,0.0
threshold8,le_8KB_fct_us_mean,61,7.021614056128568
threshold8,le_8KB_fct_us_p95,61,9.133
threshold8,le_8KB_fct_us_p99,61,9.39432
threshold8,le_8KB_flow_count,61,4169.0
threshold8,le_8KB_slowdown_mean,61,1.0109891882955353
threshold8,le_8KB_slowdown_p95,61,1.038774281804181
threshold8,le_8KB_slowdown_p99,61,1.0819641213466769
threshold8,long_to_small_slowdown_mean_ratio,61,1.6723017686488904
threshold8,max_active_flows,61,3.0
threshold8,overall_fct_us_mean,61,12.335280681442276
threshold8,overall_fct_us_p95,61,15.79275
threshold8,overall_fct_us_p99,61,191.98130000000054
threshold8,overall_flow_count,61,6046.0
threshold8,overall_slowdown_mean,61,1.039693865979955
threshold8,overall_slowdown_p95,61,1.153859673804638
threshold8,overall_slowdown_p99,61,1.651979499187645
threshold8,pfc_pause_events,61,0.0
threshold8,pfc_resume_events,61,0.0
threshold8,proactive_releases,61,365.0
threshold8,queue_bytes_max,61,238710.0
threshold8,queue_bytes_mean,61,2079.176
threshold8,queue_bytes_p95,61,5450.0
threshold8,queue_bytes_p99,61,65400.0
threshold8,queue_sample_count,61,160000.0
threshold8,reactive_binding_rate_changes,61,38.0
threshold8,reactive_binding_updates,61,38.0
threshold8,recovery_nacks_generated,61,0.0
threshold8,recovery_nacks_received,61,0.0
threshold8,registrations,61,365.0
threshold8,selected_registrations,61,365.0
threshold8,tie_binding_rate_changes,61,2.0
threshold8,tie_binding_updates,61,365.0
threshold8,timeout_recoveries,61,0.0
threshold12,1BDP_to_1MB_fct_us_mean,61,44.670748571428575
threshold12,1BDP_to_1MB_fct_us_p95,61,138.22570000000002
threshold12,1BDP_to_1MB_fct_us_p99,61,191.50145999999995
threshold12,1BDP_to_1MB_flow_count,61,175.0
threshold12,1BDP_to_1MB_slowdown_mean,61,1.3120601519784298
threshold12,1BDP_to_1MB_slowdown_p95,61,2.1928375193540175
threshold12,1BDP_to_1MB_slowdown_p99,61,2.727846810110068
threshold12,8KB_to_1BDP_fct_us_mean,61,9.146884374999999
threshold12,8KB_to_1BDP_fct_us_p95,61,14.7093
threshold12,8KB_to_1BDP_fct_us_p99,61,18.45447
threshold12,8KB_to_1BDP_flow_count,61,1600.0
threshold12,8KB_to_1BDP_slowdown_mean,61,1.0425154066288447
threshold12,8KB_to_1BDP_slowdown_p95,61,1.1687184384488243
threshold12,8KB_to_1BDP_slowdown_p99,61,1.3065485520928186
threshold12,aggregate_goodput_gbps,61,212.51979282098637
threshold12,completion_releases,61,0.0
threshold12,completion_span_us,61,10053.721
threshold12,grant_binding_rate_changes,61,0.0
threshold12,grant_binding_updates,61,41.0
threshold12,grant_bytes_sent,61,345074.0
threshold12,grant_event_rate_changes,61,762.0
threshold12,grants_received,61,3671.0
threshold12,grants_sent,61,3671.0
threshold12,gt_1MB_fct_us_mean,61,225.35891176470588
threshold12,gt_1MB_fct_us_p95,61,389.16580000000005
threshold12,gt_1MB_fct_us_p99,61,431.9355399999999
threshold12,gt_1MB_flow_count,61,102.0
threshold12,gt_1MB_slowdown_mean,61,1.709747178298278
threshold12,gt_1MB_slowdown_p95,61,2.739849994279919
threshold12,gt_1MB_slowdown_p99,61,3.2070712723707886
threshold12,guard_ack_interval_packets,61,8.0
threshold12,guard_adaptive_grant_updates,61,0.0
threshold12,guard_fixed_window,61,1.0
threshold12,guard_grant_refresh_bdps,61,1.0
threshold12,guard_long_acks_suppressed,61,185159.0
threshold12,guard_min_share_fraction,61,0.0
threshold12,guard_one_rtt_acks_suppressed,61,52273.0
threshold12,guard_one_rtt_bypass_enabled,61,1.0
threshold12,guard_one_rtt_bypass_feedbacks,61,5681.0
threshold12,guard_one_rtt_bypass_flows,61,5681.0
threshold12,guard_rebalance_events,61,0.0
threshold12,guard_remaining_aware,61,1.0
threshold12,guard_remaining_exponent,61,1.0
threshold12,guard_remaining_refresh_events,61,2560.0
threshold12,guard_sender_srpt_enabled,61,1.0
threshold12,guard_sender_srpt_forced_rr,61,97.0
threshold12,guard_sender_srpt_non_rr,61,37053.0
threshold12,guard_sender_srpt_selections,61,270112.0
threshold12,guard_srpt_quantum_packets,61,64.0
threshold12,guard_tail_bypass_bdps,61,8.0
threshold12,guard_tail_bypass_enabled,61,1.0
threshold12,guard_tail_bypass_feedbacks,61,14744.0
threshold12,guard_tail_bypass_flows,61,365.0
threshold12,hpcc_actual_rate_changes,61,41.0
threshold12,hpcc_fast_computations,61,0.0
threshold12,hpcc_feedback_updates,61,1877.0
threshold12,hpcc_full_computations,61,440.0
threshold12,hpcc_rate_updates_applied,61,440.0
threshold12,hpcc_valid_feedback,61,498.0
threshold12,int_hops_after_strip,61,33630.0
threshold12,int_hops_before_strip,61,66310.0
threshold12,int_records_stripped,61,32680.0
threshold12,irn_nacks_generated,61,0.0
threshold12,irn_nacks_received,61,0.0
threshold12,irn_retransmit_bytes,61,0.0
threshold12,irn_retransmit_packets,61,0.0
threshold12,le_8KB_fct_us_mean,61,7.020987047253538
threshold12,le_8KB_fct_us_p95,61,9.1456
threshold12,le_8KB_fct_us_p99,61,9.3906
threshold12,le_8KB_flow_count,61,4169.0
threshold12,le_8KB_slowdown_mean,61,1.0109427046655788
threshold12,le_8KB_slowdown_p95,61,1.038774281804181
threshold12,le_8KB_slowdown_p99,61,1.0808312039367385
threshold12,long_to_small_slowdown_mean_ratio,61,1.691240433713664
threshold12,max_active_flows,61,4.0
threshold12,overall_fct_us_mean,61,12.35684750248098
threshold12,overall_fct_us_p95,61,15.743
threshold12,overall_fct_us_p99,61,194.1671000000003
threshold12,overall_flow_count,61,6046.0
threshold12,overall_slowdown_mean,61,1.039803097112074
threshold12,overall_slowdown_p95,61,1.1503482242737793
threshold12,overall_slowdown_p99,61,1.6901340389231305
threshold12,pfc_pause_events,61,0.0
threshold12,pfc_resume_events,61,0.0
threshold12,proactive_releases,61,365.0
threshold12,queue_bytes_max,61,238710.0
threshold12,queue_bytes_mean,61,2124.206
threshold12,queue_bytes_p95,61,6540.0
threshold12,queue_bytes_p99,61,65400.0
threshold12,queue_sample_count,61,160000.0
threshold12,reactive_binding_rate_changes,61,39.0
threshold12,reactive_binding_updates,61,39.0
threshold12,recovery_nacks_generated,61,0.0
threshold12,recovery_nacks_received,61,0.0
threshold12,registrations,61,365.0
threshold12,selected_registrations,61,365.0
threshold12,tie_binding_rate_changes,61,2.0
threshold12,tie_binding_updates,61,360.0
threshold12,timeout_recoveries,61,0.0
concurrency_all,1BDP_to_1MB_fct_us_mean,62,50.03836559139785
concurrency_all,1BDP_to_1MB_fct_us_p95,62,144.84775000000002
concurrency_all,1BDP_to_1MB_fct_us_p99,62,248.85605
concurrency_all,1BDP_to_1MB_flow_count,62,186.0
concurrency_all,1BDP_to_1MB_slowdown_mean,62,1.3414584021948666
concurrency_all,1BDP_to_1MB_slowdown_p95,62,2.0989332393560387
concurrency_all,1BDP_to_1MB_slowdown_p99,62,3.1661340350783522
concurrency_all,8KB_to_1BDP_fct_us_mean,62,9.368179275270185
concurrency_all,8KB_to_1BDP_fct_us_p95,62,15.452800000000003
concurrency_all,8KB_to_1BDP_fct_us_p99,62,18.58276
concurrency_all,8KB_to_1BDP_flow_count,62,1573.0
concurrency_all,8KB_to_1BDP_slowdown_mean,62,1.0474597649086026
concurrency_all,8KB_to_1BDP_slowdown_p95,62,1.1895898151978654
concurrency_all,8KB_to_1BDP_slowdown_p99,62,1.407895476242969
concurrency_all,aggregate_goodput_gbps,62,198.28466361664687
concurrency_all,completion_releases,62,0.0
concurrency_all,completion_span_us,62,10255.234
concurrency_all,grant_binding_rate_changes,62,0.0
concurrency_all,grant_binding_updates,62,158.0
concurrency_all,grant_bytes_sent,62,338118.0
concurrency_all,grant_event_rate_changes,62,1557.0
concurrency_all,grants_received,62,3597.0
concurrency_all,grants_sent,62,3597.0
concurrency_all,gt_1MB_fct_us_mean,62,254.99231395348838
concurrency_all,gt_1MB_fct_us_p95,62,542.3385
concurrency_all,gt_1MB_fct_us_p99,62,608.86875
concurrency_all,gt_1MB_flow_count,62,86.0
concurrency_all,gt_1MB_slowdown_mean,62,1.9056661961253376
concurrency_all,gt_1MB_slowdown_p95,62,3.6895811695362126
concurrency_all,gt_1MB_slowdown_p99,62,4.2981424567847
concurrency_all,guard_ack_interval_packets,62,8.0
concurrency_all,guard_adaptive_grant_updates,62,0.0
concurrency_all,guard_fixed_window,62,1.0
concurrency_all,guard_grant_refresh_bdps,62,1.0
concurrency_all,guard_long_acks_suppressed,62,172898.0
concurrency_all,guard_min_share_fraction,62,0.0
concurrency_all,guard_one_rtt_acks_suppressed,62,53386.0
concurrency_all,guard_one_rtt_bypass_enabled,62,1.0
concurrency_all,guard_one_rtt_bypass_feedbacks,62,5714.0
concurrency_all,guard_one_rtt_bypass_flows,62,5714.0
concurrency_all,guard_rebalance_events,62,0.0
concurrency_all,guard_remaining_aware,62,1.0
concurrency_all,guard_remaining_exponent,62,1.0
concurrency_all,guard_remaining_refresh_events,62,2281.0
concurrency_all,guard_sender_srpt_enabled,62,1.0
concurrency_all,guard_sender_srpt_forced_rr,62,144.0
concurrency_all,guard_sender_srpt_non_rr,62,41709.0
concurrency_all,guard_sender_srpt_selections,62,257234.0
concurrency_all,guard_srpt_quantum_packets,62,64.0
concurrency_all,guard_tail_bypass_bdps,62,8.0
concurrency_all,guard_tail_bypass_enabled,62,1.0
concurrency_all,guard_tail_bypass_feedbacks,62,14886.0
concurrency_all,guard_tail_bypass_flows,62,359.0
concurrency_all,hpcc_actual_rate_changes,62,18.0
concurrency_all,hpcc_fast_computations,62,0.0
concurrency_all,hpcc_feedback_updates,62,1862.0
concurrency_all,hpcc_full_computations,62,466.0
concurrency_all,hpcc_rate_updates_applied,62,466.0
concurrency_all,hpcc_valid_feedback,62,527.0
concurrency_all,int_hops_after_strip,62,34320.0
concurrency_all,int_hops_before_strip,62,65270.0
concurrency_all,int_records_stripped,62,30950.0
concurrency_all,irn_nacks_generated,62,0.0
concurrency_all,irn_nacks_received,62,0.0
concurrency_all,irn_retransmit_bytes,62,0.0
concurrency_all,irn_retransmit_packets,62,0.0
concurrency_all,le_8KB_fct_us_mean,62,7.058850993377484
concurrency_all,le_8KB_fct_us_p95,62,9.137
concurrency_all,le_8KB_fct_us_p99,62,9.381109999999996
concurrency_all,le_8KB_flow_count,62,4228.0
concurrency_all,le_8KB_slowdown_mean,62,1.0111283436128766
concurrency_all,le_8KB_slowdown_p95,62,1.0416562579128357
concurrency_all,le_8KB_slowdown_p99,62,1.0767417533708536
concurrency_all,long_to_small_slowdown_mean_ratio,62,1.8846926882854214
concurrency_all,max_active_flows,62,5.0
concurrency_all,overall_fct_us_mean,62,12.484347604149514
concurrency_all,overall_fct_us_p95,62,16.58659999999997
concurrency_all,overall_fct_us_p99,62,197.1334
concurrency_all,overall_flow_count,62,6073.0
concurrency_all,overall_slowdown_mean,62,1.0433234649549643
concurrency_all,overall_slowdown_p95,62,1.159602714923794
concurrency_all,overall_slowdown_p99,62,1.7691428495971047
concurrency_all,pfc_pause_events,62,0.0
concurrency_all,pfc_resume_events,62,0.0
concurrency_all,proactive_releases,62,359.0
concurrency_all,queue_bytes_max,62,304110.0
concurrency_all,queue_bytes_mean,62,2582.122
concurrency_all,queue_bytes_p95,62,7630.0
concurrency_all,queue_bytes_p99,62,87200.0
concurrency_all,queue_sample_count,62,160000.0
concurrency_all,reactive_binding_rate_changes,62,16.0
concurrency_all,reactive_binding_updates,62,16.0
concurrency_all,recovery_nacks_generated,62,0.0
concurrency_all,recovery_nacks_received,62,0.0
concurrency_all,registrations,62,359.0
concurrency_all,selected_registrations,62,359.0
concurrency_all,tie_binding_rate_changes,62,2.0
concurrency_all,tie_binding_updates,62,292.0
concurrency_all,timeout_recoveries,62,0.0
threshold4,1BDP_to_1MB_fct_us_mean,62,48.16255376344086
threshold4,1BDP_to_1MB_fct_us_p95,62,138.73424999999997
threshold4,1BDP_to_1MB_fct_us_p99,62,190.5605500000003
threshold4,1BDP_to_1MB_flow_count,62,186.0
threshold4,1BDP_to_1MB_slowdown_mean,62,1.3102322884454978
threshold4,1BDP_to_1MB_slowdown_p95,62,2.0006667895720724
threshold4,1BDP_to_1MB_slowdown_p99,62,2.311263102218819
threshold4,8KB_to_1BDP_fct_us_mean,62,9.369932612841705
threshold4,8KB_to_1BDP_fct_us_p95,62,15.378600000000011
threshold4,8KB_to_1BDP_fct_us_p99,62,18.57788
threshold4,8KB_to_1BDP_flow_count,62,1573.0
threshold4,8KB_to_1BDP_slowdown_mean,62,1.0478566668111342
threshold4,8KB_to_1BDP_slowdown_p95,62,1.1889740023402269
threshold4,8KB_to_1BDP_slowdown_p99,62,1.4001176848714476
threshold4,aggregate_goodput_gbps,62,195.76020675655562
threshold4,completion_releases,62,0.0
threshold4,completion_span_us,62,10387.482
threshold4,grant_binding_rate_changes,62,0.0
threshold4,grant_binding_updates,62,46.0
threshold4,grant_bytes_sent,62,311798.0
threshold4,grant_event_rate_changes,62,363.0
threshold4,grants_received,62,3317.0
threshold4,grants_sent,62,3317.0
threshold4,gt_1MB_fct_us_mean,62,249.83447674418605
threshold4,gt_1MB_fct_us_p95,62,513.265
threshold4,gt_1MB_fct_us_p99,62,667.4859500000005
threshold4,gt_1MB_flow_count,62,86.0
threshold4,gt_1MB_slowdown_mean,62,1.862416939850008
threshold4,gt_1MB_slowdown_p95,62,3.9113034376483293
threshold4,gt_1MB_slowdown_p99,62,4.724230122168205
threshold4,guard_ack_interval_packets,62,8.0
threshold4,guard_adaptive_grant_updates,62,0.0
threshold4,guard_fixed_window,62,1.0
threshold4,guard_grant_refresh_bdps,62,1.0
threshold4,guard_long_acks_suppressed,62,172898.0
threshold4,guard_min_share_fraction,62,0.0
threshold4,guard_one_rtt_acks_suppressed,62,53386.0
threshold4,guard_one_rtt_bypass_enabled,62,1.0
threshold4,guard_one_rtt_bypass_feedbacks,62,5714.0
threshold4,guard_one_rtt_bypass_flows,62,5714.0
threshold4,guard_rebalance_events,62,0.0
threshold4,guard_remaining_aware,62,1.0
threshold4,guard_remaining_exponent,62,1.0
threshold4,guard_remaining_refresh_events,62,2277.0
threshold4,guard_sender_srpt_enabled,62,1.0
threshold4,guard_sender_srpt_forced_rr,62,146.0
threshold4,guard_sender_srpt_non_rr,62,41288.0
threshold4,guard_sender_srpt_selections,62,257234.0
threshold4,guard_srpt_quantum_packets,62,64.0
threshold4,guard_tail_bypass_bdps,62,8.0
threshold4,guard_tail_bypass_enabled,62,1.0
threshold4,guard_tail_bypass_feedbacks,62,14874.0
threshold4,guard_tail_bypass_flows,62,359.0
threshold4,hpcc_actual_rate_changes,62,22.0
threshold4,hpcc_fast_computations,62,0.0
threshold4,hpcc_feedback_updates,62,1580.0
threshold4,hpcc_full_computations,62,398.0
threshold4,hpcc_rate_updates_applied,62,398.0
threshold4,hpcc_valid_feedback,62,459.0
threshold4,int_hops_after_strip,62,34320.0
threshold4,int_hops_before_strip,62,65270.0
threshold4,int_records_stripped,62,30950.0
threshold4,irn_nacks_generated,62,0.0
threshold4,irn_nacks_received,62,0.0
threshold4,irn_retransmit_bytes,62,0.0
threshold4,irn_retransmit_packets,62,0.0
threshold4,le_8KB_fct_us_mean,62,7.056066225165563
threshold4,le_8KB_fct_us_p95,62,9.137
threshold4,le_8KB_fct_us_p99,62,9.37073
threshold4,le_8KB_flow_count,62,4228.0
threshold4,le_8KB_slowdown_mean,62,1.0107931596753388
threshold4,le_8KB_slowdown_p95,62,1.0410173253150057
threshold4,le_8KB_slowdown_p99,62,1.0765108961635088
threshold4,long_to_small_slowdown_mean_ratio,62,1.8425302170111697
threshold4,max_active_flows,62,4.0
threshold4,overall_fct_us_mean,62,12.352371480322741
threshold4,overall_fct_us_p95,62,16.541
threshold4,overall_fct_us_p99,62,187.98391999999967
threshold4,overall_flow_count,62,6073.0
threshold4,overall_slowdown_mean,62,1.041624086691785
threshold4,overall_slowdown_p95,62,1.1573846108910746
threshold4,overall_slowdown_p99,62,1.7147769084344222
threshold4,pfc_pause_events,62,0.0
threshold4,pfc_resume_events,62,0.0
threshold4,proactive_releases,62,359.0
threshold4,queue_bytes_max,62,243070.0
threshold4,queue_bytes_mean,62,2130.416
threshold4,queue_bytes_p95,62,6540.0
threshold4,queue_bytes_p99,62,74120.0
threshold4,queue_sample_count,62,160000.0
threshold4,reactive_binding_rate_changes,62,19.0
threshold4,reactive_binding_updates,62,19.0
threshold4,recovery_nacks_generated,62,0.0
threshold4,recovery_nacks_received,62,0.0
threshold4,registrations,62,359.0
threshold4,selected_registrations,62,359.0
threshold4,tie_binding_rate_changes,62,3.0
threshold4,tie_binding_updates,62,333.0
threshold4,timeout_recoveries,62,0.0
threshold6,1BDP_to_1MB_fct_us_mean,62,48.29195698924731
threshold6,1BDP_to_1MB_fct_us_p95,62,138.73424999999997
threshold6,1BDP_to_1MB_fct_us_p99,62,190.47940000000028
threshold6,1BDP_to_1MB_flow_count,62,186.0
threshold6,1BDP_to_1MB_slowdown_mean,62,1.3146739798335567
threshold6,1BDP_to_1MB_slowdown_p95,62,2.00177363726983
threshold6,1BDP_to_1MB_slowdown_p99,62,2.308911597958905
threshold6,8KB_to_1BDP_fct_us_mean,62,9.36781500317864
threshold6,8KB_to_1BDP_fct_us_p95,62,15.3338
threshold6,8KB_to_1BDP_fct_us_p99,62,18.57788
threshold6,8KB_to_1BDP_flow_count,62,1573.0
threshold6,8KB_to_1BDP_slowdown_mean,62,1.0476269411746901
threshold6,8KB_to_1BDP_slowdown_p95,62,1.1884835518967471
threshold6,8KB_to_1BDP_slowdown_p99,62,1.4001176848714476
threshold6,aggregate_goodput_gbps,62,195.76197827596312
threshold6,completion_releases,62,0.0
threshold6,completion_span_us,62,10387.388
threshold6,grant_binding_rate_changes,62,0.0
threshold6,grant_binding_updates,62,45.0
threshold6,grant_bytes_sent,62,312174.0
threshold6,grant_event_rate_changes,62,391.0
threshold6,grants_received,62,3321.0
threshold6,grants_sent,62,3321.0
threshold6,gt_1MB_fct_us_mean,62,249.69151162790698
threshold6,gt_1MB_fct_us_p95,62,511.59674999999993
threshold6,gt_1MB_fct_us_p99,62,667.3919500000004
threshold6,gt_1MB_flow_count,62,86.0
threshold6,gt_1MB_slowdown_mean,62,1.8614829007724027
threshold6,gt_1MB_slowdown_p95,62,3.9017753703633153
threshold6,gt_1MB_slowdown_p99,62,4.723564240584865
threshold6,guard_ack_interval_packets,62,8.0
threshold6,guard_adaptive_grant_updates,62,0.0
threshold6,guard_fixed_window,62,1.0
threshold6,guard_grant_refresh_bdps,62,1.0
threshold6,guard_long_acks_suppressed,62,172898.0
threshold6,guard_min_share_fraction,62,0.0
threshold6,guard_one_rtt_acks_suppressed,62,53386.0
threshold6,guard_one_rtt_bypass_enabled,62,1.0
threshold6,guard_one_rtt_bypass_feedbacks,62,5714.0
threshold6,guard_one_rtt_bypass_flows,62,5714.0
threshold6,guard_rebalance_events,62,0.0
threshold6,guard_remaining_aware,62,1.0
threshold6,guard_remaining_exponent,62,1.0
threshold6,guard_remaining_refresh_events,62,2277.0
threshold6,guard_sender_srpt_enabled,62,1.0
threshold6,guard_sender_srpt_forced_rr,62,145.0
threshold6,guard_sender_srpt_non_rr,62,41178.0
threshold6,guard_sender_srpt_selections,62,257234.0
threshold6,guard_srpt_quantum_packets,62,64.0
threshold6,guard_tail_bypass_bdps,62,8.0
threshold6,guard_tail_bypass_enabled,62,1.0
threshold6,guard_tail_bypass_feedbacks,62,14875.0
threshold6,guard_tail_bypass_flows,62,359.0
threshold6,hpcc_actual_rate_changes,62,22.0
threshold6,hpcc_fast_computations,62,0.0
threshold6,hpcc_feedback_updates,62,1586.0
threshold6,hpcc_full_computations,62,397.0
threshold6,hpcc_rate_updates_applied,62,397.0
threshold6,hpcc_valid_feedback,62,458.0
threshold6,int_hops_after_strip,62,34320.0
threshold6,int_hops_before_strip,62,65270.0
threshold6,int_records_stripped,62,30950.0
threshold6,irn_nacks_generated,62,0.0
threshold6,irn_nacks_received,62,0.0
threshold6,irn_retransmit_bytes,62,0.0
threshold6,irn_retransmit_packets,62,0.0
threshold6,le_8KB_fct_us_mean,62,7.056171948912015
threshold6,le_8KB_fct_us_p95,62,9.13765
threshold6,le_8KB_fct_us_p99,62,9.37373
threshold6,le_8KB_flow_count,62,4228.0
threshold6,le_8KB_slowdown_mean,62,1.0108059493557287
threshold6,le_8KB_slowdown_p95,62,1.0413079179093963
threshold6,le_8KB_slowdown_p99,62,1.0768731929737683
threshold6,long_to_small_slowdown_mean_ratio,62,1.84158284976348
threshold6,max_active_flows,62,4.0
threshold6,overall_fct_us_mean,62,12.353835336736374
threshold6,overall_fct_us_p95,62,16.48779999999999
threshold6,overall_fct_us_p99,62,187.98391999999967
threshold6,overall_flow_count,62,6073.0
threshold6,overall_slowdown_mean,62,1.0416962987089209
threshold6,overall_slowdown_p95,62,1.1573846108910746
threshold6,overall_slowdown_p99,62,1.7249510241646333
threshold6,pfc_pause_events,62,0.0
threshold6,pfc_resume_events,62,0.0
threshold6,proactive_releases,62,359.0
threshold6,queue_bytes_max,62,243070.0
threshold6,queue_bytes_mean,62,2126.407
threshold6,queue_bytes_p95,62,6540.0
threshold6,queue_bytes_p99,62,73030.0
threshold6,queue_sample_count,62,160000.0
threshold6,reactive_binding_rate_changes,62,19.0
threshold6,reactive_binding_updates,62,19.0
threshold6,recovery_nacks_generated,62,0.0
threshold6,recovery_nacks_received,62,0.0
threshold6,registrations,62,359.0
threshold6,selected_registrations,62,359.0
threshold6,tie_binding_rate_changes,62,3.0
threshold6,tie_binding_updates,62,333.0
threshold6,timeout_recoveries,62,0.0
threshold8,1BDP_to_1MB_fct_us_mean,62,48.44908602150538
threshold8,1BDP_to_1MB_fct_us_p95,62,138.73424999999997
threshold8,1BDP_to_1MB_fct_us_p99,62,190.47940000000028
threshold8,1BDP_to_1MB_flow_count,62,186.0
threshold8,1BDP_to_1MB_slowdown_mean,62,1.317900647344131
threshold8,1BDP_to_1MB_slowdown_p95,62,2.014110377225369
threshold8,1BDP_to_1MB_slowdown_p99,62,2.308911597958905
threshold8,8KB_to_1BDP_fct_us_mean,62,9.365386522568341
threshold8,8KB_to_1BDP_fct_us_p95,62,15.323400000000001
threshold8,8KB_to_1BDP_fct_us_p99,62,18.59228
threshold8,8KB_to_1BDP_flow_count,62,1573.0
threshold8,8KB_to_1BDP_slowdown_mean,62,1.0473737090766335
threshold8,8KB_to_1BDP_slowdown_p95,62,1.1859089803018557
threshold8,8KB_to_1BDP_slowdown_p99,62,1.4001176848714476
threshold8,aggregate_goodput_gbps,62,195.76020675655562
threshold8,completion_releases,62,0.0
threshold8,completion_span_us,62,10387.482
threshold8,grant_binding_rate_changes,62,0.0
threshold8,grant_binding_updates,62,46.0
threshold8,grant_bytes_sent,62,312926.0
threshold8,grant_event_rate_changes,62,461.0
threshold8,grants_received,62,3329.0
threshold8,grants_sent,62,3329.0
threshold8,gt_1MB_fct_us_mean,62,249.6900465116279
threshold8,gt_1MB_fct_us_p95,62,511.75350000000003
threshold8,gt_1MB_fct_us_p99,62,667.4859500000005
threshold8,gt_1MB_flow_count,62,86.0
threshold8,gt_1MB_slowdown_mean,62,1.861540957447739
threshold8,gt_1MB_slowdown_p95,62,3.886955095923046
threshold8,gt_1MB_slowdown_p99,62,4.724230122168205
threshold8,guard_ack_interval_packets,62,8.0
threshold8,guard_adaptive_grant_updates,62,0.0
threshold8,guard_fixed_window,62,1.0
threshold8,guard_grant_refresh_bdps,62,1.0
threshold8,guard_long_acks_suppressed,62,172898.0
threshold8,guard_min_share_fraction,62,0.0
threshold8,guard_one_rtt_acks_suppressed,62,53386.0
threshold8,guard_one_rtt_bypass_enabled,62,1.0
threshold8,guard_one_rtt_bypass_feedbacks,62,5714.0
threshold8,guard_one_rtt_bypass_flows,62,5714.0
threshold8,guard_rebalance_events,62,0.0
threshold8,guard_remaining_aware,62,1.0
threshold8,guard_remaining_exponent,62,1.0
threshold8,guard_remaining_refresh_events,62,2278.0
threshold8,guard_sender_srpt_enabled,62,1.0
threshold8,guard_sender_srpt_forced_rr,62,146.0
threshold8,guard_sender_srpt_non_rr,62,41418.0
threshold8,guard_sender_srpt_selections,62,257234.0
threshold8,guard_srpt_quantum_packets,62,64.0
threshold8,guard_tail_bypass_bdps,62,8.0
threshold8,guard_tail_bypass_enabled,62,1.0
threshold8,guard_tail_bypass_feedbacks,62,14873.0
threshold8,guard_tail_bypass_flows,62,359.0
threshold8,hpcc_actual_rate_changes,62,22.0
threshold8,hpcc_fast_computations,62,0.0
threshold8,hpcc_feedback_updates,62,1596.0
threshold8,hpcc_full_computations,62,398.0
threshold8,hpcc_rate_updates_applied,62,398.0
threshold8,hpcc_valid_feedback,62,459.0
threshold8,int_hops_after_strip,62,34320.0
threshold8,int_hops_before_strip,62,65270.0
threshold8,int_records_stripped,62,30950.0
threshold8,irn_nacks_generated,62,0.0
threshold8,irn_nacks_received,62,0.0
threshold8,irn_retransmit_bytes,62,0.0
threshold8,irn_retransmit_packets,62,0.0
threshold8,le_8KB_fct_us_mean,62,7.056280510879849
threshold8,le_8KB_fct_us_p95,62,9.137
threshold8,le_8KB_fct_us_p99,62,9.37073
threshold8,le_8KB_flow_count,62,4228.0
threshold8,le_8KB_slowdown_mean,62,1.010827606692096
threshold8,le_8KB_slowdown_p95,62,1.041161941580756
threshold8,le_8KB_slowdown_p99,62,1.0761326321566842
threshold8,long_to_small_slowdown_mean_ratio,62,1.8416008279983347
threshold8,max_active_flows,62,4.0
threshold8,overall_fct_us_mean,62,12.358073604478841
threshold8,overall_fct_us_p95,62,16.473200000000002
threshold8,overall_fct_us_p99,62,187.98391999999967
threshold8,overall_flow_count,62,6073.0
threshold8,overall_slowdown_mean,62,1.0417454319476767
threshold8,overall_slowdown_p95,62,1.155525883756537
threshold8,overall_slowdown_p99,62,1.7259915864930937
threshold8,pfc_pause_events,62,0.0
threshold8,pfc_resume_events,62,0.0
threshold8,proactive_releases,62,359.0
threshold8,queue_bytes_max,62,243070.0
threshold8,queue_bytes_mean,62,2133.145
threshold8,queue_bytes_p95,62,6540.0
threshold8,queue_bytes_p99,62,73030.0
threshold8,queue_sample_count,62,160000.0
threshold8,reactive_binding_rate_changes,62,19.0
threshold8,reactive_binding_updates,62,19.0
threshold8,recovery_nacks_generated,62,0.0
threshold8,recovery_nacks_received,62,0.0
threshold8,registrations,62,359.0
threshold8,selected_registrations,62,359.0
threshold8,tie_binding_rate_changes,62,3.0
threshold8,tie_binding_updates,62,333.0
threshold8,timeout_recoveries,62,0.0
threshold12,1BDP_to_1MB_fct_us_mean,62,49.42747311827957
threshold12,1BDP_to_1MB_fct_us_p95,62,138.73424999999997
threshold12,1BDP_to_1MB_fct_us_p99,62,242.85775000000007
threshold12,1BDP_to_1MB_flow_count,62,186.0
threshold12,1BDP_to_1MB_slowdown_mean,62,1.3339336381985636
threshold12,1BDP_to_1MB_slowdown_p95,62,2.024414413938656
threshold12,1BDP_to_1MB_slowdown_p99,62,2.8685250792250545
threshold12,8KB_to_1BDP_fct_us_mean,62,9.36201207883026
threshold12,8KB_to_1BDP_fct_us_p95,62,15.311399999999999
threshold12,8KB_to_1BDP_fct_us_p99,62,18.59228
threshold12,8KB_to_1BDP_flow_count,62,1573.0
threshold12,8KB_to_1BDP_slowdown_mean,62,1.04701444655082
threshold12,8KB_to_1BDP_slowdown_p95,62,1.1859089803018557
threshold12,8KB_to_1BDP_slowdown_p99,62,1.4001176848714476
threshold12,aggregate_goodput_gbps,62,195.76020675655562
threshold12,completion_releases,62,0.0
threshold12,completion_span_us,62,10387.482
threshold12,grant_binding_rate_changes,62,0.0
threshold12,grant_binding_updates,62,62.0
threshold12,grant_bytes_sent,62,315840.0
threshold12,grant_event_rate_changes,62,638.0
threshold12,grants_received,62,3360.0
threshold12,grants_sent,62,3360.0
threshold12,gt_1MB_fct_us_mean,62,247.25445348837212
threshold12,gt_1MB_fct_us_p95,62,423.04575
threshold12,gt_1MB_fct_us_p99,62,667.4859500000005
threshold12,gt_1MB_flow_count,62,86.0
threshold12,gt_1MB_slowdown_mean,62,1.8490668250999116
threshold12,gt_1MB_slowdown_p95,62,3.2146818581778884
threshold12,gt_1MB_slowdown_p99,62,4.724230122168205
threshold12,guard_ack_interval_packets,62,8.0
threshold12,guard_adaptive_grant_updates,62,0.0
threshold12,guard_fixed_window,62,1.0
threshold12,guard_grant_refresh_bdps,62,1.0
threshold12,guard_long_acks_suppressed,62,172898.0
threshold12,guard_min_share_fraction,62,0.0
threshold12,guard_one_rtt_acks_suppressed,62,53386.0
threshold12,guard_one_rtt_bypass_enabled,62,1.0
threshold12,guard_one_rtt_bypass_feedbacks,62,5714.0
threshold12,guard_one_rtt_bypass_flows,62,5714.0
threshold12,guard_rebalance_events,62,0.0
threshold12,guard_remaining_aware,62,1.0
threshold12,guard_remaining_exponent,62,1.0
threshold12,guard_remaining_refresh_events,62,2280.0
threshold12,guard_sender_srpt_enabled,62,1.0
threshold12,guard_sender_srpt_forced_rr,62,142.0
threshold12,guard_sender_srpt_non_rr,62,40929.0
threshold12,guard_sender_srpt_selections,62,257234.0
threshold12,guard_srpt_quantum_packets,62,64.0
threshold12,guard_tail_bypass_bdps,62,8.0
threshold12,guard_tail_bypass_enabled,62,1.0
threshold12,guard_tail_bypass_feedbacks,62,14881.0
threshold12,guard_tail_bypass_flows,62,359.0
threshold12,hpcc_actual_rate_changes,62,22.0
threshold12,hpcc_fast_computations,62,0.0
threshold12,hpcc_feedback_updates,62,1599.0
threshold12,hpcc_full_computations,62,395.0
threshold12,hpcc_rate_updates_applied,62,395.0
threshold12,hpcc_valid_feedback,62,456.0
threshold12,int_hops_after_strip,62,34320.0
threshold12,int_hops_before_strip,62,65270.0
threshold12,int_records_stripped,62,30950.0
threshold12,irn_nacks_generated,62,0.0
threshold12,irn_nacks_received,62,0.0
threshold12,irn_retransmit_bytes,62,0.0
threshold12,irn_retransmit_packets,62,0.0
threshold12,le_8KB_fct_us_mean,62,7.056519867549669
threshold12,le_8KB_fct_us_p95,62,9.13765
threshold12,le_8KB_fct_us_p99,62,9.372459999999998
threshold12,le_8KB_flow_count,62,4228.0
threshold12,le_8KB_slowdown_mean,62,1.0108523331345753
threshold12,le_8KB_slowdown_p95,62,1.041497774556327
threshold12,le_8KB_slowdown_p99,62,1.0761326321566842
threshold12,long_to_small_slowdown_mean_ratio,62,1.8292155683769336
threshold12,max_active_flows,62,4.0
threshold12,overall_fct_us_mean,62,12.352841099950602
threshold12,overall_fct_us_p95,62,16.515399999999993
threshold12,overall_fct_us_p99,62,190.9839599999992
threshold12,overall_flow_count,62,6073.0
threshold12,overall_slowdown_mean,62,1.0419839935091304
threshold12,overall_slowdown_p95,62,1.1585832070588713
threshold12,overall_slowdown_p99,62,1.7655889005992207
threshold12,pfc_pause_events,62,0.0
threshold12,pfc_resume_events,62,0.0
threshold12,proactive_releases,62,359.0
threshold12,queue_bytes_max,62,304110.0
threshold12,queue_bytes_mean,62,2392.757
threshold12,queue_bytes_p95,62,6540.0
threshold12,queue_bytes_p99,62,85020.0
threshold12,queue_sample_count,62,160000.0
threshold12,reactive_binding_rate_changes,62,20.0
threshold12,reactive_binding_updates,62,20.0
threshold12,recovery_nacks_generated,62,0.0
threshold12,recovery_nacks_received,62,0.0
threshold12,registrations,62,359.0
threshold12,selected_registrations,62,359.0
threshold12,tie_binding_rate_changes,62,2.0
threshold12,tie_binding_updates,62,313.0
threshold12,timeout_recoveries,62,0.0
concurrency_all,1BDP_to_1MB_fct_us_mean,63,49.19902702702702
concurrency_all,1BDP_to_1MB_fct_us_p95,63,136.31019999999992
concurrency_all,1BDP_to_1MB_fct_us_p99,63,209.78544999999997
concurrency_all,1BDP_to_1MB_flow_count,63,222.0
concurrency_all,1BDP_to_1MB_slowdown_mean,63,1.3449207769419405
concurrency_all,1BDP_to_1MB_slowdown_p95,63,2.1053289600754352
concurrency_all,1BDP_to_1MB_slowdown_p99,63,2.4018383733731365
concurrency_all,8KB_to_1BDP_fct_us_mean,63,9.258673404927352
concurrency_all,8KB_to_1BDP_fct_us_p95,63,15.086700000000004
concurrency_all,8KB_to_1BDP_fct_us_p99,63,19.05614000000002
concurrency_all,8KB_to_1BDP_flow_count,63,1583.0
concurrency_all,8KB_to_1BDP_slowdown_mean,63,1.0476657626177028
concurrency_all,8KB_to_1BDP_slowdown_p95,63,1.1876804292907317
concurrency_all,8KB_to_1BDP_slowdown_p99,63,1.3743699362283635
concurrency_all,aggregate_goodput_gbps,63,211.69546920064897
concurrency_all,completion_releases,63,0.0
concurrency_all,completion_span_us,63,10076.787
concurrency_all,grant_binding_rate_changes,63,2.0
concurrency_all,grant_binding_updates,63,110.0
concurrency_all,grant_bytes_sent,63,360302.0
concurrency_all,grant_event_rate_changes,63,1521.0
concurrency_all,grants_received,63,3833.0
concurrency_all,grants_sent,63,3833.0
concurrency_all,gt_1MB_fct_us_mean,63,254.35743529411766
concurrency_all,gt_1MB_fct_us_p95,63,474.085
concurrency_all,gt_1MB_fct_us_p99,63,534.92692
concurrency_all,gt_1MB_flow_count,63,85.0
concurrency_all,gt_1MB_slowdown_mean,63,1.8274014323279975
concurrency_all,gt_1MB_slowdown_p95,63,3.062059992302192
concurrency_all,gt_1MB_slowdown_p99,63,3.5882012166327875
concurrency_all,guard_ack_interval_packets,63,8.0
concurrency_all,guard_adaptive_grant_updates,63,0.0
concurrency_all,guard_fixed_window,63,1.0
concurrency_all,guard_grant_refresh_bdps,63,1.0
concurrency_all,guard_long_acks_suppressed,63,184470.0
concurrency_all,guard_min_share_fraction,63,0.0
concurrency_all,guard_one_rtt_acks_suppressed,63,52582.0
concurrency_all,guard_one_rtt_bypass_enabled,63,1.0
concurrency_all,guard_one_rtt_bypass_feedbacks,63,5652.0
concurrency_all,guard_one_rtt_bypass_flows,63,5652.0
concurrency_all,guard_rebalance_events,63,0.0
concurrency_all,guard_remaining_aware,63,1.0
concurrency_all,guard_remaining_exponent,63,1.0
concurrency_all,guard_remaining_refresh_events,63,2551.0
concurrency_all,guard_sender_srpt_enabled,63,1.0
concurrency_all,guard_sender_srpt_forced_rr,63,103.0
concurrency_all,guard_sender_srpt_non_rr,63,38501.0
concurrency_all,guard_sender_srpt_selections,63,269631.0
concurrency_all,guard_srpt_quantum_packets,63,64.0
concurrency_all,guard_tail_bypass_bdps,63,8.0
concurrency_all,guard_tail_bypass_enabled,63,1.0
concurrency_all,guard_tail_bypass_feedbacks,63,15360.0
concurrency_all,guard_tail_bypass_flows,63,387.0
concurrency_all,hpcc_actual_rate_changes,63,39.0
concurrency_all,hpcc_fast_computations,63,0.0
concurrency_all,hpcc_feedback_updates,63,2050.0
concurrency_all,hpcc_full_computations,63,410.0
concurrency_all,hpcc_rate_updates_applied,63,410.0
concurrency_all,hpcc_valid_feedback,63,459.0
concurrency_all,int_hops_after_strip,63,32886.0
concurrency_all,int_hops_before_strip,63,65465.0
concurrency_all,int_records_stripped,63,32579.0
concurrency_all,irn_nacks_generated,63,0.0
concurrency_all,irn_nacks_received,63,0.0
concurrency_all,irn_retransmit_bytes,63,0.0
concurrency_all,irn_retransmit_packets,63,0.0
concurrency_all,le_8KB_fct_us_mean,63,6.950799469751747
concurrency_all,le_8KB_fct_us_p95,63,9.11
concurrency_all,le_8KB_fct_us_p99,63,9.38104
concurrency_all,le_8KB_flow_count,63,4149.0
concurrency_all,le_8KB_slowdown_mean,63,1.0107239588838033
concurrency_all,le_8KB_slowdown_p95,63,1.0382261260194046
concurrency_all,le_8KB_slowdown_p99,63,1.0763729482940636
concurrency_all,long_to_small_slowdown_mean_ratio,63,1.808012381883274
concurrency_all,max_active_flows,63,4.0
concurrency_all,overall_fct_us_mean,63,12.59114307004471
concurrency_all,overall_fct_us_p95,63,18.048099999999998
concurrency_all,overall_fct_us_p99,63,194.96021999999994
concurrency_all,overall_flow_count,63,6039.0
concurrency_all,overall_slowdown_mean,63,1.044187802924609
concurrency_all,overall_slowdown_p95,63,1.1771657912156768
concurrency_all,overall_slowdown_p99,63,1.8439656387412964
concurrency_all,pfc_pause_events,63,0.0
concurrency_all,pfc_resume_events,63,0.0
concurrency_all,proactive_releases,63,387.0
concurrency_all,queue_bytes_max,63,306290.0
concurrency_all,queue_bytes_mean,63,2553.251
concurrency_all,queue_bytes_p95,63,8720.0
concurrency_all,queue_bytes_p99,63,78008.0
concurrency_all,queue_sample_count,63,160000.0
concurrency_all,reactive_binding_rate_changes,63,37.0
concurrency_all,reactive_binding_updates,63,37.0
concurrency_all,recovery_nacks_generated,63,0.0
concurrency_all,recovery_nacks_received,63,0.0
concurrency_all,registrations,63,387.0
concurrency_all,selected_registrations,63,387.0
concurrency_all,tie_binding_rate_changes,63,0.0
concurrency_all,tie_binding_updates,63,263.0
concurrency_all,timeout_recoveries,63,0.0
threshold4,1BDP_to_1MB_fct_us_mean,63,47.55159459459459
threshold4,1BDP_to_1MB_fct_us_p95,63,118.22769999999998
threshold4,1BDP_to_1MB_fct_us_p99,63,206.8064799999999
threshold4,1BDP_to_1MB_flow_count,63,222.0
threshold4,1BDP_to_1MB_slowdown_mean,63,1.3154494855670682
threshold4,1BDP_to_1MB_slowdown_p95,63,2.0100632606369153
threshold4,1BDP_to_1MB_slowdown_p99,63,2.4214974620563905
threshold4,8KB_to_1BDP_fct_us_mean,63,9.250174984207202
threshold4,8KB_to_1BDP_fct_us_p95,63,15.089800000000004
threshold4,8KB_to_1BDP_fct_us_p99,63,18.958620000000014
threshold4,8KB_to_1BDP_flow_count,63,1583.0
threshold4,8KB_to_1BDP_slowdown_mean,63,1.0468623651639475
threshold4,8KB_to_1BDP_slowdown_p95,63,1.1853283808619914
threshold4,8KB_to_1BDP_slowdown_p99,63,1.3796252309395813
threshold4,aggregate_goodput_gbps,63,211.69546920064897
threshold4,completion_releases,63,0.0
threshold4,completion_span_us,63,10076.787
threshold4,grant_binding_rate_changes,63,2.0
threshold4,grant_binding_updates,63,34.0
threshold4,grant_bytes_sent,63,345262.0
threshold4,grant_event_rate_changes,63,423.0
threshold4,grants_received,63,3673.0
threshold4,grants_sent,63,3673.0
threshold4,gt_1MB_fct_us_mean,63,249.2190705882353
threshold4,gt_1MB_fct_us_p95,63,499.24819999999994
threshold4,gt_1MB_fct_us_p99,63,553.7535199999996
threshold4,gt_1MB_flow_count,63,85.0
threshold4,gt_1MB_slowdown_mean,63,1.7846910186933742
threshold4,gt_1MB_slowdown_p95,63,3.196673620279435
threshold4,gt_1MB_slowdown_p99,63,3.724934309309268
threshold4,guard_ack_interval_packets,63,8.0
threshold4,guard_adaptive_grant_updates,63,0.0
threshold4,guard_fixed_window,63,1.0
threshold4,guard_grant_refresh_bdps,63,1.0
threshold4,guard_long_acks_suppressed,63,184470.0
threshold4,guard_min_share_fraction,63,0.0
threshold4,guard_one_rtt_acks_suppressed,63,52582.0
threshold4,guard_one_rtt_bypass_enabled,63,1.0
threshold4,guard_one_rtt_bypass_feedbacks,63,5652.0
threshold4,guard_one_rtt_bypass_flows,63,5652.0
threshold4,guard_rebalance_events,63,0.0
threshold4,guard_remaining_aware,63,1.0
threshold4,guard_remaining_exponent,63,1.0
threshold4,guard_remaining_refresh_events,63,2550.0
threshold4,guard_sender_srpt_enabled,63,1.0
threshold4,guard_sender_srpt_forced_rr,63,106.0
threshold4,guard_sender_srpt_non_rr,63,39206.0
threshold4,guard_sender_srpt_selections,63,269631.0
threshold4,guard_srpt_quantum_packets,63,64.0
threshold4,guard_tail_bypass_bdps,63,8.0
threshold4,guard_tail_bypass_enabled,63,1.0
threshold4,guard_tail_bypass_feedbacks,63,15357.0
threshold4,guard_tail_bypass_flows,63,387.0
threshold4,hpcc_actual_rate_changes,63,48.0
threshold4,hpcc_fast_computations,63,0.0
threshold4,hpcc_feedback_updates,63,1820.0
threshold4,hpcc_full_computations,63,366.0
threshold4,hpcc_rate_updates_applied,63,366.0
threshold4,hpcc_valid_feedback,63,415.0
threshold4,int_hops_after_strip,63,32886.0
threshold4,int_hops_before_strip,63,65465.0
threshold4,int_records_stripped,63,32579.0
threshold4,irn_nacks_generated,63,0.0
threshold4,irn_nacks_received,63,0.0
threshold4,irn_retransmit_bytes,63,0.0
threshold4,irn_retransmit_packets,63,0.0
threshold4,le_8KB_fct_us_mean,63,6.951093757531935
threshold4,le_8KB_fct_us_p95,63,9.123
threshold4,le_8KB_fct_us_p99,63,9.363640000000004
threshold4,le_8KB_flow_count,63,4149.0
threshold4,le_8KB_slowdown_mean,63,1.010707548019207
threshold4,le_8KB_slowdown_p95,63,1.038065115492518
threshold4,le_8KB_slowdown_p99,63,1.078599747004077
threshold4,long_to_small_slowdown_mean_ratio,63,1.7657838038224078
threshold4,max_active_flows,63,4.0
threshold4,overall_fct_us_mean,63,12.456232820003311
threshold4,overall_fct_us_p95,63,18.048099999999998
threshold4,overall_fct_us_p99,63,184.62571999999966
threshold4,overall_flow_count,63,6039.0
threshold4,overall_slowdown_mean,63,1.0422813815484426
threshold4,overall_slowdown_p95,63,1.1718100517604388
threshold4,overall_slowdown_p99,63,1.7455119375818018
threshold4,pfc_pause_events,63,0.0
threshold4,pfc_resume_events,63,0.0
threshold4,proactive_releases,63,387.0
threshold4,queue_bytes_max,63,296480.0
threshold4,queue_bytes_mean,63,2282.297
threshold4,queue_bytes_p95,63,6540.0
threshold4,queue_bytes_p99,63,74120.0
threshold4,queue_sample_count,63,160000.0
threshold4,reactive_binding_rate_changes,63,46.0
threshold4,reactive_binding_updates,63,46.0
threshold4,recovery_nacks_generated,63,0.0
threshold4,recovery_nacks_received,63,0.0
threshold4,registrations,63,387.0
threshold4,selected_registrations,63,387.0
threshold4,tie_binding_rate_changes,63,0.0
threshold4,tie_binding_updates,63,286.0
threshold4,timeout_recoveries,63,0.0
threshold6,1BDP_to_1MB_fct_us_mean,63,76.3025945945946
threshold6,1BDP_to_1MB_fct_us_p95,63,122.02504999999996
threshold6,1BDP_to_1MB_fct_us_p99,63,206.8064799999999
threshold6,1BDP_to_1MB_flow_count,63,222.0
threshold6,1BDP_to_1MB_slowdown_mean,63,1.755438800024142
threshold6,1BDP_to_1MB_slowdown_p95,63,2.10479810620546
threshold6,1BDP_to_1MB_slowdown_p99,63,2.42246943261765
threshold6,8KB_to_1BDP_fct_us_mean,63,9.255115603284903
threshold6,8KB_to_1BDP_fct_us_p95,63,15.098400000000002
threshold6,8KB_to_1BDP_fct_us_p99,63,19.136120000000005
threshold6,8KB_to_1BDP_flow_count,63,1583.0
threshold6,8KB_to_1BDP_slowdown_mean,63,1.0472812111409548
threshold6,8KB_to_1BDP_slowdown_p95,63,1.1862579667630928
threshold6,8KB_to_1BDP_slowdown_p99,63,1.3882690313791568
threshold6,aggregate_goodput_gbps,63,211.69546920064897
threshold6,completion_releases,63,0.0
threshold6,completion_span_us,63,10076.787
threshold6,grant_binding_rate_changes,63,2.0
threshold6,grant_binding_updates,63,33.0
threshold6,grant_bytes_sent,63,346954.0
threshold6,grant_event_rate_changes,63,518.0
threshold6,grants_received,63,3691.0
threshold6,grants_sent,63,3691.0
threshold6,gt_1MB_fct_us_mean,63,249.03492941176472
threshold6,gt_1MB_fct_us_p95,63,499.8134
threshold6,gt_1MB_fct_us_p99,63,556.4725599999997
threshold6,gt_1MB_flow_count,63,85.0
threshold6,gt_1MB_slowdown_mean,63,1.783777882390323
threshold6,gt_1MB_slowdown_p95,63,3.173452950053404
threshold6,gt_1MB_slowdown_p99,63,3.7446472065312353
threshold6,guard_ack_interval_packets,63,8.0
threshold6,guard_adaptive_grant_updates,63,0.0
threshold6,guard_fixed_window,63,1.0
threshold6,guard_grant_refresh_bdps,63,1.0
threshold6,guard_long_acks_suppressed,63,184470.0
threshold6,guard_min_share_fraction,63,0.0
threshold6,guard_one_rtt_acks_suppressed,63,52582.0
threshold6,guard_one_rtt_bypass_enabled,63,1.0
threshold6,guard_one_rtt_bypass_feedbacks,63,5652.0
threshold6,guard_one_rtt_bypass_flows,63,5652.0
threshold6,guard_rebalance_events,63,0.0
threshold6,guard_remaining_aware,63,1.0
threshold6,guard_remaining_exponent,63,1.0
threshold6,guard_remaining_refresh_events,63,2551.0
threshold6,guard_sender_srpt_enabled,63,1.0
threshold6,guard_sender_srpt_forced_rr,63,106.0
threshold6,guard_sender_srpt_non_rr,63,38884.0
threshold6,guard_sender_srpt_selections,63,269631.0
threshold6,guard_srpt_quantum_packets,63,64.0
threshold6,guard_tail_bypass_bdps,63,8.0
threshold6,guard_tail_bypass_enabled,63,1.0
threshold6,guard_tail_bypass_feedbacks,63,15360.0
threshold6,guard_tail_bypass_flows,63,387.0
threshold6,hpcc_actual_rate_changes,63,47.0
threshold6,hpcc_fast_computations,63,0.0
threshold6,hpcc_feedback_updates,63,1826.0
threshold6,hpcc_full_computations,63,365.0
threshold6,hpcc_rate_updates_applied,63,365.0
threshold6,hpcc_valid_feedback,63,414.0
threshold6,int_hops_after_strip,63,32886.0
threshold6,int_hops_before_strip,63,65465.0
threshold6,int_records_stripped,63,32579.0
threshold6,irn_nacks_generated,63,0.0
threshold6,irn_nacks_received,63,0.0
threshold6,irn_retransmit_bytes,63,0.0
threshold6,irn_retransmit_packets,63,0.0
threshold6,le_8KB_fct_us_mean,63,6.9515128946734155
threshold6,le_8KB_fct_us_p95,63,9.12
threshold6,le_8KB_fct_us_p99,63,9.379120000000002
threshold6,le_8KB_flow_count,63,4149.0
threshold6,le_8KB_slowdown_mean,63,1.0108203564792582
threshold6,le_8KB_slowdown_p95,63,1.0381322467778131
threshold6,le_8KB_slowdown_p99,63,1.0802283040442904
threshold6,long_to_small_slowdown_mean_ratio,63,1.7646833791548457
threshold6,max_active_flows,63,4.0
threshold6,overall_fct_us_mean,63,13.512141082960756
threshold6,overall_fct_us_p95,63,18.05420000000002
threshold6,overall_fct_us_p99,63,184.70383999999964
threshold6,overall_flow_count,63,6039.0
threshold6,overall_slowdown_mean,63,1.0586302947304371
threshold6,overall_slowdown_p95,63,1.1729820095584165
threshold6,overall_slowdown_p99,63,1.7893736659926645
threshold6,pfc_pause_events,63,0.0
threshold6,pfc_resume_events,63,0.0
threshold6,proactive_releases,63,387.0
threshold6,queue_bytes_max,63,306290.0
threshold6,queue_bytes_mean,63,2225.872
threshold6,queue_bytes_p95,63,6540.0
threshold6,queue_bytes_p99,63,73030.0
threshold6,queue_sample_count,63,160000.0
threshold6,reactive_binding_rate_changes,63,44.0
threshold6,reactive_binding_updates,63,44.0
threshold6,recovery_nacks_generated,63,0.0
threshold6,recovery_nacks_received,63,0.0
threshold6,registrations,63,387.0
threshold6,selected_registrations,63,387.0
threshold6,tie_binding_rate_changes,63,1.0
threshold6,tie_binding_updates,63,288.0
threshold6,timeout_recoveries,63,0.0
threshold8,1BDP_to_1MB_fct_us_mean,63,48.36451801801802
threshold8,1BDP_to_1MB_fct_us_p95,63,117.8039
threshold8,1BDP_to_1MB_fct_us_p99,63,199.41316999999998
threshold8,1BDP_to_1MB_flow_count,63,222.0
threshold8,1BDP_to_1MB_slowdown_mean,63,1.333899031211351
threshold8,1BDP_to_1MB_slowdown_p95,63,2.0944890984624123
threshold8,1BDP_to_1MB_slowdown_p99,63,2.4213654016859354
threshold8,8KB_to_1BDP_fct_us_mean,63,9.254943777637397
threshold8,8KB_to_1BDP_fct_us_p95,63,15.070600000000006
threshold8,8KB_to_1BDP_fct_us_p99,63,18.94908000000001
threshold8,8KB_to_1BDP_flow_count,63,1583.0
threshold8,8KB_to_1BDP_slowdown_mean,63,1.0474068545565804
threshold8,8KB_to_1BDP_slowdown_p95,63,1.1872700000557916
threshold8,8KB_to_1BDP_slowdown_p99,63,1.3796252309395813
threshold8,aggregate_goodput_gbps,63,211.69546920064897
threshold8,completion_releases,63,0.0
threshold8,completion_span_us,63,10076.787
threshold8,grant_binding_rate_changes,63,2.0
threshold8,grant_binding_updates,63,35.0
threshold8,grant_bytes_sent,63,347048.0
threshold8,grant_event_rate_changes,63,610.0
threshold8,grants_received,63,3692.0
threshold8,grants_sent,63,3692.0
threshold8,gt_1MB_fct_us_mean,63,249.62250588235295
threshold8,gt_1MB_fct_us_p95,63,501.68039999999996
threshold8,gt_1MB_fct_us_p99,63,567.4858799999997
threshold8,gt_1MB_flow_count,63,85.0
threshold8,gt_1MB_slowdown_mean,63,1.7891589023046157
threshold8,gt_1MB_slowdown_p95,63,3.2887135854882676
threshold8,gt_1MB_slowdown_p99,63,3.7736560364898537
threshold8,guard_ack_interval_packets,63,8.0
threshold8,guard_adaptive_grant_updates,63,0.0
threshold8,guard_fixed_window,63,1.0
threshold8,guard_grant_refresh_bdps,63,1.0
threshold8,guard_long_acks_suppressed,63,184470.0
threshold8,guard_min_share_fraction,63,0.0
threshold8,guard_one_rtt_acks_suppressed,63,52582.0
threshold8,guard_one_rtt_bypass_enabled,63,1.0
threshold8,guard_one_rtt_bypass_feedbacks,63,5652.0
threshold8,guard_one_rtt_bypass_flows,63,5652.0
threshold8,guard_rebalance_events,63,0.0
threshold8,guard_remaining_aware,63,1.0
threshold8,guard_remaining_exponent,63,1.0
threshold8,guard_remaining_refresh_events,63,2550.0
threshold8,guard_sender_srpt_enabled,63,1.0
threshold8,guard_sender_srpt_forced_rr,63,108.0
threshold8,guard_sender_srpt_non_rr,63,39070.0
threshold8,guard_sender_srpt_selections,63,269631.0
threshold8,guard_srpt_quantum_packets,63,64.0
threshold8,guard_tail_bypass_bdps,63,8.0
threshold8,guard_tail_bypass_enabled,63,1.0
threshold8,guard_tail_bypass_feedbacks,63,15360.0
threshold8,guard_tail_bypass_flows,63,387.0
threshold8,hpcc_actual_rate_changes,63,47.0
threshold8,hpcc_fast_computations,63,0.0
threshold8,hpcc_feedback_updates,63,1844.0
threshold8,hpcc_full_computations,63,369.0
threshold8,hpcc_rate_updates_applied,63,369.0
threshold8,hpcc_valid_feedback,63,418.0
threshold8,int_hops_after_strip,63,32886.0
threshold8,int_hops_before_strip,63,65465.0
threshold8,int_records_stripped,63,32579.0
threshold8,irn_nacks_generated,63,0.0
threshold8,irn_nacks_received,63,0.0
threshold8,irn_retransmit_bytes,63,0.0
threshold8,irn_retransmit_packets,63,0.0
threshold8,le_8KB_fct_us_mean,63,6.9514663774403465
threshold8,le_8KB_fct_us_p95,63,9.12
threshold8,le_8KB_fct_us_p99,63,9.38408
threshold8,le_8KB_flow_count,63,4149.0
threshold8,le_8KB_slowdown_mean,63,1.0107674722207969
threshold8,le_8KB_slowdown_p95,63,1.0379669089409884
threshold8,le_8KB_slowdown_p99,63,1.0789632911388267
threshold8,long_to_small_slowdown_mean_ratio,63,1.770099406121157
threshold8,max_active_flows,63,4.0
threshold8,overall_fct_us_mean,63,12.493301208809406
threshold8,overall_fct_us_p95,63,18.048099999999998
threshold8,overall_fct_us_p99,63,184.81973999999968
threshold8,overall_flow_count,63,6039.0
threshold8,overall_slowdown_mean,63,1.0432063892419219
threshold8,overall_slowdown_p95,63,1.174503021884397
threshold8,overall_slowdown_p99,63,1.7878930943263107
threshold8,pfc_pause_events,63,0.0
threshold8,pfc_resume_events,63,0.0
threshold8,proactive_releases,63,387.0
threshold8,queue_bytes_max,63,306290.0
threshold8,queue_bytes_mean,63,2246.892
threshold8,queue_bytes_p95,63,6540.0
threshold8,queue_bytes_p99,63,73030.0
threshold8,queue_sample_count,63,160000.0
threshold8,reactive_binding_rate_changes,63,45.0
threshold8,reactive_binding_updates,63,45.0
threshold8,recovery_nacks_generated,63,0.0
threshold8,recovery_nacks_received,63,0.0
threshold8,registrations,63,387.0
threshold8,selected_registrations,63,387.0
threshold8,tie_binding_rate_changes,63,0.0
threshold8,tie_binding_updates,63,289.0
threshold8,timeout_recoveries,63,0.0
threshold12,1BDP_to_1MB_fct_us_mean,63,49.10508108108108
threshold12,1BDP_to_1MB_fct_us_p95,63,130.16675
threshold12,1BDP_to_1MB_fct_us_p99,63,204.87599999999992
threshold12,1BDP_to_1MB_flow_count,63,222.0
threshold12,1BDP_to_1MB_slowdown_mean,63,1.346618078808167
threshold12,1BDP_to_1MB_slowdown_p95,63,2.0966654274692327
threshold12,1BDP_to_1MB_slowdown_p99,63,2.437103806852253
threshold12,8KB_to_1BDP_fct_us_mean,63,9.25298041692988
threshold12,8KB_to_1BDP_fct_us_p95,63,15.037400000000002
threshold12,8KB_to_1BDP_fct_us_p99,63,18.98238000000002
threshold12,8KB_to_1BDP_flow_count,63,1583.0
threshold12,8KB_to_1BDP_slowdown_mean,63,1.0471390593340246
threshold12,8KB_to_1BDP_slowdown_p95,63,1.187519721687183
threshold12,8KB_to_1BDP_slowdown_p99,63,1.3743699362283635
threshold12,aggregate_goodput_gbps,63,211.69546920064897
threshold12,completion_releases,63,0.0
threshold12,completion_span_us,63,10076.787
threshold12,grant_binding_rate_changes,63,1.0
threshold12,grant_binding_updates,63,65.0
threshold12,grant_bytes_sent,63,350620.0
threshold12,grant_event_rate_changes,63,865.0
threshold12,grants_received,63,3730.0
threshold12,grants_sent,63,3730.0
threshold12,gt_1MB_fct_us_mean,63,248.00311764705882
threshold12,gt_1MB_fct_us_p95,63,478.1044
threshold12,gt_1MB_fct_us_p99,63,526.6190799999997
threshold12,gt_1MB_flow_count,63,85.0
threshold12,gt_1MB_slowdown_mean,63,1.7808557184872047
threshold12,gt_1MB_slowdown_p95,63,2.952568428400037
threshold12,gt_1MB_slowdown_p99,63,3.5871312577342014
threshold12,guard_ack_interval_packets,63,8.0
threshold12,guard_adaptive_grant_updates,63,0.0
threshold12,guard_fixed_window,63,1.0
threshold12,guard_grant_refresh_bdps,63,1.0
threshold12,guard_long_acks_suppressed,63,184470.0
threshold12,guard_min_share_fraction,63,0.0
threshold12,guard_one_rtt_acks_suppressed,63,52582.0
threshold12,guard_one_rtt_bypass_enabled,63,1.0
threshold12,guard_one_rtt_bypass_feedbacks,63,5652.0
threshold12,guard_one_rtt_bypass_flows,63,5652.0
threshold12,guard_rebalance_events,63,0.0
threshold12,guard_remaining_aware,63,1.0
threshold12,guard_remaining_exponent,63,1.0
threshold12,guard_remaining_refresh_events,63,2552.0
threshold12,guard_sender_srpt_enabled,63,1.0
threshold12,guard_sender_srpt_forced_rr,63,100.0
threshold12,guard_sender_srpt_non_rr,63,38919.0
threshold12,guard_sender_srpt_selections,63,269631.0
threshold12,guard_srpt_quantum_packets,63,64.0
threshold12,guard_tail_bypass_bdps,63,8.0
threshold12,guard_tail_bypass_enabled,63,1.0
threshold12,guard_tail_bypass_feedbacks,63,15360.0
threshold12,guard_tail_bypass_flows,63,387.0
threshold12,hpcc_actual_rate_changes,63,39.0
threshold12,hpcc_fast_computations,63,0.0
threshold12,hpcc_feedback_updates,63,1898.0
threshold12,hpcc_full_computations,63,390.0
threshold12,hpcc_rate_updates_applied,63,390.0
threshold12,hpcc_valid_feedback,63,439.0
threshold12,int_hops_after_strip,63,32886.0
threshold12,int_hops_before_strip,63,65465.0
threshold12,int_records_stripped,63,32579.0
threshold12,irn_nacks_generated,63,0.0
threshold12,irn_nacks_received,63,0.0
threshold12,irn_retransmit_bytes,63,0.0
threshold12,irn_retransmit_packets,63,0.0
threshold12,le_8KB_fct_us_mean,63,6.950571704025066
threshold12,le_8KB_fct_us_p95,63,9.11
threshold12,le_8KB_fct_us_p99,63,9.37252
threshold12,le_8KB_flow_count,63,4149.0
threshold12,le_8KB_slowdown_mean,63,1.0106938544644362
threshold12,le_8KB_slowdown_p95,63,1.0379177599420526
threshold12,le_8KB_slowdown_p99,63,1.079952218443481
threshold12,long_to_small_slowdown_mean_ratio,63,1.7620130078171645
threshold12,max_active_flows,63,4.0
threshold12,overall_fct_us_mean,63,12.496602583209139
threshold12,overall_fct_us_p95,63,18.048099999999998
threshold12,overall_fct_us_p99,63,189.52879999999936
threshold12,overall_flow_count,63,6039.0
threshold12,overall_slowdown_mean,63,1.0434363110888447
threshold12,overall_slowdown_p95,63,1.1755782280879405
threshold12,overall_slowdown_p99,63,1.8393101665852103
threshold12,pfc_pause_events,63,0.0
threshold12,pfc_resume_events,63,0.0
threshold12,proactive_releases,63,387.0
threshold12,queue_bytes_max,63,306290.0
threshold12,queue_bytes_mean,63,2260.784
threshold12,queue_bytes_p95,63,7630.0
threshold12,queue_bytes_p99,63,69760.0
threshold12,queue_sample_count,63,160000.0
threshold12,reactive_binding_rate_changes,63,38.0
threshold12,reactive_binding_updates,63,38.0
threshold12,recovery_nacks_generated,63,0.0
threshold12,recovery_nacks_received,63,0.0
threshold12,registrations,63,387.0
threshold12,selected_registrations,63,387.0
threshold12,tie_binding_rate_changes,63,0.0
threshold12,tie_binding_updates,63,287.0
threshold12,timeout_recoveries,63,0.0
concurrency_all,1BDP_to_1MB_fct_us_mean,64,47.97685714285714
concurrency_all,1BDP_to_1MB_fct_us_p95,64,149.43619999999993
concurrency_all,1BDP_to_1MB_fct_us_p99,64,188.93168000000006
concurrency_all,1BDP_to_1MB_flow_count,64,189.0
concurrency_all,1BDP_to_1MB_slowdown_mean,64,1.31597589017424
concurrency_all,1BDP_to_1MB_slowdown_p95,64,2.093430092032178
concurrency_all,1BDP_to_1MB_slowdown_p99,64,2.6991393347162793
concurrency_all,8KB_to_1BDP_fct_us_mean,64,9.227044843049327
concurrency_all,8KB_to_1BDP_fct_us_p95,64,15.131
concurrency_all,8KB_to_1BDP_fct_us_p99,64,18.290400000000005
concurrency_all,8KB_to_1BDP_flow_count,64,1561.0
concurrency_all,8KB_to_1BDP_slowdown_mean,64,1.0432394251698702
concurrency_all,8KB_to_1BDP_slowdown_p95,64,1.1868778672206353
concurrency_all,8KB_to_1BDP_slowdown_p99,64,1.38325492567933
concurrency_all,aggregate_goodput_gbps,64,181.67800045178058
concurrency_all,completion_releases,64,0.0
concurrency_all,completion_span_us,64,10066.834
concurrency_all,grant_binding_rate_changes,64,0.0
concurrency_all,grant_binding_updates,64,83.0
concurrency_all,grant_bytes_sent,64,279744.0
concurrency_all,grant_event_rate_changes,64,1128.0
concurrency_all,grants_received,64,2976.0
concurrency_all,grants_sent,64,2976.0
concurrency_all,gt_1MB_fct_us_mean,64,248.02935714285715
concurrency_all,gt_1MB_fct_us_p95,64,397.34755
concurrency_all,gt_1MB_fct_us_p99,64,427.49629000000004
concurrency_all,gt_1MB_flow_count,64,70.0
concurrency_all,gt_1MB_slowdown_mean,64,1.8611099650940064
concurrency_all,gt_1MB_slowdown_p95,64,2.8350625033834573
concurrency_all,gt_1MB_slowdown_p99,64,3.1442898342211434
concurrency_all,guard_ack_interval_packets,64,8.0
concurrency_all,guard_adaptive_grant_updates,64,0.0
concurrency_all,guard_fixed_window,64,1.0
concurrency_all,guard_grant_refresh_bdps,64,1.0
concurrency_all,guard_long_acks_suppressed,64,152081.0
concurrency_all,guard_min_share_fraction,64,0.0
concurrency_all,guard_one_rtt_acks_suppressed,64,51617.0
concurrency_all,guard_one_rtt_bypass_enabled,64,1.0
concurrency_all,guard_one_rtt_bypass_feedbacks,64,5620.0
concurrency_all,guard_one_rtt_bypass_flows,64,5620.0
concurrency_all,guard_rebalance_events,64,0.0
concurrency_all,guard_remaining_aware,64,1.0
concurrency_all,guard_remaining_exponent,64,1.0
concurrency_all,guard_remaining_refresh_events,64,1981.0
concurrency_all,guard_sender_srpt_enabled,64,1.0
concurrency_all,guard_sender_srpt_forced_rr,64,99.0
concurrency_all,guard_sender_srpt_non_rr,64,31341.0
concurrency_all,guard_sender_srpt_selections,64,231567.0
concurrency_all,guard_srpt_quantum_packets,64,64.0
concurrency_all,guard_tail_bypass_bdps,64,8.0
concurrency_all,guard_tail_bypass_enabled,64,1.0
concurrency_all,guard_tail_bypass_feedbacks,64,13506.0
concurrency_all,guard_tail_bypass_flows,64,349.0
concurrency_all,hpcc_actual_rate_changes,64,32.0
concurrency_all,hpcc_fast_computations,64,0.0
concurrency_all,hpcc_feedback_updates,64,1478.0
concurrency_all,hpcc_full_computations,64,340.0
concurrency_all,hpcc_rate_updates_applied,64,340.0
concurrency_all,hpcc_valid_feedback,64,388.0
concurrency_all,int_hops_after_strip,64,30148.0
concurrency_all,int_hops_before_strip,64,58017.0
concurrency_all,int_records_stripped,64,27869.0
concurrency_all,irn_nacks_generated,64,0.0
concurrency_all,irn_nacks_received,64,0.0
concurrency_all,irn_retransmit_bytes,64,0.0
concurrency_all,irn_retransmit_packets,64,0.0
concurrency_all,le_8KB_fct_us_mean,64,6.959079055194023
concurrency_all,le_8KB_fct_us_p95,64,9.125599999999999
concurrency_all,le_8KB_fct_us_p99,64,9.354040000000001
concurrency_all,le_8KB_flow_count,64,4149.0
concurrency_all,le_8KB_slowdown_mean,64,1.0096150482999682
concurrency_all,le_8KB_slowdown_p95,64,1.0363497239714123
concurrency_all,le_8KB_slowdown_p99,64,1.072246368452809
concurrency_all,long_to_small_slowdown_mean_ratio,64,1.8433857223382524
concurrency_all,max_active_flows,64,4.0
concurrency_all,overall_fct_us_mean,64,11.678056123303735
concurrency_all,overall_fct_us_p95,64,16.06340000000002
concurrency_all,overall_fct_us_p99,64,175.10407999999893
concurrency_all,overall_flow_count,64,5969.0
concurrency_all,overall_slowdown_mean,64,1.0380946086256069
concurrency_all,overall_slowdown_p95,64,1.1383812160554938
concurrency_all,overall_slowdown_p99,64,1.6846972785453023
concurrency_all,pfc_pause_events,64,0.0
concurrency_all,pfc_resume_events,64,0.0
concurrency_all,proactive_releases,64,349.0
concurrency_all,queue_bytes_max,64,335244.0
concurrency_all,queue_bytes_mean,64,2645.661
concurrency_all,queue_bytes_p95,64,7630.0
concurrency_all,queue_bytes_p99,64,89380.0
concurrency_all,queue_sample_count,64,160000.0
concurrency_all,reactive_binding_rate_changes,64,31.0
concurrency_all,reactive_binding_updates,64,31.0
concurrency_all,recovery_nacks_generated,64,0.0
concurrency_all,recovery_nacks_received,64,0.0
concurrency_all,registrations,64,349.0
concurrency_all,selected_registrations,64,349.0
concurrency_all,tie_binding_rate_changes,64,1.0
concurrency_all,tie_binding_updates,64,226.0
concurrency_all,timeout_recoveries,64,0.0
threshold4,1BDP_to_1MB_fct_us_mean,64,45.362486772486776
threshold4,1BDP_to_1MB_fct_us_p95,64,123.71179999999998
threshold4,1BDP_to_1MB_fct_us_p99,64,184.64836000000003
threshold4,1BDP_to_1MB_flow_count,64,189.0
threshold4,1BDP_to_1MB_slowdown_mean,64,1.2759168706254256
threshold4,1BDP_to_1MB_slowdown_p95,64,1.781490433168161
threshold4,1BDP_to_1MB_slowdown_p99,64,2.5709054090502557
threshold4,8KB_to_1BDP_fct_us_mean,64,9.238972453555414
threshold4,8KB_to_1BDP_fct_us_p95,64,15.181
threshold4,8KB_to_1BDP_fct_us_p99,64,18.423400000000008
threshold4,8KB_to_1BDP_flow_count,64,1561.0
threshold4,8KB_to_1BDP_slowdown_mean,64,1.044327502017596
threshold4,8KB_to_1BDP_slowdown_p95,64,1.1864530225782957
threshold4,8KB_to_1BDP_slowdown_p99,64,1.3820311083105374
threshold4,aggregate_goodput_gbps,64,181.67800045178058
threshold4,completion_releases,64,0.0
threshold4,completion_span_us,64,10066.834
threshold4,grant_binding_rate_changes,64,0.0
threshold4,grant_binding_updates,64,25.0
threshold4,grant_bytes_sent,64,266772.0
threshold4,grant_event_rate_changes,64,319.0
threshold4,grants_received,64,2838.0
threshold4,grants_sent,64,2838.0
threshold4,gt_1MB_fct_us_mean,64,246.114
threshold4,gt_1MB_fct_us_p95,64,402.23789999999997
threshold4,gt_1MB_fct_us_p99,64,427.03532
threshold4,gt_1MB_flow_count,64,70.0
threshold4,gt_1MB_slowdown_mean,64,1.850138654562033
threshold4,gt_1MB_slowdown_p95,64,2.985007907174154
threshold4,gt_1MB_slowdown_p99,64,3.2790034170325395
threshold4,guard_ack_interval_packets,64,8.0
threshold4,guard_adaptive_grant_updates,64,0.0
threshold4,guard_fixed_window,64,1.0
threshold4,guard_grant_refresh_bdps,64,1.0
threshold4,guard_long_acks_suppressed,64,152081.0
threshold4,guard_min_share_fraction,64,0.0
threshold4,guard_one_rtt_acks_suppressed,64,51617.0
threshold4,guard_one_rtt_bypass_enabled,64,1.0
threshold4,guard_one_rtt_bypass_feedbacks,64,5620.0
threshold4,guard_one_rtt_bypass_flows,64,5620.0
threshold4,guard_rebalance_events,64,0.0
threshold4,guard_remaining_aware,64,1.0
threshold4,guard_remaining_exponent,64,1.0
threshold4,guard_remaining_refresh_events,64,1976.0
threshold4,guard_sender_srpt_enabled,64,1.0
threshold4,guard_sender_srpt_forced_rr,64,109.0
threshold4,guard_sender_srpt_non_rr,64,31328.0
threshold4,guard_sender_srpt_selections,64,231567.0
threshold4,guard_srpt_quantum_packets,64,64.0
threshold4,guard_tail_bypass_bdps,64,8.0
threshold4,guard_tail_bypass_enabled,64,1.0
threshold4,guard_tail_bypass_feedbacks,64,13500.0
threshold4,guard_tail_bypass_flows,64,349.0
threshold4,hpcc_actual_rate_changes,64,26.0
threshold4,hpcc_fast_computations,64,0.0
threshold4,hpcc_feedback_updates,64,1331.0
threshold4,hpcc_full_computations,64,302.0
threshold4,hpcc_rate_updates_applied,64,302.0
threshold4,hpcc_valid_feedback,64,350.0
threshold4,int_hops_after_strip,64,30148.0
threshold4,int_hops_before_strip,64,58017.0
threshold4,int_records_stripped,64,27869.0
threshold4,irn_nacks_generated,64,0.0
threshold4,irn_nacks_received,64,0.0
threshold4,irn_retransmit_bytes,64,0.0
threshold4,irn_retransmit_packets,64,0.0
threshold4,le_8KB_fct_us_mean,64,6.958531453362256
threshold4,le_8KB_fct_us_p95,64,9.1144
threshold4,le_8KB_fct_us_p99,64,9.358080000000001
threshold4,le_8KB_flow_count,64,4149.0
threshold4,le_8KB_slowdown_mean,64,1.009570252529592
threshold4,le_8KB_slowdown_p95,64,1.0366622262482017
threshold4,le_8KB_slowdown_p99,64,1.074709087969408
threshold4,long_to_small_slowdown_mean_ratio,64,1.832600207787722
threshold4,max_active_flows,64,3.0
threshold4,overall_fct_us_mean,64,11.575552521360361
threshold4,overall_fct_us_p95,64,16.196200000000005
threshold4,overall_fct_us_p99,64,171.4969599999992
threshold4,overall_flow_count,64,5969.0
threshold4,overall_slowdown_mean,64,1.0369509470199851
threshold4,overall_slowdown_p95,64,1.1383812160554938
threshold4,overall_slowdown_p99,64,1.6296194224104283
threshold4,pfc_pause_events,64,0.0
threshold4,pfc_resume_events,64,0.0
threshold4,proactive_releases,64,349.0
threshold4,queue_bytes_max,64,335244.0
threshold4,queue_bytes_mean,64,2250.846
threshold4,queue_bytes_p95,64,5450.0
threshold4,queue_bytes_p99,64,86110.0
threshold4,queue_sample_count,64,160000.0
threshold4,reactive_binding_rate_changes,64,24.0
threshold4,reactive_binding_updates,64,24.0
threshold4,recovery_nacks_generated,64,0.0
threshold4,recovery_nacks_received,64,0.0
threshold4,registrations,64,349.0
threshold4,selected_registrations,64,349.0
threshold4,tie_binding_rate_changes,64,2.0
threshold4,tie_binding_updates,64,253.0
threshold4,timeout_recoveries,64,0.0
threshold6,1BDP_to_1MB_fct_us_mean,64,45.62091534391534
threshold6,1BDP_to_1MB_fct_us_p95,64,124.161
threshold6,1BDP_to_1MB_fct_us_p99,64,184.64836000000003
threshold6,1BDP_to_1MB_flow_count,64,189.0
threshold6,1BDP_to_1MB_slowdown_mean,64,1.2807114526202943
threshold6,1BDP_to_1MB_slowdown_p95,64,1.7976998375793976
threshold6,1BDP_to_1MB_slowdown_p99,64,2.5709054090502557
threshold6,8KB_to_1BDP_fct_us_mean,64,9.239541960281871
threshold6,8KB_to_1BDP_fct_us_p95,64,15.181
threshold6,8KB_to_1BDP_fct_us_p99,64,18.371200000000016
threshold6,8KB_to_1BDP_flow_count,64,1561.0
threshold6,8KB_to_1BDP_slowdown_mean,64,1.044396375277777
threshold6,8KB_to_1BDP_slowdown_p95,64,1.1864530225782957
threshold6,8KB_to_1BDP_slowdown_p99,64,1.3820311083105374
threshold6,aggregate_goodput_gbps,64,181.67800045178058
threshold6,completion_releases,64,0.0
threshold6,completion_span_us,64,10066.834
threshold6,grant_binding_rate_changes,64,0.0
threshold6,grant_binding_updates,64,24.0
threshold6,grant_bytes_sent,64,267148.0
threshold6,grant_event_rate_changes,64,358.0
threshold6,grants_received,64,2842.0
threshold6,grants_sent,64,2842.0
threshold6,gt_1MB_fct_us_mean,64,246.11192857142856
threshold6,gt_1MB_fct_us_p95,64,402.23789999999997
threshold6,gt_1MB_fct_us_p99,64,426.5595400000001
threshold6,gt_1MB_flow_count,64,70.0
threshold6,gt_1MB_slowdown_mean,64,1.8502436029527705
threshold6,gt_1MB_slowdown_p95,64,2.983532236498214
threshold6,gt_1MB_slowdown_p99,64,3.2786823766450643
threshold6,guard_ack_interval_packets,64,8.0
threshold6,guard_adaptive_grant_updates,64,0.0
threshold6,guard_fixed_window,64,1.0
threshold6,guard_grant_refresh_bdps,64,1.0
threshold6,guard_long_acks_suppressed,64,152081.0
threshold6,guard_min_share_fraction,64,0.0
threshold6,guard_one_rtt_acks_suppressed,64,51617.0
threshold6,guard_one_rtt_bypass_enabled,64,1.0
threshold6,guard_one_rtt_bypass_feedbacks,64,5620.0
threshold6,guard_one_rtt_bypass_flows,64,5620.0
threshold6,guard_rebalance_events,64,0.0
threshold6,guard_remaining_aware,64,1.0
threshold6,guard_remaining_exponent,64,1.0
threshold6,guard_remaining_refresh_events,64,1977.0
threshold6,guard_sender_srpt_enabled,64,1.0
threshold6,guard_sender_srpt_forced_rr,64,104.0
threshold6,guard_sender_srpt_non_rr,64,30736.0
threshold6,guard_sender_srpt_selections,64,231567.0
threshold6,guard_srpt_quantum_packets,64,64.0
threshold6,guard_tail_bypass_bdps,64,8.0
threshold6,guard_tail_bypass_enabled,64,1.0
threshold6,guard_tail_bypass_feedbacks,64,13500.0
threshold6,guard_tail_bypass_flows,64,349.0
threshold6,hpcc_actual_rate_changes,64,26.0
threshold6,hpcc_fast_computations,64,0.0
threshold6,hpcc_feedback_updates,64,1341.0
threshold6,hpcc_full_computations,64,305.0
threshold6,hpcc_rate_updates_applied,64,305.0
threshold6,hpcc_valid_feedback,64,353.0
threshold6,int_hops_after_strip,64,30148.0
threshold6,int_hops_before_strip,64,58017.0
threshold6,int_records_stripped,64,27869.0
threshold6,irn_nacks_generated,64,0.0
threshold6,irn_nacks_received,64,0.0
threshold6,irn_retransmit_bytes,64,0.0
threshold6,irn_retransmit_packets,64,0.0
threshold6,le_8KB_fct_us_mean,64,6.9583075439865025
threshold6,le_8KB_fct_us_p95,64,9.1166
threshold6,le_8KB_fct_us_p99,64,9.360520000000001
threshold6,le_8KB_flow_count,64,4149.0
threshold6,le_8KB_slowdown_mean,64,1.0095397657948568
threshold6,le_8KB_slowdown_p95,64,1.0362918209737755
threshold6,le_8KB_slowdown_p99,64,1.074709087969408
threshold6,long_to_small_slowdown_mean_ratio,64,1.8327595065024398
threshold6,max_active_flows,64,3.0
threshold6,overall_fct_us_mean,64,11.583704305578824
threshold6,overall_fct_us_p95,64,16.202800000000003
threshold6,overall_fct_us_p99,64,171.4969599999992
threshold6,overall_flow_count,64,5969.0
threshold6,overall_slowdown_mean,64,1.03710081200258
threshold6,overall_slowdown_p95,64,1.137617412115939
threshold6,overall_slowdown_p99,64,1.663706645470365
threshold6,pfc_pause_events,64,0.0
threshold6,pfc_resume_events,64,0.0
threshold6,proactive_releases,64,349.0
threshold6,queue_bytes_max,64,335244.0
threshold6,queue_bytes_mean,64,2259.669
threshold6,queue_bytes_p95,64,5450.0
threshold6,queue_bytes_p99,64,86110.0
threshold6,queue_sample_count,64,160000.0
threshold6,reactive_binding_rate_changes,64,24.0
threshold6,reactive_binding_updates,64,24.0
threshold6,recovery_nacks_generated,64,0.0
threshold6,recovery_nacks_received,64,0.0
threshold6,registrations,64,349.0
threshold6,selected_registrations,64,349.0
threshold6,tie_binding_rate_changes,64,2.0
threshold6,tie_binding_updates,64,257.0
threshold6,timeout_recoveries,64,0.0
threshold8,1BDP_to_1MB_fct_us_mean,64,45.939767195767196
threshold8,1BDP_to_1MB_fct_us_p95,64,124.1562
threshold8,1BDP_to_1MB_fct_us_p99,64,181.52172000000004
threshold8,1BDP_to_1MB_flow_count,64,189.0
threshold8,1BDP_to_1MB_slowdown_mean,64,1.2818192536227617
threshold8,1BDP_to_1MB_slowdown_p95,64,1.8145330532944155
threshold8,1BDP_to_1MB_slowdown_p99,64,2.275706099414901
threshold8,8KB_to_1BDP_fct_us_mean,64,9.23926393337604
threshold8,8KB_to_1BDP_fct_us_p95,64,15.181
threshold8,8KB_to_1BDP_fct_us_p99,64,18.371200000000016
threshold8,8KB_to_1BDP_flow_count,64,1561.0
threshold8,8KB_to_1BDP_slowdown_mean,64,1.0443515751286825
threshold8,8KB_to_1BDP_slowdown_p95,64,1.1864530225782957
threshold8,8KB_to_1BDP_slowdown_p99,64,1.3833019955781296
threshold8,aggregate_goodput_gbps,64,181.67800045178058
threshold8,completion_releases,64,0.0
threshold8,completion_span_us,64,10066.834
threshold8,grant_binding_rate_changes,64,0.0
threshold8,grant_binding_updates,64,25.0
threshold8,grant_bytes_sent,64,268934.0
threshold8,grant_event_rate_changes,64,457.0
threshold8,grants_received,64,2861.0
threshold8,grants_sent,64,2861.0
threshold8,gt_1MB_fct_us_mean,64,246.8993857142857
threshold8,gt_1MB_fct_us_p95,64,410.93209999999993
threshold8,gt_1MB_fct_us_p99,64,478.6720700000003
threshold8,gt_1MB_flow_count,64,70.0
threshold8,gt_1MB_slowdown_mean,64,1.8533396168046616
threshold8,gt_1MB_slowdown_p95,64,3.0643996131694
threshold8,gt_1MB_slowdown_p99,64,3.4575875478369102
threshold8,guard_ack_interval_packets,64,8.0
threshold8,guard_adaptive_grant_updates,64,0.0
threshold8,guard_fixed_window,64,1.0
threshold8,guard_grant_refresh_bdps,64,1.0
threshold8,guard_long_acks_suppressed,64,152081.0
threshold8,guard_min_share_fraction,64,0.0
threshold8,guard_one_rtt_acks_suppressed,64,51617.0
threshold8,guard_one_rtt_bypass_enabled,64,1.0
threshold8,guard_one_rtt_bypass_feedbacks,64,5620.0
threshold8,guard_one_rtt_bypass_flows,64,5620.0
threshold8,guard_rebalance_events,64,0.0
threshold8,guard_remaining_aware,64,1.0
threshold8,guard_remaining_exponent,64,1.0
threshold8,guard_remaining_refresh_events,64,1980.0
threshold8,guard_sender_srpt_enabled,64,1.0
threshold8,guard_sender_srpt_forced_rr,64,105.0
threshold8,guard_sender_srpt_non_rr,64,30556.0
threshold8,guard_sender_srpt_selections,64,231567.0
threshold8,guard_srpt_quantum_packets,64,64.0
threshold8,guard_tail_bypass_bdps,64,8.0
threshold8,guard_tail_bypass_enabled,64,1.0
threshold8,guard_tail_bypass_feedbacks,64,13497.0
threshold8,guard_tail_bypass_flows,64,349.0
threshold8,hpcc_actual_rate_changes,64,26.0
threshold8,hpcc_fast_computations,64,0.0
threshold8,hpcc_feedback_updates,64,1350.0
threshold8,hpcc_full_computations,64,306.0
threshold8,hpcc_rate_updates_applied,64,306.0
threshold8,hpcc_valid_feedback,64,354.0
threshold8,int_hops_after_strip,64,30148.0
threshold8,int_hops_before_strip,64,58017.0
threshold8,int_records_stripped,64,27869.0
threshold8,irn_nacks_generated,64,0.0
threshold8,irn_nacks_received,64,0.0
threshold8,irn_retransmit_bytes,64,0.0
threshold8,irn_retransmit_packets,64,0.0
threshold8,le_8KB_fct_us_mean,64,6.9588093516509995
threshold8,le_8KB_fct_us_p95,64,9.124
threshold8,le_8KB_fct_us_p99,64,9.360520000000001
threshold8,le_8KB_flow_count,64,4149.0
threshold8,le_8KB_slowdown_mean,64,1.0095988503079525
threshold8,le_8KB_slowdown_p95,64,1.0365726294338662
threshold8,le_8KB_slowdown_p99,64,1.074709087969408
threshold8,long_to_small_slowdown_mean_ratio,64,1.8357188265808222
threshold8,max_active_flows,64,3.0
threshold8,overall_fct_us_mean,64,11.603311107388173
threshold8,overall_fct_us_p95,64,16.192200000000007
threshold8,overall_fct_us_p99,64,171.45151999999925
threshold8,overall_flow_count,64,5969.0
threshold8,overall_slowdown_mean,64,1.0372015498097833
threshold8,overall_slowdown_p95,64,1.1383812160554938
threshold8,overall_slowdown_p99,64,1.6639016795453077
threshold8,pfc_pause_events,64,0.0
threshold8,pfc_resume_events,64,0.0
threshold8,proactive_releases,64,349.0
threshold8,queue_bytes_max,64,335244.0
threshold8,queue_bytes_mean,64,2285.379
threshold8,queue_bytes_p95,64,5450.0
threshold8,queue_bytes_p99,64,86110.0
threshold8,queue_sample_count,64,160000.0
threshold8,reactive_binding_rate_changes,64,24.0
threshold8,reactive_binding_updates,64,24.0
threshold8,recovery_nacks_generated,64,0.0
threshold8,recovery_nacks_received,64,0.0
threshold8,registrations,64,349.0
threshold8,selected_registrations,64,349.0
threshold8,tie_binding_rate_changes,64,2.0
threshold8,tie_binding_updates,64,257.0
threshold8,timeout_recoveries,64,0.0
threshold12,1BDP_to_1MB_fct_us_mean,64,47.13494708994708
threshold12,1BDP_to_1MB_fct_us_p95,64,139.3818
threshold12,1BDP_to_1MB_fct_us_p99,64,188.63316000000003
threshold12,1BDP_to_1MB_flow_count,64,189.0
threshold12,1BDP_to_1MB_slowdown_mean,64,1.3013802742527734
threshold12,1BDP_to_1MB_slowdown_p95,64,2.035467223523707
threshold12,1BDP_to_1MB_slowdown_p99,64,2.6281693976140224
threshold12,8KB_to_1BDP_fct_us_mean,64,9.237511851377322
threshold12,8KB_to_1BDP_fct_us_p95,64,15.181
threshold12,8KB_to_1BDP_fct_us_p99,64,18.371200000000016
threshold12,8KB_to_1BDP_flow_count,64,1561.0
threshold12,8KB_to_1BDP_slowdown_mean,64,1.0442202511560408
threshold12,8KB_to_1BDP_slowdown_p95,64,1.190721649484536
threshold12,8KB_to_1BDP_slowdown_p99,64,1.3974760994783262
threshold12,aggregate_goodput_gbps,64,181.67800045178058
threshold12,completion_releases,64,0.0
threshold12,completion_span_us,64,10066.834
threshold12,grant_binding_rate_changes,64,0.0
threshold12,grant_binding_updates,64,45.0
threshold12,grant_bytes_sent,64,272130.0
threshold12,grant_event_rate_changes,64,672.0
threshold12,grants_received,64,2895.0
threshold12,grants_sent,64,2895.0
threshold12,gt_1MB_fct_us_mean,64,246.05977142857145
threshold12,gt_1MB_fct_us_p95,64,404.68004999999994
threshold12,gt_1MB_fct_us_p99,64,478.6720700000003
threshold12,gt_1MB_flow_count,64,70.0
threshold12,gt_1MB_slowdown_mean,64,1.845297057743319
threshold12,gt_1MB_slowdown_p95,64,2.9835051047152685
threshold12,gt_1MB_slowdown_p99,64,3.4575875478369102
threshold12,guard_ack_interval_packets,64,8.0
threshold12,guard_adaptive_grant_updates,64,0.0
threshold12,guard_fixed_window,64,1.0
threshold12,guard_grant_refresh_bdps,64,1.0
threshold12,guard_long_acks_suppressed,64,152081.0
threshold12,guard_min_share_fraction,64,0.0
threshold12,guard_one_rtt_acks_suppressed,64,51617.0
threshold12,guard_one_rtt_bypass_enabled,64,1.0
threshold12,guard_one_rtt_bypass_feedbacks,64,5620.0
threshold12,guard_one_rtt_bypass_flows,64,5620.0
threshold12,guard_rebalance_events,64,0.0
threshold12,guard_remaining_aware,64,1.0
threshold12,guard_remaining_exponent,64,1.0
threshold12,guard_remaining_refresh_events,64,1979.0
threshold12,guard_sender_srpt_enabled,64,1.0
threshold12,guard_sender_srpt_forced_rr,64,103.0
threshold12,guard_sender_srpt_non_rr,64,30824.0
threshold12,guard_sender_srpt_selections,64,231567.0
threshold12,guard_srpt_quantum_packets,64,64.0
threshold12,guard_tail_bypass_bdps,64,8.0
threshold12,guard_tail_bypass_enabled,64,1.0
threshold12,guard_tail_bypass_feedbacks,64,13500.0
threshold12,guard_tail_bypass_flows,64,349.0
threshold12,hpcc_actual_rate_changes,64,35.0
threshold12,hpcc_fast_computations,64,0.0
threshold12,hpcc_feedback_updates,64,1376.0
threshold12,hpcc_full_computations,64,316.0
threshold12,hpcc_rate_updates_applied,64,316.0
threshold12,hpcc_valid_feedback,64,364.0
threshold12,int_hops_after_strip,64,30148.0
threshold12,int_hops_before_strip,64,58017.0
threshold12,int_records_stripped,64,27869.0
threshold12,irn_nacks_generated,64,0.0
threshold12,irn_nacks_received,64,0.0
threshold12,irn_retransmit_bytes,64,0.0
threshold12,irn_retransmit_packets,64,0.0
threshold12,le_8KB_fct_us_mean,64,6.958678958785249
threshold12,le_8KB_fct_us_p95,64,9.126
threshold12,le_8KB_fct_us_p99,64,9.356
threshold12,le_8KB_flow_count,64,4149.0
threshold12,le_8KB_slowdown_mean,64,1.009565809549867
threshold12,le_8KB_slowdown_p95,64,1.0371943889723605
threshold12,le_8KB_slowdown_p99,64,1.074709087969408
threshold12,long_to_small_slowdown_mean_ratio,64,1.8278125509877141
threshold12,max_active_flows,64,3.0
threshold12,overall_fct_us_mean,64,11.63075959122131
threshold12,overall_fct_us_p95,64,16.203400000000002
threshold12,overall_fct_us_p99,64,171.45151999999925
threshold12,overall_flow_count,64,5969.0
threshold12,overall_slowdown_mean,64,1.0376692949828756
threshold12,overall_slowdown_p95,64,1.141000791350837
threshold12,overall_slowdown_p99,64,1.6693462752435246
threshold12,pfc_pause_events,64,0.0
threshold12,pfc_resume_events,64,0.0
threshold12,proactive_releases,64,349.0
threshold12,queue_bytes_max,64,335244.0
threshold12,queue_bytes_mean,64,2504.884
threshold12,queue_bytes_p95,64,6540.0
threshold12,queue_bytes_p99,64,90470.0
threshold12,queue_sample_count,64,160000.0
threshold12,reactive_binding_rate_changes,64,34.0
threshold12,reactive_binding_updates,64,34.0
threshold12,recovery_nacks_generated,64,0.0
threshold12,recovery_nacks_received,64,0.0
threshold12,registrations,64,349.0
threshold12,selected_registrations,64,349.0
threshold12,tie_binding_rate_changes,64,1.0
threshold12,tie_binding_updates,64,237.0
threshold12,timeout_recoveries,64,0.0
concurrency_all,1BDP_to_1MB_fct_us_mean,65,51.43168599033817
concurrency_all,1BDP_to_1MB_fct_us_p95,65,165.07809999999992
concurrency_all,1BDP_to_1MB_fct_us_p99,65,214.20552
concurrency_all,1BDP_to_1MB_flow_count,65,207.0
concurrency_all,1BDP_to_1MB_slowdown_mean,65,1.3327580769853578
concurrency_all,1BDP_to_1MB_slowdown_p95,65,2.1202739375144084
concurrency_all,1BDP_to_1MB_slowdown_p99,65,2.5906080832591525
concurrency_all,8KB_to_1BDP_fct_us_mean,65,9.09464308890331
concurrency_all,8KB_to_1BDP_fct_us_p95,65,15.156
concurrency_all,8KB_to_1BDP_fct_us_p99,65,18.8508
concurrency_all,8KB_to_1BDP_flow_count,65,1541.0
concurrency_all,8KB_to_1BDP_slowdown_mean,65,1.0443497622855118
concurrency_all,8KB_to_1BDP_slowdown_p95,65,1.1777814460217895
concurrency_all,8KB_to_1BDP_slowdown_p99,65,1.394548079439193
concurrency_all,aggregate_goodput_gbps,65,197.32056458445697
concurrency_all,completion_releases,65,0.0
concurrency_all,completion_span_us,65,10002.755
concurrency_all,grant_binding_rate_changes,65,0.0
concurrency_all,grant_binding_updates,65,66.0
concurrency_all,grant_bytes_sent,65,318472.0
concurrency_all,grant_event_rate_changes,65,1250.0
concurrency_all,grants_received,65,3388.0
concurrency_all,grants_sent,65,3388.0
concurrency_all,gt_1MB_fct_us_mean,65,230.0339736842105
concurrency_all,gt_1MB_fct_us_p95,65,390.16149999999993
concurrency_all,gt_1MB_fct_us_p99,65,501.93925
concurrency_all,gt_1MB_flow_count,65,76.0
concurrency_all,gt_1MB_slowdown_mean,65,1.6962755120846265
concurrency_all,gt_1MB_slowdown_p95,65,2.8438683833469973
concurrency_all,gt_1MB_slowdown_p99,65,3.1996711459263114
concurrency_all,guard_ack_interval_packets,65,8.0
concurrency_all,guard_adaptive_grant_updates,65,0.0
concurrency_all,guard_fixed_window,65,1.0
concurrency_all,guard_grant_refresh_bdps,65,1.0
concurrency_all,guard_long_acks_suppressed,65,167878.0
concurrency_all,guard_min_share_fraction,65,0.0
concurrency_all,guard_one_rtt_acks_suppressed,65,51637.0
concurrency_all,guard_one_rtt_bypass_enabled,65,1.0
concurrency_all,guard_one_rtt_bypass_feedbacks,65,5669.0
concurrency_all,guard_one_rtt_bypass_flows,65,5669.0
concurrency_all,guard_rebalance_events,65,0.0
concurrency_all,guard_remaining_aware,65,1.0
concurrency_all,guard_remaining_exponent,65,1.0
concurrency_all,guard_remaining_refresh_events,65,2316.0
concurrency_all,guard_sender_srpt_enabled,65,1.0
concurrency_all,guard_sender_srpt_forced_rr,65,115.0
concurrency_all,guard_sender_srpt_non_rr,65,38700.0
concurrency_all,guard_sender_srpt_selections,65,249722.0
concurrency_all,guard_srpt_quantum_packets,65,64.0
concurrency_all,guard_tail_bypass_bdps,65,8.0
concurrency_all,guard_tail_bypass_enabled,65,1.0
concurrency_all,guard_tail_bypass_feedbacks,65,14130.0
concurrency_all,guard_tail_bypass_flows,65,372.0
concurrency_all,hpcc_actual_rate_changes,65,14.0
concurrency_all,hpcc_fast_computations,65,0.0
concurrency_all,hpcc_feedback_updates,65,1851.0
concurrency_all,hpcc_full_computations,65,318.0
concurrency_all,hpcc_rate_updates_applied,65,318.0
concurrency_all,hpcc_valid_feedback,65,365.0
concurrency_all,int_hops_after_strip,65,29750.0
concurrency_all,int_hops_before_strip,65,59957.0
concurrency_all,int_records_stripped,65,30207.0
concurrency_all,irn_nacks_generated,65,0.0
concurrency_all,irn_nacks_received,65,0.0
concurrency_all,irn_retransmit_bytes,65,0.0
concurrency_all,irn_retransmit_packets,65,0.0
concurrency_all,le_8KB_fct_us_mean,65,6.987778515532369
concurrency_all,le_8KB_fct_us_p95,65,9.1302
concurrency_all,le_8KB_fct_us_p99,65,9.46076
concurrency_all,le_8KB_flow_count,65,4217.0
concurrency_all,le_8KB_slowdown_mean,65,1.0105523787455601
concurrency_all,le_8KB_slowdown_p95,65,1.0407357887457975
concurrency_all,le_8KB_slowdown_p99,65,1.081787173073859
concurrency_all,long_to_small_slowdown_mean_ratio,65,1.6785626829064342
concurrency_all,max_active_flows,65,3.0
concurrency_all,overall_fct_us_mean,65,11.85420427081609
concurrency_all,overall_fct_us_p95,65,16.921
concurrency_all,overall_fct_us_p99,65,175.59320000000167
concurrency_all,overall_flow_count,65,6041.0
concurrency_all,overall_slowdown_mean,65,1.0388412888108594
concurrency_all,overall_slowdown_p95,65,1.148364046634073
concurrency_all,overall_slowdown_p99,65,1.688035184606889
concurrency_all,pfc_pause_events,65,0.0
concurrency_all,pfc_resume_events,65,0.0
concurrency_all,proactive_releases,65,372.0
concurrency_all,queue_bytes_max,65,219090.0
concurrency_all,queue_bytes_mean,65,1826.695
concurrency_all,queue_bytes_p95,65,5450.0
concurrency_all,queue_bytes_p99,65,54500.0
concurrency_all,queue_sample_count,65,160000.0
concurrency_all,reactive_binding_rate_changes,65,13.0
concurrency_all,reactive_binding_updates,65,13.0
concurrency_all,recovery_nacks_generated,65,0.0
concurrency_all,recovery_nacks_received,65,0.0
concurrency_all,registrations,65,372.0
concurrency_all,selected_registrations,65,372.0
concurrency_all,tie_binding_rate_changes,65,1.0
concurrency_all,tie_binding_updates,65,239.0
concurrency_all,timeout_recoveries,65,0.0
threshold4,1BDP_to_1MB_fct_us_mean,65,49.328710144927534
threshold4,1BDP_to_1MB_fct_us_p95,65,156.63199999999995
threshold4,1BDP_to_1MB_fct_us_p99,65,221.36633999999998
threshold4,1BDP_to_1MB_flow_count,65,207.0
threshold4,1BDP_to_1MB_slowdown_mean,65,1.3046746389774377
threshold4,1BDP_to_1MB_slowdown_p95,65,1.934967303392701
threshold4,1BDP_to_1MB_slowdown_p99,65,2.696352266910036
threshold4,8KB_to_1BDP_fct_us_mean,65,9.09994873458793
threshold4,8KB_to_1BDP_fct_us_p95,65,15.265
threshold4,8KB_to_1BDP_fct_us_p99,65,19.21579999999995
threshold4,8KB_to_1BDP_flow_count,65,1541.0
threshold4,8KB_to_1BDP_slowdown_mean,65,1.0447495487837
threshold4,8KB_to_1BDP_slowdown_p95,65,1.185018104113492
threshold4,8KB_to_1BDP_slowdown_p99,65,1.4127477654359835
threshold4,aggregate_goodput_gbps,65,197.32056458445697
threshold4,completion_releases,65,0.0
threshold4,completion_span_us,65,10002.755
threshold4,grant_binding_rate_changes,65,0.0
threshold4,grant_binding_updates,65,19.0
threshold4,grant_bytes_sent,65,304560.0
threshold4,grant_event_rate_changes,65,349.0
threshold4,grants_received,65,3240.0
threshold4,grants_sent,65,3240.0
threshold4,gt_1MB_fct_us_mean,65,225.60390789473686
threshold4,gt_1MB_fct_us_p95,65,408.579
threshold4,gt_1MB_fct_us_p99,65,499.71175
threshold4,gt_1MB_flow_count,65,76.0
threshold4,gt_1MB_slowdown_mean,65,1.661783885175808
threshold4,gt_1MB_slowdown_p95,65,3.009246136096058
threshold4,gt_1MB_slowdown_p99,65,3.2501004616738047
threshold4,guard_ack_interval_packets,65,8.0
threshold4,guard_adaptive_grant_updates,65,0.0
threshold4,guard_fixed_window,65,1.0
threshold4,guard_grant_refresh_bdps,65,1.0
threshold4,guard_long_acks_suppressed,65,167878.0
threshold4,guard_min_share_fraction,65,0.0
threshold4,guard_one_rtt_acks_suppressed,65,51637.0
threshold4,guard_one_rtt_bypass_enabled,65,1.0
threshold4,guard_one_rtt_bypass_feedbacks,65,5669.0
threshold4,guard_one_rtt_bypass_flows,65,5669.0
threshold4,guard_rebalance_events,65,0.0
threshold4,guard_remaining_aware,65,1.0
threshold4,guard_remaining_exponent,65,1.0
threshold4,guard_remaining_refresh_events,65,2313.0
threshold4,guard_sender_srpt_enabled,65,1.0
threshold4,guard_sender_srpt_forced_rr,65,123.0
threshold4,guard_sender_srpt_non_rr,65,36774.0
threshold4,guard_sender_srpt_selections,65,249722.0
threshold4,guard_srpt_quantum_packets,65,64.0
threshold4,guard_tail_bypass_bdps,65,8.0
threshold4,guard_tail_bypass_enabled,65,1.0
threshold4,guard_tail_bypass_feedbacks,65,14130.0
threshold4,guard_tail_bypass_flows,65,372.0
threshold4,hpcc_actual_rate_changes,65,15.0
threshold4,hpcc_fast_computations,65,0.0
threshold4,hpcc_feedback_updates,65,1657.0
threshold4,hpcc_full_computations,65,284.0
threshold4,hpcc_rate_updates_applied,65,284.0
threshold4,hpcc_valid_feedback,65,331.0
threshold4,int_hops_after_strip,65,29750.0
threshold4,int_hops_before_strip,65,59957.0
threshold4,int_records_stripped,65,30207.0
threshold4,irn_nacks_generated,65,0.0
threshold4,irn_nacks_received,65,0.0
threshold4,irn_retransmit_bytes,65,0.0
threshold4,irn_retransmit_packets,65,0.0
threshold4,le_8KB_fct_us_mean,65,6.987351197533791
threshold4,le_8KB_fct_us_p95,65,9.133199999999999
threshold4,le_8KB_fct_us_p99,65,9.460600000000001
threshold4,le_8KB_flow_count,65,4217.0
threshold4,le_8KB_slowdown_mean,65,1.0105218209706779
threshold4,le_8KB_slowdown_p95,65,1.0410894780865232
threshold4,le_8KB_slowdown_p99,65,1.0813646400826562
threshold4,long_to_small_slowdown_mean_ratio,65,1.6444809510194909
threshold4,max_active_flows,65,3.0
threshold4,overall_fct_us_mean,65,11.727465816917729
threshold4,overall_fct_us_p95,65,16.895
threshold4,overall_fct_us_p99,65,167.35320000000002
threshold4,overall_flow_count,65,6041.0
threshold4,overall_slowdown_mean,65,1.0375257075402617
threshold4,overall_slowdown_p95,65,1.1487743026204564
threshold4,overall_slowdown_p99,65,1.5928982985376334
threshold4,pfc_pause_events,65,0.0
threshold4,pfc_resume_events,65,0.0
threshold4,proactive_releases,65,372.0
threshold4,queue_bytes_max,65,238710.0
threshold4,queue_bytes_mean,65,1513.975
threshold4,queue_bytes_p95,65,4360.0
threshold4,queue_bytes_p99,65,45780.0
threshold4,queue_sample_count,65,160000.0
threshold4,reactive_binding_rate_changes,65,13.0
threshold4,reactive_binding_updates,65,13.0
threshold4,recovery_nacks_generated,65,0.0
threshold4,recovery_nacks_received,65,0.0
threshold4,registrations,65,372.0
threshold4,selected_registrations,65,372.0
threshold4,tie_binding_rate_changes,65,2.0
threshold4,tie_binding_updates,65,252.0
threshold4,timeout_recoveries,65,0.0
threshold6,1BDP_to_1MB_fct_us_mean,65,50.086444444444446
threshold6,1BDP_to_1MB_fct_us_p95,65,158.7334
threshold6,1BDP_to_1MB_fct_us_p99,65,210.21982
threshold6,1BDP_to_1MB_flow_count,65,207.0
threshold6,1BDP_to_1MB_slowdown_mean,65,1.3160844447493267
threshold6,1BDP_to_1MB_slowdown_p95,65,2.0572525427992527
threshold6,1BDP_to_1MB_slowdown_p99,65,2.700156432799543
threshold6,8KB_to_1BDP_fct_us_mean,65,9.105760545100585
threshold6,8KB_to_1BDP_fct_us_p95,65,15.265
threshold6,8KB_to_1BDP_fct_us_p99,65,19.486399999999993
threshold6,8KB_to_1BDP_flow_count,65,1541.0
threshold6,8KB_to_1BDP_slowdown_mean,65,1.0450925272933873
threshold6,8KB_to_1BDP_slowdown_p95,65,1.185018104113492
threshold6,8KB_to_1BDP_slowdown_p99,65,1.4183915879471811
threshold6,aggregate_goodput_gbps,65,197.32056458445697
threshold6,completion_releases,65,0.0
threshold6,completion_span_us,65,10002.755
threshold6,grant_binding_rate_changes,65,0.0
threshold6,grant_binding_updates,65,21.0
threshold6,grant_bytes_sent,65,305218.0
threshold6,grant_event_rate_changes,65,385.0
threshold6,grants_received,65,3247.0
threshold6,grants_sent,65,3247.0
threshold6,gt_1MB_fct_us_mean,65,224.15932894736844
threshold6,gt_1MB_fct_us_p95,65,391.43325
threshold6,gt_1MB_fct_us_p99,65,499.724
threshold6,gt_1MB_flow_count,65,76.0
threshold6,gt_1MB_slowdown_mean,65,1.6506558950166175
threshold6,gt_1MB_slowdown_p95,65,2.9881762173995936
threshold6,gt_1MB_slowdown_p99,65,3.1855502121326857
threshold6,guard_ack_interval_packets,65,8.0
threshold6,guard_adaptive_grant_updates,65,0.0
threshold6,guard_fixed_window,65,1.0
threshold6,guard_grant_refresh_bdps,65,1.0
threshold6,guard_long_acks_suppressed,65,167878.0
threshold6,guard_min_share_fraction,65,0.0
threshold6,guard_one_rtt_acks_suppressed,65,51637.0
threshold6,guard_one_rtt_bypass_enabled,65,1.0
threshold6,guard_one_rtt_bypass_feedbacks,65,5669.0
threshold6,guard_one_rtt_bypass_flows,65,5669.0
threshold6,guard_rebalance_events,65,0.0
threshold6,guard_remaining_aware,65,1.0
threshold6,guard_remaining_exponent,65,1.0
threshold6,guard_remaining_refresh_events,65,2314.0
threshold6,guard_sender_srpt_enabled,65,1.0
threshold6,guard_sender_srpt_forced_rr,65,113.0
threshold6,guard_sender_srpt_non_rr,65,36243.0
threshold6,guard_sender_srpt_selections,65,249722.0
threshold6,guard_srpt_quantum_packets,65,64.0
threshold6,guard_tail_bypass_bdps,65,8.0
threshold6,guard_tail_bypass_enabled,65,1.0
threshold6,guard_tail_bypass_feedbacks,65,14130.0
threshold6,guard_tail_bypass_flows,65,372.0
threshold6,hpcc_actual_rate_changes,65,15.0
threshold6,hpcc_fast_computations,65,0.0
threshold6,hpcc_feedback_updates,65,1664.0
threshold6,hpcc_full_computations,65,289.0
threshold6,hpcc_rate_updates_applied,65,289.0
threshold6,hpcc_valid_feedback,65,336.0
threshold6,int_hops_after_strip,65,29750.0
threshold6,int_hops_before_strip,65,59957.0
threshold6,int_records_stripped,65,30207.0
threshold6,irn_nacks_generated,65,0.0
threshold6,irn_nacks_received,65,0.0
threshold6,irn_retransmit_bytes,65,0.0
threshold6,irn_retransmit_packets,65,0.0
threshold6,le_8KB_fct_us_mean,65,6.987452928622243
threshold6,le_8KB_fct_us_p95,65,9.1304
threshold6,le_8KB_fct_us_p99,65,9.450520000000001
threshold6,le_8KB_flow_count,65,4217.0
threshold6,le_8KB_slowdown_mean,65,1.010539723980683
threshold6,le_8KB_slowdown_p95,65,1.0412451582393938
threshold6,le_8KB_slowdown_p99,65,1.0810112479816962
threshold6,long_to_small_slowdown_mean_ratio,65,1.6334398894428523
threshold6,max_active_flows,65,3.0
threshold6,overall_fct_us_mean,65,11.736809965237544
threshold6,overall_fct_us_p95,65,16.895
threshold6,overall_fct_us_p99,65,167.35320000000002
threshold6,overall_flow_count,65,6041.0
threshold6,overall_slowdown_mean,65,1.0378766642393684
threshold6,overall_slowdown_p95,65,1.149391368498709
threshold6,overall_slowdown_p99,65,1.5989352065169706
threshold6,pfc_pause_events,65,0.0
threshold6,pfc_resume_events,65,0.0
threshold6,proactive_releases,65,372.0
threshold6,queue_bytes_max,65,238710.0
threshold6,queue_bytes_mean,65,1516.301
threshold6,queue_bytes_p95,65,4360.0
threshold6,queue_bytes_p99,65,46776.0
threshold6,queue_sample_count,65,160000.0
threshold6,reactive_binding_rate_changes,65,13.0
threshold6,reactive_binding_updates,65,13.0
threshold6,recovery_nacks_generated,65,0.0
threshold6,recovery_nacks_received,65,0.0
threshold6,registrations,65,372.0
threshold6,selected_registrations,65,372.0
threshold6,tie_binding_rate_changes,65,2.0
threshold6,tie_binding_updates,65,255.0
threshold6,timeout_recoveries,65,0.0
threshold8,1BDP_to_1MB_fct_us_mean,65,50.11782608695652
threshold8,1BDP_to_1MB_fct_us_p95,65,156.63199999999995
threshold8,1BDP_to_1MB_fct_us_p99,65,210.21982
threshold8,1BDP_to_1MB_flow_count,65,207.0
threshold8,1BDP_to_1MB_slowdown_mean,65,1.3190248702186667
threshold8,1BDP_to_1MB_slowdown_p95,65,2.0572525427992527
threshold8,1BDP_to_1MB_slowdown_p99,65,2.700156432799543
threshold8,8KB_to_1BDP_fct_us_mean,65,9.10565866320571
threshold8,8KB_to_1BDP_fct_us_p95,65,15.265
threshold8,8KB_to_1BDP_fct_us_p99,65,19.486399999999993
threshold8,8KB_to_1BDP_flow_count,65,1541.0
threshold8,8KB_to_1BDP_slowdown_mean,65,1.0450476717047104
threshold8,8KB_to_1BDP_slowdown_p95,65,1.185018104113492
threshold8,8KB_to_1BDP_slowdown_p99,65,1.4192192815417508
threshold8,aggregate_goodput_gbps,65,197.32056458445697
threshold8,completion_releases,65,0.0
threshold8,completion_span_us,65,10002.755
threshold8,grant_binding_rate_changes,65,0.0
threshold8,grant_binding_updates,65,23.0
threshold8,grant_bytes_sent,65,305970.0
threshold8,grant_event_rate_changes,65,446.0
threshold8,grants_received,65,3255.0
threshold8,grants_sent,65,3255.0
threshold8,gt_1MB_fct_us_mean,65,225.05963157894735
threshold8,gt_1MB_fct_us_p95,65,391.50325
threshold8,gt_1MB_fct_us_p99,65,499.62725
threshold8,gt_1MB_flow_count,65,76.0
threshold8,gt_1MB_slowdown_mean,65,1.6569072273648566
threshold8,gt_1MB_slowdown_p95,65,2.989147419838006
threshold8,gt_1MB_slowdown_p99,65,3.1849231543461505
threshold8,guard_ack_interval_packets,65,8.0
threshold8,guard_adaptive_grant_updates,65,0.0
threshold8,guard_fixed_window,65,1.0
threshold8,guard_grant_refresh_bdps,65,1.0
threshold8,guard_long_acks_suppressed,65,167878.0
threshold8,guard_min_share_fraction,65,0.0
threshold8,guard_one_rtt_acks_suppressed,65,51637.0
threshold8,guard_one_rtt_bypass_enabled,65,1.0
threshold8,guard_one_rtt_bypass_feedbacks,65,5669.0
threshold8,guard_one_rtt_bypass_flows,65,5669.0
threshold8,guard_rebalance_events,65,0.0
threshold8,guard_remaining_aware,65,1.0
threshold8,guard_remaining_exponent,65,1.0
threshold8,guard_remaining_refresh_events,65,2314.0
threshold8,guard_sender_srpt_enabled,65,1.0
threshold8,guard_sender_srpt_forced_rr,65,111.0
threshold8,guard_sender_srpt_non_rr,65,36103.0
threshold8,guard_sender_srpt_selections,65,249722.0
threshold8,guard_srpt_quantum_packets,65,64.0
threshold8,guard_tail_bypass_bdps,65,8.0
threshold8,guard_tail_bypass_enabled,65,1.0
threshold8,guard_tail_bypass_feedbacks,65,14129.0
threshold8,guard_tail_bypass_flows,65,372.0
threshold8,hpcc_actual_rate_changes,65,15.0
threshold8,hpcc_fast_computations,65,0.0
threshold8,hpcc_feedback_updates,65,1667.0
threshold8,hpcc_full_computations,65,291.0
threshold8,hpcc_rate_updates_applied,65,291.0
threshold8,hpcc_valid_feedback,65,338.0
threshold8,int_hops_after_strip,65,29750.0
threshold8,int_hops_before_strip,65,59957.0
threshold8,int_records_stripped,65,30207.0
threshold8,irn_nacks_generated,65,0.0
threshold8,irn_nacks_received,65,0.0
threshold8,irn_retransmit_bytes,65,0.0
threshold8,irn_retransmit_packets,65,0.0
threshold8,le_8KB_fct_us_mean,65,6.987498221484468
threshold8,le_8KB_fct_us_p95,65,9.1322
threshold8,le_8KB_fct_us_p99,65,9.456880000000002
threshold8,le_8KB_flow_count,65,4217.0
threshold8,le_8KB_slowdown_mean,65,1.0105303913581027
threshold8,le_8KB_slowdown_p95,65,1.0412451582393938
threshold8,le_8KB_slowdown_p99,65,1.0826974778030958
threshold8,long_to_small_slowdown_mean_ratio,65,1.6396411642187776
threshold8,max_active_flows,65,3.0
threshold8,overall_fct_us_mean,65,11.74921734812117
threshold8,overall_fct_us_p95,65,16.895
threshold8,overall_fct_us_p99,65,167.35320000000002
threshold8,overall_flow_count,65,6041.0
threshold8,overall_slowdown_mean,65,1.0380381095628324
threshold8,overall_slowdown_p95,65,1.149391368498709
threshold8,overall_slowdown_p99,65,1.6356913072191683
threshold8,pfc_pause_events,65,0.0
threshold8,pfc_resume_events,65,0.0
threshold8,proactive_releases,65,372.0
threshold8,queue_bytes_max,65,184210.0
threshold8,queue_bytes_mean,65,1515.643
threshold8,queue_bytes_p95,65,4360.0
threshold8,queue_bytes_p99,65,45780.0
threshold8,queue_sample_count,65,160000.0
threshold8,reactive_binding_rate_changes,65,13.0
threshold8,reactive_binding_updates,65,13.0
threshold8,recovery_nacks_generated,65,0.0
threshold8,recovery_nacks_received,65,0.0
threshold8,registrations,65,372.0
threshold8,selected_registrations,65,372.0
threshold8,tie_binding_rate_changes,65,2.0
threshold8,tie_binding_updates,65,255.0
threshold8,timeout_recoveries,65,0.0
threshold12,1BDP_to_1MB_fct_us_mean,65,50.658212560386474
threshold12,1BDP_to_1MB_fct_us_p95,65,160.40779999999998
threshold12,1BDP_to_1MB_fct_us_p99,65,210.27809999999997
threshold12,1BDP_to_1MB_flow_count,65,207.0
threshold12,1BDP_to_1MB_slowdown_mean,65,1.3257342913339756
threshold12,1BDP_to_1MB_slowdown_p95,65,2.0917523208606976
threshold12,1BDP_to_1MB_slowdown_p99,65,2.757866980364524
threshold12,8KB_to_1BDP_fct_us_mean,65,9.100170019467878
threshold12,8KB_to_1BDP_fct_us_p95,65,15.253
threshold12,8KB_to_1BDP_fct_us_p99,65,19.21579999999995
threshold12,8KB_to_1BDP_flow_count,65,1541.0
threshold12,8KB_to_1BDP_slowdown_mean,65,1.0446904142590077
threshold12,8KB_to_1BDP_slowdown_p95,65,1.1840225876100317
threshold12,8KB_to_1BDP_slowdown_p99,65,1.4167800019303156
threshold12,aggregate_goodput_gbps,65,197.32056458445697
threshold12,completion_releases,65,0.0
threshold12,completion_span_us,65,10002.755
threshold12,grant_binding_rate_changes,65,0.0
threshold12,grant_binding_updates,65,30.0
threshold12,grant_bytes_sent,65,309824.0
threshold12,grant_event_rate_changes,65,599.0
threshold12,grants_received,65,3296.0
threshold12,grants_sent,65,3296.0
threshold12,gt_1MB_fct_us_mean,65,225.56000000000003
threshold12,gt_1MB_fct_us_p95,65,390.98125
threshold12,gt_1MB_fct_us_p99,65,502.54999999999995
threshold12,gt_1MB_flow_count,65,76.0
threshold12,gt_1MB_slowdown_mean,65,1.659577022057272
threshold12,gt_1MB_slowdown_p95,65,2.840250350827548
threshold12,gt_1MB_slowdown_p99,65,3.1983464563364974
threshold12,guard_ack_interval_packets,65,8.0
threshold12,guard_adaptive_grant_updates,65,0.0
threshold12,guard_fixed_window,65,1.0
threshold12,guard_grant_refresh_bdps,65,1.0
threshold12,guard_long_acks_suppressed,65,167878.0
threshold12,guard_min_share_fraction,65,0.0
threshold12,guard_one_rtt_acks_suppressed,65,51637.0
threshold12,guard_one_rtt_bypass_enabled,65,1.0
threshold12,guard_one_rtt_bypass_feedbacks,65,5669.0
threshold12,guard_one_rtt_bypass_flows,65,5669.0
threshold12,guard_rebalance_events,65,0.0
threshold12,guard_remaining_aware,65,1.0
threshold12,guard_remaining_exponent,65,1.0
threshold12,guard_remaining_refresh_events,65,2316.0
threshold12,guard_sender_srpt_enabled,65,1.0
threshold12,guard_sender_srpt_forced_rr,65,110.0
threshold12,guard_sender_srpt_non_rr,65,36460.0
threshold12,guard_sender_srpt_selections,65,249722.0
threshold12,guard_srpt_quantum_packets,65,64.0
threshold12,guard_tail_bypass_bdps,65,8.0
threshold12,guard_tail_bypass_enabled,65,1.0
threshold12,guard_tail_bypass_feedbacks,65,14126.0
threshold12,guard_tail_bypass_flows,65,372.0
threshold12,hpcc_actual_rate_changes,65,13.0
threshold12,hpcc_fast_computations,65,0.0
threshold12,hpcc_feedback_updates,65,1685.0
threshold12,hpcc_full_computations,65,295.0
threshold12,hpcc_rate_updates_applied,65,295.0
threshold12,hpcc_valid_feedback,65,342.0
threshold12,int_hops_after_strip,65,29750.0
threshold12,int_hops_before_strip,65,59957.0
threshold12,int_records_stripped,65,30207.0
threshold12,irn_nacks_generated,65,0.0
threshold12,irn_nacks_received,65,0.0
threshold12,irn_retransmit_bytes,65,0.0
threshold12,irn_retransmit_packets,65,0.0
threshold12,le_8KB_fct_us_mean,65,6.987597106948067
threshold12,le_8KB_fct_us_p95,65,9.1306
threshold12,le_8KB_fct_us_p99,65,9.46252
threshold12,le_8KB_flow_count,65,4217.0
threshold12,le_8KB_slowdown_mean,65,1.010557086075889
threshold12,le_8KB_slowdown_p95,65,1.0412438987842743
threshold12,le_8KB_slowdown_p99,65,1.0826974778030958
threshold12,long_to_small_slowdown_mean_ratio,65,1.6422397556001542
threshold12,max_active_flows,65,3.0
threshold12,overall_fct_us_mean,65,11.772698063234564
threshold12,overall_fct_us_p95,65,16.876
threshold12,overall_fct_us_p99,65,170.0614000000001
threshold12,overall_flow_count,65,6041.0
threshold12,overall_slowdown_mean,65,1.0382291031845128
threshold12,overall_slowdown_p95,65,1.1487743026204564
threshold12,overall_slowdown_p99,65,1.6575924815342469
threshold12,pfc_pause_events,65,0.0
threshold12,pfc_resume_events,65,0.0
threshold12,proactive_releases,65,372.0
threshold12,queue_bytes_max,65,207100.0
threshold12,queue_bytes_mean,65,1658.383
threshold12,queue_bytes_p95,65,4664.0
threshold12,queue_bytes_p99,65,50140.0
threshold12,queue_sample_count,65,160000.0
threshold12,reactive_binding_rate_changes,65,11.0
threshold12,reactive_binding_updates,65,11.0
threshold12,recovery_nacks_generated,65,0.0
threshold12,recovery_nacks_received,65,0.0
threshold12,registrations,65,372.0
threshold12,selected_registrations,65,372.0
threshold12,tie_binding_rate_changes,65,2.0
threshold12,tie_binding_updates,65,254.0
threshold12,timeout_recoveries,65,0.0
