arm,metric,seed,value
tail_ungated,1BDP_to_1MB_fct_us_mean,41,48.99646341463414
tail_ungated,1BDP_to_1MB_fct_us_p95,41,147.275
tail_ungated,1BDP_to_1MB_fct_us_p99,41,245.85744000000022
tail_ungated,1BDP_to_1MB_flow_count,41,205.0
tail_ungated,1BDP_to_1MB_slowdown_mean,41,1.355054215605745
tail_ungated,1BDP_to_1MB_slowdown_p95,41,2.039833078701913
tail_ungated,1BDP_to_1MB_slowdown_p99,41,2.674022446027246
tail_ungated,8KB_to_1BDP_fct_us_mean,41,9.157035194174757
tail_ungated,8KB_to_1BDP_fct_us_p95,41,14.9896
tail_ungated,8KB_to_1BDP_fct_us_p99,41,18.460209999999996
tail_ungated,8KB_to_1BDP_flow_count,41,1648.0
tail_ungated,8KB_to_1BDP_slowdown_mean,41,1.0451783842373503
tail_ungated,8KB_to_1BDP_slowdown_p95,41,1.183557349729916
tail_ungated,8KB_to_1BDP_slowdown_p99,41,1.4139642413159004
tail_ungated,aggregate_goodput_gbps,41,202.56572671722083
tail_ungated,completion_releases,41,0.0
tail_ungated,completion_span_us,41,10024.759
tail_ungated,grant_binding_rate_changes,41,0.0
tail_ungated,grant_binding_updates,41,99.0
tail_ungated,grant_bytes_sent,41,323172.0
tail_ungated,grant_event_rate_changes,41,1298.0
tail_ungated,grants_received,41,3438.0
tail_ungated,grants_sent,41,3438.0
tail_ungated,gt_1MB_fct_us_mean,41,235.50003703703703
tail_ungated,gt_1MB_fct_us_p95,41,391.643
tail_ungated,gt_1MB_fct_us_p99,41,464.70720000000006
tail_ungated,gt_1MB_flow_count,41,81.0
tail_ungated,gt_1MB_slowdown_mean,41,1.7440941169292625
tail_ungated,gt_1MB_slowdown_p95,41,2.7307056992542944
tail_ungated,gt_1MB_slowdown_p99,41,3.0494953073955493
tail_ungated,guard_ack_interval_packets,41,8.0
tail_ungated,guard_adaptive_grant_updates,41,0.0
tail_ungated,guard_fixed_window,41,1.0
tail_ungated,guard_grant_refresh_bdps,41,1.0
tail_ungated,guard_long_acks_suppressed,41,172169.0
tail_ungated,guard_min_share_fraction,41,0.0
tail_ungated,guard_one_rtt_acks_suppressed,41,53772.0
tail_ungated,guard_one_rtt_bypass_enabled,41,1.0
tail_ungated,guard_one_rtt_bypass_feedbacks,41,5823.0
tail_ungated,guard_one_rtt_bypass_flows,41,5823.0
tail_ungated,guard_rebalance_events,41,0.0
tail_ungated,guard_remaining_aware,41,1.0
tail_ungated,guard_remaining_exponent,41,1.0
tail_ungated,guard_remaining_refresh_events,41,2301.0
tail_ungated,guard_sender_srpt_enabled,41,1.0
tail_ungated,guard_sender_srpt_forced_rr,41,88.0
tail_ungated,guard_sender_srpt_non_rr,41,30783.0
tail_ungated,guard_sender_srpt_selections,41,256928.0
tail_ungated,guard_srpt_quantum_packets,41,64.0
tail_ungated,guard_tail_bypass_bdps,41,8.0
tail_ungated,guard_tail_bypass_enabled,41,1.0
tail_ungated,guard_tail_bypass_feedbacks,41,14741.0
tail_ungated,guard_tail_bypass_flows,41,384.0
tail_ungated,hpcc_actual_rate_changes,41,16.0
tail_ungated,hpcc_fast_computations,41,0.0
tail_ungated,hpcc_feedback_updates,41,1684.0
tail_ungated,hpcc_full_computations,41,378.0
tail_ungated,hpcc_rate_updates_applied,41,378.0
tail_ungated,hpcc_valid_feedback,41,433.0
tail_ungated,int_hops_after_strip,41,32726.0
tail_ungated,int_hops_before_strip,41,63713.0
tail_ungated,int_records_stripped,41,30987.0
tail_ungated,irn_nacks_generated,41,0.0
tail_ungated,irn_nacks_received,41,0.0
tail_ungated,irn_retransmit_bytes,41,0.0
tail_ungated,irn_retransmit_packets,41,0.0
tail_ungated,le_8KB_fct_us_mean,41,7.067559091972853
tail_ungated,le_8KB_fct_us_p95,41,9.137
tail_ungated,le_8KB_fct_us_p99,41,9.412079999999998
tail_ungated,le_8KB_flow_count,41,4273.0
tail_ungated,le_8KB_slowdown_mean,41,1.011164408053961
tail_ungated,le_8KB_slowdown_p95,41,1.041167874325497
tail_ungated,le_8KB_slowdown_p99,41,1.0872850267911707
tail_ungated,long_to_small_slowdown_mean_ratio,41,1.724837329159818
tail_ungated,max_active_flows,41,3.0
tail_ungated,overall_fct_us_mean,41,11.988118575801513
tail_ungated,overall_fct_us_p95,41,16.51169999999999
tail_ungated,overall_fct_us_p99,41,200.2479799999953
tail_ungated,overall_flow_count,41,6207.0
tail_ungated,overall_slowdown_mean,41,1.041117646287768
tail_ungated,overall_slowdown_p95,41,1.1575577361616072
tail_ungated,overall_slowdown_p99,41,1.7382762006059644
tail_ungated,pfc_pause_events,41,0.0
tail_ungated,pfc_resume_events,41,0.0
tail_ungated,proactive_releases,41,384.0
tail_ungated,queue_bytes_max,41,291030.0
tail_ungated,queue_bytes_mean,41,2989.708
tail_ungated,queue_bytes_p95,41,11990.0
tail_ungated,queue_bytes_p99,41,86110.0
tail_ungated,queue_sample_count,41,160000.0
tail_ungated,reactive_binding_rate_changes,41,13.0
tail_ungated,reactive_binding_updates,41,13.0
tail_ungated,recovery_nacks_generated,41,0.0
tail_ungated,recovery_nacks_received,41,0.0
tail_ungated,registrations,41,384.0
tail_ungated,selected_registrations,41,384.0
tail_ungated,tie_binding_rate_changes,41,3.0
tail_ungated,tie_binding_updates,41,266.0
tail_ungated,timeout_recoveries,41,0.0
tail_gate_r080_s2,1BDP_to_1MB_fct_us_mean,41,49.65464390243902
tail_gate_r080_s2,1BDP_to_1MB_fct_us_p95,41,149.7374
tail_gate_r080_s2,1BDP_to_1MB_fct_us_p99,41,240.12860000000015
tail_gate_r080_s2,1BDP_to_1MB_flow_count,41,205.0
tail_gate_r080_s2,1BDP_to_1MB_slowdown_mean,41,1.3687483538011818
tail_gate_r080_s2,1BDP_to_1MB_slowdown_p95,41,2.1150000807802734
tail_gate_r080_s2,1BDP_to_1MB_slowdown_p99,41,2.7981261284837253
tail_gate_r080_s2,8KB_to_1BDP_fct_us_mean,41,9.153853762135922
tail_gate_r080_s2,8KB_to_1BDP_fct_us_p95,41,14.9786
tail_gate_r080_s2,8KB_to_1BDP_fct_us_p99,41,18.580809999999992
tail_gate_r080_s2,8KB_to_1BDP_flow_count,41,1648.0
tail_gate_r080_s2,8KB_to_1BDP_slowdown_mean,41,1.0447922131820362
tail_gate_r080_s2,8KB_to_1BDP_slowdown_p95,41,1.1819407581770556
tail_gate_r080_s2,8KB_to_1BDP_slowdown_p99,41,1.4152506996560226
tail_gate_r080_s2,aggregate_goodput_gbps,41,202.56572671722083
tail_gate_r080_s2,completion_releases,41,0.0
tail_gate_r080_s2,completion_span_us,41,10024.759
tail_gate_r080_s2,grant_binding_rate_changes,41,4.0
tail_gate_r080_s2,grant_binding_updates,41,180.0
tail_gate_r080_s2,grant_bytes_sent,41,323924.0
tail_gate_r080_s2,grant_event_rate_changes,41,1290.0
tail_gate_r080_s2,grants_received,41,3446.0
tail_gate_r080_s2,grants_sent,41,3446.0
tail_gate_r080_s2,gt_1MB_fct_us_mean,41,236.3388888888889
tail_gate_r080_s2,gt_1MB_fct_us_p95,41,390.623
tail_gate_r080_s2,gt_1MB_fct_us_p99,41,476.2096000000001
tail_gate_r080_s2,gt_1MB_flow_count,41,81.0
tail_gate_r080_s2,gt_1MB_slowdown_mean,41,1.7508108132899256
tail_gate_r080_s2,gt_1MB_slowdown_p95,41,2.857561810851508
tail_gate_r080_s2,gt_1MB_slowdown_p99,41,3.163629316337487
tail_gate_r080_s2,guard_ack_interval_packets,41,8.0
tail_gate_r080_s2,guard_adaptive_grant_updates,41,0.0
tail_gate_r080_s2,guard_fixed_window,41,1.0
tail_gate_r080_s2,guard_grant_refresh_bdps,41,1.0
tail_gate_r080_s2,guard_long_acks_suppressed,41,172169.0
tail_gate_r080_s2,guard_min_share_fraction,41,0.0
tail_gate_r080_s2,guard_one_rtt_acks_suppressed,41,53772.0
tail_gate_r080_s2,guard_one_rtt_bypass_enabled,41,1.0
tail_gate_r080_s2,guard_one_rtt_bypass_feedbacks,41,5823.0
tail_gate_r080_s2,guard_one_rtt_bypass_flows,41,5823.0
tail_gate_r080_s2,guard_rebalance_events,41,0.0
tail_gate_r080_s2,guard_remaining_aware,41,1.0
tail_gate_r080_s2,guard_remaining_exponent,41,1.0
tail_gate_r080_s2,guard_remaining_refresh_events,41,2301.0
tail_gate_r080_s2,guard_sender_srpt_enabled,41,1.0
tail_gate_r080_s2,guard_sender_srpt_forced_rr,41,90.0
tail_gate_r080_s2,guard_sender_srpt_non_rr,41,30652.0
tail_gate_r080_s2,guard_sender_srpt_selections,41,256928.0
tail_gate_r080_s2,guard_srpt_quantum_packets,41,64.0
tail_gate_r080_s2,guard_tail_bypass_bdps,41,8.0
tail_gate_r080_s2,guard_tail_bypass_enabled,41,1.0
tail_gate_r080_s2,guard_tail_bypass_feedbacks,41,11519.0
tail_gate_r080_s2,guard_tail_bypass_flows,41,307.0
tail_gate_r080_s2,hpcc_actual_rate_changes,41,83.0
tail_gate_r080_s2,hpcc_fast_computations,41,0.0
tail_gate_r080_s2,hpcc_feedback_updates,41,2213.0
tail_gate_r080_s2,hpcc_full_computations,41,642.0
tail_gate_r080_s2,hpcc_rate_updates_applied,41,642.0
tail_gate_r080_s2,hpcc_valid_feedback,41,794.0
tail_gate_r080_s2,int_hops_after_strip,41,32726.0
tail_gate_r080_s2,int_hops_before_strip,41,63713.0
tail_gate_r080_s2,int_records_stripped,41,30987.0
tail_gate_r080_s2,irn_nacks_generated,41,0.0
tail_gate_r080_s2,irn_nacks_received,41,0.0
tail_gate_r080_s2,irn_retransmit_bytes,41,0.0
tail_gate_r080_s2,irn_retransmit_packets,41,0.0
tail_gate_r080_s2,le_8KB_fct_us_mean,41,7.067710039784695
tail_gate_r080_s2,le_8KB_fct_us_p95,41,9.138
tail_gate_r080_s2,le_8KB_fct_us_p99,41,9.412079999999998
tail_gate_r080_s2,le_8KB_flow_count,41,4273.0
tail_gate_r080_s2,le_8KB_slowdown_mean,41,1.0112175751369288
tail_gate_r080_s2,le_8KB_slowdown_p95,41,1.0414613044472378
tail_gate_r080_s2,le_8KB_slowdown_p99,41,1.0903521531792377
tail_gate_r080_s2,long_to_small_slowdown_mean_ratio,41,1.731388829009275
tail_gate_r080_s2,max_active_flows,41,3.0
tail_gate_r080_s2,overall_fct_us_mean,41,12.020062510069277
tail_gate_r080_s2,overall_fct_us_p95,41,16.525599999999997
tail_gate_r080_s2,overall_fct_us_p99,41,200.83359999999504
tail_gate_r080_s2,overall_flow_count,41,6207.0
tail_gate_r080_s2,overall_slowdown_mean,41,1.0415916472192392
tail_gate_r080_s2,overall_slowdown_p95,41,1.1575577361616072
tail_gate_r080_s2,overall_slowdown_p99,41,1.7410464191196955
tail_gate_r080_s2,pfc_pause_events,41,0.0
tail_gate_r080_s2,pfc_resume_events,41,0.0
tail_gate_r080_s2,proactive_releases,41,384.0
tail_gate_r080_s2,queue_bytes_max,41,291030.0
tail_gate_r080_s2,queue_bytes_mean,41,2872.018
tail_gate_r080_s2,queue_bytes_p95,41,10900.0
tail_gate_r080_s2,queue_bytes_p99,41,82840.0
tail_gate_r080_s2,queue_sample_count,41,160000.0
tail_gate_r080_s2,reactive_binding_rate_changes,41,71.0
tail_gate_r080_s2,reactive_binding_updates,41,71.0
tail_gate_r080_s2,recovery_nacks_generated,41,0.0
tail_gate_r080_s2,recovery_nacks_received,41,0.0
tail_gate_r080_s2,registrations,41,384.0
tail_gate_r080_s2,selected_registrations,41,384.0
tail_gate_r080_s2,tie_binding_rate_changes,41,8.0
tail_gate_r080_s2,tie_binding_updates,41,391.0
tail_gate_r080_s2,timeout_recoveries,41,0.0
tail_gate_r090_s2,1BDP_to_1MB_fct_us_mean,41,49.27382926829269
tail_gate_r090_s2,1BDP_to_1MB_fct_us_p95,41,147.3446
tail_gate_r090_s2,1BDP_to_1MB_fct_us_p99,41,240.02868000000015
tail_gate_r090_s2,1BDP_to_1MB_flow_count,41,205.0
tail_gate_r090_s2,1BDP_to_1MB_slowdown_mean,41,1.3594511202656985
tail_gate_r090_s2,1BDP_to_1MB_slowdown_p95,41,2.039833078701913
tail_gate_r090_s2,1BDP_to_1MB_slowdown_p99,41,2.6851885933327186
tail_gate_r090_s2,8KB_to_1BDP_fct_us_mean,41,9.155679004854369
tail_gate_r090_s2,8KB_to_1BDP_fct_us_p95,41,14.9896
tail_gate_r090_s2,8KB_to_1BDP_fct_us_p99,41,18.580809999999992
tail_gate_r090_s2,8KB_to_1BDP_flow_count,41,1648.0
tail_gate_r090_s2,8KB_to_1BDP_slowdown_mean,41,1.0449462931428721
tail_gate_r090_s2,8KB_to_1BDP_slowdown_p95,41,1.1819407581770556
tail_gate_r090_s2,8KB_to_1BDP_slowdown_p99,41,1.4158280095371896
tail_gate_r090_s2,aggregate_goodput_gbps,41,202.56572671722083
tail_gate_r090_s2,completion_releases,41,0.0
tail_gate_r090_s2,completion_span_us,41,10024.759
tail_gate_r090_s2,grant_binding_rate_changes,41,3.0
tail_gate_r090_s2,grant_binding_updates,41,166.0
tail_gate_r090_s2,grant_bytes_sent,41,323830.0
tail_gate_r090_s2,grant_event_rate_changes,41,1295.0
tail_gate_r090_s2,grants_received,41,3445.0
tail_gate_r090_s2,grants_sent,41,3445.0
tail_gate_r090_s2,gt_1MB_fct_us_mean,41,236.09002469135805
tail_gate_r090_s2,gt_1MB_fct_us_p95,41,390.623
tail_gate_r090_s2,gt_1MB_fct_us_p99,41,463.22020000000003
tail_gate_r090_s2,gt_1MB_flow_count,41,81.0
tail_gate_r090_s2,gt_1MB_slowdown_mean,41,1.7497033313545967
tail_gate_r090_s2,gt_1MB_slowdown_p95,41,2.857561810851508
tail_gate_r090_s2,gt_1MB_slowdown_p99,41,3.0870402796659446
tail_gate_r090_s2,guard_ack_interval_packets,41,8.0
tail_gate_r090_s2,guard_adaptive_grant_updates,41,0.0
tail_gate_r090_s2,guard_fixed_window,41,1.0
tail_gate_r090_s2,guard_grant_refresh_bdps,41,1.0
tail_gate_r090_s2,guard_long_acks_suppressed,41,172169.0
tail_gate_r090_s2,guard_min_share_fraction,41,0.0
tail_gate_r090_s2,guard_one_rtt_acks_suppressed,41,53772.0
tail_gate_r090_s2,guard_one_rtt_bypass_enabled,41,1.0
tail_gate_r090_s2,guard_one_rtt_bypass_feedbacks,41,5823.0
tail_gate_r090_s2,guard_one_rtt_bypass_flows,41,5823.0
tail_gate_r090_s2,guard_rebalance_events,41,0.0
tail_gate_r090_s2,guard_remaining_aware,41,1.0
tail_gate_r090_s2,guard_remaining_exponent,41,1.0
tail_gate_r090_s2,guard_remaining_refresh_events,41,2301.0
tail_gate_r090_s2,guard_sender_srpt_enabled,41,1.0
tail_gate_r090_s2,guard_sender_srpt_forced_rr,41,89.0
tail_gate_r090_s2,guard_sender_srpt_non_rr,41,30767.0
tail_gate_r090_s2,guard_sender_srpt_selections,41,256928.0
tail_gate_r090_s2,guard_srpt_quantum_packets,41,64.0
tail_gate_r090_s2,guard_tail_bypass_bdps,41,8.0
tail_gate_r090_s2,guard_tail_bypass_enabled,41,1.0
tail_gate_r090_s2,guard_tail_bypass_feedbacks,41,11780.0
tail_gate_r090_s2,guard_tail_bypass_flows,41,310.0
tail_gate_r090_s2,hpcc_actual_rate_changes,41,66.0
tail_gate_r090_s2,hpcc_fast_computations,41,0.0
tail_gate_r090_s2,hpcc_feedback_updates,41,2174.0
tail_gate_r090_s2,hpcc_full_computations,41,602.0
tail_gate_r090_s2,hpcc_rate_updates_applied,41,602.0
tail_gate_r090_s2,hpcc_valid_feedback,41,754.0
tail_gate_r090_s2,int_hops_after_strip,41,32726.0
tail_gate_r090_s2,int_hops_before_strip,41,63713.0
tail_gate_r090_s2,int_records_stripped,41,30987.0
tail_gate_r090_s2,irn_nacks_generated,41,0.0
tail_gate_r090_s2,irn_nacks_received,41,0.0
tail_gate_r090_s2,irn_retransmit_bytes,41,0.0
tail_gate_r090_s2,irn_retransmit_packets,41,0.0
tail_gate_r090_s2,le_8KB_fct_us_mean,41,7.067670957172946
tail_gate_r090_s2,le_8KB_fct_us_p95,41,9.1374
tail_gate_r090_s2,le_8KB_fct_us_p99,41,9.412079999999998
tail_gate_r090_s2,le_8KB_flow_count,41,4273.0
tail_gate_r090_s2,le_8KB_slowdown_mean,41,1.0112155641724074
tail_gate_r090_s2,le_8KB_slowdown_p95,41,1.0412997885601099
tail_gate_r090_s2,le_8KB_slowdown_p99,41,1.088894197714753
tail_gate_r090_s2,long_to_small_slowdown_mean_ratio,41,1.730297073489546
tail_gate_r090_s2,max_active_flows,41,3.0
tail_gate_r090_s2,overall_fct_us_mean,41,12.004695343966489
tail_gate_r090_s2,overall_fct_us_p95,41,16.50679999999999
tail_gate_r090_s2,overall_fct_us_p99,41,200.4115399999952
tail_gate_r090_s2,overall_flow_count,41,6207.0
tail_gate_r090_s2,overall_slowdown_mean,41,1.041309657854413
tail_gate_r090_s2,overall_slowdown_p95,41,1.1575577361616072
tail_gate_r090_s2,overall_slowdown_p99,41,1.741549997412752
tail_gate_r090_s2,pfc_pause_events,41,0.0
tail_gate_r090_s2,pfc_resume_events,41,0.0
tail_gate_r090_s2,proactive_releases,41,384.0
tail_gate_r090_s2,queue_bytes_max,41,291030.0
tail_gate_r090_s2,queue_bytes_mean,41,2910.243
tail_gate_r090_s2,queue_bytes_p95,41,10900.0
tail_gate_r090_s2,queue_bytes_p99,41,83930.0
tail_gate_r090_s2,queue_sample_count,41,160000.0
tail_gate_r090_s2,reactive_binding_rate_changes,41,57.0
tail_gate_r090_s2,reactive_binding_updates,41,57.0
tail_gate_r090_s2,recovery_nacks_generated,41,0.0
tail_gate_r090_s2,recovery_nacks_received,41,0.0
tail_gate_r090_s2,registrations,41,384.0
tail_gate_r090_s2,selected_registrations,41,384.0
tail_gate_r090_s2,tie_binding_rate_changes,41,6.0
tail_gate_r090_s2,tie_binding_updates,41,379.0
tail_gate_r090_s2,timeout_recoveries,41,0.0
tail_gate_r100_s2,1BDP_to_1MB_fct_us_mean,41,49.26757073170732
tail_gate_r100_s2,1BDP_to_1MB_fct_us_p95,41,147.3446
tail_gate_r100_s2,1BDP_to_1MB_fct_us_p99,41,240.03216000000018
tail_gate_r100_s2,1BDP_to_1MB_flow_count,41,205.0
tail_gate_r100_s2,1BDP_to_1MB_slowdown_mean,41,1.3594960944560395
tail_gate_r100_s2,1BDP_to_1MB_slowdown_p95,41,2.039833078701913
tail_gate_r100_s2,1BDP_to_1MB_slowdown_p99,41,2.6851885933327186
tail_gate_r100_s2,8KB_to_1BDP_fct_us_mean,41,9.15467900485437
tail_gate_r100_s2,8KB_to_1BDP_fct_us_p95,41,14.9896
tail_gate_r100_s2,8KB_to_1BDP_fct_us_p99,41,18.460209999999996
tail_gate_r100_s2,8KB_to_1BDP_flow_count,41,1648.0
tail_gate_r100_s2,8KB_to_1BDP_slowdown_mean,41,1.0448484834191127
tail_gate_r100_s2,8KB_to_1BDP_slowdown_p95,41,1.1819407581770556
tail_gate_r100_s2,8KB_to_1BDP_slowdown_p99,41,1.414758583926528
tail_gate_r100_s2,aggregate_goodput_gbps,41,202.56572671722083
tail_gate_r100_s2,completion_releases,41,0.0
tail_gate_r100_s2,completion_span_us,41,10024.759
tail_gate_r100_s2,grant_binding_rate_changes,41,3.0
tail_gate_r100_s2,grant_binding_updates,41,160.0
tail_gate_r100_s2,grant_bytes_sent,41,323454.0
tail_gate_r100_s2,grant_event_rate_changes,41,1290.0
tail_gate_r100_s2,grants_received,41,3441.0
tail_gate_r100_s2,grants_sent,41,3441.0
tail_gate_r100_s2,gt_1MB_fct_us_mean,41,236.00425925925927
tail_gate_r100_s2,gt_1MB_fct_us_p95,41,391.415
tail_gate_r100_s2,gt_1MB_fct_us_p99,41,463.22020000000003
tail_gate_r100_s2,gt_1MB_flow_count,41,81.0
tail_gate_r100_s2,gt_1MB_slowdown_mean,41,1.7490271880001027
tail_gate_r100_s2,gt_1MB_slowdown_p95,41,2.857561810851508
tail_gate_r100_s2,gt_1MB_slowdown_p99,41,3.0846339730685157
tail_gate_r100_s2,guard_ack_interval_packets,41,8.0
tail_gate_r100_s2,guard_adaptive_grant_updates,41,0.0
tail_gate_r100_s2,guard_fixed_window,41,1.0
tail_gate_r100_s2,guard_grant_refresh_bdps,41,1.0
tail_gate_r100_s2,guard_long_acks_suppressed,41,172169.0
tail_gate_r100_s2,guard_min_share_fraction,41,0.0
tail_gate_r100_s2,guard_one_rtt_acks_suppressed,41,53772.0
tail_gate_r100_s2,guard_one_rtt_bypass_enabled,41,1.0
tail_gate_r100_s2,guard_one_rtt_bypass_feedbacks,41,5823.0
tail_gate_r100_s2,guard_one_rtt_bypass_flows,41,5823.0
tail_gate_r100_s2,guard_rebalance_events,41,0.0
tail_gate_r100_s2,guard_remaining_aware,41,1.0
tail_gate_r100_s2,guard_remaining_exponent,41,1.0
tail_gate_r100_s2,guard_remaining_refresh_events,41,2301.0
tail_gate_r100_s2,guard_sender_srpt_enabled,41,1.0
tail_gate_r100_s2,guard_sender_srpt_forced_rr,41,88.0
tail_gate_r100_s2,guard_sender_srpt_non_rr,41,30793.0
tail_gate_r100_s2,guard_sender_srpt_selections,41,256928.0
tail_gate_r100_s2,guard_srpt_quantum_packets,41,64.0
tail_gate_r100_s2,guard_tail_bypass_bdps,41,8.0
tail_gate_r100_s2,guard_tail_bypass_enabled,41,1.0
tail_gate_r100_s2,guard_tail_bypass_feedbacks,41,11933.0
tail_gate_r100_s2,guard_tail_bypass_flows,41,311.0
tail_gate_r100_s2,hpcc_actual_rate_changes,41,60.0
tail_gate_r100_s2,hpcc_fast_computations,41,0.0
tail_gate_r100_s2,hpcc_feedback_updates,41,2160.0
tail_gate_r100_s2,hpcc_full_computations,41,588.0
tail_gate_r100_s2,hpcc_rate_updates_applied,41,588.0
tail_gate_r100_s2,hpcc_valid_feedback,41,740.0
tail_gate_r100_s2,int_hops_after_strip,41,32726.0
tail_gate_r100_s2,int_hops_before_strip,41,63713.0
tail_gate_r100_s2,int_records_stripped,41,30987.0
tail_gate_r100_s2,irn_nacks_generated,41,0.0
tail_gate_r100_s2,irn_nacks_received,41,0.0
tail_gate_r100_s2,irn_retransmit_bytes,41,0.0
tail_gate_r100_s2,irn_retransmit_packets,41,0.0
tail_gate_r100_s2,le_8KB_fct_us_mean,41,7.067476480224666
tail_gate_r100_s2,le_8KB_fct_us_p95,41,9.138
tail_gate_r100_s2,le_8KB_fct_us_p99,41,9.420839999999998
tail_gate_r100_s2,le_8KB_flow_count,41,4273.0
tail_gate_r100_s2,le_8KB_slowdown_mean,41,1.011173097521361
tail_gate_r100_s2,le_8KB_slowdown_p95,41,1.041167874325497
tail_gate_r100_s2,le_8KB_slowdown_p99,41,1.0889901319312902
tail_gate_r100_s2,long_to_small_slowdown_mean_ratio,41,1.7297010692703427
tail_gate_r100_s2,max_active_flows,41,3.0
tail_gate_r100_s2,overall_fct_us_mean,41,12.002970033832769
tail_gate_r100_s2,overall_fct_us_p95,41,16.50679999999999
tail_gate_r100_s2,overall_fct_us_p99,41,200.4115399999952
tail_gate_r100_s2,overall_flow_count,41,6207.0
tail_gate_r100_s2,overall_slowdown_mean,41,1.0412471158329257
tail_gate_r100_s2,overall_slowdown_p95,41,1.1575577361616072
tail_gate_r100_s2,overall_slowdown_p99,41,1.7414156263779539
tail_gate_r100_s2,pfc_pause_events,41,0.0
tail_gate_r100_s2,pfc_resume_events,41,0.0
tail_gate_r100_s2,proactive_releases,41,384.0
tail_gate_r100_s2,queue_bytes_max,41,291030.0
tail_gate_r100_s2,queue_bytes_mean,41,2910.083
tail_gate_r100_s2,queue_bytes_p95,41,10900.0
tail_gate_r100_s2,queue_bytes_p99,41,83930.0
tail_gate_r100_s2,queue_sample_count,41,160000.0
tail_gate_r100_s2,reactive_binding_rate_changes,41,52.0
tail_gate_r100_s2,reactive_binding_updates,41,52.0
tail_gate_r100_s2,recovery_nacks_generated,41,0.0
tail_gate_r100_s2,recovery_nacks_received,41,0.0
tail_gate_r100_s2,registrations,41,384.0
tail_gate_r100_s2,selected_registrations,41,384.0
tail_gate_r100_s2,tie_binding_rate_changes,41,5.0
tail_gate_r100_s2,tie_binding_updates,41,376.0
tail_gate_r100_s2,timeout_recoveries,41,0.0
tail_ungated,1BDP_to_1MB_fct_us_mean,42,43.50873796791444
tail_ungated,1BDP_to_1MB_fct_us_p95,42,129.00379999999996
tail_ungated,1BDP_to_1MB_fct_us_p99,42,209.80234
tail_ungated,1BDP_to_1MB_flow_count,42,187.0
tail_ungated,1BDP_to_1MB_slowdown_mean,42,1.3048072823283299
tail_ungated,1BDP_to_1MB_slowdown_p95,42,2.020711282003055
tail_ungated,1BDP_to_1MB_slowdown_p99,42,2.539134021047255
tail_ungated,8KB_to_1BDP_fct_us_mean,42,9.217993698802772
tail_ungated,8KB_to_1BDP_fct_us_p95,42,15.285400000000003
tail_ungated,8KB_to_1BDP_fct_us_p99,42,18.695140000000002
tail_ungated,8KB_to_1BDP_flow_count,42,1587.0
tail_ungated,8KB_to_1BDP_slowdown_mean,42,1.0456947142977306
tail_ungated,8KB_to_1BDP_slowdown_p95,42,1.1881565571873405
tail_ungated,8KB_to_1BDP_slowdown_p99,42,1.3527558324394648
tail_ungated,aggregate_goodput_gbps,42,194.35205247046156
tail_ungated,completion_releases,42,0.0
tail_ungated,completion_span_us,42,10138.733
tail_ungated,grant_binding_rate_changes,42,0.0
tail_ungated,grant_binding_updates,42,107.0
tail_ungated,grant_bytes_sent,42,317250.0
tail_ungated,grant_event_rate_changes,42,1262.0
tail_ungated,grants_received,42,3375.0
tail_ungated,grants_sent,42,3375.0
tail_ungated,gt_1MB_fct_us_mean,42,269.0438571428572
tail_ungated,gt_1MB_fct_us_p95,42,523.5221
tail_ungated,gt_1MB_fct_us_p99,42,762.1311400000006
tail_ungated,gt_1MB_flow_count,42,84.0
tail_ungated,gt_1MB_slowdown_mean,42,1.9646371881570612
tail_ungated,gt_1MB_slowdown_p95,42,3.7549437906003442
tail_ungated,gt_1MB_slowdown_p99,42,4.782283260377487
tail_ungated,guard_ack_interval_packets,42,8.0
tail_ungated,guard_adaptive_grant_updates,42,0.0
tail_ungated,guard_fixed_window,42,1.0
tail_ungated,guard_grant_refresh_bdps,42,1.0
tail_ungated,guard_long_acks_suppressed,42,166184.0
tail_ungated,guard_min_share_fraction,42,0.0
tail_ungated,guard_one_rtt_acks_suppressed,42,53117.0
tail_ungated,guard_one_rtt_bypass_enabled,42,1.0
tail_ungated,guard_one_rtt_bypass_feedbacks,42,5755.0
tail_ungated,guard_one_rtt_bypass_flows,42,5755.0
tail_ungated,guard_rebalance_events,42,0.0
tail_ungated,guard_remaining_aware,42,1.0
tail_ungated,guard_remaining_exponent,42,1.0
tail_ungated,guard_remaining_refresh_events,42,2270.0
tail_ungated,guard_sender_srpt_enabled,42,1.0
tail_ungated,guard_sender_srpt_forced_rr,42,110.0
tail_ungated,guard_sender_srpt_non_rr,42,39057.0
tail_ungated,guard_sender_srpt_selections,42,249309.0
tail_ungated,guard_srpt_quantum_packets,42,64.0
tail_ungated,guard_tail_bypass_bdps,42,8.0
tail_ungated,guard_tail_bypass_enabled,42,1.0
tail_ungated,guard_tail_bypass_feedbacks,42,13712.0
tail_ungated,guard_tail_bypass_flows,42,346.0
tail_ungated,hpcc_actual_rate_changes,42,79.0
tail_ungated,hpcc_fast_computations,42,0.0
tail_ungated,hpcc_feedback_updates,42,1838.0
tail_ungated,hpcc_full_computations,42,385.0
tail_ungated,hpcc_rate_updates_applied,42,385.0
tail_ungated,hpcc_valid_feedback,42,437.0
tail_ungated,int_hops_after_strip,42,31076.0
tail_ungated,int_hops_before_strip,42,61084.0
tail_ungated,int_records_stripped,42,30008.0
tail_ungated,irn_nacks_generated,42,0.0
tail_ungated,irn_nacks_received,42,0.0
tail_ungated,irn_retransmit_bytes,42,0.0
tail_ungated,irn_retransmit_packets,42,0.0
tail_ungated,le_8KB_fct_us_mean,42,7.029147772802262
tail_ungated,le_8KB_fct_us_p95,42,9.1089
tail_ungated,le_8KB_fct_us_p99,42,9.362
tail_ungated,le_8KB_flow_count,42,4243.0
tail_ungated,le_8KB_slowdown_mean,42,1.010056302962166
tail_ungated,le_8KB_slowdown_p95,42,1.0379041448533217
tail_ungated,le_8KB_slowdown_p99,42,1.0804680874928936
tail_ungated,long_to_small_slowdown_mean_ratio,42,1.9450769055105348
tail_ungated,max_active_flows,42,5.0
tail_ungated,overall_fct_us_mean,42,12.324118669070645
tail_ungated,overall_fct_us_p95,42,16.595
tail_ungated,overall_fct_us_p99,42,186.036
tail_ungated,overall_flow_count,42,6101.0
tail_ungated,overall_slowdown_mean,42,1.041503833905845
tail_ungated,overall_slowdown_p95,42,1.1517420537897312
tail_ungated,overall_slowdown_p99,42,1.7136600378787878
tail_ungated,pfc_pause_events,42,0.0
tail_ungated,pfc_resume_events,42,0.0
tail_ungated,proactive_releases,42,346.0
tail_ungated,queue_bytes_max,42,439270.0
tail_ungated,queue_bytes_mean,42,3456.75
tail_ungated,queue_bytes_p95,42,7630.0
tail_ungated,queue_bytes_p99,42,111180.0
tail_ungated,queue_sample_count,42,160000.0
tail_ungated,reactive_binding_rate_changes,42,73.0
tail_ungated,reactive_binding_updates,42,73.0
tail_ungated,recovery_nacks_generated,42,0.0
tail_ungated,recovery_nacks_received,42,0.0
tail_ungated,registrations,42,346.0
tail_ungated,selected_registrations,42,346.0
tail_ungated,tie_binding_rate_changes,42,6.0
tail_ungated,tie_binding_updates,42,205.0
tail_ungated,timeout_recoveries,42,0.0
tail_gate_r080_s2,1BDP_to_1MB_fct_us_mean,42,47.91228877005348
tail_gate_r080_s2,1BDP_to_1MB_fct_us_p95,42,152.81369999999995
tail_gate_r080_s2,1BDP_to_1MB_fct_us_p99,42,287.30889999999977
tail_gate_r080_s2,1BDP_to_1MB_flow_count,42,187.0
tail_gate_r080_s2,1BDP_to_1MB_slowdown_mean,42,1.3857890251961278
tail_gate_r080_s2,1BDP_to_1MB_slowdown_p95,42,2.202935440828493
tail_gate_r080_s2,1BDP_to_1MB_slowdown_p99,42,4.130286432722624
tail_gate_r080_s2,8KB_to_1BDP_fct_us_mean,42,9.21598172652804
tail_gate_r080_s2,8KB_to_1BDP_fct_us_p95,42,15.298000000000002
tail_gate_r080_s2,8KB_to_1BDP_fct_us_p99,42,18.67830000000005
tail_gate_r080_s2,8KB_to_1BDP_flow_count,42,1587.0
tail_gate_r080_s2,8KB_to_1BDP_slowdown_mean,42,1.0454886995323351
tail_gate_r080_s2,8KB_to_1BDP_slowdown_p95,42,1.1881565571873405
tail_gate_r080_s2,8KB_to_1BDP_slowdown_p99,42,1.3518057910412002
tail_gate_r080_s2,aggregate_goodput_gbps,42,194.35205247046156
tail_gate_r080_s2,completion_releases,42,0.0
tail_gate_r080_s2,completion_span_us,42,10138.733
tail_gate_r080_s2,grant_binding_rate_changes,42,2.0
tail_gate_r080_s2,grant_binding_updates,42,163.0
tail_gate_r080_s2,grant_bytes_sent,42,319600.0
tail_gate_r080_s2,grant_event_rate_changes,42,1223.0
tail_gate_r080_s2,grants_received,42,3400.0
tail_gate_r080_s2,grants_sent,42,3400.0
tail_gate_r080_s2,gt_1MB_fct_us_mean,42,269.4412976190476
tail_gate_r080_s2,gt_1MB_fct_us_p95,42,561.4677499999999
tail_gate_r080_s2,gt_1MB_fct_us_p99,42,805.7996100000006
tail_gate_r080_s2,gt_1MB_flow_count,42,84.0
tail_gate_r080_s2,gt_1MB_slowdown_mean,42,1.9643095482035586
tail_gate_r080_s2,gt_1MB_slowdown_p95,42,3.689472678832418
tail_gate_r080_s2,gt_1MB_slowdown_p99,42,5.05815662139331
tail_gate_r080_s2,guard_ack_interval_packets,42,8.0
tail_gate_r080_s2,guard_adaptive_grant_updates,42,0.0
tail_gate_r080_s2,guard_fixed_window,42,1.0
tail_gate_r080_s2,guard_grant_refresh_bdps,42,1.0
tail_gate_r080_s2,guard_long_acks_suppressed,42,166184.0
tail_gate_r080_s2,guard_min_share_fraction,42,0.0
tail_gate_r080_s2,guard_one_rtt_acks_suppressed,42,53117.0
tail_gate_r080_s2,guard_one_rtt_bypass_enabled,42,1.0
tail_gate_r080_s2,guard_one_rtt_bypass_feedbacks,42,5755.0
tail_gate_r080_s2,guard_one_rtt_bypass_flows,42,5755.0
tail_gate_r080_s2,guard_rebalance_events,42,0.0
tail_gate_r080_s2,guard_remaining_aware,42,1.0
tail_gate_r080_s2,guard_remaining_exponent,42,1.0
tail_gate_r080_s2,guard_remaining_refresh_events,42,2272.0
tail_gate_r080_s2,guard_sender_srpt_enabled,42,1.0
tail_gate_r080_s2,guard_sender_srpt_forced_rr,42,109.0
tail_gate_r080_s2,guard_sender_srpt_non_rr,42,38817.0
tail_gate_r080_s2,guard_sender_srpt_selections,42,249309.0
tail_gate_r080_s2,guard_srpt_quantum_packets,42,64.0
tail_gate_r080_s2,guard_tail_bypass_bdps,42,8.0
tail_gate_r080_s2,guard_tail_bypass_enabled,42,1.0
tail_gate_r080_s2,guard_tail_bypass_feedbacks,42,10596.0
tail_gate_r080_s2,guard_tail_bypass_flows,42,271.0
tail_gate_r080_s2,hpcc_actual_rate_changes,42,251.0
tail_gate_r080_s2,hpcc_fast_computations,42,0.0
tail_gate_r080_s2,hpcc_feedback_updates,42,2409.0
tail_gate_r080_s2,hpcc_full_computations,42,701.0
tail_gate_r080_s2,hpcc_rate_updates_applied,42,701.0
tail_gate_r080_s2,hpcc_valid_feedback,42,847.0
tail_gate_r080_s2,int_hops_after_strip,42,31076.0
tail_gate_r080_s2,int_hops_before_strip,42,61084.0
tail_gate_r080_s2,int_records_stripped,42,30008.0
tail_gate_r080_s2,irn_nacks_generated,42,0.0
tail_gate_r080_s2,irn_nacks_received,42,0.0
tail_gate_r080_s2,irn_retransmit_bytes,42,0.0
tail_gate_r080_s2,irn_retransmit_packets,42,0.0
tail_gate_r080_s2,le_8KB_fct_us_mean,42,7.029129389582843
tail_gate_r080_s2,le_8KB_fct_us_p95,42,9.113
tail_gate_r080_s2,le_8KB_fct_us_p99,42,9.370899999999999
tail_gate_r080_s2,le_8KB_flow_count,42,4243.0
tail_gate_r080_s2,le_8KB_slowdown_mean,42,1.0100714461395068
tail_gate_r080_s2,le_8KB_slowdown_p95,42,1.0380628698513683
tail_gate_r080_s2,le_8KB_slowdown_p99,42,1.0797933885254434
tail_gate_r080_s2,long_to_small_slowdown_mean_ratio,42,1.944723371511144
tail_gate_r080_s2,max_active_flows,42,5.0
tail_gate_r080_s2,overall_fct_us_mean,42,12.464026553024095
tail_gate_r080_s2,overall_fct_us_p95,42,16.605
tail_gate_r080_s2,overall_fct_us_p99,42,194.98
tail_gate_r080_s2,overall_flow_count,42,6101.0
tail_gate_r080_s2,overall_slowdown_mean,42,1.043938413684399
tail_gate_r080_s2,overall_slowdown_p95,42,1.1527783765142043
tail_gate_r080_s2,overall_slowdown_p99,42,1.721952291964384
tail_gate_r080_s2,pfc_pause_events,42,0.0
tail_gate_r080_s2,pfc_resume_events,42,0.0
tail_gate_r080_s2,proactive_releases,42,346.0
tail_gate_r080_s2,queue_bytes_max,42,282310.0
tail_gate_r080_s2,queue_bytes_mean,42,3040.24
tail_gate_r080_s2,queue_bytes_p95,42,7630.0
tail_gate_r080_s2,queue_bytes_p99,42,100280.0
tail_gate_r080_s2,queue_sample_count,42,160000.0
tail_gate_r080_s2,reactive_binding_rate_changes,42,239.0
tail_gate_r080_s2,reactive_binding_updates,42,239.0
tail_gate_r080_s2,recovery_nacks_generated,42,0.0
tail_gate_r080_s2,recovery_nacks_received,42,0.0
tail_gate_r080_s2,registrations,42,346.0
tail_gate_r080_s2,selected_registrations,42,346.0
tail_gate_r080_s2,tie_binding_rate_changes,42,10.0
tail_gate_r080_s2,tie_binding_updates,42,299.0
tail_gate_r080_s2,timeout_recoveries,42,0.0
tail_gate_r090_s2,1BDP_to_1MB_fct_us_mean,42,47.36516577540107
tail_gate_r090_s2,1BDP_to_1MB_fct_us_p95,42,152.43289999999996
tail_gate_r090_s2,1BDP_to_1MB_fct_us_p99,42,255.5688799999993
tail_gate_r090_s2,1BDP_to_1MB_flow_count,42,187.0
tail_gate_r090_s2,1BDP_to_1MB_slowdown_mean,42,1.3762517908335103
tail_gate_r090_s2,1BDP_to_1MB_slowdown_p95,42,2.202935440828493
tail_gate_r090_s2,1BDP_to_1MB_slowdown_p99,42,3.679094199933728
tail_gate_r090_s2,8KB_to_1BDP_fct_us_mean,42,9.21827536231884
tail_gate_r090_s2,8KB_to_1BDP_fct_us_p95,42,15.333600000000002
tail_gate_r090_s2,8KB_to_1BDP_fct_us_p99,42,18.67830000000005
tail_gate_r090_s2,8KB_to_1BDP_flow_count,42,1587.0
tail_gate_r090_s2,8KB_to_1BDP_slowdown_mean,42,1.0456737832705252
tail_gate_r090_s2,8KB_to_1BDP_slowdown_p95,42,1.190032253356714
tail_gate_r090_s2,8KB_to_1BDP_slowdown_p99,42,1.3527558324394648
tail_gate_r090_s2,aggregate_goodput_gbps,42,194.35205247046156
tail_gate_r090_s2,completion_releases,42,0.0
tail_gate_r090_s2,completion_span_us,42,10138.733
tail_gate_r090_s2,grant_binding_rate_changes,42,2.0
tail_gate_r090_s2,grant_binding_updates,42,156.0
tail_gate_r090_s2,grant_bytes_sent,42,318378.0
tail_gate_r090_s2,grant_event_rate_changes,42,1243.0
tail_gate_r090_s2,grants_received,42,3387.0
tail_gate_r090_s2,grants_sent,42,3387.0
tail_gate_r090_s2,gt_1MB_fct_us_mean,42,266.68145238095235
tail_gate_r090_s2,gt_1MB_fct_us_p95,42,559.9600999999999
tail_gate_r090_s2,gt_1MB_fct_us_p99,42,756.1649800000005
tail_gate_r090_s2,gt_1MB_flow_count,42,84.0
tail_gate_r090_s2,gt_1MB_slowdown_mean,42,1.946547409144519
tail_gate_r090_s2,gt_1MB_slowdown_p95,42,3.5936000904119965
tail_gate_r090_s2,gt_1MB_slowdown_p99,42,4.752075525821788
tail_gate_r090_s2,guard_ack_interval_packets,42,8.0
tail_gate_r090_s2,guard_adaptive_grant_updates,42,0.0
tail_gate_r090_s2,guard_fixed_window,42,1.0
tail_gate_r090_s2,guard_grant_refresh_bdps,42,1.0
tail_gate_r090_s2,guard_long_acks_suppressed,42,166184.0
tail_gate_r090_s2,guard_min_share_fraction,42,0.0
tail_gate_r090_s2,guard_one_rtt_acks_suppressed,42,53117.0
tail_gate_r090_s2,guard_one_rtt_bypass_enabled,42,1.0
tail_gate_r090_s2,guard_one_rtt_bypass_feedbacks,42,5755.0
tail_gate_r090_s2,guard_one_rtt_bypass_flows,42,5755.0
tail_gate_r090_s2,guard_rebalance_events,42,0.0
tail_gate_r090_s2,guard_remaining_aware,42,1.0
tail_gate_r090_s2,guard_remaining_exponent,42,1.0
tail_gate_r090_s2,guard_remaining_refresh_events,42,2270.0
tail_gate_r090_s2,guard_sender_srpt_enabled,42,1.0
tail_gate_r090_s2,guard_sender_srpt_forced_rr,42,114.0
tail_gate_r090_s2,guard_sender_srpt_non_rr,42,39334.0
tail_gate_r090_s2,guard_sender_srpt_selections,42,249309.0
tail_gate_r090_s2,guard_srpt_quantum_packets,42,64.0
tail_gate_r090_s2,guard_tail_bypass_bdps,42,8.0
tail_gate_r090_s2,guard_tail_bypass_enabled,42,1.0
tail_gate_r090_s2,guard_tail_bypass_feedbacks,42,11011.0
tail_gate_r090_s2,guard_tail_bypass_flows,42,274.0
tail_gate_r090_s2,hpcc_actual_rate_changes,42,191.0
tail_gate_r090_s2,hpcc_fast_computations,42,0.0
tail_gate_r090_s2,hpcc_feedback_updates,42,2350.0
tail_gate_r090_s2,hpcc_full_computations,42,636.0
tail_gate_r090_s2,hpcc_rate_updates_applied,42,636.0
tail_gate_r090_s2,hpcc_valid_feedback,42,782.0
tail_gate_r090_s2,int_hops_after_strip,42,31076.0
tail_gate_r090_s2,int_hops_before_strip,42,61084.0
tail_gate_r090_s2,int_records_stripped,42,30008.0
tail_gate_r090_s2,irn_nacks_generated,42,0.0
tail_gate_r090_s2,irn_nacks_received,42,0.0
tail_gate_r090_s2,irn_retransmit_bytes,42,0.0
tail_gate_r090_s2,irn_retransmit_packets,42,0.0
tail_gate_r090_s2,le_8KB_fct_us_mean,42,7.02955408908791
tail_gate_r090_s2,le_8KB_fct_us_p95,42,9.1099
tail_gate_r090_s2,le_8KB_fct_us_p99,42,9.37974
tail_gate_r090_s2,le_8KB_flow_count,42,4243.0
tail_gate_r090_s2,le_8KB_slowdown_mean,42,1.010119951059976
tail_gate_r090_s2,le_8KB_slowdown_p95,42,1.0381010601268783
tail_gate_r090_s2,le_8KB_slowdown_p99,42,1.0797933885254434
tail_gate_r090_s2,long_to_small_slowdown_mean_ratio,42,1.9270457999586055
tail_gate_r090_s2,max_active_flows,42,5.0
tail_gate_r090_s2,overall_fct_us_mean,42,12.410150631044091
tail_gate_r090_s2,overall_fct_us_p95,42,16.605
tail_gate_r090_s2,overall_fct_us_p99,42,191.533
tail_gate_r090_s2,overall_flow_count,42,6101.0
tail_gate_r090_s2,overall_slowdown_mean,42,1.0434834147929533
tail_gate_r090_s2,overall_slowdown_p95,42,1.1530099570658627
tail_gate_r090_s2,overall_slowdown_p99,42,1.721952291964384
tail_gate_r090_s2,pfc_pause_events,42,0.0
tail_gate_r090_s2,pfc_resume_events,42,0.0
tail_gate_r090_s2,proactive_releases,42,346.0
tail_gate_r090_s2,queue_bytes_max,42,282310.0
tail_gate_r090_s2,queue_bytes_mean,42,3082.635
tail_gate_r090_s2,queue_bytes_p95,42,7630.0
tail_gate_r090_s2,queue_bytes_p99,42,103550.0
tail_gate_r090_s2,queue_sample_count,42,160000.0
tail_gate_r090_s2,reactive_binding_rate_changes,42,181.0
tail_gate_r090_s2,reactive_binding_updates,42,181.0
tail_gate_r090_s2,recovery_nacks_generated,42,0.0
tail_gate_r090_s2,recovery_nacks_received,42,0.0
tail_gate_r090_s2,registrations,42,346.0
tail_gate_r090_s2,selected_registrations,42,346.0
tail_gate_r090_s2,tie_binding_rate_changes,42,8.0
tail_gate_r090_s2,tie_binding_updates,42,299.0
tail_gate_r090_s2,timeout_recoveries,42,0.0
tail_gate_r100_s2,1BDP_to_1MB_fct_us_mean,42,46.4873422459893
tail_gate_r100_s2,1BDP_to_1MB_fct_us_p95,42,149.3029
tail_gate_r100_s2,1BDP_to_1MB_fct_us_p99,42,215.87493999999947
tail_gate_r100_s2,1BDP_to_1MB_flow_count,42,187.0
tail_gate_r100_s2,1BDP_to_1MB_slowdown_mean,42,1.3614247073970727
tail_gate_r100_s2,1BDP_to_1MB_slowdown_p95,42,2.202935440828493
tail_gate_r100_s2,1BDP_to_1MB_slowdown_p99,42,3.5241173500767946
tail_gate_r100_s2,8KB_to_1BDP_fct_us_mean,42,9.217756143667296
tail_gate_r100_s2,8KB_to_1BDP_fct_us_p95,42,15.333600000000002
tail_gate_r100_s2,8KB_to_1BDP_fct_us_p99,42,18.67830000000005
tail_gate_r100_s2,8KB_to_1BDP_flow_count,42,1587.0
tail_gate_r100_s2,8KB_to_1BDP_slowdown_mean,42,1.0455726010260398
tail_gate_r100_s2,8KB_to_1BDP_slowdown_p95,42,1.1881565571873405
tail_gate_r100_s2,8KB_to_1BDP_slowdown_p99,42,1.3527558324394648
tail_gate_r100_s2,aggregate_goodput_gbps,42,194.35205247046156
tail_gate_r100_s2,completion_releases,42,0.0
tail_gate_r100_s2,completion_span_us,42,10138.733
tail_gate_r100_s2,grant_binding_rate_changes,42,2.0
tail_gate_r100_s2,grant_binding_updates,42,155.0
tail_gate_r100_s2,grant_bytes_sent,42,318754.0
tail_gate_r100_s2,grant_event_rate_changes,42,1243.0
tail_gate_r100_s2,grants_received,42,3391.0
tail_gate_r100_s2,grants_sent,42,3391.0
tail_gate_r100_s2,gt_1MB_fct_us_mean,42,266.8374761904762
tail_gate_r100_s2,gt_1MB_fct_us_p95,42,573.6824499999999
tail_gate_r100_s2,gt_1MB_fct_us_p99,42,749.8338900000005
tail_gate_r100_s2,gt_1MB_flow_count,42,84.0
tail_gate_r100_s2,gt_1MB_slowdown_mean,42,1.947450716764958
tail_gate_r100_s2,gt_1MB_slowdown_p95,42,3.591997609791842
tail_gate_r100_s2,gt_1MB_slowdown_p99,42,4.7117424781922885
tail_gate_r100_s2,guard_ack_interval_packets,42,8.0
tail_gate_r100_s2,guard_adaptive_grant_updates,42,0.0
tail_gate_r100_s2,guard_fixed_window,42,1.0
tail_gate_r100_s2,guard_grant_refresh_bdps,42,1.0
tail_gate_r100_s2,guard_long_acks_suppressed,42,166184.0
tail_gate_r100_s2,guard_min_share_fraction,42,0.0
tail_gate_r100_s2,guard_one_rtt_acks_suppressed,42,53117.0
tail_gate_r100_s2,guard_one_rtt_bypass_enabled,42,1.0
tail_gate_r100_s2,guard_one_rtt_bypass_feedbacks,42,5755.0
tail_gate_r100_s2,guard_one_rtt_bypass_flows,42,5755.0
tail_gate_r100_s2,guard_rebalance_events,42,0.0
tail_gate_r100_s2,guard_remaining_aware,42,1.0
tail_gate_r100_s2,guard_remaining_exponent,42,1.0
tail_gate_r100_s2,guard_remaining_refresh_events,42,2270.0
tail_gate_r100_s2,guard_sender_srpt_enabled,42,1.0
tail_gate_r100_s2,guard_sender_srpt_forced_rr,42,114.0
tail_gate_r100_s2,guard_sender_srpt_non_rr,42,39208.0
tail_gate_r100_s2,guard_sender_srpt_selections,42,249309.0
tail_gate_r100_s2,guard_srpt_quantum_packets,42,64.0
tail_gate_r100_s2,guard_tail_bypass_bdps,42,8.0
tail_gate_r100_s2,guard_tail_bypass_enabled,42,1.0
tail_gate_r100_s2,guard_tail_bypass_feedbacks,42,10926.0
tail_gate_r100_s2,guard_tail_bypass_flows,42,276.0
tail_gate_r100_s2,hpcc_actual_rate_changes,42,188.0
tail_gate_r100_s2,hpcc_fast_computations,42,0.0
tail_gate_r100_s2,hpcc_feedback_updates,42,2348.0
tail_gate_r100_s2,hpcc_full_computations,42,633.0
tail_gate_r100_s2,hpcc_rate_updates_applied,42,633.0
tail_gate_r100_s2,hpcc_valid_feedback,42,779.0
tail_gate_r100_s2,int_hops_after_strip,42,31076.0
tail_gate_r100_s2,int_hops_before_strip,42,61084.0
tail_gate_r100_s2,int_records_stripped,42,30008.0
tail_gate_r100_s2,irn_nacks_generated,42,0.0
tail_gate_r100_s2,irn_nacks_received,42,0.0
tail_gate_r100_s2,irn_retransmit_bytes,42,0.0
tail_gate_r100_s2,irn_retransmit_packets,42,0.0
tail_gate_r100_s2,le_8KB_fct_us_mean,42,7.02956304501532
tail_gate_r100_s2,le_8KB_fct_us_p95,42,9.1099
tail_gate_r100_s2,le_8KB_fct_us_p99,42,9.37974
tail_gate_r100_s2,le_8KB_flow_count,42,4243.0
tail_gate_r100_s2,le_8KB_slowdown_mean,42,1.0101098766194747
tail_gate_r100_s2,le_8KB_slowdown_p95,42,1.037856698159164
tail_gate_r100_s2,le_8KB_slowdown_p99,42,1.0800611769264084
tail_gate_r100_s2,long_to_small_slowdown_mean_ratio,42,1.927959286253564
tail_gate_r100_s2,max_active_flows,42,5.0
tail_gate_r100_s2,overall_fct_us_mean,42,12.38526405507294
tail_gate_r100_s2,overall_fct_us_p95,42,16.605
tail_gate_r100_s2,overall_fct_us_p99,42,191.533
tail_gate_r100_s2,overall_flow_count,42,6101.0
tail_gate_r100_s2,overall_slowdown_mean,42,1.0430080650411844
tail_gate_r100_s2,overall_slowdown_p95,42,1.1524758947540448
tail_gate_r100_s2,overall_slowdown_p99,42,1.721952291964384
tail_gate_r100_s2,pfc_pause_events,42,0.0
tail_gate_r100_s2,pfc_resume_events,42,0.0
tail_gate_r100_s2,proactive_releases,42,346.0
tail_gate_r100_s2,queue_bytes_max,42,282310.0
tail_gate_r100_s2,queue_bytes_mean,42,3072.469
tail_gate_r100_s2,queue_bytes_p95,42,7630.0
tail_gate_r100_s2,queue_bytes_p99,42,104640.0
tail_gate_r100_s2,queue_sample_count,42,160000.0
tail_gate_r100_s2,reactive_binding_rate_changes,42,179.0
tail_gate_r100_s2,reactive_binding_updates,42,179.0
tail_gate_r100_s2,recovery_nacks_generated,42,0.0
tail_gate_r100_s2,recovery_nacks_received,42,0.0
tail_gate_r100_s2,registrations,42,346.0
tail_gate_r100_s2,selected_registrations,42,346.0
tail_gate_r100_s2,tie_binding_rate_changes,42,7.0
tail_gate_r100_s2,tie_binding_updates,42,299.0
tail_gate_r100_s2,timeout_recoveries,42,0.0
tail_ungated,1BDP_to_1MB_fct_us_mean,43,46.93536453201971
tail_ungated,1BDP_to_1MB_fct_us_p95,43,129.4975
tail_ungated,1BDP_to_1MB_fct_us_p99,43,228.12505999999937
tail_ungated,1BDP_to_1MB_flow_count,43,203.0
tail_ungated,1BDP_to_1MB_slowdown_mean,43,1.2984531447784455
tail_ungated,1BDP_to_1MB_slowdown_p95,43,1.8103329085688922
tail_ungated,1BDP_to_1MB_slowdown_p99,43,2.7433914225256135
tail_ungated,8KB_to_1BDP_fct_us_mean,43,9.134729694606888
tail_ungated,8KB_to_1BDP_fct_us_p95,43,14.983699999999999
tail_ungated,8KB_to_1BDP_fct_us_p99,43,17.823939999999997
tail_ungated,8KB_to_1BDP_flow_count,43,1539.0
tail_ungated,8KB_to_1BDP_slowdown_mean,43,1.0442427589255308
tail_ungated,8KB_to_1BDP_slowdown_p95,43,1.1740978525884456
tail_ungated,8KB_to_1BDP_slowdown_p99,43,1.3676248492779972
tail_ungated,aggregate_goodput_gbps,43,192.03039001178357
tail_ungated,completion_releases,43,0.0
tail_ungated,completion_span_us,43,10152.283
tail_ungated,grant_binding_rate_changes,43,0.0
tail_ungated,grant_binding_updates,43,61.0
tail_ungated,grant_bytes_sent,43,277958.0
tail_ungated,grant_event_rate_changes,43,831.0
tail_ungated,grants_received,43,2957.0
tail_ungated,grants_sent,43,2957.0
tail_ungated,gt_1MB_fct_us_mean,43,245.0661948051948
tail_ungated,gt_1MB_fct_us_p95,43,487.0504
tail_ungated,gt_1MB_fct_us_p99,43,708.7633599999997
tail_ungated,gt_1MB_flow_count,43,77.0
tail_ungated,gt_1MB_slowdown_mean,43,1.8018519811623475
tail_ungated,gt_1MB_slowdown_p95,43,3.354630938386257
tail_ungated,gt_1MB_slowdown_p99,43,5.057902330431782
tail_ungated,guard_ack_interval_packets,43,8.0
tail_ungated,guard_adaptive_grant_updates,43,0.0
tail_ungated,guard_fixed_window,43,1.0
tail_ungated,guard_grant_refresh_bdps,43,1.0
tail_ungated,guard_long_acks_suppressed,43,165929.0
tail_ungated,guard_min_share_fraction,43,0.0
tail_ungated,guard_one_rtt_acks_suppressed,43,50892.0
tail_ungated,guard_one_rtt_bypass_enabled,43,1.0
tail_ungated,guard_one_rtt_bypass_feedbacks,43,5602.0
tail_ungated,guard_one_rtt_bypass_flows,43,5602.0
tail_ungated,guard_rebalance_events,43,0.0
tail_ungated,guard_remaining_aware,43,1.0
tail_ungated,guard_remaining_exponent,43,1.0
tail_ungated,guard_remaining_refresh_events,43,2049.0
tail_ungated,guard_sender_srpt_enabled,43,1.0
tail_ungated,guard_sender_srpt_forced_rr,43,106.0
tail_ungated,guard_sender_srpt_non_rr,43,31886.0
tail_ungated,guard_sender_srpt_selections,43,246679.0
tail_ungated,guard_srpt_quantum_packets,43,64.0
tail_ungated,guard_tail_bypass_bdps,43,8.0
tail_ungated,guard_tail_bypass_enabled,43,1.0
tail_ungated,guard_tail_bypass_feedbacks,43,14625.0
tail_ungated,guard_tail_bypass_flows,43,369.0
tail_ungated,hpcc_actual_rate_changes,43,64.0
tail_ungated,hpcc_fast_computations,43,0.0
tail_ungated,hpcc_feedback_updates,43,1416.0
tail_ungated,hpcc_full_computations,43,425.0
tail_ungated,hpcc_rate_updates_applied,43,425.0
tail_ungated,hpcc_valid_feedback,43,482.0
tail_ungated,int_hops_after_strip,43,35778.0
tail_ungated,int_hops_before_strip,43,65636.0
tail_ungated,int_records_stripped,43,29858.0
tail_ungated,irn_nacks_generated,43,0.0
tail_ungated,irn_nacks_received,43,0.0
tail_ungated,irn_retransmit_bytes,43,0.0
tail_ungated,irn_retransmit_packets,43,0.0
tail_ungated,le_8KB_fct_us_mean,43,6.988082851637765
tail_ungated,le_8KB_fct_us_p95,43,9.134899999999998
tail_ungated,le_8KB_fct_us_p99,43,9.452
tail_ungated,le_8KB_flow_count,43,4152.0
tail_ungated,le_8KB_slowdown_mean,43,1.0109229628213217
tail_ungated,le_8KB_slowdown_p95,43,1.0382074201481233
tail_ungated,le_8KB_slowdown_p99,43,1.092395399620297
tail_ungated,long_to_small_slowdown_mean_ratio,43,1.7823830770780709
tail_ungated,max_active_flows,43,4.0
tail_ungated,overall_fct_us_mean,43,11.969660860827332
tail_ungated,overall_fct_us_p95,43,16.7845
tail_ungated,overall_fct_us_p99,43,178.70850000000064
tail_ungated,overall_flow_count,43,5971.0
tail_ungated,overall_slowdown_mean,43,1.0394859049673495
tail_ungated,overall_slowdown_p95,43,1.1460869948995354
tail_ungated,overall_slowdown_p99,43,1.5593459476004414
tail_ungated,pfc_pause_events,43,0.0
tail_ungated,pfc_resume_events,43,0.0
tail_ungated,proactive_releases,43,369.0
tail_ungated,queue_bytes_max,43,573340.0
tail_ungated,queue_bytes_mean,43,3184.712
tail_ungated,queue_bytes_p95,43,6540.0
tail_ungated,queue_bytes_p99,43,98100.0
tail_ungated,queue_sample_count,43,160000.0
tail_ungated,reactive_binding_rate_changes,43,62.0
tail_ungated,reactive_binding_updates,43,62.0
tail_ungated,recovery_nacks_generated,43,0.0
tail_ungated,recovery_nacks_received,43,0.0
tail_ungated,registrations,43,369.0
tail_ungated,selected_registrations,43,369.0
tail_ungated,tie_binding_rate_changes,43,2.0
tail_ungated,tie_binding_updates,43,302.0
tail_ungated,timeout_recoveries,43,0.0
tail_gate_r080_s2,1BDP_to_1MB_fct_us_mean,43,49.14353694581281
tail_gate_r080_s2,1BDP_to_1MB_fct_us_p95,43,131.64730000000003
tail_gate_r080_s2,1BDP_to_1MB_fct_us_p99,43,248.3335999999998
tail_gate_r080_s2,1BDP_to_1MB_flow_count,43,203.0
tail_gate_r080_s2,1BDP_to_1MB_slowdown_mean,43,1.3331349284210017
tail_gate_r080_s2,1BDP_to_1MB_slowdown_p95,43,1.8103329085688922
tail_gate_r080_s2,1BDP_to_1MB_slowdown_p99,43,2.7692798326172876
tail_gate_r080_s2,8KB_to_1BDP_fct_us_mean,43,9.13599740090968
tail_gate_r080_s2,8KB_to_1BDP_fct_us_p95,43,14.9908
tail_gate_r080_s2,8KB_to_1BDP_fct_us_p99,43,17.807599999999994
tail_gate_r080_s2,8KB_to_1BDP_flow_count,43,1539.0
tail_gate_r080_s2,8KB_to_1BDP_slowdown_mean,43,1.0443110114796377
tail_gate_r080_s2,8KB_to_1BDP_slowdown_p95,43,1.181121332504678
tail_gate_r080_s2,8KB_to_1BDP_slowdown_p99,43,1.3676248492779972
tail_gate_r080_s2,aggregate_goodput_gbps,43,191.12977816635706
tail_gate_r080_s2,completion_releases,43,0.0
tail_gate_r080_s2,completion_span_us,43,10200.121
tail_gate_r080_s2,grant_binding_rate_changes,43,1.0
tail_gate_r080_s2,grant_binding_updates,43,116.0
tail_gate_r080_s2,grant_bytes_sent,43,281248.0
tail_gate_r080_s2,grant_event_rate_changes,43,845.0
tail_gate_r080_s2,grants_received,43,2992.0
tail_gate_r080_s2,grants_sent,43,2992.0
tail_gate_r080_s2,gt_1MB_fct_us_mean,43,249.1935064935065
tail_gate_r080_s2,gt_1MB_fct_us_p95,43,486.27160000000003
tail_gate_r080_s2,gt_1MB_fct_us_p99,43,698.1624799999997
tail_gate_r080_s2,gt_1MB_flow_count,43,77.0
tail_gate_r080_s2,gt_1MB_slowdown_mean,43,1.8346409848707885
tail_gate_r080_s2,gt_1MB_slowdown_p95,43,4.136972719551981
tail_gate_r080_s2,gt_1MB_slowdown_p99,43,4.865642947591098
tail_gate_r080_s2,guard_ack_interval_packets,43,8.0
tail_gate_r080_s2,guard_adaptive_grant_updates,43,0.0
tail_gate_r080_s2,guard_fixed_window,43,1.0
tail_gate_r080_s2,guard_grant_refresh_bdps,43,1.0
tail_gate_r080_s2,guard_long_acks_suppressed,43,165929.0
tail_gate_r080_s2,guard_min_share_fraction,43,0.0
tail_gate_r080_s2,guard_one_rtt_acks_suppressed,43,50892.0
tail_gate_r080_s2,guard_one_rtt_bypass_enabled,43,1.0
tail_gate_r080_s2,guard_one_rtt_bypass_feedbacks,43,5602.0
tail_gate_r080_s2,guard_one_rtt_bypass_flows,43,5602.0
tail_gate_r080_s2,guard_rebalance_events,43,0.0
tail_gate_r080_s2,guard_remaining_aware,43,1.0
tail_gate_r080_s2,guard_remaining_exponent,43,1.0
tail_gate_r080_s2,guard_remaining_refresh_events,43,2051.0
tail_gate_r080_s2,guard_sender_srpt_enabled,43,1.0
tail_gate_r080_s2,guard_sender_srpt_forced_rr,43,102.0
tail_gate_r080_s2,guard_sender_srpt_non_rr,43,31945.0
tail_gate_r080_s2,guard_sender_srpt_selections,43,246679.0
tail_gate_r080_s2,guard_srpt_quantum_packets,43,64.0
tail_gate_r080_s2,guard_tail_bypass_bdps,43,8.0
tail_gate_r080_s2,guard_tail_bypass_enabled,43,1.0
tail_gate_r080_s2,guard_tail_bypass_feedbacks,43,11306.0
tail_gate_r080_s2,guard_tail_bypass_flows,43,281.0
tail_gate_r080_s2,hpcc_actual_rate_changes,43,158.0
tail_gate_r080_s2,hpcc_fast_computations,43,0.0
tail_gate_r080_s2,hpcc_feedback_updates,43,1979.0
tail_gate_r080_s2,hpcc_full_computations,43,701.0
tail_gate_r080_s2,hpcc_rate_updates_applied,43,701.0
tail_gate_r080_s2,hpcc_valid_feedback,43,876.0
tail_gate_r080_s2,int_hops_after_strip,43,35778.0
tail_gate_r080_s2,int_hops_before_strip,43,65636.0
tail_gate_r080_s2,int_records_stripped,43,29858.0
tail_gate_r080_s2,irn_nacks_generated,43,0.0
tail_gate_r080_s2,irn_nacks_received,43,0.0
tail_gate_r080_s2,irn_retransmit_bytes,43,0.0
tail_gate_r080_s2,irn_retransmit_packets,43,0.0
tail_gate_r080_s2,le_8KB_fct_us_mean,43,6.988088872832369
tail_gate_r080_s2,le_8KB_fct_us_p95,43,9.135349999999999
tail_gate_r080_s2,le_8KB_fct_us_p99,43,9.449449999999999
tail_gate_r080_s2,le_8KB_flow_count,43,4152.0
tail_gate_r080_s2,le_8KB_slowdown_mean,43,1.0109470617768197
tail_gate_r080_s2,le_8KB_slowdown_p95,43,1.0382767747478872
tail_gate_r080_s2,le_8KB_slowdown_p99,43,1.092395399620297
tail_gate_r080_s2,long_to_small_slowdown_mean_ratio,43,1.8147745359151264
tail_gate_r080_s2,max_active_flows,43,4.0
tail_gate_r080_s2,overall_fct_us_mean,43,12.098288896332273
tail_gate_r080_s2,overall_fct_us_p95,43,16.775
tail_gate_r080_s2,overall_fct_us_p99,43,181.1501
tail_gate_r080_s2,overall_flow_count,43,5971.0
tail_gate_r080_s2,overall_slowdown_mean,43,1.0411221894940599
tail_gate_r080_s2,overall_slowdown_p95,43,1.1477438398589639
tail_gate_r080_s2,overall_slowdown_p99,43,1.5836514522309757
tail_gate_r080_s2,pfc_pause_events,43,0.0
tail_gate_r080_s2,pfc_resume_events,43,0.0
tail_gate_r080_s2,proactive_releases,43,369.0
tail_gate_r080_s2,queue_bytes_max,43,492680.0
tail_gate_r080_s2,queue_bytes_mean,43,2878.747
tail_gate_r080_s2,queue_bytes_p95,43,6540.0
tail_gate_r080_s2,queue_bytes_p99,43,92650.0
tail_gate_r080_s2,queue_sample_count,43,160000.0
tail_gate_r080_s2,reactive_binding_rate_changes,43,151.0
tail_gate_r080_s2,reactive_binding_updates,43,151.0
tail_gate_r080_s2,recovery_nacks_generated,43,0.0
tail_gate_r080_s2,recovery_nacks_received,43,0.0
tail_gate_r080_s2,registrations,43,369.0
tail_gate_r080_s2,selected_registrations,43,369.0
tail_gate_r080_s2,tie_binding_rate_changes,43,6.0
tail_gate_r080_s2,tie_binding_updates,43,434.0
tail_gate_r080_s2,timeout_recoveries,43,0.0
tail_gate_r090_s2,1BDP_to_1MB_fct_us_mean,43,49.17302463054187
tail_gate_r090_s2,1BDP_to_1MB_fct_us_p95,43,131.64730000000003
tail_gate_r090_s2,1BDP_to_1MB_fct_us_p99,43,248.3335999999998
tail_gate_r090_s2,1BDP_to_1MB_flow_count,43,203.0
tail_gate_r090_s2,1BDP_to_1MB_slowdown_mean,43,1.3337991811217609
tail_gate_r090_s2,1BDP_to_1MB_slowdown_p95,43,1.8103329085688922
tail_gate_r090_s2,1BDP_to_1MB_slowdown_p99,43,2.7692798326172876
tail_gate_r090_s2,8KB_to_1BDP_fct_us_mean,43,9.136003898635478
tail_gate_r090_s2,8KB_to_1BDP_fct_us_p95,43,14.9908
tail_gate_r090_s2,8KB_to_1BDP_fct_us_p99,43,17.807599999999994
tail_gate_r090_s2,8KB_to_1BDP_flow_count,43,1539.0
tail_gate_r090_s2,8KB_to_1BDP_slowdown_mean,43,1.0443271942593944
tail_gate_r090_s2,8KB_to_1BDP_slowdown_p95,43,1.181121332504678
tail_gate_r090_s2,8KB_to_1BDP_slowdown_p99,43,1.3676248492779972
tail_gate_r090_s2,aggregate_goodput_gbps,43,191.02246975778894
tail_gate_r090_s2,completion_releases,43,0.0
tail_gate_r090_s2,completion_span_us,43,10205.851
tail_gate_r090_s2,grant_binding_rate_changes,43,1.0
tail_gate_r090_s2,grant_binding_updates,43,112.0
tail_gate_r090_s2,grant_bytes_sent,43,280872.0
tail_gate_r090_s2,grant_event_rate_changes,43,843.0
tail_gate_r090_s2,grants_received,43,2988.0
tail_gate_r090_s2,grants_sent,43,2988.0
tail_gate_r090_s2,gt_1MB_fct_us_mean,43,249.41514285714285
tail_gate_r090_s2,gt_1MB_fct_us_p95,43,487.37780000000004
tail_gate_r090_s2,gt_1MB_fct_us_p99,43,697.7194799999997
tail_gate_r090_s2,gt_1MB_flow_count,43,77.0
tail_gate_r090_s2,gt_1MB_slowdown_mean,43,1.8365045737241161
tail_gate_r090_s2,gt_1MB_slowdown_p95,43,4.142839343419467
tail_gate_r090_s2,gt_1MB_slowdown_p99,43,4.882226256335455
tail_gate_r090_s2,guard_ack_interval_packets,43,8.0
tail_gate_r090_s2,guard_adaptive_grant_updates,43,0.0
tail_gate_r090_s2,guard_fixed_window,43,1.0
tail_gate_r090_s2,guard_grant_refresh_bdps,43,1.0
tail_gate_r090_s2,guard_long_acks_suppressed,43,165929.0
tail_gate_r090_s2,guard_min_share_fraction,43,0.0
tail_gate_r090_s2,guard_one_rtt_acks_suppressed,43,50892.0
tail_gate_r090_s2,guard_one_rtt_bypass_enabled,43,1.0
tail_gate_r090_s2,guard_one_rtt_bypass_feedbacks,43,5602.0
tail_gate_r090_s2,guard_one_rtt_bypass_flows,43,5602.0
tail_gate_r090_s2,guard_rebalance_events,43,0.0
tail_gate_r090_s2,guard_remaining_aware,43,1.0
tail_gate_r090_s2,guard_remaining_exponent,43,1.0
tail_gate_r090_s2,guard_remaining_refresh_events,43,2050.0
tail_gate_r090_s2,guard_sender_srpt_enabled,43,1.0
tail_gate_r090_s2,guard_sender_srpt_forced_rr,43,102.0
tail_gate_r090_s2,guard_sender_srpt_non_rr,43,31900.0
tail_gate_r090_s2,guard_sender_srpt_selections,43,246679.0
tail_gate_r090_s2,guard_srpt_quantum_packets,43,64.0
tail_gate_r090_s2,guard_tail_bypass_bdps,43,8.0
tail_gate_r090_s2,guard_tail_bypass_enabled,43,1.0
tail_gate_r090_s2,guard_tail_bypass_feedbacks,43,11374.0
tail_gate_r090_s2,guard_tail_bypass_flows,43,281.0
tail_gate_r090_s2,hpcc_actual_rate_changes,43,153.0
tail_gate_r090_s2,hpcc_fast_computations,43,0.0
tail_gate_r090_s2,hpcc_feedback_updates,43,1969.0
tail_gate_r090_s2,hpcc_full_computations,43,691.0
tail_gate_r090_s2,hpcc_rate_updates_applied,43,691.0
tail_gate_r090_s2,hpcc_valid_feedback,43,866.0
tail_gate_r090_s2,int_hops_after_strip,43,35778.0
tail_gate_r090_s2,int_hops_before_strip,43,65636.0
tail_gate_r090_s2,int_records_stripped,43,29858.0
tail_gate_r090_s2,irn_nacks_generated,43,0.0
tail_gate_r090_s2,irn_nacks_received,43,0.0
tail_gate_r090_s2,irn_retransmit_bytes,43,0.0
tail_gate_r090_s2,irn_retransmit_packets,43,0.0
tail_gate_r090_s2,le_8KB_fct_us_mean,43,6.988301782273603
tail_gate_r090_s2,le_8KB_fct_us_p95,43,9.13645
tail_gate_r090_s2,le_8KB_fct_us_p99,43,9.449449999999999
tail_gate_r090_s2,le_8KB_flow_count,43,4152.0
tail_gate_r090_s2,le_8KB_slowdown_mean,43,1.0109707892912283
tail_gate_r090_s2,le_8KB_slowdown_p95,43,1.0384038911395583
tail_gate_r090_s2,le_8KB_slowdown_p99,43,1.092395399620297
tail_gate_r090_s2,long_to_small_slowdown_mean_ratio,43,1.8165753087798444
tail_gate_r090_s2,max_active_flows,43,4.0
tail_gate_r090_s2,overall_fct_us_mean,43,12.102299279852621
tail_gate_r090_s2,overall_fct_us_p95,43,16.775
tail_gate_r090_s2,overall_fct_us_p99,43,181.1501
tail_gate_r090_s2,overall_flow_count,43,5971.0
tail_gate_r090_s2,overall_slowdown_mean,43,1.041189474970166
tail_gate_r090_s2,overall_slowdown_p95,43,1.1482872116946077
tail_gate_r090_s2,overall_slowdown_p99,43,1.5836514522309757
tail_gate_r090_s2,pfc_pause_events,43,0.0
tail_gate_r090_s2,pfc_resume_events,43,0.0
tail_gate_r090_s2,proactive_releases,43,369.0
tail_gate_r090_s2,queue_bytes_max,43,492680.0
tail_gate_r090_s2,queue_bytes_mean,43,2909.326
tail_gate_r090_s2,queue_bytes_p95,43,6540.0
tail_gate_r090_s2,queue_bytes_p99,43,92650.0
tail_gate_r090_s2,queue_sample_count,43,160000.0
tail_gate_r090_s2,reactive_binding_rate_changes,43,147.0
tail_gate_r090_s2,reactive_binding_updates,43,147.0
tail_gate_r090_s2,recovery_nacks_generated,43,0.0
tail_gate_r090_s2,recovery_nacks_received,43,0.0
tail_gate_r090_s2,registrations,43,369.0
tail_gate_r090_s2,selected_registrations,43,369.0
tail_gate_r090_s2,tie_binding_rate_changes,43,5.0
tail_gate_r090_s2,tie_binding_updates,43,432.0
tail_gate_r090_s2,timeout_recoveries,43,0.0
tail_gate_r100_s2,1BDP_to_1MB_fct_us_mean,43,48.83596551724138
tail_gate_r100_s2,1BDP_to_1MB_fct_us_p95,43,131.64730000000003
tail_gate_r100_s2,1BDP_to_1MB_fct_us_p99,43,248.3335999999998
tail_gate_r100_s2,1BDP_to_1MB_flow_count,43,203.0
tail_gate_r100_s2,1BDP_to_1MB_slowdown_mean,43,1.328138198191944
tail_gate_r100_s2,1BDP_to_1MB_slowdown_p95,43,1.8106039041832143
tail_gate_r100_s2,1BDP_to_1MB_slowdown_p99,43,2.7692798326172876
tail_gate_r100_s2,8KB_to_1BDP_fct_us_mean,43,9.135262508122157
tail_gate_r100_s2,8KB_to_1BDP_fct_us_p95,43,14.932399999999994
tail_gate_r100_s2,8KB_to_1BDP_fct_us_p99,43,17.807599999999994
tail_gate_r100_s2,8KB_to_1BDP_flow_count,43,1539.0
tail_gate_r100_s2,8KB_to_1BDP_slowdown_mean,43,1.04426668932478
tail_gate_r100_s2,8KB_to_1BDP_slowdown_p95,43,1.1753954753157163
tail_gate_r100_s2,8KB_to_1BDP_slowdown_p99,43,1.3676248492779972
tail_gate_r100_s2,aggregate_goodput_gbps,43,191.96547678174537
tail_gate_r100_s2,completion_releases,43,0.0
tail_gate_r100_s2,completion_span_us,43,10155.716
tail_gate_r100_s2,grant_binding_rate_changes,43,1.0
tail_gate_r100_s2,grant_binding_updates,43,111.0
tail_gate_r100_s2,grant_bytes_sent,43,280590.0
tail_gate_r100_s2,grant_event_rate_changes,43,844.0
tail_gate_r100_s2,grants_received,43,2985.0
tail_gate_r100_s2,grants_sent,43,2985.0
tail_gate_r100_s2,gt_1MB_fct_us_mean,43,247.64623376623373
tail_gate_r100_s2,gt_1MB_fct_us_p95,43,485.53440000000006
tail_gate_r100_s2,gt_1MB_fct_us_p99,43,689.7430399999998
tail_gate_r100_s2,gt_1MB_flow_count,43,77.0
tail_gate_r100_s2,gt_1MB_slowdown_mean,43,1.823332886410881
tail_gate_r100_s2,gt_1MB_slowdown_p95,43,4.078680856512112
tail_gate_r100_s2,gt_1MB_slowdown_p99,43,4.821358778217252
tail_gate_r100_s2,guard_ack_interval_packets,43,8.0
tail_gate_r100_s2,guard_adaptive_grant_updates,43,0.0
tail_gate_r100_s2,guard_fixed_window,43,1.0
tail_gate_r100_s2,guard_grant_refresh_bdps,43,1.0
tail_gate_r100_s2,guard_long_acks_suppressed,43,165929.0
tail_gate_r100_s2,guard_min_share_fraction,43,0.0
tail_gate_r100_s2,guard_one_rtt_acks_suppressed,43,50892.0
tail_gate_r100_s2,guard_one_rtt_bypass_enabled,43,1.0
tail_gate_r100_s2,guard_one_rtt_bypass_feedbacks,43,5602.0
tail_gate_r100_s2,guard_one_rtt_bypass_flows,43,5602.0
tail_gate_r100_s2,guard_rebalance_events,43,0.0
tail_gate_r100_s2,guard_remaining_aware,43,1.0
tail_gate_r100_s2,guard_remaining_exponent,43,1.0
tail_gate_r100_s2,guard_remaining_refresh_events,43,2050.0
tail_gate_r100_s2,guard_sender_srpt_enabled,43,1.0
tail_gate_r100_s2,guard_sender_srpt_forced_rr,43,102.0
tail_gate_r100_s2,guard_sender_srpt_non_rr,43,31844.0
tail_gate_r100_s2,guard_sender_srpt_selections,43,246679.0
tail_gate_r100_s2,guard_srpt_quantum_packets,43,64.0
tail_gate_r100_s2,guard_tail_bypass_bdps,43,8.0
tail_gate_r100_s2,guard_tail_bypass_enabled,43,1.0
tail_gate_r100_s2,guard_tail_bypass_feedbacks,43,11497.0
tail_gate_r100_s2,guard_tail_bypass_flows,43,284.0
tail_gate_r100_s2,hpcc_actual_rate_changes,43,143.0
tail_gate_r100_s2,hpcc_fast_computations,43,0.0
tail_gate_r100_s2,hpcc_feedback_updates,43,1945.0
tail_gate_r100_s2,hpcc_full_computations,43,677.0
tail_gate_r100_s2,hpcc_rate_updates_applied,43,677.0
tail_gate_r100_s2,hpcc_valid_feedback,43,852.0
tail_gate_r100_s2,int_hops_after_strip,43,35778.0
tail_gate_r100_s2,int_hops_before_strip,43,65636.0
tail_gate_r100_s2,int_records_stripped,43,29858.0
tail_gate_r100_s2,irn_nacks_generated,43,0.0
tail_gate_r100_s2,irn_nacks_received,43,0.0
tail_gate_r100_s2,irn_retransmit_bytes,43,0.0
tail_gate_r100_s2,irn_retransmit_packets,43,0.0
tail_gate_r100_s2,le_8KB_fct_us_mean,43,6.98804527938343
tail_gate_r100_s2,le_8KB_fct_us_p95,43,9.13645
tail_gate_r100_s2,le_8KB_fct_us_p99,43,9.449449999999999
tail_gate_r100_s2,le_8KB_flow_count,43,4152.0
tail_gate_r100_s2,le_8KB_slowdown_mean,43,1.010917885345378
tail_gate_r100_s2,le_8KB_slowdown_p95,43,1.038655201834215
tail_gate_r100_s2,le_8KB_slowdown_p99,43,1.0906334439171523
tail_gate_r100_s2,long_to_small_slowdown_mean_ratio,43,1.8036409414083552
tail_gate_r100_s2,max_active_flows,43,4.0
tail_gate_r100_s2,overall_fct_us_mean,43,12.06765935354212
tail_gate_r100_s2,overall_fct_us_p95,43,16.7845
tail_gate_r100_s2,overall_fct_us_p99,43,181.1501
tail_gate_r100_s2,overall_flow_count,43,5971.0
tail_gate_r100_s2,overall_slowdown_mean,43,1.040774774964235
tail_gate_r100_s2,overall_slowdown_p95,43,1.146807831910602
tail_gate_r100_s2,overall_slowdown_p99,43,1.5849492402376242
tail_gate_r100_s2,pfc_pause_events,43,0.0
tail_gate_r100_s2,pfc_resume_events,43,0.0
tail_gate_r100_s2,proactive_releases,43,369.0
tail_gate_r100_s2,queue_bytes_max,43,492680.0
tail_gate_r100_s2,queue_bytes_mean,43,2922.231
tail_gate_r100_s2,queue_bytes_p95,43,6724.0
tail_gate_r100_s2,queue_bytes_p99,43,92650.0
tail_gate_r100_s2,queue_sample_count,43,160000.0
tail_gate_r100_s2,reactive_binding_rate_changes,43,139.0
tail_gate_r100_s2,reactive_binding_updates,43,139.0
tail_gate_r100_s2,recovery_nacks_generated,43,0.0
tail_gate_r100_s2,recovery_nacks_received,43,0.0
tail_gate_r100_s2,registrations,43,369.0
tail_gate_r100_s2,selected_registrations,43,369.0
tail_gate_r100_s2,tie_binding_rate_changes,43,3.0
tail_gate_r100_s2,tie_binding_updates,43,427.0
tail_gate_r100_s2,timeout_recoveries,43,0.0
tail_ungated,1BDP_to_1MB_fct_us_mean,44,55.839378947368424
tail_ungated,1BDP_to_1MB_fct_us_p95,44,170.05280000000005
tail_ungated,1BDP_to_1MB_fct_us_p99,44,220.07565000000022
tail_ungated,1BDP_to_1MB_flow_count,44,190.0
tail_ungated,1BDP_to_1MB_slowdown_mean,44,1.405129190183993
tail_ungated,1BDP_to_1MB_slowdown_p95,44,2.1844595830889166
tail_ungated,1BDP_to_1MB_slowdown_p99,44,2.699693680405139
tail_ungated,8KB_to_1BDP_fct_us_mean,44,9.321632439502944
tail_ungated,8KB_to_1BDP_fct_us_p95,44,14.988199999999996
tail_ungated,8KB_to_1BDP_fct_us_p99,44,18.68428
tail_ungated,8KB_to_1BDP_flow_count,44,1529.0
tail_ungated,8KB_to_1BDP_slowdown_mean,44,1.0496593113163526
tail_ungated,8KB_to_1BDP_slowdown_p95,44,1.218257368954677
tail_ungated,8KB_to_1BDP_slowdown_p99,44,1.4325051898007828
tail_ungated,aggregate_goodput_gbps,44,216.70297584846932
tail_ungated,completion_releases,44,0.0
tail_ungated,completion_span_us,44,10089.257
tail_ungated,grant_binding_rate_changes,44,0.0
tail_ungated,grant_binding_updates,44,144.0
tail_ungated,grant_bytes_sent,44,379478.0
tail_ungated,grant_event_rate_changes,44,1867.0
tail_ungated,grants_received,44,4037.0
tail_ungated,grants_sent,44,4037.0
tail_ungated,gt_1MB_fct_us_mean,44,243.54608421052632
tail_ungated,gt_1MB_fct_us_p95,44,452.33489999999995
tail_ungated,gt_1MB_fct_us_p99,44,539.8562000000003
tail_ungated,gt_1MB_flow_count,44,95.0
tail_ungated,gt_1MB_slowdown_mean,44,1.8210310205038585
tail_ungated,gt_1MB_slowdown_p95,44,2.987965145379814
tail_ungated,gt_1MB_slowdown_p99,44,3.6905728000704396
tail_ungated,guard_ack_interval_packets,44,8.0
tail_ungated,guard_adaptive_grant_updates,44,0.0
tail_ungated,guard_fixed_window,44,1.0
tail_ungated,guard_grant_refresh_bdps,44,1.0
tail_ungated,guard_long_acks_suppressed,44,191561.0
tail_ungated,guard_min_share_fraction,44,0.0
tail_ungated,guard_one_rtt_acks_suppressed,44,51135.0
tail_ungated,guard_one_rtt_bypass_enabled,44,1.0
tail_ungated,guard_one_rtt_bypass_feedbacks,44,5724.0
tail_ungated,guard_one_rtt_bypass_flows,44,5724.0
tail_ungated,guard_rebalance_events,44,0.0
tail_ungated,guard_remaining_aware,44,1.0
tail_ungated,guard_remaining_exponent,44,1.0
tail_ungated,guard_remaining_refresh_events,44,2571.0
tail_ungated,guard_sender_srpt_enabled,44,1.0
tail_ungated,guard_sender_srpt_forced_rr,44,117.0
tail_ungated,guard_sender_srpt_non_rr,44,41564.0
tail_ungated,guard_sender_srpt_selections,44,276354.0
tail_ungated,guard_srpt_quantum_packets,44,64.0
tail_ungated,guard_tail_bypass_bdps,44,8.0
tail_ungated,guard_tail_bypass_enabled,44,1.0
tail_ungated,guard_tail_bypass_feedbacks,44,16100.0
tail_ungated,guard_tail_bypass_flows,44,380.0
tail_ungated,hpcc_actual_rate_changes,44,15.0
tail_ungated,hpcc_fast_computations,44,0.0
tail_ungated,hpcc_feedback_updates,44,2029.0
tail_ungated,hpcc_full_computations,44,489.0
tail_ungated,hpcc_rate_updates_applied,44,489.0
tail_ungated,hpcc_valid_feedback,44,559.0
tail_ungated,int_hops_after_strip,44,36546.0
tail_ungated,int_hops_before_strip,44,70204.0
tail_ungated,int_records_stripped,44,33658.0
tail_ungated,irn_nacks_generated,44,0.0
tail_ungated,irn_nacks_received,44,0.0
tail_ungated,irn_retransmit_bytes,44,0.0
tail_ungated,irn_retransmit_packets,44,0.0
tail_ungated,le_8KB_fct_us_mean,44,7.021618414918414
tail_ungated,le_8KB_fct_us_p95,44,9.143550000000001
tail_ungated,le_8KB_fct_us_p99,44,9.422329999999999
tail_ungated,le_8KB_flow_count,44,4290.0
tail_ungated,le_8KB_slowdown_mean,44,1.0119097075702477
tail_ungated,le_8KB_slowdown_p95,44,1.0425899136322432
tail_ungated,le_8KB_slowdown_p99,44,1.091507609813774
tail_ungated,long_to_small_slowdown_mean_ratio,44,1.7995983306420062
tail_ungated,max_active_flows,44,4.0
tail_ungated,overall_fct_us_mean,44,12.798472968545216
tail_ungated,overall_fct_us_p95,44,17.20340000000003
tail_ungated,overall_fct_us_p99,44,191.48736000000017
tail_ungated,overall_flow_count,44,6104.0
tail_ungated,overall_slowdown_mean,44,1.0461982676215418
tail_ungated,overall_slowdown_p95,44,1.175373782508053
tail_ungated,overall_slowdown_p99,44,1.8995531966797499
tail_ungated,pfc_pause_events,44,0.0
tail_ungated,pfc_resume_events,44,0.0
tail_ungated,proactive_releases,44,380.0
tail_ungated,queue_bytes_max,44,280130.0
tail_ungated,queue_bytes_mean,44,2537.481
tail_ungated,queue_bytes_p95,44,9810.0
tail_ungated,queue_bytes_p99,44,74120.0
tail_ungated,queue_sample_count,44,160000.0
tail_ungated,reactive_binding_rate_changes,44,14.0
tail_ungated,reactive_binding_updates,44,14.0
tail_ungated,recovery_nacks_generated,44,0.0
tail_ungated,recovery_nacks_received,44,0.0
tail_ungated,registrations,44,380.0
tail_ungated,selected_registrations,44,380.0
tail_ungated,tie_binding_rate_changes,44,1.0
tail_ungated,tie_binding_updates,44,331.0
tail_ungated,timeout_recoveries,44,0.0
tail_gate_r080_s2,1BDP_to_1MB_fct_us_mean,44,56.37442631578947
tail_gate_r080_s2,1BDP_to_1MB_fct_us_p95,44,170.05280000000005
tail_gate_r080_s2,1BDP_to_1MB_fct_us_p99,44,219.4810200000002
tail_gate_r080_s2,1BDP_to_1MB_flow_count,44,190.0
tail_gate_r080_s2,1BDP_to_1MB_slowdown_mean,44,1.4154752822465486
tail_gate_r080_s2,1BDP_to_1MB_slowdown_p95,44,2.229551038630241
tail_gate_r080_s2,1BDP_to_1MB_slowdown_p99,44,2.825753948049627
tail_gate_r080_s2,8KB_to_1BDP_fct_us_mean,44,9.319452583387834
tail_gate_r080_s2,8KB_to_1BDP_fct_us_p95,44,14.986599999999996
tail_gate_r080_s2,8KB_to_1BDP_fct_us_p99,44,18.595320000000008
tail_gate_r080_s2,8KB_to_1BDP_flow_count,44,1529.0
tail_gate_r080_s2,8KB_to_1BDP_slowdown_mean,44,1.0494932989009158
tail_gate_r080_s2,8KB_to_1BDP_slowdown_p95,44,1.2091165682351779
tail_gate_r080_s2,8KB_to_1BDP_slowdown_p99,44,1.4325051898007828
tail_gate_r080_s2,aggregate_goodput_gbps,44,216.70297584846932
tail_gate_r080_s2,completion_releases,44,0.0
tail_gate_r080_s2,completion_span_us,44,10089.257
tail_gate_r080_s2,grant_binding_rate_changes,44,1.0
tail_gate_r080_s2,grant_binding_updates,44,191.0
tail_gate_r080_s2,grant_bytes_sent,44,379008.0
tail_gate_r080_s2,grant_event_rate_changes,44,1850.0
tail_gate_r080_s2,grants_received,44,4032.0
tail_gate_r080_s2,grants_sent,44,4032.0
tail_gate_r080_s2,gt_1MB_fct_us_mean,44,242.5215052631579
tail_gate_r080_s2,gt_1MB_fct_us_p95,44,451.5407
tail_gate_r080_s2,gt_1MB_fct_us_p99,44,538.6091000000002
tail_gate_r080_s2,gt_1MB_flow_count,44,95.0
tail_gate_r080_s2,gt_1MB_slowdown_mean,44,1.815504882302158
tail_gate_r080_s2,gt_1MB_slowdown_p95,44,2.934185543995578
tail_gate_r080_s2,gt_1MB_slowdown_p99,44,3.694283725828606
tail_gate_r080_s2,guard_ack_interval_packets,44,8.0
tail_gate_r080_s2,guard_adaptive_grant_updates,44,0.0
tail_gate_r080_s2,guard_fixed_window,44,1.0
tail_gate_r080_s2,guard_grant_refresh_bdps,44,1.0
tail_gate_r080_s2,guard_long_acks_suppressed,44,191561.0
tail_gate_r080_s2,guard_min_share_fraction,44,0.0
tail_gate_r080_s2,guard_one_rtt_acks_suppressed,44,51135.0
tail_gate_r080_s2,guard_one_rtt_bypass_enabled,44,1.0
tail_gate_r080_s2,guard_one_rtt_bypass_feedbacks,44,5724.0
tail_gate_r080_s2,guard_one_rtt_bypass_flows,44,5724.0
tail_gate_r080_s2,guard_rebalance_events,44,0.0
tail_gate_r080_s2,guard_remaining_aware,44,1.0
tail_gate_r080_s2,guard_remaining_exponent,44,1.0
tail_gate_r080_s2,guard_remaining_refresh_events,44,2571.0
tail_gate_r080_s2,guard_sender_srpt_enabled,44,1.0
tail_gate_r080_s2,guard_sender_srpt_forced_rr,44,113.0
tail_gate_r080_s2,guard_sender_srpt_non_rr,44,41317.0
tail_gate_r080_s2,guard_sender_srpt_selections,44,276354.0
tail_gate_r080_s2,guard_srpt_quantum_packets,44,64.0
tail_gate_r080_s2,guard_tail_bypass_bdps,44,8.0
tail_gate_r080_s2,guard_tail_bypass_enabled,44,1.0
tail_gate_r080_s2,guard_tail_bypass_feedbacks,44,13594.0
tail_gate_r080_s2,guard_tail_bypass_flows,44,314.0
tail_gate_r080_s2,hpcc_actual_rate_changes,44,57.0
tail_gate_r080_s2,hpcc_fast_computations,44,0.0
tail_gate_r080_s2,hpcc_feedback_updates,44,2449.0
tail_gate_r080_s2,hpcc_full_computations,44,680.0
tail_gate_r080_s2,hpcc_rate_updates_applied,44,680.0
tail_gate_r080_s2,hpcc_valid_feedback,44,836.0
tail_gate_r080_s2,int_hops_after_strip,44,36546.0
tail_gate_r080_s2,int_hops_before_strip,44,70204.0
tail_gate_r080_s2,int_records_stripped,44,33658.0
tail_gate_r080_s2,irn_nacks_generated,44,0.0
tail_gate_r080_s2,irn_nacks_received,44,0.0
tail_gate_r080_s2,irn_retransmit_bytes,44,0.0
tail_gate_r080_s2,irn_retransmit_packets,44,0.0
tail_gate_r080_s2,le_8KB_fct_us_mean,44,7.022018181818182
tail_gate_r080_s2,le_8KB_fct_us_p95,44,9.152
tail_gate_r080_s2,le_8KB_fct_us_p99,44,9.422329999999999
tail_gate_r080_s2,le_8KB_flow_count,44,4290.0
tail_gate_r080_s2,le_8KB_slowdown_mean,44,1.0119500275750906
tail_gate_r080_s2,le_8KB_slowdown_p95,44,1.042382850903402
tail_gate_r080_s2,le_8KB_slowdown_p99,44,1.0915302790480574
tail_gate_r080_s2,long_to_small_slowdown_mean_ratio,44,1.7940657471521642
tail_gate_r080_s2,max_active_flows,44,4.0
tail_gate_r080_s2,overall_fct_us_mean,44,12.79891628440367
tail_gate_r080_s2,overall_fct_us_p95,44,17.20340000000003
tail_gate_r080_s2,overall_fct_us_p99,44,191.48736000000017
tail_gate_r080_s2,overall_flow_count,44,6104.0
tail_gate_r080_s2,overall_slowdown_mean,44,1.0464210582834514
tail_gate_r080_s2,overall_slowdown_p95,44,1.1724650518136372
tail_gate_r080_s2,overall_slowdown_p99,44,1.8998920293713557
tail_gate_r080_s2,pfc_pause_events,44,0.0
tail_gate_r080_s2,pfc_resume_events,44,0.0
tail_gate_r080_s2,proactive_releases,44,380.0
tail_gate_r080_s2,queue_bytes_max,44,253970.0
tail_gate_r080_s2,queue_bytes_mean,44,2493.09
tail_gate_r080_s2,queue_bytes_p95,44,9810.0
tail_gate_r080_s2,queue_bytes_p99,44,73030.0
tail_gate_r080_s2,queue_sample_count,44,160000.0
tail_gate_r080_s2,reactive_binding_rate_changes,44,52.0
tail_gate_r080_s2,reactive_binding_updates,44,52.0
tail_gate_r080_s2,recovery_nacks_generated,44,0.0
tail_gate_r080_s2,recovery_nacks_received,44,0.0
tail_gate_r080_s2,registrations,44,380.0
tail_gate_r080_s2,selected_registrations,44,380.0
tail_gate_r080_s2,tie_binding_rate_changes,44,4.0
tail_gate_r080_s2,tie_binding_updates,44,437.0
tail_gate_r080_s2,timeout_recoveries,44,0.0
tail_gate_r090_s2,1BDP_to_1MB_fct_us_mean,44,56.36426315789473
tail_gate_r090_s2,1BDP_to_1MB_fct_us_p95,44,170.05280000000005
tail_gate_r090_s2,1BDP_to_1MB_fct_us_p99,44,219.4810200000002
tail_gate_r090_s2,1BDP_to_1MB_flow_count,44,190.0
tail_gate_r090_s2,1BDP_to_1MB_slowdown_mean,44,1.4151011985789266
tail_gate_r090_s2,1BDP_to_1MB_slowdown_p95,44,2.2111207888451125
tail_gate_r090_s2,1BDP_to_1MB_slowdown_p99,44,2.825753948049627
tail_gate_r090_s2,8KB_to_1BDP_fct_us_mean,44,9.319563113145847
tail_gate_r090_s2,8KB_to_1BDP_fct_us_p95,44,14.986599999999996
tail_gate_r090_s2,8KB_to_1BDP_fct_us_p99,44,18.595320000000008
tail_gate_r090_s2,8KB_to_1BDP_flow_count,44,1529.0
tail_gate_r090_s2,8KB_to_1BDP_slowdown_mean,44,1.0495084920356448
tail_gate_r090_s2,8KB_to_1BDP_slowdown_p95,44,1.2091165682351779
tail_gate_r090_s2,8KB_to_1BDP_slowdown_p99,44,1.4325051898007828
tail_gate_r090_s2,aggregate_goodput_gbps,44,216.70297584846932
tail_gate_r090_s2,completion_releases,44,0.0
tail_gate_r090_s2,completion_span_us,44,10089.257
tail_gate_r090_s2,grant_binding_rate_changes,44,0.0
tail_gate_r090_s2,grant_binding_updates,44,184.0
tail_gate_r090_s2,grant_bytes_sent,44,378914.0
tail_gate_r090_s2,grant_event_rate_changes,44,1851.0
tail_gate_r090_s2,grants_received,44,4031.0
tail_gate_r090_s2,grants_sent,44,4031.0
tail_gate_r090_s2,gt_1MB_fct_us_mean,44,242.5190315789474
tail_gate_r090_s2,gt_1MB_fct_us_p95,44,451.47490000000005
tail_gate_r090_s2,gt_1MB_fct_us_p99,44,538.6257800000002
tail_gate_r090_s2,gt_1MB_flow_count,44,95.0
tail_gate_r090_s2,gt_1MB_slowdown_mean,44,1.815610593780191
tail_gate_r090_s2,gt_1MB_slowdown_p95,44,2.9338350908233726
tail_gate_r090_s2,gt_1MB_slowdown_p99,44,3.6942317514471843
tail_gate_r090_s2,guard_ack_interval_packets,44,8.0
tail_gate_r090_s2,guard_adaptive_grant_updates,44,0.0
tail_gate_r090_s2,guard_fixed_window,44,1.0
tail_gate_r090_s2,guard_grant_refresh_bdps,44,1.0
tail_gate_r090_s2,guard_long_acks_suppressed,44,191561.0
tail_gate_r090_s2,guard_min_share_fraction,44,0.0
tail_gate_r090_s2,guard_one_rtt_acks_suppressed,44,51135.0
tail_gate_r090_s2,guard_one_rtt_bypass_enabled,44,1.0
tail_gate_r090_s2,guard_one_rtt_bypass_feedbacks,44,5724.0
tail_gate_r090_s2,guard_one_rtt_bypass_flows,44,5724.0
tail_gate_r090_s2,guard_rebalance_events,44,0.0
tail_gate_r090_s2,guard_remaining_aware,44,1.0
tail_gate_r090_s2,guard_remaining_exponent,44,1.0
tail_gate_r090_s2,guard_remaining_refresh_events,44,2571.0
tail_gate_r090_s2,guard_sender_srpt_enabled,44,1.0
tail_gate_r090_s2,guard_sender_srpt_forced_rr,44,114.0
tail_gate_r090_s2,guard_sender_srpt_non_rr,44,41340.0
tail_gate_r090_s2,guard_sender_srpt_selections,44,276354.0
tail_gate_r090_s2,guard_srpt_quantum_packets,44,64.0
tail_gate_r090_s2,guard_tail_bypass_bdps,44,8.0
tail_gate_r090_s2,guard_tail_bypass_enabled,44,1.0
tail_gate_r090_s2,guard_tail_bypass_feedbacks,44,13756.0
tail_gate_r090_s2,guard_tail_bypass_flows,44,316.0
tail_gate_r090_s2,hpcc_actual_rate_changes,44,49.0
tail_gate_r090_s2,hpcc_fast_computations,44,0.0
tail_gate_r090_s2,hpcc_feedback_updates,44,2430.0
tail_gate_r090_s2,hpcc_full_computations,44,663.0
tail_gate_r090_s2,hpcc_rate_updates_applied,44,663.0
tail_gate_r090_s2,hpcc_valid_feedback,44,819.0
tail_gate_r090_s2,int_hops_after_strip,44,36546.0
tail_gate_r090_s2,int_hops_before_strip,44,70204.0
tail_gate_r090_s2,int_records_stripped,44,33658.0
tail_gate_r090_s2,irn_nacks_generated,44,0.0
tail_gate_r090_s2,irn_nacks_received,44,0.0
tail_gate_r090_s2,irn_retransmit_bytes,44,0.0
tail_gate_r090_s2,irn_retransmit_packets,44,0.0
tail_gate_r090_s2,le_8KB_fct_us_mean,44,7.021611421911422
tail_gate_r090_s2,le_8KB_fct_us_p95,44,9.148
tail_gate_r090_s2,le_8KB_fct_us_p99,44,9.419329999999999
tail_gate_r090_s2,le_8KB_flow_count,44,4290.0
tail_gate_r090_s2,le_8KB_slowdown_mean,44,1.0119018610347896
tail_gate_r090_s2,le_8KB_slowdown_p95,44,1.0426679919750947
tail_gate_r090_s2,le_8KB_slowdown_p99,44,1.0902711710033726
tail_gate_r090_s2,long_to_small_slowdown_mean_ratio,44,1.7942556128155687
tail_gate_r090_s2,max_active_flows,44,4.0
tail_gate_r090_s2,overall_fct_us_mean,44,12.798303243774573
tail_gate_r090_s2,overall_fct_us_p95,44,17.20340000000003
tail_gate_r090_s2,overall_fct_us_p99,44,191.48736000000017
tail_gate_r090_s2,overall_flow_count,44,6104.0
tail_gate_r090_s2,overall_slowdown_mean,44,1.0463810128277953
tail_gate_r090_s2,overall_slowdown_p95,44,1.1732550239245008
tail_gate_r090_s2,overall_slowdown_p99,44,1.8996801604981626
tail_gate_r090_s2,pfc_pause_events,44,0.0
tail_gate_r090_s2,pfc_resume_events,44,0.0
tail_gate_r090_s2,proactive_releases,44,380.0
tail_gate_r090_s2,queue_bytes_max,44,253970.0
tail_gate_r090_s2,queue_bytes_mean,44,2497.117
tail_gate_r090_s2,queue_bytes_p95,44,9810.0
tail_gate_r090_s2,queue_bytes_p99,44,73030.0
tail_gate_r090_s2,queue_sample_count,44,160000.0
tail_gate_r090_s2,reactive_binding_rate_changes,44,46.0
tail_gate_r090_s2,reactive_binding_updates,44,46.0
tail_gate_r090_s2,recovery_nacks_generated,44,0.0
tail_gate_r090_s2,recovery_nacks_received,44,0.0
tail_gate_r090_s2,registrations,44,380.0
tail_gate_r090_s2,selected_registrations,44,380.0
tail_gate_r090_s2,tie_binding_rate_changes,44,3.0
tail_gate_r090_s2,tie_binding_updates,44,433.0
tail_gate_r090_s2,timeout_recoveries,44,0.0
tail_gate_r100_s2,1BDP_to_1MB_fct_us_mean,44,56.26006315789474
tail_gate_r100_s2,1BDP_to_1MB_fct_us_p95,44,170.05280000000005
tail_gate_r100_s2,1BDP_to_1MB_fct_us_p99,44,219.29919000000018
tail_gate_r100_s2,1BDP_to_1MB_flow_count,44,190.0
tail_gate_r100_s2,1BDP_to_1MB_slowdown_mean,44,1.4134330470964611
tail_gate_r100_s2,1BDP_to_1MB_slowdown_p95,44,2.252253616450561
tail_gate_r100_s2,1BDP_to_1MB_slowdown_p99,44,2.8195066347936417
tail_gate_r100_s2,8KB_to_1BDP_fct_us_mean,44,9.322377370830608
tail_gate_r100_s2,8KB_to_1BDP_fct_us_p95,44,14.986599999999996
tail_gate_r100_s2,8KB_to_1BDP_fct_us_p99,44,18.68428
tail_gate_r100_s2,8KB_to_1BDP_flow_count,44,1529.0
tail_gate_r100_s2,8KB_to_1BDP_slowdown_mean,44,1.0497846029958897
tail_gate_r100_s2,8KB_to_1BDP_slowdown_p95,44,1.218257368954677
tail_gate_r100_s2,8KB_to_1BDP_slowdown_p99,44,1.4325051898007828
tail_gate_r100_s2,aggregate_goodput_gbps,44,216.70297584846932
tail_gate_r100_s2,completion_releases,44,0.0
tail_gate_r100_s2,completion_span_us,44,10089.257
tail_gate_r100_s2,grant_binding_rate_changes,44,0.0
tail_gate_r100_s2,grant_binding_updates,44,185.0
tail_gate_r100_s2,grant_bytes_sent,44,378914.0
tail_gate_r100_s2,grant_event_rate_changes,44,1855.0
tail_gate_r100_s2,grants_received,44,4031.0
tail_gate_r100_s2,grants_sent,44,4031.0
tail_gate_r100_s2,gt_1MB_fct_us_mean,44,243.48319999999998
tail_gate_r100_s2,gt_1MB_fct_us_p95,44,451.98029999999994
tail_gate_r100_s2,gt_1MB_fct_us_p99,44,539.7966800000003
tail_gate_r100_s2,gt_1MB_flow_count,44,95.0
tail_gate_r100_s2,gt_1MB_slowdown_mean,44,1.8205210187244611
tail_gate_r100_s2,gt_1MB_slowdown_p95,44,2.9873457314783463
tail_gate_r100_s2,gt_1MB_slowdown_p99,44,3.685140974291545
tail_gate_r100_s2,guard_ack_interval_packets,44,8.0
tail_gate_r100_s2,guard_adaptive_grant_updates,44,0.0
tail_gate_r100_s2,guard_fixed_window,44,1.0
tail_gate_r100_s2,guard_grant_refresh_bdps,44,1.0
tail_gate_r100_s2,guard_long_acks_suppressed,44,191561.0
tail_gate_r100_s2,guard_min_share_fraction,44,0.0
tail_gate_r100_s2,guard_one_rtt_acks_suppressed,44,51135.0
tail_gate_r100_s2,guard_one_rtt_bypass_enabled,44,1.0
tail_gate_r100_s2,guard_one_rtt_bypass_feedbacks,44,5724.0
tail_gate_r100_s2,guard_one_rtt_bypass_flows,44,5724.0
tail_gate_r100_s2,guard_rebalance_events,44,0.0
tail_gate_r100_s2,guard_remaining_aware,44,1.0
tail_gate_r100_s2,guard_remaining_exponent,44,1.0
tail_gate_r100_s2,guard_remaining_refresh_events,44,2570.0
tail_gate_r100_s2,guard_sender_srpt_enabled,44,1.0
tail_gate_r100_s2,guard_sender_srpt_forced_rr,44,118.0
tail_gate_r100_s2,guard_sender_srpt_non_rr,44,41453.0
tail_gate_r100_s2,guard_sender_srpt_selections,44,276354.0
tail_gate_r100_s2,guard_srpt_quantum_packets,44,64.0
tail_gate_r100_s2,guard_tail_bypass_bdps,44,8.0
tail_gate_r100_s2,guard_tail_bypass_enabled,44,1.0
tail_gate_r100_s2,guard_tail_bypass_feedbacks,44,13886.0
tail_gate_r100_s2,guard_tail_bypass_flows,44,317.0
tail_gate_r100_s2,hpcc_actual_rate_changes,44,43.0
tail_gate_r100_s2,hpcc_fast_computations,44,0.0
tail_gate_r100_s2,hpcc_feedback_updates,44,2433.0
tail_gate_r100_s2,hpcc_full_computations,44,656.0
tail_gate_r100_s2,hpcc_rate_updates_applied,44,656.0
tail_gate_r100_s2,hpcc_valid_feedback,44,812.0
tail_gate_r100_s2,int_hops_after_strip,44,36546.0
tail_gate_r100_s2,int_hops_before_strip,44,70204.0
tail_gate_r100_s2,int_records_stripped,44,33658.0
tail_gate_r100_s2,irn_nacks_generated,44,0.0
tail_gate_r100_s2,irn_nacks_received,44,0.0
tail_gate_r100_s2,irn_retransmit_bytes,44,0.0
tail_gate_r100_s2,irn_retransmit_packets,44,0.0
tail_gate_r100_s2,le_8KB_fct_us_mean,44,7.020929137529137
tail_gate_r100_s2,le_8KB_fct_us_p95,44,9.148
tail_gate_r100_s2,le_8KB_fct_us_p99,44,9.422329999999999
tail_gate_r100_s2,le_8KB_flow_count,44,4290.0
tail_gate_r100_s2,le_8KB_slowdown_mean,44,1.0118232425977112
tail_gate_r100_s2,le_8KB_slowdown_p95,44,1.0422099643183529
tail_gate_r100_s2,le_8KB_slowdown_p99,44,1.0909950295636013
tail_gate_r100_s2,long_to_small_slowdown_mean_ratio,44,1.799248072272519
tail_gate_r100_s2,max_active_flows,44,4.0
tail_gate_r100_s2,overall_fct_us_mean,44,12.810291120576672
tail_gate_r100_s2,overall_fct_us_p95,44,17.20340000000003
tail_gate_r100_s2,overall_fct_us_p99,44,191.48736000000017
tail_gate_r100_s2,overall_flow_count,44,6104.0
tail_gate_r100_s2,overall_slowdown_mean,44,1.0464194207817903
tail_gate_r100_s2,overall_slowdown_p95,44,1.173730275394446
tail_gate_r100_s2,overall_slowdown_p99,44,1.8998208793766267
tail_gate_r100_s2,pfc_pause_events,44,0.0
tail_gate_r100_s2,pfc_resume_events,44,0.0
tail_gate_r100_s2,proactive_releases,44,380.0
tail_gate_r100_s2,queue_bytes_max,44,262690.0
tail_gate_r100_s2,queue_bytes_mean,44,2502.586
tail_gate_r100_s2,queue_bytes_p95,44,9810.0
tail_gate_r100_s2,queue_bytes_p99,44,74120.0
tail_gate_r100_s2,queue_sample_count,44,160000.0
tail_gate_r100_s2,reactive_binding_rate_changes,44,40.0
tail_gate_r100_s2,reactive_binding_updates,44,40.0
tail_gate_r100_s2,recovery_nacks_generated,44,0.0
tail_gate_r100_s2,recovery_nacks_received,44,0.0
tail_gate_r100_s2,registrations,44,380.0
tail_gate_r100_s2,selected_registrations,44,380.0
tail_gate_r100_s2,tie_binding_rate_changes,44,3.0
tail_gate_r100_s2,tie_binding_updates,44,431.0
tail_gate_r100_s2,timeout_recoveries,44,0.0
tail_ungated,1BDP_to_1MB_fct_us_mean,45,45.72497282608696
tail_ungated,1BDP_to_1MB_fct_us_p95,45,118.30859999999998
tail_ungated,1BDP_to_1MB_fct_us_p99,45,172.0714699999996
tail_ungated,1BDP_to_1MB_flow_count,45,184.0
tail_ungated,1BDP_to_1MB_slowdown_mean,45,1.2812906394842898
tail_ungated,1BDP_to_1MB_slowdown_p95,45,1.8139128937059448
tail_ungated,1BDP_to_1MB_slowdown_p99,45,2.7425681118732808
tail_ungated,8KB_to_1BDP_fct_us_mean,45,9.118792091836735
tail_ungated,8KB_to_1BDP_fct_us_p95,45,14.773550000000004
tail_ungated,8KB_to_1BDP_fct_us_p99,45,18.014439999999965
tail_ungated,8KB_to_1BDP_flow_count,45,1568.0
tail_ungated,8KB_to_1BDP_slowdown_mean,45,1.039304402746732
tail_ungated,8KB_to_1BDP_slowdown_p95,45,1.1530270619658944
tail_ungated,8KB_to_1BDP_slowdown_p99,45,1.3314149344217596
tail_ungated,aggregate_goodput_gbps,45,185.39760749154848
tail_ungated,completion_releases,45,0.0
tail_ungated,completion_span_us,45,10167.404
tail_ungated,grant_binding_rate_changes,45,0.0
tail_ungated,grant_binding_updates,45,59.0
tail_ungated,grant_bytes_sent,45,260662.0
tail_ungated,grant_event_rate_changes,45,742.0
tail_ungated,grants_received,45,2773.0
tail_ungated,grants_sent,45,2773.0
tail_ungated,gt_1MB_fct_us_mean,45,228.42943835616435
tail_ungated,gt_1MB_fct_us_p95,45,388.3124
tail_ungated,gt_1MB_fct_us_p99,45,473.22888
tail_ungated,gt_1MB_flow_count,45,73.0
tail_ungated,gt_1MB_slowdown_mean,45,1.6444582294263743
tail_ungated,gt_1MB_slowdown_p95,45,2.7568827006984744
tail_ungated,gt_1MB_slowdown_p99,45,3.242929573333579
tail_ungated,guard_ack_interval_packets,45,8.0
tail_ungated,guard_adaptive_grant_updates,45,0.0
tail_ungated,guard_fixed_window,45,1.0
tail_ungated,guard_grant_refresh_bdps,45,1.0
tail_ungated,guard_long_acks_suppressed,45,157380.0
tail_ungated,guard_min_share_fraction,45,0.0
tail_ungated,guard_one_rtt_acks_suppressed,45,52552.0
tail_ungated,guard_one_rtt_bypass_enabled,45,1.0
tail_ungated,guard_one_rtt_bypass_feedbacks,45,5750.0
tail_ungated,guard_one_rtt_bypass_flows,45,5750.0
tail_ungated,guard_rebalance_events,45,0.0
tail_ungated,guard_remaining_aware,45,1.0
tail_ungated,guard_remaining_exponent,45,1.0
tail_ungated,guard_remaining_refresh_events,45,2010.0
tail_ungated,guard_sender_srpt_enabled,45,1.0
tail_ungated,guard_sender_srpt_forced_rr,45,115.0
tail_ungated,guard_sender_srpt_non_rr,45,33260.0
tail_ungated,guard_sender_srpt_selections,45,238650.0
tail_ungated,guard_srpt_quantum_packets,45,64.0
tail_ungated,guard_tail_bypass_bdps,45,8.0
tail_ungated,guard_tail_bypass_enabled,45,1.0
tail_ungated,guard_tail_bypass_feedbacks,45,13628.0
tail_ungated,guard_tail_bypass_flows,45,326.0
tail_ungated,hpcc_actual_rate_changes,45,29.0
tail_ungated,hpcc_fast_computations,45,0.0
tail_ungated,hpcc_feedback_updates,45,1453.0
tail_ungated,hpcc_full_computations,45,381.0
tail_ungated,hpcc_rate_updates_applied,45,381.0
tail_ungated,hpcc_valid_feedback,45,433.0
tail_ungated,int_hops_after_strip,45,33496.0
tail_ungated,int_hops_before_strip,45,62214.0
tail_ungated,int_records_stripped,45,28718.0
tail_ungated,irn_nacks_generated,45,0.0
tail_ungated,irn_nacks_received,45,0.0
tail_ungated,irn_retransmit_bytes,45,0.0
tail_ungated,irn_retransmit_packets,45,0.0
tail_ungated,le_8KB_fct_us_mean,45,6.973885438720301
tail_ungated,le_8KB_fct_us_p95,45,9.103
tail_ungated,le_8KB_fct_us_p99,45,9.341000000000001
tail_ungated,le_8KB_flow_count,45,4251.0
tail_ungated,le_8KB_slowdown_mean,45,1.0101315067278174
tail_ungated,le_8KB_slowdown_p95,45,1.0362497712878644
tail_ungated,le_8KB_slowdown_p99,45,1.0832435510159888
tail_ungated,long_to_small_slowdown_mean_ratio,45,1.627964496180672
tail_ungated,max_active_flows,45,4.0
tail_ungated,overall_fct_us_mean,45,11.36158607636603
tail_ungated,overall_fct_us_p95,45,15.63875
tail_ungated,overall_fct_us_p99,45,167.67950000000002
tail_ungated,overall_flow_count,45,6076.0
tail_ungated,overall_slowdown_mean,45,1.033492637758404
tail_ungated,overall_slowdown_p95,45,1.1218824655012474
tail_ungated,overall_slowdown_p99,45,1.5295818744913747
tail_ungated,pfc_pause_events,45,0.0
tail_ungated,pfc_resume_events,45,0.0
tail_ungated,proactive_releases,45,326.0
tail_ungated,queue_bytes_max,45,203830.0
tail_ungated,queue_bytes_mean,45,1995.517
tail_ungated,queue_bytes_p95,45,6540.0
tail_ungated,queue_bytes_p99,45,67580.0
tail_ungated,queue_sample_count,45,160000.0
tail_ungated,reactive_binding_rate_changes,45,28.0
tail_ungated,reactive_binding_updates,45,28.0
tail_ungated,recovery_nacks_generated,45,0.0
tail_ungated,recovery_nacks_received,45,0.0
tail_ungated,registrations,45,326.0
tail_ungated,selected_registrations,45,326.0
tail_ungated,tie_binding_rate_changes,45,1.0
tail_ungated,tie_binding_updates,45,294.0
tail_ungated,timeout_recoveries,45,0.0
tail_gate_r080_s2,1BDP_to_1MB_fct_us_mean,45,45.947114130434784
tail_gate_r080_s2,1BDP_to_1MB_fct_us_p95,45,120.00264999999999
tail_gate_r080_s2,1BDP_to_1MB_fct_us_p99,45,172.0714699999996
tail_gate_r080_s2,1BDP_to_1MB_flow_count,45,184.0
tail_gate_r080_s2,1BDP_to_1MB_slowdown_mean,45,1.2847509243651483
tail_gate_r080_s2,1BDP_to_1MB_slowdown_p95,45,1.8088323285544345
tail_gate_r080_s2,1BDP_to_1MB_slowdown_p99,45,2.7425681118732808
tail_gate_r080_s2,8KB_to_1BDP_fct_us_mean,45,9.119916454081633
tail_gate_r080_s2,8KB_to_1BDP_fct_us_p95,45,14.773550000000004
tail_gate_r080_s2,8KB_to_1BDP_fct_us_p99,45,18.014439999999965
tail_gate_r080_s2,8KB_to_1BDP_flow_count,45,1568.0
tail_gate_r080_s2,8KB_to_1BDP_slowdown_mean,45,1.039440089553986
tail_gate_r080_s2,8KB_to_1BDP_slowdown_p95,45,1.1533008690718995
tail_gate_r080_s2,8KB_to_1BDP_slowdown_p99,45,1.3314149344217596
tail_gate_r080_s2,aggregate_goodput_gbps,45,185.39760749154848
tail_gate_r080_s2,completion_releases,45,0.0
tail_gate_r080_s2,completion_span_us,45,10167.404
tail_gate_r080_s2,grant_binding_rate_changes,45,1.0
tail_gate_r080_s2,grant_binding_updates,45,97.0
tail_gate_r080_s2,grant_bytes_sent,45,261132.0
tail_gate_r080_s2,grant_event_rate_changes,45,743.0
tail_gate_r080_s2,grants_received,45,2778.0
tail_gate_r080_s2,grants_sent,45,2778.0
tail_gate_r080_s2,gt_1MB_fct_us_mean,45,228.38578082191782
tail_gate_r080_s2,gt_1MB_fct_us_p95,45,385.7754
tail_gate_r080_s2,gt_1MB_fct_us_p99,45,472.5482
tail_gate_r080_s2,gt_1MB_flow_count,45,73.0
tail_gate_r080_s2,gt_1MB_slowdown_mean,45,1.6444996239317058
tail_gate_r080_s2,gt_1MB_slowdown_p95,45,2.7568827006984744
tail_gate_r080_s2,gt_1MB_slowdown_p99,45,3.2319644423398812
tail_gate_r080_s2,guard_ack_interval_packets,45,8.0
tail_gate_r080_s2,guard_adaptive_grant_updates,45,0.0
tail_gate_r080_s2,guard_fixed_window,45,1.0
tail_gate_r080_s2,guard_grant_refresh_bdps,45,1.0
tail_gate_r080_s2,guard_long_acks_suppressed,45,157380.0
tail_gate_r080_s2,guard_min_share_fraction,45,0.0
tail_gate_r080_s2,guard_one_rtt_acks_suppressed,45,52552.0
tail_gate_r080_s2,guard_one_rtt_bypass_enabled,45,1.0
tail_gate_r080_s2,guard_one_rtt_bypass_feedbacks,45,5750.0
tail_gate_r080_s2,guard_one_rtt_bypass_flows,45,5750.0
tail_gate_r080_s2,guard_rebalance_events,45,0.0
tail_gate_r080_s2,guard_remaining_aware,45,1.0
tail_gate_r080_s2,guard_remaining_exponent,45,1.0
tail_gate_r080_s2,guard_remaining_refresh_events,45,2010.0
tail_gate_r080_s2,guard_sender_srpt_enabled,45,1.0
tail_gate_r080_s2,guard_sender_srpt_forced_rr,45,114.0
tail_gate_r080_s2,guard_sender_srpt_non_rr,45,32324.0
tail_gate_r080_s2,guard_sender_srpt_selections,45,238650.0
tail_gate_r080_s2,guard_srpt_quantum_packets,45,64.0
tail_gate_r080_s2,guard_tail_bypass_bdps,45,8.0
tail_gate_r080_s2,guard_tail_bypass_enabled,45,1.0
tail_gate_r080_s2,guard_tail_bypass_feedbacks,45,10778.0
tail_gate_r080_s2,guard_tail_bypass_flows,45,257.0
tail_gate_r080_s2,hpcc_actual_rate_changes,45,83.0
tail_gate_r080_s2,hpcc_fast_computations,45,0.0
tail_gate_r080_s2,hpcc_feedback_updates,45,1913.0
tail_gate_r080_s2,hpcc_full_computations,45,606.0
tail_gate_r080_s2,hpcc_rate_updates_applied,45,606.0
tail_gate_r080_s2,hpcc_valid_feedback,45,758.0
tail_gate_r080_s2,int_hops_after_strip,45,33496.0
tail_gate_r080_s2,int_hops_before_strip,45,62214.0
tail_gate_r080_s2,int_records_stripped,45,28718.0
tail_gate_r080_s2,irn_nacks_generated,45,0.0
tail_gate_r080_s2,irn_nacks_received,45,0.0
tail_gate_r080_s2,irn_retransmit_bytes,45,0.0
tail_gate_r080_s2,irn_retransmit_packets,45,0.0
tail_gate_r080_s2,le_8KB_fct_us_mean,45,6.973981651376147
tail_gate_r080_s2,le_8KB_fct_us_p95,45,9.101500000000001
tail_gate_r080_s2,le_8KB_fct_us_p99,45,9.341999999999999
tail_gate_r080_s2,le_8KB_flow_count,45,4251.0
tail_gate_r080_s2,le_8KB_slowdown_mean,45,1.0101331675992244
tail_gate_r080_s2,le_8KB_slowdown_p95,45,1.0358154666481956
tail_gate_r080_s2,le_8KB_slowdown_p99,45,1.0832435510159888
tail_gate_r080_s2,long_to_small_slowdown_mean_ratio,45,1.6280027987202668
tail_gate_r080_s2,max_active_flows,45,4.0
tail_gate_r080_s2,overall_fct_us_mean,45,11.368146148782094
tail_gate_r080_s2,overall_fct_us_p95,45,15.6375
tail_gate_r080_s2,overall_fct_us_p99,45,167.72575
tail_gate_r080_s2,overall_flow_count,45,6076.0
tail_gate_r080_s2,overall_slowdown_mean,45,1.0336341011381096
tail_gate_r080_s2,overall_slowdown_p95,45,1.1226554309174297
tail_gate_r080_s2,overall_slowdown_p99,45,1.5305115102687015
tail_gate_r080_s2,pfc_pause_events,45,0.0
tail_gate_r080_s2,pfc_resume_events,45,0.0
tail_gate_r080_s2,proactive_releases,45,326.0
tail_gate_r080_s2,queue_bytes_max,45,201650.0
tail_gate_r080_s2,queue_bytes_mean,45,1931.385
tail_gate_r080_s2,queue_bytes_p95,45,6234.0
tail_gate_r080_s2,queue_bytes_p99,45,64310.0
tail_gate_r080_s2,queue_sample_count,45,160000.0
tail_gate_r080_s2,reactive_binding_rate_changes,45,77.0
tail_gate_r080_s2,reactive_binding_updates,45,77.0
tail_gate_r080_s2,recovery_nacks_generated,45,0.0
tail_gate_r080_s2,recovery_nacks_received,45,0.0
tail_gate_r080_s2,registrations,45,326.0
tail_gate_r080_s2,selected_registrations,45,326.0
tail_gate_r080_s2,tie_binding_rate_changes,45,5.0
tail_gate_r080_s2,tie_binding_updates,45,432.0
tail_gate_r080_s2,timeout_recoveries,45,0.0
tail_gate_r090_s2,1BDP_to_1MB_fct_us_mean,45,45.95908695652174
tail_gate_r090_s2,1BDP_to_1MB_fct_us_p95,45,118.53989999999999
tail_gate_r090_s2,1BDP_to_1MB_fct_us_p99,45,172.0714699999996
tail_gate_r090_s2,1BDP_to_1MB_flow_count,45,184.0
tail_gate_r090_s2,1BDP_to_1MB_slowdown_mean,45,1.2851284143818593
tail_gate_r090_s2,1BDP_to_1MB_slowdown_p95,45,1.810502306049784
tail_gate_r090_s2,1BDP_to_1MB_slowdown_p99,45,2.7425681118732808
tail_gate_r090_s2,8KB_to_1BDP_fct_us_mean,45,9.122108418367347
tail_gate_r090_s2,8KB_to_1BDP_fct_us_p95,45,14.773550000000004
tail_gate_r090_s2,8KB_to_1BDP_fct_us_p99,45,18.014439999999965
tail_gate_r090_s2,8KB_to_1BDP_flow_count,45,1568.0
tail_gate_r090_s2,8KB_to_1BDP_slowdown_mean,45,1.039656042904264
tail_gate_r090_s2,8KB_to_1BDP_slowdown_p95,45,1.153883842600477
tail_gate_r090_s2,8KB_to_1BDP_slowdown_p99,45,1.3314149344217596
tail_gate_r090_s2,aggregate_goodput_gbps,45,185.39760749154848
tail_gate_r090_s2,completion_releases,45,0.0
tail_gate_r090_s2,completion_span_us,45,10167.404
tail_gate_r090_s2,grant_binding_rate_changes,45,0.0
tail_gate_r090_s2,grant_binding_updates,45,93.0
tail_gate_r090_s2,grant_bytes_sent,45,261132.0
tail_gate_r090_s2,grant_event_rate_changes,45,745.0
tail_gate_r090_s2,grants_received,45,2778.0
tail_gate_r090_s2,grants_sent,45,2778.0
tail_gate_r090_s2,gt_1MB_fct_us_mean,45,228.41824657534247
tail_gate_r090_s2,gt_1MB_fct_us_p95,45,385.782
tail_gate_r090_s2,gt_1MB_fct_us_p99,45,472.78844000000004
tail_gate_r090_s2,gt_1MB_flow_count,45,73.0
tail_gate_r090_s2,gt_1MB_slowdown_mean,45,1.6447272524441505
tail_gate_r090_s2,gt_1MB_slowdown_p95,45,2.7568827006984744
tail_gate_r090_s2,gt_1MB_slowdown_p99,45,3.2358344885729506
tail_gate_r090_s2,guard_ack_interval_packets,45,8.0
tail_gate_r090_s2,guard_adaptive_grant_updates,45,0.0
tail_gate_r090_s2,guard_fixed_window,45,1.0
tail_gate_r090_s2,guard_grant_refresh_bdps,45,1.0
tail_gate_r090_s2,guard_long_acks_suppressed,45,157380.0
tail_gate_r090_s2,guard_min_share_fraction,45,0.0
tail_gate_r090_s2,guard_one_rtt_acks_suppressed,45,52552.0
tail_gate_r090_s2,guard_one_rtt_bypass_enabled,45,1.0
tail_gate_r090_s2,guard_one_rtt_bypass_feedbacks,45,5750.0
tail_gate_r090_s2,guard_one_rtt_bypass_flows,45,5750.0
tail_gate_r090_s2,guard_rebalance_events,45,0.0
tail_gate_r090_s2,guard_remaining_aware,45,1.0
tail_gate_r090_s2,guard_remaining_exponent,45,1.0
tail_gate_r090_s2,guard_remaining_refresh_events,45,2010.0
tail_gate_r090_s2,guard_sender_srpt_enabled,45,1.0
tail_gate_r090_s2,guard_sender_srpt_forced_rr,45,115.0
tail_gate_r090_s2,guard_sender_srpt_non_rr,45,32815.0
tail_gate_r090_s2,guard_sender_srpt_selections,45,238650.0
tail_gate_r090_s2,guard_srpt_quantum_packets,45,64.0
tail_gate_r090_s2,guard_tail_bypass_bdps,45,8.0
tail_gate_r090_s2,guard_tail_bypass_enabled,45,1.0
tail_gate_r090_s2,guard_tail_bypass_feedbacks,45,11056.0
tail_gate_r090_s2,guard_tail_bypass_flows,45,260.0
tail_gate_r090_s2,hpcc_actual_rate_changes,45,65.0
tail_gate_r090_s2,hpcc_fast_computations,45,0.0
tail_gate_r090_s2,hpcc_feedback_updates,45,1884.0
tail_gate_r090_s2,hpcc_full_computations,45,578.0
tail_gate_r090_s2,hpcc_rate_updates_applied,45,578.0
tail_gate_r090_s2,hpcc_valid_feedback,45,730.0
tail_gate_r090_s2,int_hops_after_strip,45,33496.0
tail_gate_r090_s2,int_hops_before_strip,45,62214.0
tail_gate_r090_s2,int_records_stripped,45,28718.0
tail_gate_r090_s2,irn_nacks_generated,45,0.0
tail_gate_r090_s2,irn_nacks_received,45,0.0
tail_gate_r090_s2,irn_retransmit_bytes,45,0.0
tail_gate_r090_s2,irn_retransmit_packets,45,0.0
tail_gate_r090_s2,le_8KB_fct_us_mean,45,6.974049870618678
tail_gate_r090_s2,le_8KB_fct_us_p95,45,9.103
tail_gate_r090_s2,le_8KB_fct_us_p99,45,9.337
tail_gate_r090_s2,le_8KB_flow_count,45,4251.0
tail_gate_r090_s2,le_8KB_slowdown_mean,45,1.0101533160483005
tail_gate_r090_s2,le_8KB_slowdown_p95,45,1.0359224909085822
tail_gate_r090_s2,le_8KB_slowdown_p99,45,1.0832435510159888
tail_gate_r090_s2,long_to_small_slowdown_mean_ratio,45,1.628195667246127
tail_gate_r090_s2,max_active_flows,45,4.0
tail_gate_r090_s2,overall_fct_us_mean,45,11.369512179065175
tail_gate_r090_s2,overall_fct_us_p95,45,15.63875
tail_gate_r090_s2,overall_fct_us_p99,45,167.7145
tail_gate_r090_s2,overall_flow_count,45,6076.0
tail_gate_r090_s2,overall_slowdown_mean,45,1.0337180940536368
tail_gate_r090_s2,overall_slowdown_p95,45,1.1241650122370435
tail_gate_r090_s2,overall_slowdown_p99,45,1.5296120902317611
tail_gate_r090_s2,pfc_pause_events,45,0.0
tail_gate_r090_s2,pfc_resume_events,45,0.0
tail_gate_r090_s2,proactive_releases,45,326.0
tail_gate_r090_s2,queue_bytes_max,45,201650.0
tail_gate_r090_s2,queue_bytes_mean,45,1943.873
tail_gate_r090_s2,queue_bytes_p95,45,6013.0
tail_gate_r090_s2,queue_bytes_p99,45,64310.0
tail_gate_r090_s2,queue_sample_count,45,160000.0
tail_gate_r090_s2,reactive_binding_rate_changes,45,62.0
tail_gate_r090_s2,reactive_binding_updates,45,62.0
tail_gate_r090_s2,recovery_nacks_generated,45,0.0
tail_gate_r090_s2,recovery_nacks_received,45,0.0
tail_gate_r090_s2,registrations,45,326.0
tail_gate_r090_s2,selected_registrations,45,326.0
tail_gate_r090_s2,tie_binding_rate_changes,45,3.0
tail_gate_r090_s2,tie_binding_updates,45,423.0
tail_gate_r090_s2,timeout_recoveries,45,0.0
tail_gate_r100_s2,1BDP_to_1MB_fct_us_mean,45,45.82425
tail_gate_r100_s2,1BDP_to_1MB_fct_us_p95,45,118.30859999999998
tail_gate_r100_s2,1BDP_to_1MB_fct_us_p99,45,172.0714699999996
tail_gate_r100_s2,1BDP_to_1MB_flow_count,45,184.0
tail_gate_r100_s2,1BDP_to_1MB_slowdown_mean,45,1.2827517791416074
tail_gate_r100_s2,1BDP_to_1MB_slowdown_p95,45,1.810502306049784
tail_gate_r100_s2,1BDP_to_1MB_slowdown_p99,45,2.7425681118732808
tail_gate_r100_s2,8KB_to_1BDP_fct_us_mean,45,9.120508290816327
tail_gate_r100_s2,8KB_to_1BDP_fct_us_p95,45,14.773550000000004
tail_gate_r100_s2,8KB_to_1BDP_fct_us_p99,45,18.014439999999965
tail_gate_r100_s2,8KB_to_1BDP_flow_count,45,1568.0
tail_gate_r100_s2,8KB_to_1BDP_slowdown_mean,45,1.03948505553659
tail_gate_r100_s2,8KB_to_1BDP_slowdown_p95,45,1.1534703463496154
tail_gate_r100_s2,8KB_to_1BDP_slowdown_p99,45,1.3314149344217596
tail_gate_r100_s2,aggregate_goodput_gbps,45,185.39760749154848
tail_gate_r100_s2,completion_releases,45,0.0
tail_gate_r100_s2,completion_span_us,45,10167.404
tail_gate_r100_s2,grant_binding_rate_changes,45,0.0
tail_gate_r100_s2,grant_binding_updates,45,87.0
tail_gate_r100_s2,grant_bytes_sent,45,260662.0
tail_gate_r100_s2,grant_event_rate_changes,45,738.0
tail_gate_r100_s2,grants_received,45,2773.0
tail_gate_r100_s2,grants_sent,45,2773.0
tail_gate_r100_s2,gt_1MB_fct_us_mean,45,228.44021917808217
tail_gate_r100_s2,gt_1MB_fct_us_p95,45,389.85800000000006
tail_gate_r100_s2,gt_1MB_fct_us_p99,45,472.5482
tail_gate_r100_s2,gt_1MB_flow_count,45,73.0
tail_gate_r100_s2,gt_1MB_slowdown_mean,45,1.644655080755198
tail_gate_r100_s2,gt_1MB_slowdown_p95,45,2.7568827006984744
tail_gate_r100_s2,gt_1MB_slowdown_p99,45,3.2319644423398812
tail_gate_r100_s2,guard_ack_interval_packets,45,8.0
tail_gate_r100_s2,guard_adaptive_grant_updates,45,0.0
tail_gate_r100_s2,guard_fixed_window,45,1.0
tail_gate_r100_s2,guard_grant_refresh_bdps,45,1.0
tail_gate_r100_s2,guard_long_acks_suppressed,45,157380.0
tail_gate_r100_s2,guard_min_share_fraction,45,0.0
tail_gate_r100_s2,guard_one_rtt_acks_suppressed,45,52552.0
tail_gate_r100_s2,guard_one_rtt_bypass_enabled,45,1.0
tail_gate_r100_s2,guard_one_rtt_bypass_feedbacks,45,5750.0
tail_gate_r100_s2,guard_one_rtt_bypass_flows,45,5750.0
tail_gate_r100_s2,guard_rebalance_events,45,0.0
tail_gate_r100_s2,guard_remaining_aware,45,1.0
tail_gate_r100_s2,guard_remaining_exponent,45,1.0
tail_gate_r100_s2,guard_remaining_refresh_events,45,2010.0
tail_gate_r100_s2,guard_sender_srpt_enabled,45,1.0
tail_gate_r100_s2,guard_sender_srpt_forced_rr,45,116.0
tail_gate_r100_s2,guard_sender_srpt_non_rr,45,33081.0
tail_gate_r100_s2,guard_sender_srpt_selections,45,238650.0
tail_gate_r100_s2,guard_srpt_quantum_packets,45,64.0
tail_gate_r100_s2,guard_tail_bypass_bdps,45,8.0
tail_gate_r100_s2,guard_tail_bypass_enabled,45,1.0
tail_gate_r100_s2,guard_tail_bypass_feedbacks,45,11225.0
tail_gate_r100_s2,guard_tail_bypass_flows,45,263.0
tail_gate_r100_s2,hpcc_actual_rate_changes,45,52.0
tail_gate_r100_s2,hpcc_fast_computations,45,0.0
tail_gate_r100_s2,hpcc_feedback_updates,45,1868.0
tail_gate_r100_s2,hpcc_full_computations,45,562.0
tail_gate_r100_s2,hpcc_rate_updates_applied,45,562.0
tail_gate_r100_s2,hpcc_valid_feedback,45,714.0
tail_gate_r100_s2,int_hops_after_strip,45,33496.0
tail_gate_r100_s2,int_hops_before_strip,45,62214.0
tail_gate_r100_s2,int_records_stripped,45,28718.0
tail_gate_r100_s2,irn_nacks_generated,45,0.0
tail_gate_r100_s2,irn_nacks_received,45,0.0
tail_gate_r100_s2,irn_retransmit_bytes,45,0.0
tail_gate_r100_s2,irn_retransmit_packets,45,0.0
tail_gate_r100_s2,le_8KB_fct_us_mean,45,6.97383227475888
tail_gate_r100_s2,le_8KB_fct_us_p95,45,9.103
tail_gate_r100_s2,le_8KB_fct_us_p99,45,9.341000000000001
tail_gate_r100_s2,le_8KB_flow_count,45,4251.0
tail_gate_r100_s2,le_8KB_slowdown_mean,45,1.010118941692751
tail_gate_r100_s2,le_8KB_slowdown_p95,45,1.0361215174121265
tail_gate_r100_s2,le_8KB_slowdown_p99,45,1.0832435510159888
tail_gate_r100_s2,long_to_small_slowdown_mean_ratio,45,1.6281796260538342
tail_gate_r100_s2,max_active_flows,45,4.0
tail_gate_r100_s2,overall_fct_us_mean,45,11.365127715602371
tail_gate_r100_s2,overall_fct_us_p95,45,15.63875
tail_gate_r100_s2,overall_fct_us_p99,45,167.72575
tail_gate_r100_s2,overall_flow_count,45,6076.0
tail_gate_r100_s2,overall_slowdown_mean,45,1.0335770797357542
tail_gate_r100_s2,overall_slowdown_p95,45,1.1226554309174297
tail_gate_r100_s2,overall_slowdown_p99,45,1.529199141779814
tail_gate_r100_s2,pfc_pause_events,45,0.0
tail_gate_r100_s2,pfc_resume_events,45,0.0
tail_gate_r100_s2,proactive_releases,45,326.0
tail_gate_r100_s2,queue_bytes_max,45,201650.0
tail_gate_r100_s2,queue_bytes_mean,45,1975.658
tail_gate_r100_s2,queue_bytes_p95,45,5450.0
tail_gate_r100_s2,queue_bytes_p99,45,66490.0
tail_gate_r100_s2,queue_sample_count,45,160000.0
tail_gate_r100_s2,reactive_binding_rate_changes,45,49.0
tail_gate_r100_s2,reactive_binding_updates,45,49.0
tail_gate_r100_s2,recovery_nacks_generated,45,0.0
tail_gate_r100_s2,recovery_nacks_received,45,0.0
tail_gate_r100_s2,registrations,45,326.0
tail_gate_r100_s2,selected_registrations,45,326.0
tail_gate_r100_s2,tie_binding_rate_changes,45,3.0
tail_gate_r100_s2,tie_binding_updates,45,426.0
tail_gate_r100_s2,timeout_recoveries,45,0.0
