analysis,workload,comparison,metric,n,mean,ci95_low,ci95_high,ci95_half_width
arm_mean,AliStorage2019,guard,1BDP_to_1MB_fct_us_mean,5,44.65683468653362,40.52449187680428,48.789177496262965,4.132342809729342
arm_mean,AliStorage2019,guard,1BDP_to_1MB_fct_us_p95,5,123.02041999999997,102.34128382921135,143.69955617078858,20.67913617078862
arm_mean,AliStorage2019,guard,1BDP_to_1MB_fct_us_p99,5,223.350958,163.6626017136076,283.03931428639237,59.6883562863924
arm_mean,AliStorage2019,guard,1BDP_to_1MB_flow_count,5,297.6,276.64565541069845,318.5543445893016,20.954344589301556
arm_mean,AliStorage2019,guard,1BDP_to_1MB_slowdown_mean,5,1.2289407589972856,1.1855772896504972,1.272304228344074,0.043363469346788384
arm_mean,AliStorage2019,guard,1BDP_to_1MB_slowdown_p95,5,1.8075168133640678,1.5733006180871274,2.041733008641008,0.2342161952769403
arm_mean,AliStorage2019,guard,1BDP_to_1MB_slowdown_p99,5,2.6663740913034597,2.036938384246069,3.2958097983608505,0.6294357070573909
arm_mean,AliStorage2019,guard,8KB_to_1BDP_fct_us_mean,5,8.86290468385913,8.773011559958217,8.952797807760042,0.08989312390091177
arm_mean,AliStorage2019,guard,8KB_to_1BDP_fct_us_p95,5,14.36369,14.145064532035557,14.582315467964444,0.21862546796444346
arm_mean,AliStorage2019,guard,8KB_to_1BDP_fct_us_p99,5,18.021054,17.609395625155194,18.432712374844805,0.41165837484480367
arm_mean,AliStorage2019,guard,8KB_to_1BDP_flow_count,5,2543.2,2472.5374265877554,2613.8625734122443,70.66257341224427
arm_mean,AliStorage2019,guard,8KB_to_1BDP_slowdown_mean,5,1.031117010835521,1.0293686011530474,1.0328654205179946,0.0017484096824735415
arm_mean,AliStorage2019,guard,8KB_to_1BDP_slowdown_p95,5,1.123338990931439,1.1193600722489045,1.1273179096139736,0.003978918682534503
arm_mean,AliStorage2019,guard,8KB_to_1BDP_slowdown_p99,5,1.296613862042901,1.2724842850103664,1.3207434390754358,0.024129577032534776
arm_mean,AliStorage2019,guard,aggregate_goodput_gbps,5,160.86408259720014,152.03697798363535,169.69118721076492,8.827104613564794
arm_mean,AliStorage2019,guard,completion_releases,5,0.0,0.0,0.0,0.0
arm_mean,AliStorage2019,guard,completion_span_us,5,20042.3472,19975.52729124034,20109.16710875966,66.81990875965731
arm_mean,AliStorage2019,guard,grant_binding_rate_changes,5,1.4,-0.26586706311867925,3.065867063118679,1.6658670631186792
arm_mean,AliStorage2019,guard,grant_binding_updates,5,44.6,14.727721452972695,74.47227854702732,29.872278547027307
arm_mean,AliStorage2019,guard,grant_bytes_sent,5,455054.0,403682.86362494505,506425.13637505495,51371.13637505498
arm_mean,AliStorage2019,guard,grant_event_rate_changes,5,973.2,460.40073589718565,1485.9992641028143,512.7992641028144
arm_mean,AliStorage2019,guard,grants_received,5,4841.0,4294.498549201543,5387.501450798457,546.5014507984572
arm_mean,AliStorage2019,guard,grants_sent,5,4841.0,4294.498549201543,5387.501450798457,546.5014507984572
arm_mean,AliStorage2019,guard,gt_1MB_fct_us_mean,5,225.73940656091267,203.72838390411465,247.7504292177107,22.011022656798016
arm_mean,AliStorage2019,guard,gt_1MB_fct_us_p95,5,453.00029000000006,355.87641796946707,550.1241620305331,97.123872030533
arm_mean,AliStorage2019,guard,gt_1MB_fct_us_p99,5,604.0665500000001,445.99697443681947,762.1361255631807,158.06957556318065
arm_mean,AliStorage2019,guard,gt_1MB_flow_count,5,135.2,123.63851452880962,146.76148547119035,11.56148547119037
arm_mean,AliStorage2019,guard,gt_1MB_slowdown_mean,5,1.6483543047811284,1.5101238757958921,1.7865847337663647,0.13823042898523624
arm_mean,AliStorage2019,guard,gt_1MB_slowdown_p95,5,3.052520071114789,2.533258939393757,3.571781202835821,0.519261131721032
arm_mean,AliStorage2019,guard,gt_1MB_slowdown_p99,5,3.996312861275429,2.928575139541306,5.064050583009552,1.067737721734123
arm_mean,AliStorage2019,guard,guard_ack_interval_packets,5,8.0,8.0,8.0,0.0
arm_mean,AliStorage2019,guard,guard_adaptive_grant_updates,5,0.0,0.0,0.0,0.0
arm_mean,AliStorage2019,guard,guard_fixed_window,5,1.0,1.0,1.0,0.0
arm_mean,AliStorage2019,guard,guard_grant_refresh_bdps,5,1.0,1.0,1.0,0.0
arm_mean,AliStorage2019,guard,guard_long_acks_suppressed,5,275271.4,255494.00510464987,295048.7948953502,19777.394895350142
arm_mean,AliStorage2019,guard,guard_min_share_fraction,5,0.0,0.0,0.0,0.0
arm_mean,AliStorage2019,guard,guard_one_rtt_acks_suppressed,5,83281.8,81608.71330419388,84954.88669580613,1673.0866958061197
arm_mean,AliStorage2019,guard,guard_one_rtt_bypass_enabled,5,1.0,1.0,1.0,0.0
arm_mean,AliStorage2019,guard,guard_one_rtt_bypass_feedbacks,5,9165.2,9064.023810815957,9266.376189184044,101.17618918404409
arm_mean,AliStorage2019,guard,guard_one_rtt_bypass_flows,5,9165.2,9064.023810815957,9266.376189184044,101.17618918404409
arm_mean,AliStorage2019,guard,guard_rebalance_events,5,0.0,0.0,0.0,0.0
arm_mean,AliStorage2019,guard,guard_remaining_aware,5,1.0,1.0,1.0,0.0
arm_mean,AliStorage2019,guard,guard_remaining_exponent,5,1.0,1.0,1.0,0.0
arm_mean,AliStorage2019,guard,guard_remaining_refresh_events,5,3698.6,3484.8703450309695,3912.3296549690303,213.7296549690302
arm_mean,AliStorage2019,guard,guard_sender_srpt_enabled,5,1.0,1.0,1.0,0.0
arm_mean,AliStorage2019,guard,guard_sender_srpt_forced_rr,5,69.6,56.98014834706156,82.21985165293843,12.619851652938438
arm_mean,AliStorage2019,guard,guard_sender_srpt_non_rr,5,24019.6,19560.21283473805,28478.987165261948,4459.38716526195
arm_mean,AliStorage2019,guard,guard_sender_srpt_selections,5,407906.4,385029.91876620345,430782.8812337966,22876.481233796578
arm_mean,AliStorage2019,guard,guard_srpt_quantum_packets,5,64.0,64.0,64.0,0.0
arm_mean,AliStorage2019,guard,guard_tail_bypass_bdps,5,8.0,8.0,8.0,0.0
arm_mean,AliStorage2019,guard,guard_tail_bypass_enabled,5,1.0,1.0,1.0,0.0
arm_mean,AliStorage2019,guard,guard_tail_bypass_feedbacks,5,22990.8,21277.32608656263,24704.27391343737,1713.4739134373713
arm_mean,AliStorage2019,guard,guard_tail_bypass_flows,5,579.2,547.4779755612767,610.9220244387234,31.722024438723352
arm_mean,AliStorage2019,guard,hpcc_actual_rate_changes,5,148.2,79.86672780036517,216.5332721996348,68.33327219963482
arm_mean,AliStorage2019,guard,hpcc_fast_computations,5,0.0,0.0,0.0,0.0
arm_mean,AliStorage2019,guard,hpcc_feedback_updates,5,2593.8,2396.5093976523613,2791.090602347639,197.29060234763915
arm_mean,AliStorage2019,guard,hpcc_full_computations,5,547.0,439.7199431333578,654.2800568666422,107.2800568666422
arm_mean,AliStorage2019,guard,hpcc_rate_updates_applied,5,547.0,439.7199431333578,654.2800568666422,107.2800568666422
arm_mean,AliStorage2019,guard,hpcc_valid_feedback,5,634.0,513.4786146046779,754.5213853953221,120.52138539532216
arm_mean,AliStorage2019,guard,int_hops_after_strip,5,51570.4,46530.32190004797,56610.47809995203,5040.0780999520275
arm_mean,AliStorage2019,guard,int_hops_before_strip,5,100923.6,93134.7240521487,108712.47594785132,7788.875947851307
arm_mean,AliStorage2019,guard,int_records_stripped,5,49353.2,46519.26663636363,52187.13336363636,2833.933363636367
arm_mean,AliStorage2019,guard,irn_nacks_generated,5,0.0,0.0,0.0,0.0
arm_mean,AliStorage2019,guard,irn_nacks_received,5,0.0,0.0,0.0,0.0
arm_mean,AliStorage2019,guard,irn_retransmit_bytes,5,0.0,0.0,0.0,0.0
arm_mean,AliStorage2019,guard,irn_retransmit_packets,5,0.0,0.0,0.0,0.0
arm_mean,AliStorage2019,guard,le_8KB_fct_us_mean,5,6.810296972952012,6.782743164764583,6.837850781139442,0.02755380818742911
arm_mean,AliStorage2019,guard,le_8KB_fct_us_p95,5,9.110800000000001,9.099440301155083,9.12215969884492,0.011359698844918205
arm_mean,AliStorage2019,guard,le_8KB_fct_us_p99,5,9.365922000000001,9.34077458023988,9.391069419760122,0.025147419760120904
arm_mean,AliStorage2019,guard,le_8KB_flow_count,5,6768.4,6682.7314826511065,6854.068517348893,85.66851734889346
arm_mean,AliStorage2019,guard,le_8KB_slowdown_mean,5,1.007924039467729,1.0073711192571289,1.008476959678329,0.0005529202106001354
arm_mean,AliStorage2019,guard,le_8KB_slowdown_p95,5,1.0302832047307358,1.0291657053392744,1.031400704122197,0.0011174993914613478
arm_mean,AliStorage2019,guard,le_8KB_slowdown_p99,5,1.0665088667183045,1.0639149258062672,1.0691028076303417,0.002593940912037264
arm_mean,AliStorage2019,guard,long_to_small_slowdown_mean_ratio,5,1.6353611949014195,1.4989870127889524,1.7717353770138866,0.13637418211246702
arm_mean,AliStorage2019,guard,max_active_flows,5,3.4,2.719912619341743,4.080087380658257,0.6800873806582569
arm_mean,AliStorage2019,guard,overall_fct_us_mean,5,11.546661087924829,10.89418754165397,12.199134634195687,0.6524735462708575
arm_mean,AliStorage2019,guard,overall_fct_us_p95,5,15.513450000000011,15.24843872194054,15.778461278059483,0.26501127805947144
arm_mean,AliStorage2019,guard,overall_fct_us_p99,5,164.4444200000004,153.5855669327078,175.30327306729302,10.858853067292602
arm_mean,AliStorage2019,guard,overall_flow_count,5,9744.4,9648.094568001248,9840.705431998751,96.30543199875206
arm_mean,AliStorage2019,guard,overall_slowdown_mean,5,1.0296545519217013,1.025388165788441,1.0339209380549617,0.004266386133260407
arm_mean,AliStorage2019,guard,overall_slowdown_p95,5,1.1047012166340067,1.0998964905020214,1.109505942765992,0.004804726131985247
arm_mean,AliStorage2019,guard,overall_slowdown_p99,5,1.4530091485879661,1.3367940757445003,1.569224221431432,0.11621507284346598
arm_mean,AliStorage2019,guard,pfc_pause_events,5,0.0,0.0,0.0,0.0
arm_mean,AliStorage2019,guard,pfc_resume_events,5,0.0,0.0,0.0,0.0
arm_mean,AliStorage2019,guard,proactive_releases,5,579.2,547.4779755612767,610.9220244387234,31.722024438723352
arm_mean,AliStorage2019,guard,queue_bytes_max,5,423792.0,329836.4969157926,517747.5030842074,93955.50308420743
arm_mean,AliStorage2019,guard,queue_bytes_mean,5,2465.6236,1688.7705519830406,3242.476648016959,776.8530480169594
arm_mean,AliStorage2019,guard,queue_bytes_p95,5,347.6,-205.77734084873703,900.9773408487371,553.377340848737
arm_mean,AliStorage2019,guard,queue_bytes_p99,5,95048.0,63330.72620146328,126765.27379853671,31717.27379853672
arm_mean,AliStorage2019,guard,queue_sample_count,5,400020.0,400020.0,400020.0,0.0
arm_mean,AliStorage2019,guard,reactive_binding_rate_changes,5,139.0,75.79698508637404,202.20301491362596,63.20301491362596
arm_mean,AliStorage2019,guard,reactive_binding_updates,5,139.0,75.79698508637404,202.20301491362596,63.20301491362596
arm_mean,AliStorage2019,guard,recovery_nacks_generated,5,0.0,0.0,0.0,0.0
arm_mean,AliStorage2019,guard,recovery_nacks_received,5,0.0,0.0,0.0,0.0
arm_mean,AliStorage2019,guard,registrations,5,579.2,547.4779755612767,610.9220244387234,31.722024438723352
arm_mean,AliStorage2019,guard,selected_registrations,5,579.2,547.4779755612767,610.9220244387234,31.722024438723352
arm_mean,AliStorage2019,guard,tie_binding_rate_changes,5,7.8,3.3750746387843877,12.224925361215611,4.424925361215612
arm_mean,AliStorage2019,guard,tie_binding_updates,5,363.4,300.24212879553636,426.5578712044636,63.15787120446362
arm_mean,AliStorage2019,guard,timeout_recoveries,5,0.0,0.0,0.0,0.0
arm_mean,AliStorage2019,no_priority,1BDP_to_1MB_fct_us_mean,5,50.34914878541639,44.734103482237295,55.964194088595484,5.615045303179093
arm_mean,AliStorage2019,no_priority,1BDP_to_1MB_fct_us_p95,5,138.25498,113.79064550003899,162.719314499961,24.464334499961
arm_mean,AliStorage2019,no_priority,1BDP_to_1MB_fct_us_p99,5,214.79049400000022,180.22017146805473,249.36081653194572,34.57032253194551
arm_mean,AliStorage2019,no_priority,1BDP_to_1MB_flow_count,5,297.6,276.64565541069845,318.5543445893016,20.954344589301556
arm_mean,AliStorage2019,no_priority,1BDP_to_1MB_slowdown_mean,5,1.4333650903173096,1.3409955209877407,1.5257346596468786,0.09236956932956887
arm_mean,AliStorage2019,no_priority,1BDP_to_1MB_slowdown_p95,5,2.685481195736067,2.4427775264653,2.928184865006834,0.2427036692707667
arm_mean,AliStorage2019,no_priority,1BDP_to_1MB_slowdown_p99,5,3.472471740218881,3.034599097635046,3.910344382802716,0.43787264258383485
arm_mean,AliStorage2019,no_priority,8KB_to_1BDP_fct_us_mean,5,10.501615986573757,10.099947247377967,10.903284725769547,0.40166873919578927
arm_mean,AliStorage2019,no_priority,8KB_to_1BDP_fct_us_p95,5,22.939790000000006,20.39727200007284,25.482307999927173,2.542517999927166
arm_mean,AliStorage2019,no_priority,8KB_to_1BDP_fct_us_p99,5,33.59924399999996,30.15088313505416,37.04760486494577,3.4483608649458053
arm_mean,AliStorage2019,no_priority,8KB_to_1BDP_flow_count,5,2543.2,2472.5374265877554,2613.8625734122443,70.66257341224427
arm_mean,AliStorage2019,no_priority,8KB_to_1BDP_slowdown_mean,5,1.1904074297241065,1.1529308697261973,1.2278839897220157,0.03747655999790916
arm_mean,AliStorage2019,no_priority,8KB_to_1BDP_slowdown_p95,5,2.1070719951477255,1.8119047983749375,2.4022391919205135,0.2951671967727881
arm_mean,AliStorage2019,no_priority,8KB_to_1BDP_slowdown_p99,5,3.10207446723702,2.7211631758489725,3.482985758625068,0.38091129138804747
arm_mean,AliStorage2019,no_priority,aggregate_goodput_gbps,5,160.8667495718136,152.03751464346647,169.69598450016076,8.829234928347159
arm_mean,AliStorage2019,no_priority,completion_releases,5,0.0,0.0,0.0,0.0
arm_mean,AliStorage2019,no_priority,completion_span_us,5,20042.021,19975.901313366587,20108.140686633415,66.11968663341297
arm_mean,AliStorage2019,no_priority,grant_binding_rate_changes,5,1.4,-0.48307668834844186,3.2830766883484417,1.8830766883484418
arm_mean,AliStorage2019,no_priority,grant_binding_updates,5,49.2,14.351466101287194,84.0485338987128,34.84853389871281
arm_mean,AliStorage2019,no_priority,grant_bytes_sent,5,457554.4,407120.37371135555,507988.4262886445,50434.026288644476
arm_mean,AliStorage2019,no_priority,grant_event_rate_changes,5,1001.0,495.7968401827781,1506.2031598172218,505.2031598172219
arm_mean,AliStorage2019,no_priority,grants_received,5,4867.6,4331.067805439952,5404.132194560048,536.5321945600476
arm_mean,AliStorage2019,no_priority,grants_sent,5,4867.6,4331.067805439952,5404.132194560048,536.5321945600476
arm_mean,AliStorage2019,no_priority,gt_1MB_fct_us_mean,5,222.77411169221506,201.06367783740103,244.4845455470291,21.71043385481402
arm_mean,AliStorage2019,no_priority,gt_1MB_fct_us_p95,5,446.62231,363.4387247504175,529.8058952495826,83.18358524958252
arm_mean,AliStorage2019,no_priority,gt_1MB_fct_us_p99,5,576.4801599999998,467.8733494041171,685.0869705958826,108.60681059588276
arm_mean,AliStorage2019,no_priority,gt_1MB_flow_count,5,135.2,123.63851452880962,146.76148547119035,11.56148547119037
arm_mean,AliStorage2019,no_priority,gt_1MB_slowdown_mean,5,1.6245158664277013,1.4905388024807897,1.7584929303746129,0.13397706394691145
arm_mean,AliStorage2019,no_priority,gt_1MB_slowdown_p95,5,2.9622522869080448,2.4431699132393865,3.481334660576703,0.5190823736686581
arm_mean,AliStorage2019,no_priority,gt_1MB_slowdown_p99,5,3.912261809340843,3.256252994866281,4.568270623815406,0.6560088144745624
arm_mean,AliStorage2019,no_priority,guard_ack_interval_packets,5,8.0,8.0,8.0,0.0
arm_mean,AliStorage2019,no_priority,guard_adaptive_grant_updates,5,0.0,0.0,0.0,0.0
arm_mean,AliStorage2019,no_priority,guard_fixed_window,5,1.0,1.0,1.0,0.0
arm_mean,AliStorage2019,no_priority,guard_grant_refresh_bdps,5,1.0,1.0,1.0,0.0
arm_mean,AliStorage2019,no_priority,guard_long_acks_suppressed,5,275271.4,255494.00510464987,295048.7948953502,19777.394895350142
arm_mean,AliStorage2019,no_priority,guard_min_share_fraction,5,0.0,0.0,0.0,0.0
arm_mean,AliStorage2019,no_priority,guard_one_rtt_acks_suppressed,5,83281.8,81608.71330419388,84954.88669580613,1673.0866958061197
arm_mean,AliStorage2019,no_priority,guard_one_rtt_bypass_enabled,5,1.0,1.0,1.0,0.0
arm_mean,AliStorage2019,no_priority,guard_one_rtt_bypass_feedbacks,5,9165.2,9064.023810815957,9266.376189184044,101.17618918404409
arm_mean,AliStorage2019,no_priority,guard_one_rtt_bypass_flows,5,9165.2,9064.023810815957,9266.376189184044,101.17618918404409
arm_mean,AliStorage2019,no_priority,guard_rebalance_events,5,0.0,0.0,0.0,0.0
arm_mean,AliStorage2019,no_priority,guard_remaining_aware,5,1.0,1.0,1.0,0.0
arm_mean,AliStorage2019,no_priority,guard_remaining_exponent,5,1.0,1.0,1.0,0.0
arm_mean,AliStorage2019,no_priority,guard_remaining_refresh_events,5,3705.6,3490.7372293747057,3920.462770625294,214.86277062529433
arm_mean,AliStorage2019,no_priority,guard_sender_srpt_enabled,5,1.0,1.0,1.0,0.0
arm_mean,AliStorage2019,no_priority,guard_sender_srpt_forced_rr,5,57.2,41.533368775575596,72.86663122442441,15.666631224424407
arm_mean,AliStorage2019,no_priority,guard_sender_srpt_non_rr,5,23678.4,19704.278234394547,27652.521765605456,3974.1217656054555
arm_mean,AliStorage2019,no_priority,guard_sender_srpt_selections,5,407906.4,385029.91876620345,430782.8812337966,22876.481233796578
arm_mean,AliStorage2019,no_priority,guard_srpt_quantum_packets,5,64.0,64.0,64.0,0.0
arm_mean,AliStorage2019,no_priority,guard_tail_bypass_bdps,5,8.0,8.0,8.0,0.0
arm_mean,AliStorage2019,no_priority,guard_tail_bypass_enabled,5,1.0,1.0,1.0,0.0
arm_mean,AliStorage2019,no_priority,guard_tail_bypass_feedbacks,5,22990.8,21275.406381595123,24706.193618404875,1715.3936184048773
arm_mean,AliStorage2019,no_priority,guard_tail_bypass_flows,5,579.2,547.4779755612767,610.9220244387234,31.722024438723352
arm_mean,AliStorage2019,no_priority,hpcc_actual_rate_changes,5,180.4,110.39943699954325,250.40056300045677,70.00056300045675
arm_mean,AliStorage2019,no_priority,hpcc_fast_computations,5,0.0,0.0,0.0,0.0
arm_mean,AliStorage2019,no_priority,hpcc_feedback_updates,5,2636.2,2434.576934536878,2837.8230654631216,201.62306546312186
arm_mean,AliStorage2019,no_priority,hpcc_full_computations,5,575.2,464.0852932449747,686.3147067550253,111.11470675502534
arm_mean,AliStorage2019,no_priority,hpcc_rate_updates_applied,5,575.2,464.0852932449747,686.3147067550253,111.11470675502534
arm_mean,AliStorage2019,no_priority,hpcc_valid_feedback,5,662.2,537.843150813774,786.5568491862261,124.35684918622614
arm_mean,AliStorage2019,no_priority,int_hops_after_strip,5,51570.4,46530.32190004797,56610.47809995203,5040.0780999520275
arm_mean,AliStorage2019,no_priority,int_hops_before_strip,5,100923.6,93134.7240521487,108712.47594785132,7788.875947851307
arm_mean,AliStorage2019,no_priority,int_records_stripped,5,49353.2,46519.26663636363,52187.13336363636,2833.933363636367
arm_mean,AliStorage2019,no_priority,irn_nacks_generated,5,0.0,0.0,0.0,0.0
arm_mean,AliStorage2019,no_priority,irn_nacks_received,5,0.0,0.0,0.0,0.0
arm_mean,AliStorage2019,no_priority,irn_retransmit_bytes,5,0.0,0.0,0.0,0.0
arm_mean,AliStorage2019,no_priority,irn_retransmit_packets,5,0.0,0.0,0.0,0.0
arm_mean,AliStorage2019,no_priority,le_8KB_fct_us_mean,5,8.093237675710279,7.730103641726484,8.456371709694073,0.36313403398379485
arm_mean,AliStorage2019,no_priority,le_8KB_fct_us_p95,5,18.502619999999997,15.552106259226427,21.453133740773566,2.950513740773569
arm_mean,AliStorage2019,no_priority,le_8KB_fct_us_p99,5,29.876150000000003,26.000948700230328,33.75135129976968,3.875201299769675
arm_mean,AliStorage2019,no_priority,le_8KB_flow_count,5,6768.4,6682.7314826511065,6854.068517348893,85.66851734889346
arm_mean,AliStorage2019,no_priority,le_8KB_slowdown_mean,5,1.1571708153658702,1.1165464789450963,1.197795151786644,0.04062433642077386
arm_mean,AliStorage2019,no_priority,le_8KB_slowdown_p95,5,2.1238141435142923,1.7863756344468373,2.4612526525817473,0.33743850906745493
arm_mean,AliStorage2019,no_priority,le_8KB_slowdown_p99,5,3.411663010729446,2.96976368234082,3.853562339118072,0.4418993283886258
arm_mean,AliStorage2019,no_priority,long_to_small_slowdown_mean_ratio,5,1.4026927877513646,1.3338343220124487,1.4715512534902806,0.06885846573891592
arm_mean,AliStorage2019,no_priority,max_active_flows,5,3.4,2.719912619341743,4.080087380658257,0.6800873806582569
arm_mean,AliStorage2019,no_priority,overall_fct_us_mean,5,12.99720304053032,11.98611054373405,14.008295537326589,1.0110924967962702
arm_mean,AliStorage2019,no_priority,overall_fct_us_p95,5,26.784220000000015,23.562182453917753,30.006257546082278,3.222037546082261
arm_mean,AliStorage2019,no_priority,overall_fct_us_p99,5,166.41050600000085,153.05963662129642,179.76137537870528,13.350869378704429
arm_mean,AliStorage2019,no_priority,overall_flow_count,5,9744.4,9648.094568001248,9840.705431998751,96.30543199875206
arm_mean,AliStorage2019,no_priority,overall_slowdown_mean,5,1.1807561273998268,1.1382382319975477,1.223274022802106,0.042517895402279106
arm_mean,AliStorage2019,no_priority,overall_slowdown_p95,5,2.1720267171267245,1.8722767650217553,2.4717766692316934,0.2997499521049691
arm_mean,AliStorage2019,no_priority,overall_slowdown_p99,5,3.3511544283355654,2.944146210279455,3.7581626463916757,0.40700821805611037
arm_mean,AliStorage2019,no_priority,pfc_pause_events,5,0.0,0.0,0.0,0.0
arm_mean,AliStorage2019,no_priority,pfc_resume_events,5,0.0,0.0,0.0,0.0
arm_mean,AliStorage2019,no_priority,proactive_releases,5,579.2,547.4779755612767,610.9220244387234,31.722024438723352
arm_mean,AliStorage2019,no_priority,queue_bytes_max,5,488835.2,414063.82987240073,563606.5701275993,74771.37012759926
arm_mean,AliStorage2019,no_priority,queue_bytes_mean,5,2975.6196,2113.669778865059,3837.569421134941,861.949821134941
arm_mean,AliStorage2019,no_priority,queue_bytes_p95,5,838.4,-245.50958978965093,1922.309589789651,1083.909589789651
arm_mean,AliStorage2019,no_priority,queue_bytes_p99,5,113259.2,78552.45608931535,147965.94391068464,34706.74391068465
arm_mean,AliStorage2019,no_priority,queue_sample_count,5,400020.0,400020.0,400020.0,0.0
arm_mean,AliStorage2019,no_priority,reactive_binding_rate_changes,5,167.2,99.51279656466394,234.88720343533603,67.68720343533604
arm_mean,AliStorage2019,no_priority,reactive_binding_updates,5,167.2,99.51279656466394,234.88720343533603,67.68720343533604
arm_mean,AliStorage2019,no_priority,recovery_nacks_generated,5,0.0,0.0,0.0,0.0
arm_mean,AliStorage2019,no_priority,recovery_nacks_received,5,0.0,0.0,0.0,0.0
arm_mean,AliStorage2019,no_priority,registrations,5,579.2,547.4779755612767,610.9220244387234,31.722024438723352
arm_mean,AliStorage2019,no_priority,selected_registrations,5,579.2,547.4779755612767,610.9220244387234,31.722024438723352
arm_mean,AliStorage2019,no_priority,tie_binding_rate_changes,5,11.8,10.439825238683486,13.160174761316515,1.3601747613165138
arm_mean,AliStorage2019,no_priority,tie_binding_updates,5,358.8,296.93198087050405,420.668019129496,61.86801912949594
arm_mean,AliStorage2019,no_priority,timeout_recoveries,5,0.0,0.0,0.0,0.0
arm_mean,AliStorage2019,no_srpt,1BDP_to_1MB_fct_us_mean,5,46.058152138485795,41.650427558692584,50.465876718279006,4.407724579793211
arm_mean,AliStorage2019,no_srpt,1BDP_to_1MB_fct_us_p95,5,127.52438000000004,103.74618545757029,151.30257454242977,23.77819454242974
arm_mean,AliStorage2019,no_srpt,1BDP_to_1MB_fct_us_p99,5,229.59921000000003,170.79982488061964,288.3985951193804,58.79938511938039
arm_mean,AliStorage2019,no_srpt,1BDP_to_1MB_flow_count,5,297.6,276.64565541069845,318.5543445893016,20.954344589301556
arm_mean,AliStorage2019,no_srpt,1BDP_to_1MB_slowdown_mean,5,1.277109903668773,1.225896263553925,1.328323543783621,0.05121364011484793
arm_mean,AliStorage2019,no_srpt,1BDP_to_1MB_slowdown_p95,5,1.9603835774235303,1.6942649825630969,2.2265021722839635,0.2661185948604334
arm_mean,AliStorage2019,no_srpt,1BDP_to_1MB_slowdown_p99,5,2.8163098064602488,2.0943385305682223,3.5382810823522752,0.7219712758920265
arm_mean,AliStorage2019,no_srpt,8KB_to_1BDP_fct_us_mean,5,9.086303135849601,8.979511621625113,9.193094650074089,0.106791514224489
arm_mean,AliStorage2019,no_srpt,8KB_to_1BDP_fct_us_p95,5,15.077099999999998,14.827204736101644,15.326995263898352,0.24989526389835356
arm_mean,AliStorage2019,no_srpt,8KB_to_1BDP_fct_us_p99,5,19.191319999999983,18.898642794091586,19.48399720590838,0.2926772059083957
arm_mean,AliStorage2019,no_srpt,8KB_to_1BDP_flow_count,5,2543.2,2472.5374265877554,2613.8625734122443,70.66257341224427
arm_mean,AliStorage2019,no_srpt,8KB_to_1BDP_slowdown_mean,5,1.057371888496501,1.053398909037947,1.0613448679550552,0.003972979458554201
arm_mean,AliStorage2019,no_srpt,8KB_to_1BDP_slowdown_p95,5,1.279030759312764,1.2504273332218032,1.307634185403725,0.028603426090960987
arm_mean,AliStorage2019,no_srpt,8KB_to_1BDP_slowdown_p99,5,1.518163352224561,1.45816806936904,1.578158635080082,0.05999528285552098
arm_mean,AliStorage2019,no_srpt,aggregate_goodput_gbps,5,160.8475782479208,152.01286550038122,169.6822909954604,8.834712747539577
arm_mean,AliStorage2019,no_srpt,completion_releases,5,0.0,0.0,0.0,0.0
arm_mean,AliStorage2019,no_srpt,completion_span_us,5,20044.431,19977.664942644074,20111.197057355927,66.76605735592426
arm_mean,AliStorage2019,no_srpt,grant_binding_rate_changes,5,1.2,-0.16017476131651387,2.560174761316514,1.3601747613165138
arm_mean,AliStorage2019,no_srpt,grant_binding_updates,5,44.8,12.739571941830583,76.86042805816942,32.060428058169414
arm_mean,AliStorage2019,no_srpt,grant_bytes_sent,5,457723.6,404956.0580605759,510491.14193942404,52767.54193942407
arm_mean,AliStorage2019,no_srpt,grant_event_rate_changes,5,1002.6,462.88120929733486,1542.3187907026652,539.7187907026652
arm_mean,AliStorage2019,no_srpt,grants_received,5,4869.4,4308.0431708571905,5430.756829142809,561.3568291428093
arm_mean,AliStorage2019,no_srpt,grants_sent,5,4869.4,4308.0431708571905,5430.756829142809,561.3568291428093
arm_mean,AliStorage2019,no_srpt,gt_1MB_fct_us_mean,5,228.78407529774935,209.13512128903938,248.43302930645933,19.648954008709975
arm_mean,AliStorage2019,no_srpt,gt_1MB_fct_us_p95,5,453.70938000000007,359.1206223322824,548.2981376677178,94.5887576677177
arm_mean,AliStorage2019,no_srpt,gt_1MB_fct_us_p99,5,596.4375079999999,442.1915722736712,750.6834437263285,154.2459357263286
arm_mean,AliStorage2019,no_srpt,gt_1MB_flow_count,5,135.2,123.63851452880962,146.76148547119035,11.56148547119037
arm_mean,AliStorage2019,no_srpt,gt_1MB_slowdown_mean,5,1.6711289380530925,1.5530419132311133,1.7892159628750717,0.1180870248219792
arm_mean,AliStorage2019,no_srpt,gt_1MB_slowdown_p95,5,3.030548547809876,2.521185242290046,3.5399118533297065,0.5093633055198306
arm_mean,AliStorage2019,no_srpt,gt_1MB_slowdown_p99,5,3.99959874078354,3.0354492994892412,4.963748182077839,0.964149441294299
arm_mean,AliStorage2019,no_srpt,guard_ack_interval_packets,5,8.0,8.0,8.0,0.0
arm_mean,AliStorage2019,no_srpt,guard_adaptive_grant_updates,5,0.0,0.0,0.0,0.0
arm_mean,AliStorage2019,no_srpt,guard_fixed_window,5,1.0,1.0,1.0,0.0
arm_mean,AliStorage2019,no_srpt,guard_grant_refresh_bdps,5,1.0,1.0,1.0,0.0
arm_mean,AliStorage2019,no_srpt,guard_long_acks_suppressed,5,275271.4,255494.00510464987,295048.7948953502,19777.394895350142
arm_mean,AliStorage2019,no_srpt,guard_min_share_fraction,5,0.0,0.0,0.0,0.0
arm_mean,AliStorage2019,no_srpt,guard_one_rtt_acks_suppressed,5,83281.8,81608.71330419388,84954.88669580613,1673.0866958061197
arm_mean,AliStorage2019,no_srpt,guard_one_rtt_bypass_enabled,5,1.0,1.0,1.0,0.0
arm_mean,AliStorage2019,no_srpt,guard_one_rtt_bypass_feedbacks,5,9165.2,9064.023810815957,9266.376189184044,101.17618918404409
arm_mean,AliStorage2019,no_srpt,guard_one_rtt_bypass_flows,5,9165.2,9064.023810815957,9266.376189184044,101.17618918404409
arm_mean,AliStorage2019,no_srpt,guard_rebalance_events,5,0.0,0.0,0.0,0.0
arm_mean,AliStorage2019,no_srpt,guard_remaining_aware,5,1.0,1.0,1.0,0.0
arm_mean,AliStorage2019,no_srpt,guard_remaining_exponent,5,1.0,1.0,1.0,0.0
arm_mean,AliStorage2019,no_srpt,guard_remaining_refresh_events,5,3711.0,3492.982752964032,3929.017247035968,218.01724703596787
arm_mean,AliStorage2019,no_srpt,guard_sender_srpt_enabled,5,0.0,0.0,0.0,0.0
arm_mean,AliStorage2019,no_srpt,guard_sender_srpt_forced_rr,5,0.0,0.0,0.0,0.0
arm_mean,AliStorage2019,no_srpt,guard_sender_srpt_non_rr,5,0.0,0.0,0.0,0.0
arm_mean,AliStorage2019,no_srpt,guard_sender_srpt_selections,5,0.0,0.0,0.0,0.0
arm_mean,AliStorage2019,no_srpt,guard_srpt_quantum_packets,5,64.0,64.0,64.0,0.0
arm_mean,AliStorage2019,no_srpt,guard_tail_bypass_bdps,5,8.0,8.0,8.0,0.0
arm_mean,AliStorage2019,no_srpt,guard_tail_bypass_enabled,5,1.0,1.0,1.0,0.0
arm_mean,AliStorage2019,no_srpt,guard_tail_bypass_feedbacks,5,22996.0,21284.907493565424,24707.092506434576,1711.0925064345768
arm_mean,AliStorage2019,no_srpt,guard_tail_bypass_flows,5,579.2,547.4779755612767,610.9220244387234,31.722024438723352
arm_mean,AliStorage2019,no_srpt,hpcc_actual_rate_changes,5,150.6,80.62146499524269,220.5785350047573,69.9785350047573
arm_mean,AliStorage2019,no_srpt,hpcc_fast_computations,5,0.0,0.0,0.0,0.0
arm_mean,AliStorage2019,no_srpt,hpcc_feedback_updates,5,2630.0,2483.3810889884103,2776.6189110115897,146.6189110115898
arm_mean,AliStorage2019,no_srpt,hpcc_full_computations,5,543.2,436.3288609277788,650.0711390722213,106.87113907222125
arm_mean,AliStorage2019,no_srpt,hpcc_rate_updates_applied,5,543.2,436.3288609277788,650.0711390722213,106.87113907222125
arm_mean,AliStorage2019,no_srpt,hpcc_valid_feedback,5,630.2,510.1355213838517,750.2644786161484,120.0644786161483
arm_mean,AliStorage2019,no_srpt,int_hops_after_strip,5,51570.4,46530.32190004797,56610.47809995203,5040.0780999520275
arm_mean,AliStorage2019,no_srpt,int_hops_before_strip,5,100923.6,93134.7240521487,108712.47594785132,7788.875947851307
arm_mean,AliStorage2019,no_srpt,int_records_stripped,5,49353.2,46519.26663636363,52187.13336363636,2833.933363636367
arm_mean,AliStorage2019,no_srpt,irn_nacks_generated,5,0.0,0.0,0.0,0.0
arm_mean,AliStorage2019,no_srpt,irn_nacks_received,5,0.0,0.0,0.0,0.0
arm_mean,AliStorage2019,no_srpt,irn_retransmit_bytes,5,0.0,0.0,0.0,0.0
arm_mean,AliStorage2019,no_srpt,irn_retransmit_packets,5,0.0,0.0,0.0,0.0
arm_mean,AliStorage2019,no_srpt,le_8KB_fct_us_mean,5,6.850401449879723,6.823543589059067,6.87725931070038,0.026857860820656148
arm_mean,AliStorage2019,no_srpt,le_8KB_fct_us_p95,5,9.21348,9.19326457182218,9.233695428177821,0.020215428177821435
arm_mean,AliStorage2019,no_srpt,le_8KB_fct_us_p99,5,9.650584,9.617789624471273,9.683378375528727,0.03279437552872739
arm_mean,AliStorage2019,no_srpt,le_8KB_flow_count,5,6768.4,6682.7314826511065,6854.068517348893,85.66851734889346
arm_mean,AliStorage2019,no_srpt,le_8KB_slowdown_mean,5,1.0143135989973169,1.0136669481779452,1.0149602498166885,0.0006466508193716489
arm_mean,AliStorage2019,no_srpt,le_8KB_slowdown_p95,5,1.072163425852667,1.069985973492255,1.0743408782130792,0.002177452360412007
arm_mean,AliStorage2019,no_srpt,le_8KB_slowdown_p99,5,1.1271833412052203,1.122244278959115,1.1321224034513258,0.004939062246105357
arm_mean,AliStorage2019,no_srpt,long_to_small_slowdown_mean_ratio,5,1.6475226792951652,1.5317540862834247,1.7632912723069056,0.11576859301174057
arm_mean,AliStorage2019,no_srpt,max_active_flows,5,3.4,2.719912619341743,4.080087380658257,0.6800873806582569
arm_mean,AliStorage2019,no_srpt,overall_fct_us_mean,5,11.716991094990766,11.075511191146681,12.35847099883485,0.6414799038440838
arm_mean,AliStorage2019,no_srpt,overall_fct_us_p95,5,16.048080000000002,15.595121999667228,16.501038000332777,0.4529580003327751
arm_mean,AliStorage2019,no_srpt,overall_fct_us_p99,5,167.91767400000057,155.7073682891781,180.12797971082304,12.210305710822478
arm_mean,AliStorage2019,no_srpt,overall_flow_count,5,9744.4,9648.094568001248,9840.705431998751,96.30543199875206
arm_mean,AliStorage2019,no_srpt,overall_slowdown_mean,5,1.0427203423294622,1.0378741740918669,1.0475665105670575,0.004846168237595219
arm_mean,AliStorage2019,no_srpt,overall_slowdown_p95,5,1.1755425517711449,1.1647882904241258,1.186296813118164,0.010754261347019081
arm_mean,AliStorage2019,no_srpt,overall_slowdown_p99,5,1.6393874104578003,1.5226455524992855,1.7561292684163152,0.11674185795851479
arm_mean,AliStorage2019,no_srpt,pfc_pause_events,5,0.0,0.0,0.0,0.0
arm_mean,AliStorage2019,no_srpt,pfc_resume_events,5,0.0,0.0,0.0,0.0
arm_mean,AliStorage2019,no_srpt,proactive_releases,5,579.2,547.4779755612767,610.9220244387234,31.722024438723352
arm_mean,AliStorage2019,no_srpt,queue_bytes_max,5,442976.0,333556.0340046143,552395.9659953858,109419.96599538572
arm_mean,AliStorage2019,no_srpt,queue_bytes_mean,5,2528.7218000000003,1716.9609728337841,3340.4826271662164,811.760827166216
arm_mean,AliStorage2019,no_srpt,queue_bytes_p95,5,471.6,-718.0753342189893,1661.2753342189894,1189.6753342189893
arm_mean,AliStorage2019,no_srpt,queue_bytes_p99,5,96356.0,63950.288754875735,128761.71124512426,32405.711245124265
arm_mean,AliStorage2019,no_srpt,queue_sample_count,5,400020.0,400020.0,400020.0,0.0
arm_mean,AliStorage2019,no_srpt,reactive_binding_rate_changes,5,141.2,74.76575434993549,207.63424565006449,66.4342456500645
arm_mean,AliStorage2019,no_srpt,reactive_binding_updates,5,141.2,74.76575434993549,207.63424565006449,66.4342456500645
arm_mean,AliStorage2019,no_srpt,recovery_nacks_generated,5,0.0,0.0,0.0,0.0
arm_mean,AliStorage2019,no_srpt,recovery_nacks_received,5,0.0,0.0,0.0,0.0
arm_mean,AliStorage2019,no_srpt,registrations,5,579.2,547.4779755612767,610.9220244387234,31.722024438723352
arm_mean,AliStorage2019,no_srpt,selected_registrations,5,579.2,547.4779755612767,610.9220244387234,31.722024438723352
arm_mean,AliStorage2019,no_srpt,tie_binding_rate_changes,5,8.2,4.986032429268002,11.413967570731996,3.2139675707319966
arm_mean,AliStorage2019,no_srpt,tie_binding_updates,5,357.2,295.72571828603475,418.67428171396523,61.47428171396524
arm_mean,AliStorage2019,no_srpt,timeout_recoveries,5,0.0,0.0,0.0,0.0
arm_mean,AliStorage2019,no_reclaim,1BDP_to_1MB_fct_us_mean,5,44.65683468653362,40.52449187680428,48.789177496262965,4.132342809729342
arm_mean,AliStorage2019,no_reclaim,1BDP_to_1MB_fct_us_p95,5,123.02041999999997,102.34128382921135,143.69955617078858,20.67913617078862
arm_mean,AliStorage2019,no_reclaim,1BDP_to_1MB_fct_us_p99,5,223.350958,163.6626017136076,283.03931428639237,59.6883562863924
arm_mean,AliStorage2019,no_reclaim,1BDP_to_1MB_flow_count,5,297.6,276.64565541069845,318.5543445893016,20.954344589301556
arm_mean,AliStorage2019,no_reclaim,1BDP_to_1MB_slowdown_mean,5,1.2289407589972856,1.1855772896504972,1.272304228344074,0.043363469346788384
arm_mean,AliStorage2019,no_reclaim,1BDP_to_1MB_slowdown_p95,5,1.8075168133640678,1.5733006180871274,2.041733008641008,0.2342161952769403
arm_mean,AliStorage2019,no_reclaim,1BDP_to_1MB_slowdown_p99,5,2.6663740913034597,2.036938384246069,3.2958097983608505,0.6294357070573909
arm_mean,AliStorage2019,no_reclaim,8KB_to_1BDP_fct_us_mean,5,8.862904376048432,8.77301128332723,8.952797468769633,0.08989309272120209
arm_mean,AliStorage2019,no_reclaim,8KB_to_1BDP_fct_us_p95,5,14.36369,14.145064532035557,14.582315467964444,0.21862546796444346
arm_mean,AliStorage2019,no_reclaim,8KB_to_1BDP_fct_us_p99,5,18.021054,17.609395625155194,18.432712374844805,0.41165837484480367
arm_mean,AliStorage2019,no_reclaim,8KB_to_1BDP_flow_count,5,2543.2,2472.5374265877554,2613.8625734122443,70.66257341224427
arm_mean,AliStorage2019,no_reclaim,8KB_to_1BDP_slowdown_mean,5,1.0311169826795044,1.029368562119443,1.0328654032395657,0.0017484205600612212
arm_mean,AliStorage2019,no_reclaim,8KB_to_1BDP_slowdown_p95,5,1.123338990931439,1.1193600722489045,1.1273179096139736,0.003978918682534503
arm_mean,AliStorage2019,no_reclaim,8KB_to_1BDP_slowdown_p99,5,1.296613862042901,1.2724842850103664,1.3207434390754358,0.024129577032534776
arm_mean,AliStorage2019,no_reclaim,aggregate_goodput_gbps,5,160.86408259720014,152.03697798363535,169.69118721076492,8.827104613564794
arm_mean,AliStorage2019,no_reclaim,completion_releases,5,0.0,0.0,0.0,0.0
arm_mean,AliStorage2019,no_reclaim,completion_span_us,5,20042.3472,19975.52729124034,20109.16710875966,66.81990875965731
arm_mean,AliStorage2019,no_reclaim,grant_binding_rate_changes,5,1.4,-0.26586706311867925,3.065867063118679,1.6658670631186792
arm_mean,AliStorage2019,no_reclaim,grant_binding_updates,5,44.6,14.727721452972695,74.47227854702732,29.872278547027307
arm_mean,AliStorage2019,no_reclaim,grant_bytes_sent,5,455054.0,403682.86362494505,506425.13637505495,51371.13637505498
arm_mean,AliStorage2019,no_reclaim,grant_event_rate_changes,5,973.2,460.40073589718565,1485.9992641028143,512.7992641028144
arm_mean,AliStorage2019,no_reclaim,grants_received,5,4841.0,4294.498549201543,5387.501450798457,546.5014507984572
arm_mean,AliStorage2019,no_reclaim,grants_sent,5,4841.0,4294.498549201543,5387.501450798457,546.5014507984572
arm_mean,AliStorage2019,no_reclaim,gt_1MB_fct_us_mean,5,225.73940656091267,203.72838390411465,247.7504292177107,22.011022656798016
arm_mean,AliStorage2019,no_reclaim,gt_1MB_fct_us_p95,5,453.00029000000006,355.87641796946707,550.1241620305331,97.123872030533
arm_mean,AliStorage2019,no_reclaim,gt_1MB_fct_us_p99,5,604.0665500000001,445.99697443681947,762.1361255631807,158.06957556318065
arm_mean,AliStorage2019,no_reclaim,gt_1MB_flow_count,5,135.2,123.63851452880962,146.76148547119035,11.56148547119037
arm_mean,AliStorage2019,no_reclaim,gt_1MB_slowdown_mean,5,1.6483543047811284,1.5101238757958921,1.7865847337663647,0.13823042898523624
arm_mean,AliStorage2019,no_reclaim,gt_1MB_slowdown_p95,5,3.052520071114789,2.533258939393757,3.571781202835821,0.519261131721032
arm_mean,AliStorage2019,no_reclaim,gt_1MB_slowdown_p99,5,3.996312861275429,2.928575139541306,5.064050583009552,1.067737721734123
arm_mean,AliStorage2019,no_reclaim,guard_ack_interval_packets,5,8.0,8.0,8.0,0.0
arm_mean,AliStorage2019,no_reclaim,guard_adaptive_grant_updates,5,0.0,0.0,0.0,0.0
arm_mean,AliStorage2019,no_reclaim,guard_fixed_window,5,1.0,1.0,1.0,0.0
arm_mean,AliStorage2019,no_reclaim,guard_grant_refresh_bdps,5,1.0,1.0,1.0,0.0
arm_mean,AliStorage2019,no_reclaim,guard_long_acks_suppressed,5,275271.4,255494.00510464987,295048.7948953502,19777.394895350142
arm_mean,AliStorage2019,no_reclaim,guard_min_share_fraction,5,0.0,0.0,0.0,0.0
arm_mean,AliStorage2019,no_reclaim,guard_one_rtt_acks_suppressed,5,83281.8,81608.71330419388,84954.88669580613,1673.0866958061197
arm_mean,AliStorage2019,no_reclaim,guard_one_rtt_bypass_enabled,5,1.0,1.0,1.0,0.0
arm_mean,AliStorage2019,no_reclaim,guard_one_rtt_bypass_feedbacks,5,9165.2,9064.023810815957,9266.376189184044,101.17618918404409
arm_mean,AliStorage2019,no_reclaim,guard_one_rtt_bypass_flows,5,9165.2,9064.023810815957,9266.376189184044,101.17618918404409
arm_mean,AliStorage2019,no_reclaim,guard_rebalance_events,5,0.0,0.0,0.0,0.0
arm_mean,AliStorage2019,no_reclaim,guard_remaining_aware,5,1.0,1.0,1.0,0.0
arm_mean,AliStorage2019,no_reclaim,guard_remaining_exponent,5,1.0,1.0,1.0,0.0
arm_mean,AliStorage2019,no_reclaim,guard_remaining_refresh_events,5,3698.6,3484.8703450309695,3912.3296549690303,213.7296549690302
arm_mean,AliStorage2019,no_reclaim,guard_sender_srpt_enabled,5,1.0,1.0,1.0,0.0
arm_mean,AliStorage2019,no_reclaim,guard_sender_srpt_forced_rr,5,69.6,56.98014834706156,82.21985165293843,12.619851652938438
arm_mean,AliStorage2019,no_reclaim,guard_sender_srpt_non_rr,5,24019.4,19560.41277210388,28478.387227896124,4458.987227896124
arm_mean,AliStorage2019,no_reclaim,guard_sender_srpt_selections,5,407906.4,385029.91876620345,430782.8812337966,22876.481233796578
arm_mean,AliStorage2019,no_reclaim,guard_srpt_quantum_packets,5,64.0,64.0,64.0,0.0
arm_mean,AliStorage2019,no_reclaim,guard_tail_bypass_bdps,5,8.0,8.0,8.0,0.0
arm_mean,AliStorage2019,no_reclaim,guard_tail_bypass_enabled,5,1.0,1.0,1.0,0.0
arm_mean,AliStorage2019,no_reclaim,guard_tail_bypass_feedbacks,5,22990.8,21277.32608656263,24704.27391343737,1713.4739134373713
arm_mean,AliStorage2019,no_reclaim,guard_tail_bypass_flows,5,579.2,547.4779755612767,610.9220244387234,31.722024438723352
arm_mean,AliStorage2019,no_reclaim,hpcc_actual_rate_changes,5,148.2,79.86672780036517,216.5332721996348,68.33327219963482
arm_mean,AliStorage2019,no_reclaim,hpcc_fast_computations,5,0.0,0.0,0.0,0.0
arm_mean,AliStorage2019,no_reclaim,hpcc_feedback_updates,5,2593.8,2396.5093976523613,2791.090602347639,197.29060234763915
arm_mean,AliStorage2019,no_reclaim,hpcc_full_computations,5,547.0,439.7199431333578,654.2800568666422,107.2800568666422
arm_mean,AliStorage2019,no_reclaim,hpcc_rate_updates_applied,5,547.0,439.7199431333578,654.2800568666422,107.2800568666422
arm_mean,AliStorage2019,no_reclaim,hpcc_valid_feedback,5,634.0,513.4786146046779,754.5213853953221,120.52138539532216
arm_mean,AliStorage2019,no_reclaim,int_hops_after_strip,5,51570.4,46530.32190004797,56610.47809995203,5040.0780999520275
arm_mean,AliStorage2019,no_reclaim,int_hops_before_strip,5,100923.6,93134.7240521487,108712.47594785132,7788.875947851307
arm_mean,AliStorage2019,no_reclaim,int_records_stripped,5,49353.2,46519.26663636363,52187.13336363636,2833.933363636367
arm_mean,AliStorage2019,no_reclaim,irn_nacks_generated,5,0.0,0.0,0.0,0.0
arm_mean,AliStorage2019,no_reclaim,irn_nacks_received,5,0.0,0.0,0.0,0.0
arm_mean,AliStorage2019,no_reclaim,irn_retransmit_bytes,5,0.0,0.0,0.0,0.0
arm_mean,AliStorage2019,no_reclaim,irn_retransmit_packets,5,0.0,0.0,0.0,0.0
arm_mean,AliStorage2019,no_reclaim,le_8KB_fct_us_mean,5,6.810294040137409,6.78274285869536,6.837845221579458,0.02755118144204854
arm_mean,AliStorage2019,no_reclaim,le_8KB_fct_us_p95,5,9.110800000000001,9.099440301155083,9.12215969884492,0.011359698844918205
arm_mean,AliStorage2019,no_reclaim,le_8KB_fct_us_p99,5,9.365922000000001,9.34077458023988,9.391069419760122,0.025147419760120904
arm_mean,AliStorage2019,no_reclaim,le_8KB_flow_count,5,6768.4,6682.7314826511065,6854.068517348893,85.66851734889346
arm_mean,AliStorage2019,no_reclaim,le_8KB_slowdown_mean,5,1.0079240193990684,1.007371144635898,1.0084768941622388,0.0005528747631704891
arm_mean,AliStorage2019,no_reclaim,le_8KB_slowdown_p95,5,1.0302832047307358,1.0291657053392744,1.031400704122197,0.0011174993914613478
arm_mean,AliStorage2019,no_reclaim,le_8KB_slowdown_p99,5,1.0665088667183045,1.0639149258062672,1.0691028076303417,0.002593940912037264
arm_mean,AliStorage2019,no_reclaim,long_to_small_slowdown_mean_ratio,5,1.6353612296692446,1.4989869925604753,1.7717354667780139,0.13637423710876925
arm_mean,AliStorage2019,no_reclaim,max_active_flows,5,3.4,2.719912619341743,4.080087380658257,0.6800873806582569
arm_mean,AliStorage2019,no_reclaim,overall_fct_us_mean,5,11.546658989806964,10.894190229833267,12.199127749780661,0.6524687599736979
arm_mean,AliStorage2019,no_reclaim,overall_fct_us_p95,5,15.513450000000011,15.24843872194054,15.778461278059483,0.26501127805947144
arm_mean,AliStorage2019,no_reclaim,overall_fct_us_p99,5,164.4444200000004,153.5855669327078,175.30327306729302,10.858853067292602
arm_mean,AliStorage2019,no_reclaim,overall_flow_count,5,9744.4,9648.094568001248,9840.705431998751,96.30543199875206
arm_mean,AliStorage2019,no_reclaim,overall_slowdown_mean,5,1.029654530601497,1.025388191261721,1.033920869941273,0.00426633933977596
arm_mean,AliStorage2019,no_reclaim,overall_slowdown_p95,5,1.1047012166340067,1.0998964905020214,1.109505942765992,0.004804726131985247
arm_mean,AliStorage2019,no_reclaim,overall_slowdown_p99,5,1.4530091485879661,1.3367940757445003,1.569224221431432,0.11621507284346598
arm_mean,AliStorage2019,no_reclaim,pfc_pause_events,5,0.0,0.0,0.0,0.0
arm_mean,AliStorage2019,no_reclaim,pfc_resume_events,5,0.0,0.0,0.0,0.0
arm_mean,AliStorage2019,no_reclaim,proactive_releases,5,579.2,547.4779755612767,610.9220244387234,31.722024438723352
arm_mean,AliStorage2019,no_reclaim,queue_bytes_max,5,423792.0,329836.4969157926,517747.5030842074,93955.50308420743
arm_mean,AliStorage2019,no_reclaim,queue_bytes_mean,5,2465.6246,1688.769689929275,3242.479510070725,776.854910070725
arm_mean,AliStorage2019,no_reclaim,queue_bytes_p95,5,347.6,-205.77734084873703,900.9773408487371,553.377340848737
arm_mean,AliStorage2019,no_reclaim,queue_bytes_p99,5,95048.0,63330.72620146328,126765.27379853671,31717.27379853672
arm_mean,AliStorage2019,no_reclaim,queue_sample_count,5,400020.0,400020.0,400020.0,0.0
arm_mean,AliStorage2019,no_reclaim,reactive_binding_rate_changes,5,139.0,75.79698508637404,202.20301491362596,63.20301491362596
arm_mean,AliStorage2019,no_reclaim,reactive_binding_updates,5,139.0,75.79698508637404,202.20301491362596,63.20301491362596
arm_mean,AliStorage2019,no_reclaim,recovery_nacks_generated,5,0.0,0.0,0.0,0.0
arm_mean,AliStorage2019,no_reclaim,recovery_nacks_received,5,0.0,0.0,0.0,0.0
arm_mean,AliStorage2019,no_reclaim,registrations,5,579.2,547.4779755612767,610.9220244387234,31.722024438723352
arm_mean,AliStorage2019,no_reclaim,selected_registrations,5,579.2,547.4779755612767,610.9220244387234,31.722024438723352
arm_mean,AliStorage2019,no_reclaim,tie_binding_rate_changes,5,7.8,3.3750746387843877,12.224925361215611,4.424925361215612
arm_mean,AliStorage2019,no_reclaim,tie_binding_updates,5,363.4,300.24212879553636,426.5578712044636,63.15787120446362
arm_mean,AliStorage2019,no_reclaim,timeout_recoveries,5,0.0,0.0,0.0,0.0
arm_mean,AliStorage2019,no_one_rtt,1BDP_to_1MB_fct_us_mean,5,44.7154247299645,40.55697101787046,48.87387844205853,4.158453712094038
arm_mean,AliStorage2019,no_one_rtt,1BDP_to_1MB_fct_us_p95,5,123.12910999999997,102.41741116992057,143.84080883007937,20.711698830079396
arm_mean,AliStorage2019,no_one_rtt,1BDP_to_1MB_fct_us_p99,5,223.12387799999996,163.30636028769896,282.94139571230096,59.81751771230098
arm_mean,AliStorage2019,no_one_rtt,1BDP_to_1MB_flow_count,5,297.6,276.64565541069845,318.5543445893016,20.954344589301556
arm_mean,AliStorage2019,no_one_rtt,1BDP_to_1MB_slowdown_mean,5,1.2298073217150407,1.1858459427782015,1.2737687006518799,0.04396137893683911
arm_mean,AliStorage2019,no_one_rtt,1BDP_to_1MB_slowdown_p95,5,1.8135548250530806,1.5804762160173924,2.046633434088769,0.23307860903568833
arm_mean,AliStorage2019,no_one_rtt,1BDP_to_1MB_slowdown_p99,5,2.6711387983101593,2.039472383119175,3.3028052135011436,0.6316664151909843
arm_mean,AliStorage2019,no_one_rtt,8KB_to_1BDP_fct_us_mean,5,8.866261430666318,8.775142859645875,8.957380001686762,0.09111857102044364
arm_mean,AliStorage2019,no_one_rtt,8KB_to_1BDP_fct_us_p95,5,14.375119999999999,14.156901704776333,14.593338295223665,0.21821829522366684
arm_mean,AliStorage2019,no_one_rtt,8KB_to_1BDP_fct_us_p99,5,18.070728,17.604684767690514,18.536771232309484,0.4660432323094847
arm_mean,AliStorage2019,no_one_rtt,8KB_to_1BDP_flow_count,5,2543.2,2472.5374265877554,2613.8625734122443,70.66257341224427
arm_mean,AliStorage2019,no_one_rtt,8KB_to_1BDP_slowdown_mean,5,1.0314246460069039,1.029516239844285,1.0333330521695228,0.0019084061626188135
arm_mean,AliStorage2019,no_one_rtt,8KB_to_1BDP_slowdown_p95,5,1.1239097758048247,1.1191718706288631,1.1286476809807862,0.004737905175961499
arm_mean,AliStorage2019,no_one_rtt,8KB_to_1BDP_slowdown_p99,5,1.298173090311924,1.2726445256395684,1.3237016549842795,0.025528564672355557
arm_mean,AliStorage2019,no_one_rtt,aggregate_goodput_gbps,5,160.86226976849696,152.03446790220056,169.69007163479336,8.827801866296388
arm_mean,AliStorage2019,no_one_rtt,completion_releases,5,0.0,0.0,0.0,0.0
arm_mean,AliStorage2019,no_one_rtt,completion_span_us,5,20042.5756,19975.743768865188,20109.407431134812,66.83183113481327
arm_mean,AliStorage2019,no_one_rtt,grant_binding_rate_changes,5,1.4,-0.26586706311867925,3.065867063118679,1.6658670631186792
arm_mean,AliStorage2019,no_one_rtt,grant_binding_updates,5,45.2,15.641615422531629,74.75838457746838,29.558384577468374
arm_mean,AliStorage2019,no_one_rtt,grant_bytes_sent,5,455110.4,403481.05473892606,506739.745261074,51629.34526107396
arm_mean,AliStorage2019,no_one_rtt,grant_event_rate_changes,5,977.0,459.99341625614034,1494.0065837438597,517.0065837438597
arm_mean,AliStorage2019,no_one_rtt,grants_received,5,4841.6,4292.351646158788,5390.848353841213,549.2483538412124
arm_mean,AliStorage2019,no_one_rtt,grants_sent,5,4841.6,4292.351646158788,5390.848353841213,549.2483538412124
arm_mean,AliStorage2019,no_one_rtt,gt_1MB_fct_us_mean,5,226.02651375592933,203.90025348700132,248.15277402485734,22.126260268928004
arm_mean,AliStorage2019,no_one_rtt,gt_1MB_fct_us_p95,5,455.7593800000001,356.6052251420962,554.913534857904,99.15415485790392
arm_mean,AliStorage2019,no_one_rtt,gt_1MB_fct_us_p99,5,605.1148700000001,446.86270699052426,763.367033009476,158.25216300947585
arm_mean,AliStorage2019,no_one_rtt,gt_1MB_flow_count,5,135.2,123.63851452880962,146.76148547119035,11.56148547119037
arm_mean,AliStorage2019,no_one_rtt,gt_1MB_slowdown_mean,5,1.6505339517341138,1.5113621191297664,1.7897057843384612,0.13917183260434743
arm_mean,AliStorage2019,no_one_rtt,gt_1MB_slowdown_p95,5,3.063730715641654,2.5426110241769666,3.5848504071063414,0.5211196914646874
arm_mean,AliStorage2019,no_one_rtt,gt_1MB_slowdown_p99,5,4.030474974027273,2.940803828774248,5.120146119280298,1.089671145253025
arm_mean,AliStorage2019,no_one_rtt,guard_ack_interval_packets,5,8.0,8.0,8.0,0.0
arm_mean,AliStorage2019,no_one_rtt,guard_adaptive_grant_updates,5,0.0,0.0,0.0,0.0
arm_mean,AliStorage2019,no_one_rtt,guard_fixed_window,5,1.0,1.0,1.0,0.0
arm_mean,AliStorage2019,no_one_rtt,guard_grant_refresh_bdps,5,1.0,1.0,1.0,0.0
arm_mean,AliStorage2019,no_one_rtt,guard_long_acks_suppressed,5,344404.8,324411.5382070823,364398.06179291767,19993.261792917663
arm_mean,AliStorage2019,no_one_rtt,guard_min_share_fraction,5,0.0,0.0,0.0,0.0
arm_mean,AliStorage2019,no_one_rtt,guard_one_rtt_acks_suppressed,5,0.0,0.0,0.0,0.0
arm_mean,AliStorage2019,no_one_rtt,guard_one_rtt_bypass_enabled,5,0.0,0.0,0.0,0.0
arm_mean,AliStorage2019,no_one_rtt,guard_one_rtt_bypass_feedbacks,5,0.0,0.0,0.0,0.0
arm_mean,AliStorage2019,no_one_rtt,guard_one_rtt_bypass_flows,5,0.0,0.0,0.0,0.0
arm_mean,AliStorage2019,no_one_rtt,guard_rebalance_events,5,0.0,0.0,0.0,0.0
arm_mean,AliStorage2019,no_one_rtt,guard_remaining_aware,5,1.0,1.0,1.0,0.0
arm_mean,AliStorage2019,no_one_rtt,guard_remaining_exponent,5,1.0,1.0,1.0,0.0
arm_mean,AliStorage2019,no_one_rtt,guard_remaining_refresh_events,5,3698.2,3483.7829261188385,3912.617073881161,214.41707388116137
arm_mean,AliStorage2019,no_one_rtt,guard_sender_srpt_enabled,5,1.0,1.0,1.0,0.0
arm_mean,AliStorage2019,no_one_rtt,guard_sender_srpt_forced_rr,5,69.8,57.21685182271496,82.38314817728504,12.583148177285038
arm_mean,AliStorage2019,no_one_rtt,guard_sender_srpt_non_rr,5,23941.8,19534.675264049223,28348.924735950775,4407.124735950776
arm_mean,AliStorage2019,no_one_rtt,guard_sender_srpt_selections,5,407906.4,385029.91876620345,430782.8812337966,22876.481233796578
arm_mean,AliStorage2019,no_one_rtt,guard_srpt_quantum_packets,5,64.0,64.0,64.0,0.0
arm_mean,AliStorage2019,no_one_rtt,guard_tail_bypass_bdps,5,8.0,8.0,8.0,0.0
arm_mean,AliStorage2019,no_one_rtt,guard_tail_bypass_enabled,5,1.0,1.0,1.0,0.0
arm_mean,AliStorage2019,no_one_rtt,guard_tail_bypass_feedbacks,5,22991.8,21279.708463335286,24703.891536664712,1712.0915366647125
arm_mean,AliStorage2019,no_one_rtt,guard_tail_bypass_flows,5,579.2,547.4779755612767,610.9220244387234,31.722024438723352
arm_mean,AliStorage2019,no_one_rtt,hpcc_actual_rate_changes,5,151.8,78.4293189291325,225.17068107086752,73.3706810708675
arm_mean,AliStorage2019,no_one_rtt,hpcc_fast_computations,5,0.0,0.0,0.0,0.0
arm_mean,AliStorage2019,no_one_rtt,hpcc_feedback_updates,5,11797.8,11590.30386526916,12005.29613473084,207.49613473083983
arm_mean,AliStorage2019,no_one_rtt,hpcc_full_computations,5,569.2,458.0263396398546,680.3736603601454,111.17366036014543
arm_mean,AliStorage2019,no_one_rtt,hpcc_rate_updates_applied,5,569.2,458.0263396398546,680.3736603601454,111.17366036014543
arm_mean,AliStorage2019,no_one_rtt,hpcc_valid_feedback,5,5583.2,5443.457901848601,5722.942098151399,139.74209815139886
arm_mean,AliStorage2019,no_one_rtt,int_hops_after_strip,5,67944.8,62741.513836004495,73148.08616399551,5203.286163995506
arm_mean,AliStorage2019,no_one_rtt,int_hops_before_strip,5,131446.4,123434.12133253878,139458.6786674612,8012.278667461212
arm_mean,AliStorage2019,no_one_rtt,int_records_stripped,5,63501.6,60614.48787498994,66388.71212501005,2887.1121250100546
arm_mean,AliStorage2019,no_one_rtt,irn_nacks_generated,5,0.0,0.0,0.0,0.0
arm_mean,AliStorage2019,no_one_rtt,irn_nacks_received,5,0.0,0.0,0.0,0.0
arm_mean,AliStorage2019,no_one_rtt,irn_retransmit_bytes,5,0.0,0.0,0.0,0.0
arm_mean,AliStorage2019,no_one_rtt,irn_retransmit_packets,5,0.0,0.0,0.0,0.0
arm_mean,AliStorage2019,no_one_rtt,le_8KB_fct_us_mean,5,6.810671539191278,6.783225314872746,6.8381177635098105,0.027446224318532397
arm_mean,AliStorage2019,no_one_rtt,le_8KB_fct_us_p95,5,9.11239,9.105156787648696,9.119623212351303,0.0072332123513042966
arm_mean,AliStorage2019,no_one_rtt,le_8KB_fct_us_p99,5,9.36497,9.345619466296682,9.384320533703317,0.019350533703316648
arm_mean,AliStorage2019,no_one_rtt,le_8KB_flow_count,5,6768.4,6682.7314826511065,6854.068517348893,85.66851734889346
arm_mean,AliStorage2019,no_one_rtt,le_8KB_slowdown_mean,5,1.007945039048717,1.0074037765766448,1.0084863015207892,0.0005412624720721491
arm_mean,AliStorage2019,no_one_rtt,le_8KB_slowdown_p95,5,1.0302762722767764,1.0286350118437626,1.0319175327097903,0.0016412604330137972
arm_mean,AliStorage2019,no_one_rtt,le_8KB_slowdown_p99,5,1.0669071503151162,1.0647729339508145,1.0690413666794178,0.0021342163643015568
arm_mean,AliStorage2019,no_one_rtt,long_to_small_slowdown_mean_ratio,5,1.6374900843189821,1.5001728877258578,1.7748072809121065,0.13731719659312433
arm_mean,AliStorage2019,no_one_rtt,max_active_flows,5,3.4,2.719912619341743,4.080087380658257,0.6800873806582569
arm_mean,AliStorage2019,no_one_rtt,overall_fct_us_mean,5,11.55365441473727,10.898209764420754,12.209099065053787,0.6554446503165156
arm_mean,AliStorage2019,no_one_rtt,overall_fct_us_p95,5,15.50261,15.231313681786887,15.773906318213115,0.27129631821311323
arm_mean,AliStorage2019,no_one_rtt,overall_fct_us_p99,5,164.67347200000034,153.63535839062456,175.71158560937613,11.038113609375772
arm_mean,AliStorage2019,no_one_rtt,overall_flow_count,5,9744.4,9648.094568001248,9840.705431998751,96.30543199875206
arm_mean,AliStorage2019,no_one_rtt,overall_slowdown_mean,5,1.0298063168660212,1.0255312131055907,1.0340814206264517,0.004275103760430435
arm_mean,AliStorage2019,no_one_rtt,overall_slowdown_p95,5,1.10477170374493,1.0994471422172658,1.1100962652725943,0.00532456152766425
arm_mean,AliStorage2019,no_one_rtt,overall_slowdown_p99,5,1.4545430252097051,1.3354643062192448,1.5736217442001654,0.11907871899046024
arm_mean,AliStorage2019,no_one_rtt,pfc_pause_events,5,0.0,0.0,0.0,0.0
arm_mean,AliStorage2019,no_one_rtt,pfc_resume_events,5,0.0,0.0,0.0,0.0
arm_mean,AliStorage2019,no_one_rtt,proactive_releases,5,579.2,547.4779755612767,610.9220244387234,31.722024438723352
arm_mean,AliStorage2019,no_one_rtt,queue_bytes_max,5,422732.4,329310.0931612422,516154.70683875785,93422.30683875785
arm_mean,AliStorage2019,no_one_rtt,queue_bytes_mean,5,2483.9148,1699.4329096669462,3268.396690333054,784.4818903330538
arm_mean,AliStorage2019,no_one_rtt,queue_bytes_p95,5,555.8,-121.57090043028609,1233.170900430286,677.370900430286
arm_mean,AliStorage2019,no_one_rtt,queue_bytes_p99,5,95484.0,63591.06970355129,127376.9302964487,31892.930296448707
arm_mean,AliStorage2019,no_one_rtt,queue_sample_count,5,400020.0,400020.0,400020.0,0.0
arm_mean,AliStorage2019,no_one_rtt,reactive_binding_rate_changes,5,142.6,74.35590555526181,210.84409444473818,68.24409444473818
arm_mean,AliStorage2019,no_one_rtt,reactive_binding_updates,5,142.6,74.35590555526181,210.84409444473818,68.24409444473818
arm_mean,AliStorage2019,no_one_rtt,recovery_nacks_generated,5,0.0,0.0,0.0,0.0
arm_mean,AliStorage2019,no_one_rtt,recovery_nacks_received,5,0.0,0.0,0.0,0.0
arm_mean,AliStorage2019,no_one_rtt,registrations,5,579.2,547.4779755612767,610.9220244387234,31.722024438723352
arm_mean,AliStorage2019,no_one_rtt,selected_registrations,5,579.2,547.4779755612767,610.9220244387234,31.722024438723352
arm_mean,AliStorage2019,no_one_rtt,tie_binding_rate_changes,5,7.8,3.2041655886265357,12.395834411373464,4.595834411373464
arm_mean,AliStorage2019,no_one_rtt,tie_binding_updates,5,381.4,314.82550096429725,447.9744990357027,66.57449903570271
arm_mean,AliStorage2019,no_one_rtt,timeout_recoveries,5,0.0,0.0,0.0,0.0
arm_mean,AliStorage2019,no_tail,1BDP_to_1MB_fct_us_mean,5,49.00133063851346,41.91034667991854,56.09231459710838,7.090983958594919
arm_mean,AliStorage2019,no_tail,1BDP_to_1MB_fct_us_p95,5,139.97691,90.47181774936615,189.48200225063385,49.50509225063385
arm_mean,AliStorage2019,no_tail,1BDP_to_1MB_fct_us_p99,5,278.02641399999993,192.96322872629895,363.0895992737009,85.063185273701
arm_mean,AliStorage2019,no_tail,1BDP_to_1MB_flow_count,5,297.6,276.64565541069845,318.5543445893016,20.954344589301556
arm_mean,AliStorage2019,no_tail,1BDP_to_1MB_slowdown_mean,5,1.3067738118073962,1.1875222742710279,1.4260253493437645,0.11925153753636825
arm_mean,AliStorage2019,no_tail,1BDP_to_1MB_slowdown_p95,5,1.9889392844036464,1.4541994272144454,2.5236791415928472,0.534739857189201
arm_mean,AliStorage2019,no_tail,1BDP_to_1MB_slowdown_p99,5,3.8909466797394856,1.9188653430654719,5.8630280164135,1.9720813366740138
arm_mean,AliStorage2019,no_tail,8KB_to_1BDP_fct_us_mean,5,8.862885348855704,8.771695455507352,8.954075242204055,0.09118989334835122
arm_mean,AliStorage2019,no_tail,8KB_to_1BDP_fct_us_p95,5,14.370749999999997,14.160327183752756,14.58117281624724,0.21042281624724174
arm_mean,AliStorage2019,no_tail,8KB_to_1BDP_fct_us_p99,5,17.925964,17.492512148112947,18.359415851887054,0.4334518518870516
arm_mean,AliStorage2019,no_tail,8KB_to_1BDP_flow_count,5,2543.2,2472.5374265877554,2613.8625734122443,70.66257341224427
arm_mean,AliStorage2019,no_tail,8KB_to_1BDP_slowdown_mean,5,1.0311514703941616,1.029367312097546,1.0329356286907772,0.0017841582966155864
arm_mean,AliStorage2019,no_tail,8KB_to_1BDP_slowdown_p95,5,1.1227870382643594,1.1178063550794757,1.1277677214492432,0.004980683184883815
arm_mean,AliStorage2019,no_tail,8KB_to_1BDP_slowdown_p99,5,1.2980435008244462,1.2726734478754644,1.323413553773428,0.025370052948981696
arm_mean,AliStorage2019,no_tail,aggregate_goodput_gbps,5,160.86408259720014,152.03697798363535,169.69118721076492,8.827104613564794
arm_mean,AliStorage2019,no_tail,completion_releases,5,0.2,-0.35528902103955967,0.7552890210395597,0.5552890210395597
arm_mean,AliStorage2019,no_tail,completion_span_us,5,20042.3472,19975.52729124034,20109.16710875966,66.81990875965731
arm_mean,AliStorage2019,no_tail,grant_binding_rate_changes,5,7.8,-1.084624336632955,16.684624336632954,8.884624336632955
arm_mean,AliStorage2019,no_tail,grant_binding_updates,5,151.2,62.26096770375496,240.13903229624503,88.93903229624503
arm_mean,AliStorage2019,no_tail,grant_bytes_sent,5,456802.4,403693.3141751952,509911.48582480487,53109.08582480483
arm_mean,AliStorage2019,no_tail,grant_event_rate_changes,5,932.6,431.0418197552228,1434.1581802447772,501.55818024477725
arm_mean,AliStorage2019,no_tail,grants_received,5,4859.6,4294.609725268034,5424.590274731967,564.9902747319663
arm_mean,AliStorage2019,no_tail,grants_sent,5,4859.6,4294.609725268034,5424.590274731967,564.9902747319663
arm_mean,AliStorage2019,no_tail,gt_1MB_fct_us_mean,5,228.5137889708506,205.01357881590053,252.0139991258007,23.500210154950096
arm_mean,AliStorage2019,no_tail,gt_1MB_fct_us_p95,5,461.57630000000006,363.79335343113615,559.3592465688639,97.78294656886389
arm_mean,AliStorage2019,no_tail,gt_1MB_fct_us_p99,5,653.2191800000002,374.0122678374761,932.4260921625242,279.2069121625241
arm_mean,AliStorage2019,no_tail,gt_1MB_flow_count,5,135.2,123.63851452880962,146.76148547119035,11.56148547119037
arm_mean,AliStorage2019,no_tail,gt_1MB_slowdown_mean,5,1.6693620587121933,1.5182367079799945,1.8204874094443921,0.15112535073219877
arm_mean,AliStorage2019,no_tail,gt_1MB_slowdown_p95,5,3.121840643547554,2.5788378304443578,3.6648434566507504,0.5430028131031964
arm_mean,AliStorage2019,no_tail,gt_1MB_slowdown_p99,5,4.386952125571847,2.8261745432577285,5.947729707885966,1.5607775823141183
arm_mean,AliStorage2019,no_tail,guard_ack_interval_packets,5,8.0,8.0,8.0,0.0
arm_mean,AliStorage2019,no_tail,guard_adaptive_grant_updates,5,0.0,0.0,0.0,0.0
arm_mean,AliStorage2019,no_tail,guard_fixed_window,5,1.0,1.0,1.0,0.0
arm_mean,AliStorage2019,no_tail,guard_grant_refresh_bdps,5,1.0,1.0,1.0,0.0
arm_mean,AliStorage2019,no_tail,guard_long_acks_suppressed,5,275271.4,255494.00510464987,295048.7948953502,19777.394895350142
arm_mean,AliStorage2019,no_tail,guard_min_share_fraction,5,0.0,0.0,0.0,0.0
arm_mean,AliStorage2019,no_tail,guard_one_rtt_acks_suppressed,5,83281.8,81608.71330419388,84954.88669580613,1673.0866958061197
arm_mean,AliStorage2019,no_tail,guard_one_rtt_bypass_enabled,5,1.0,1.0,1.0,0.0
arm_mean,AliStorage2019,no_tail,guard_one_rtt_bypass_feedbacks,5,9165.2,9064.023810815957,9266.376189184044,101.17618918404409
arm_mean,AliStorage2019,no_tail,guard_one_rtt_bypass_flows,5,9165.2,9064.023810815957,9266.376189184044,101.17618918404409
arm_mean,AliStorage2019,no_tail,guard_rebalance_events,5,0.0,0.0,0.0,0.0
arm_mean,AliStorage2019,no_tail,guard_remaining_aware,5,1.0,1.0,1.0,0.0
arm_mean,AliStorage2019,no_tail,guard_remaining_exponent,5,1.0,1.0,1.0,0.0
arm_mean,AliStorage2019,no_tail,guard_remaining_refresh_events,5,3702.2,3487.7883189340355,3916.611681065964,214.41168106596425
arm_mean,AliStorage2019,no_tail,guard_sender_srpt_enabled,5,1.0,1.0,1.0,0.0
arm_mean,AliStorage2019,no_tail,guard_sender_srpt_forced_rr,5,63.6,53.11547272213757,74.08452727786243,10.48452727786243
arm_mean,AliStorage2019,no_tail,guard_sender_srpt_non_rr,5,23541.8,18838.97507659759,28244.624923402407,4702.824923402407
arm_mean,AliStorage2019,no_tail,guard_sender_srpt_selections,5,407906.4,385029.91876620345,430782.8812337966,22876.481233796578
arm_mean,AliStorage2019,no_tail,guard_srpt_quantum_packets,5,64.0,64.0,64.0,0.0
arm_mean,AliStorage2019,no_tail,guard_tail_bypass_bdps,5,8.0,8.0,8.0,0.0
arm_mean,AliStorage2019,no_tail,guard_tail_bypass_enabled,5,0.0,0.0,0.0,0.0
arm_mean,AliStorage2019,no_tail,guard_tail_bypass_feedbacks,5,0.0,0.0,0.0,0.0
arm_mean,AliStorage2019,no_tail,guard_tail_bypass_flows,5,0.0,0.0,0.0,0.0
arm_mean,AliStorage2019,no_tail,hpcc_actual_rate_changes,5,537.4,313.3551583430409,761.444841656959,224.0448416569591
arm_mean,AliStorage2019,no_tail,hpcc_fast_computations,5,0.0,0.0,0.0,0.0
arm_mean,AliStorage2019,no_tail,hpcc_feedback_updates,5,5521.8,5080.314321758988,5963.285678241013,441.4856782410122
arm_mean,AliStorage2019,no_tail,hpcc_full_computations,5,1758.0,1461.486581570251,2054.513418429749,296.51341842974904
arm_mean,AliStorage2019,no_tail,hpcc_rate_updates_applied,5,1758.0,1461.486581570251,2054.513418429749,296.51341842974904
arm_mean,AliStorage2019,no_tail,hpcc_valid_feedback,5,1997.4,1689.38397801,2305.4160219900004,308.0160219900001
arm_mean,AliStorage2019,no_tail,int_hops_after_strip,5,51570.4,46530.32190004797,56610.47809995203,5040.0780999520275
arm_mean,AliStorage2019,no_tail,int_hops_before_strip,5,100923.6,93134.7240521487,108712.47594785132,7788.875947851307
arm_mean,AliStorage2019,no_tail,int_records_stripped,5,49353.2,46519.26663636363,52187.13336363636,2833.933363636367
arm_mean,AliStorage2019,no_tail,irn_nacks_generated,5,0.0,0.0,0.0,0.0
arm_mean,AliStorage2019,no_tail,irn_nacks_received,5,0.0,0.0,0.0,0.0
arm_mean,AliStorage2019,no_tail,irn_retransmit_bytes,5,0.0,0.0,0.0,0.0
arm_mean,AliStorage2019,no_tail,irn_retransmit_packets,5,0.0,0.0,0.0,0.0
arm_mean,AliStorage2019,no_tail,le_8KB_fct_us_mean,5,6.810250675874068,6.782827401607672,6.837673950140464,0.027423274266396368
arm_mean,AliStorage2019,no_tail,le_8KB_fct_us_p95,5,9.1092,9.09711688027966,9.121283119720339,0.012083119720338303
arm_mean,AliStorage2019,no_tail,le_8KB_fct_us_p99,5,9.368782,9.348218116551756,9.389345883448243,0.020563883448243246
arm_mean,AliStorage2019,no_tail,le_8KB_flow_count,5,6768.4,6682.7314826511065,6854.068517348893,85.66851734889346
arm_mean,AliStorage2019,no_tail,le_8KB_slowdown_mean,5,1.0079210849080933,1.0073935112437697,1.0084486585724168,0.0005275736643236175
arm_mean,AliStorage2019,no_tail,le_8KB_slowdown_p95,5,1.0304537351879024,1.029176790624409,1.0317306797513959,0.0012769445634935117
arm_mean,AliStorage2019,no_tail,le_8KB_slowdown_p99,5,1.0664192037220581,1.064050613419971,1.0687877940241453,0.002368590302087053
arm_mean,AliStorage2019,no_tail,long_to_small_slowdown_mean_ratio,5,1.6562064773867753,1.5070194192783992,1.8053935354951514,0.14918705810837612
arm_mean,AliStorage2019,no_tail,max_active_flows,5,3.4,2.719912619341743,4.080087380658257,0.6800873806582569
arm_mean,AliStorage2019,no_tail,overall_fct_us_mean,5,11.717376843694833,10.953887111454792,12.480866575934874,0.7634897322400408
arm_mean,AliStorage2019,no_tail,overall_fct_us_p95,5,15.519199999999994,15.239439695632967,15.798960304367021,0.2797603043670274
arm_mean,AliStorage2019,no_tail,overall_fct_us_p99,5,168.36001200000035,153.10681438286,183.6132096171407,15.253197617140353
arm_mean,AliStorage2019,no_tail,overall_flow_count,5,9744.4,9648.094568001248,9840.705431998751,96.30543199875206
arm_mean,AliStorage2019,no_tail,overall_slowdown_mean,5,1.032309587945975,1.0258336395645893,1.0387855363273606,0.0064759483813857524
arm_mean,AliStorage2019,no_tail,overall_slowdown_p95,5,1.1051247237016737,1.100143654594525,1.1101057928088225,0.004981069107148711
arm_mean,AliStorage2019,no_tail,overall_slowdown_p99,5,1.499807865803945,1.3276713417529478,1.6719443898549424,0.17213652405099744
arm_mean,AliStorage2019,no_tail,pfc_pause_events,5,0.0,0.0,0.0,0.0
arm_mean,AliStorage2019,no_tail,pfc_resume_events,5,0.0,0.0,0.0,0.0
arm_mean,AliStorage2019,no_tail,proactive_releases,5,579.0,547.4412096723394,610.5587903276606,31.558790327660606
arm_mean,AliStorage2019,no_tail,queue_bytes_max,5,382305.6,336507.0082068316,428104.1917931684,45798.5917931684
arm_mean,AliStorage2019,no_tail,queue_bytes_mean,5,2323.5443999999998,1538.4089827015846,3108.679817298415,785.1354172984151
arm_mean,AliStorage2019,no_tail,queue_bytes_p95,5,310.8,-254.953678627049,876.5536786270491,565.753678627049
arm_mean,AliStorage2019,no_tail,queue_bytes_p99,5,88726.0,55565.9819222798,121886.01807772019,33160.0180777202
arm_mean,AliStorage2019,no_tail,queue_sample_count,5,400020.0,400020.0,400020.0,0.0
arm_mean,AliStorage2019,no_tail,reactive_binding_rate_changes,5,497.6,294.092823727294,701.107176272706,203.50717627270606
arm_mean,AliStorage2019,no_tail,reactive_binding_updates,5,497.6,294.092823727294,701.107176272706,203.50717627270606
arm_mean,AliStorage2019,no_tail,recovery_nacks_generated,5,0.0,0.0,0.0,0.0
arm_mean,AliStorage2019,no_tail,recovery_nacks_received,5,0.0,0.0,0.0,0.0
arm_mean,AliStorage2019,no_tail,registrations,5,579.2,547.4779755612767,610.9220244387234,31.722024438723352
arm_mean,AliStorage2019,no_tail,selected_registrations,5,579.2,547.4779755612767,610.9220244387234,31.722024438723352
arm_mean,AliStorage2019,no_tail,tie_binding_rate_changes,5,32.0,18.313505475875257,45.68649452412474,13.686494524124743
arm_mean,AliStorage2019,no_tail,tie_binding_updates,5,1109.2,990.5531736474423,1227.8468263525576,118.64682635255765
arm_mean,AliStorage2019,no_tail,timeout_recoveries,5,0.0,0.0,0.0,0.0
arm_mean,AliStorage2019,no_remaining,1BDP_to_1MB_fct_us_mean,5,45.99809491807042,41.53362913274618,50.462560703394665,4.464465785324242
arm_mean,AliStorage2019,no_remaining,1BDP_to_1MB_fct_us_p95,5,130.24406,108.52383128501309,151.96428871498688,21.7202287149869
arm_mean,AliStorage2019,no_remaining,1BDP_to_1MB_fct_us_p99,5,224.39870600000012,162.6387128020665,286.15869919793374,61.75999319793364
arm_mean,AliStorage2019,no_remaining,1BDP_to_1MB_flow_count,5,297.6,276.64565541069845,318.5543445893016,20.954344589301556
arm_mean,AliStorage2019,no_remaining,1BDP_to_1MB_slowdown_mean,5,1.2635320932661018,1.2120323883477566,1.315031798184447,0.05149970491834531
arm_mean,AliStorage2019,no_remaining,1BDP_to_1MB_slowdown_p95,5,1.9529898726814907,1.6980148776956105,2.207964867667371,0.25497499498588005
arm_mean,AliStorage2019,no_remaining,1BDP_to_1MB_slowdown_p99,5,2.782157376390633,2.213871985159305,3.3504427676219612,0.568285391231328
arm_mean,AliStorage2019,no_remaining,8KB_to_1BDP_fct_us_mean,5,8.87282093300303,8.785084978884269,8.960556887121792,0.08773595411876074
arm_mean,AliStorage2019,no_remaining,8KB_to_1BDP_fct_us_p95,5,14.42813,14.23098752064809,14.625272479351908,0.19714247935190798
arm_mean,AliStorage2019,no_remaining,8KB_to_1BDP_fct_us_p99,5,18.025972,17.632784276410725,18.419159723589274,0.3931877235892765
arm_mean,AliStorage2019,no_remaining,8KB_to_1BDP_flow_count,5,2543.2,2472.5374265877554,2613.8625734122443,70.66257341224427
arm_mean,AliStorage2019,no_remaining,8KB_to_1BDP_slowdown_mean,5,1.0320037748831907,1.030264897769676,1.0337426519967055,0.0017388771135147057
arm_mean,AliStorage2019,no_remaining,8KB_to_1BDP_slowdown_p95,5,1.1293327721393023,1.1245181373641566,1.134147406914448,0.0048146347751457375
arm_mean,AliStorage2019,no_remaining,8KB_to_1BDP_slowdown_p99,5,1.3180187648827968,1.2872413706292531,1.3487961591363404,0.03077739425354369
arm_mean,AliStorage2019,no_remaining,aggregate_goodput_gbps,5,160.86449218586245,152.03640678043476,169.69257759129013,8.828085405427691
arm_mean,AliStorage2019,no_remaining,completion_releases,5,0.0,0.0,0.0,0.0
arm_mean,AliStorage2019,no_remaining,completion_span_us,5,20042.2994,19975.49465928381,20109.10414071619,66.80474071619206
arm_mean,AliStorage2019,no_remaining,grant_binding_rate_changes,5,1.4,-0.26586706311867925,3.065867063118679,1.6658670631186792
arm_mean,AliStorage2019,no_remaining,grant_binding_updates,5,43.6,15.006659069005721,72.19334093099428,28.59334093099428
arm_mean,AliStorage2019,no_remaining,grant_bytes_sent,5,68319.2,61846.225011020426,74792.17498897956,6472.974988979569
arm_mean,AliStorage2019,no_remaining,grant_event_rate_changes,5,205.2,150.88944071709685,259.51055928290316,54.31055928290314
arm_mean,AliStorage2019,no_remaining,grants_received,5,726.8,657.9385639470258,795.6614360529741,68.86143605297413
arm_mean,AliStorage2019,no_remaining,grants_sent,5,726.8,657.9385639470258,795.6614360529741,68.86143605297413
arm_mean,AliStorage2019,no_remaining,gt_1MB_fct_us_mean,5,227.4616170974858,204.0279163583724,250.8953178365992,23.433700739113384
arm_mean,AliStorage2019,no_remaining,gt_1MB_fct_us_p95,5,446.76332,354.21636348419537,539.3102765158046,92.54695651580464
arm_mean,AliStorage2019,no_remaining,gt_1MB_fct_us_p99,5,603.9475480000001,447.20263689716205,760.6924591028381,156.74491110283805
arm_mean,AliStorage2019,no_remaining,gt_1MB_flow_count,5,135.2,123.63851452880962,146.76148547119035,11.56148547119037
arm_mean,AliStorage2019,no_remaining,gt_1MB_slowdown_mean,5,1.6634650403375235,1.5135891382979376,1.8133409423771094,0.14987590203958578
arm_mean,AliStorage2019,no_remaining,gt_1MB_slowdown_p95,5,3.060295691968471,2.5288647306567644,3.5917266532801775,0.5314309613117065
arm_mean,AliStorage2019,no_remaining,gt_1MB_slowdown_p99,5,3.995093155675259,2.8945615893602814,5.095624721990237,1.1005315663149777
arm_mean,AliStorage2019,no_remaining,guard_ack_interval_packets,5,8.0,8.0,8.0,0.0
arm_mean,AliStorage2019,no_remaining,guard_adaptive_grant_updates,5,0.0,0.0,0.0,0.0
arm_mean,AliStorage2019,no_remaining,guard_fixed_window,5,1.0,1.0,1.0,0.0
arm_mean,AliStorage2019,no_remaining,guard_grant_refresh_bdps,5,1.0,1.0,1.0,0.0
arm_mean,AliStorage2019,no_remaining,guard_long_acks_suppressed,5,275271.4,255494.00510464987,295048.7948953502,19777.394895350142
arm_mean,AliStorage2019,no_remaining,guard_min_share_fraction,5,0.0,0.0,0.0,0.0
arm_mean,AliStorage2019,no_remaining,guard_one_rtt_acks_suppressed,5,83281.8,81608.71330419388,84954.88669580613,1673.0866958061197
arm_mean,AliStorage2019,no_remaining,guard_one_rtt_bypass_enabled,5,1.0,1.0,1.0,0.0
arm_mean,AliStorage2019,no_remaining,guard_one_rtt_bypass_feedbacks,5,9165.2,9064.023810815957,9266.376189184044,101.17618918404409
arm_mean,AliStorage2019,no_remaining,guard_one_rtt_bypass_flows,5,9165.2,9064.023810815957,9266.376189184044,101.17618918404409
arm_mean,AliStorage2019,no_remaining,guard_rebalance_events,5,3.2,0.3685704460354504,6.03142955396455,2.8314295539645498
arm_mean,AliStorage2019,no_remaining,guard_remaining_aware,5,0.0,0.0,0.0,0.0
arm_mean,AliStorage2019,no_remaining,guard_remaining_exponent,5,1.0,1.0,1.0,0.0
arm_mean,AliStorage2019,no_remaining,guard_remaining_refresh_events,5,0.0,0.0,0.0,0.0
arm_mean,AliStorage2019,no_remaining,guard_sender_srpt_enabled,5,1.0,1.0,1.0,0.0
arm_mean,AliStorage2019,no_remaining,guard_sender_srpt_forced_rr,5,71.6,59.89933428313327,83.30066571686672,11.700665716866721
arm_mean,AliStorage2019,no_remaining,guard_sender_srpt_non_rr,5,23927.2,19601.79227256255,28252.60772743745,4325.40772743745
arm_mean,AliStorage2019,no_remaining,guard_sender_srpt_selections,5,407906.4,385029.91876620345,430782.8812337966,22876.481233796578
arm_mean,AliStorage2019,no_remaining,guard_srpt_quantum_packets,5,64.0,64.0,64.0,0.0
arm_mean,AliStorage2019,no_remaining,guard_tail_bypass_bdps,5,8.0,8.0,8.0,0.0
arm_mean,AliStorage2019,no_remaining,guard_tail_bypass_enabled,5,1.0,1.0,1.0,0.0
arm_mean,AliStorage2019,no_remaining,guard_tail_bypass_feedbacks,5,22990.0,21277.084798791966,24702.915201208034,1712.9152012080333
arm_mean,AliStorage2019,no_remaining,guard_tail_bypass_flows,5,579.2,547.4779755612767,610.9220244387234,31.722024438723352
arm_mean,AliStorage2019,no_remaining,hpcc_actual_rate_changes,5,154.6,83.81643920712915,225.38356079287084,70.78356079287084
arm_mean,AliStorage2019,no_remaining,hpcc_fast_computations,5,0.0,0.0,0.0,0.0
arm_mean,AliStorage2019,no_remaining,hpcc_feedback_updates,5,2537.0,2352.146294889647,2721.853705110353,184.8537051103531
arm_mean,AliStorage2019,no_remaining,hpcc_full_computations,5,538.2,434.2170339899747,642.1829660100254,103.98296601002535
arm_mean,AliStorage2019,no_remaining,hpcc_rate_updates_applied,5,538.2,434.2170339899747,642.1829660100254,103.98296601002535
arm_mean,AliStorage2019,no_remaining,hpcc_valid_feedback,5,625.2,507.95180473088385,742.4481952691162,117.2481952691162
arm_mean,AliStorage2019,no_remaining,int_hops_after_strip,5,51570.4,46530.32190004797,56610.47809995203,5040.0780999520275
arm_mean,AliStorage2019,no_remaining,int_hops_before_strip,5,100923.6,93134.7240521487,108712.47594785132,7788.875947851307
arm_mean,AliStorage2019,no_remaining,int_records_stripped,5,49353.2,46519.26663636363,52187.13336363636,2833.933363636367
arm_mean,AliStorage2019,no_remaining,irn_nacks_generated,5,0.0,0.0,0.0,0.0
arm_mean,AliStorage2019,no_remaining,irn_nacks_received,5,0.0,0.0,0.0,0.0
arm_mean,AliStorage2019,no_remaining,irn_retransmit_bytes,5,0.0,0.0,0.0,0.0
arm_mean,AliStorage2019,no_remaining,irn_retransmit_packets,5,0.0,0.0,0.0,0.0
arm_mean,AliStorage2019,no_remaining,le_8KB_fct_us_mean,5,6.810581773807027,6.783260325363233,6.837903222250822,0.02732144844379492
arm_mean,AliStorage2019,no_remaining,le_8KB_fct_us_p95,5,9.11055,9.10174709262735,9.11935290737265,0.00880290737264869
arm_mean,AliStorage2019,no_remaining,le_8KB_fct_us_p99,5,9.366296,9.344658109283545,9.387933890716456,0.021637890716455336
arm_mean,AliStorage2019,no_remaining,le_8KB_flow_count,5,6768.4,6682.7314826511065,6854.068517348893,85.66851734889346
arm_mean,AliStorage2019,no_remaining,le_8KB_slowdown_mean,5,1.00795827431765,1.00741440127908,1.0085021473562201,0.0005438730385701442
arm_mean,AliStorage2019,no_remaining,le_8KB_slowdown_p95,5,1.0306605473542434,1.0295528610310227,1.031768233677464,0.001107686323220686
arm_mean,AliStorage2019,no_remaining,le_8KB_slowdown_p99,5,1.0658051947411087,1.0635434139880624,1.068066975494155,0.0022617807530462284
arm_mean,AliStorage2019,no_remaining,long_to_small_slowdown_mean_ratio,5,1.650293854835024,1.5023881997464301,1.798199509923618,0.1479056550885939
arm_mean,AliStorage2019,no_remaining,max_active_flows,5,3.4,2.719912619341743,4.080087380658257,0.6800873806582569
arm_mean,AliStorage2019,no_remaining,overall_fct_us_mean,5,11.61599569001686,10.918042824389552,12.313948555644167,0.6979528656273075
arm_mean,AliStorage2019,no_remaining,overall_fct_us_p95,5,15.608890000000011,15.335651234871325,15.882128765128698,0.27323876512868595
arm_mean,AliStorage2019,no_remaining,overall_fct_us_p99,5,166.39606000000023,153.89291796454492,178.89920203545555,12.503142035455317
arm_mean,AliStorage2019,no_remaining,overall_flow_count,5,9744.4,9648.094568001248,9840.705431998751,96.30543199875206
arm_mean,AliStorage2019,no_remaining,overall_slowdown_mean,5,1.0311908083652377,1.0263719850693862,1.0360096316610892,0.004818823295851394
arm_mean,AliStorage2019,no_remaining,overall_slowdown_p95,5,1.107622619737176,1.1027170098742065,1.1125282296001453,0.004905609862969488
arm_mean,AliStorage2019,no_remaining,overall_slowdown_p99,5,1.5547751759414807,1.3668378559705465,1.742712495912415,0.18793731997093424
arm_mean,AliStorage2019,no_remaining,pfc_pause_events,5,0.0,0.0,0.0,0.0
arm_mean,AliStorage2019,no_remaining,pfc_resume_events,5,0.0,0.0,0.0,0.0
arm_mean,AliStorage2019,no_remaining,proactive_releases,5,579.2,547.4779755612767,610.9220244387234,31.722024438723352
arm_mean,AliStorage2019,no_remaining,queue_bytes_max,5,415726.0,335168.21067185747,496283.78932814253,80557.78932814253
arm_mean,AliStorage2019,no_remaining,queue_bytes_mean,5,2594.2022,1768.8141165137201,3419.59028348628,825.38808348628
arm_mean,AliStorage2019,no_remaining,queue_bytes_p95,5,698.6,-407.8332657124689,1805.033265712469,1106.433265712469
arm_mean,AliStorage2019,no_remaining,queue_bytes_p99,5,97958.8,66205.02963679029,129712.57036320971,31753.770363209707
arm_mean,AliStorage2019,no_remaining,queue_sample_count,5,400020.0,400020.0,400020.0,0.0
arm_mean,AliStorage2019,no_remaining,reactive_binding_rate_changes,5,147.0,79.40624786916916,214.59375213083084,67.59375213083084
arm_mean,AliStorage2019,no_remaining,reactive_binding_updates,5,147.0,79.40624786916916,214.59375213083084,67.59375213083084
arm_mean,AliStorage2019,no_remaining,recovery_nacks_generated,5,0.0,0.0,0.0,0.0
arm_mean,AliStorage2019,no_remaining,recovery_nacks_received,5,0.0,0.0,0.0,0.0
arm_mean,AliStorage2019,no_remaining,registrations,5,579.2,547.4779755612767,610.9220244387234,31.722024438723352
arm_mean,AliStorage2019,no_remaining,selected_registrations,5,579.2,547.4779755612767,610.9220244387234,31.722024438723352
arm_mean,AliStorage2019,no_remaining,tie_binding_rate_changes,5,6.2,3.9788439158417614,8.42115608415824,2.2211560841582387
arm_mean,AliStorage2019,no_remaining,tie_binding_updates,5,347.6,293.6726013376278,401.52739866237226,53.92739866237222
arm_mean,AliStorage2019,no_remaining,timeout_recoveries,5,0.0,0.0,0.0,0.0
arm_mean,AliStorage2019,no_ack_coalescing,1BDP_to_1MB_fct_us_mean,5,44.858747417958284,40.32170361621548,49.39579121970109,4.537043801742803
arm_mean,AliStorage2019,no_ack_coalescing,1BDP_to_1MB_fct_us_p95,5,124.70107999999996,101.94319284100071,147.4589671589992,22.75788715899925
arm_mean,AliStorage2019,no_ack_coalescing,1BDP_to_1MB_fct_us_p99,5,232.2956200000001,163.65843084301207,300.9328091569881,68.63718915698803
arm_mean,AliStorage2019,no_ack_coalescing,1BDP_to_1MB_flow_count,5,297.6,276.64565541069845,318.5543445893016,20.954344589301556
arm_mean,AliStorage2019,no_ack_coalescing,1BDP_to_1MB_slowdown_mean,5,1.2293909684522324,1.1815144031610891,1.2772675337433756,0.047876565291143154
arm_mean,AliStorage2019,no_ack_coalescing,1BDP_to_1MB_slowdown_p95,5,1.8242707096364588,1.582345927263507,2.0661954920094106,0.24192478237295184
arm_mean,AliStorage2019,no_ack_coalescing,1BDP_to_1MB_slowdown_p99,5,2.7331472743620266,2.1097661908112517,3.3565283579128016,0.6233810835507749
arm_mean,AliStorage2019,no_ack_coalescing,8KB_to_1BDP_fct_us_mean,5,8.90270375424548,8.812854872669964,8.992552635820994,0.08984888157551463
arm_mean,AliStorage2019,no_ack_coalescing,8KB_to_1BDP_fct_us_p95,5,14.544139999999999,14.286689348421493,14.801590651578504,0.25745065157850494
arm_mean,AliStorage2019,no_ack_coalescing,8KB_to_1BDP_fct_us_p99,5,18.359402,18.01493381131076,18.703870188689237,0.34446818868923645
arm_mean,AliStorage2019,no_ack_coalescing,8KB_to_1BDP_flow_count,5,2543.2,2472.5374265877554,2613.8625734122443,70.66257341224427
arm_mean,AliStorage2019,no_ack_coalescing,8KB_to_1BDP_slowdown_mean,5,1.0351867853965602,1.0333218179397041,1.0370517528534162,0.0018649674568559666
arm_mean,AliStorage2019,no_ack_coalescing,8KB_to_1BDP_slowdown_p95,5,1.1373143764308293,1.1330881726945332,1.1415405801671255,0.004226203736296078
arm_mean,AliStorage2019,no_ack_coalescing,8KB_to_1BDP_slowdown_p99,5,1.302183169764716,1.2729142514192178,1.331452088110214,0.029268918345498104
arm_mean,AliStorage2019,no_ack_coalescing,aggregate_goodput_gbps,5,160.8531566389311,151.97921001643135,169.72710326143084,8.873946622499753
arm_mean,AliStorage2019,no_ack_coalescing,completion_releases,5,0.0,0.0,0.0,0.0
arm_mean,AliStorage2019,no_ack_coalescing,completion_span_us,5,20043.8676,19977.204767129515,20110.530432870488,66.66283287048626
arm_mean,AliStorage2019,no_ack_coalescing,grant_binding_rate_changes,5,1.0,-1.1506251308180344,3.1506251308180344,2.1506251308180344
arm_mean,AliStorage2019,no_ack_coalescing,grant_binding_updates,5,43.8,10.791815762595007,76.80818423740499,33.00818423740499
arm_mean,AliStorage2019,no_ack_coalescing,grant_bytes_sent,5,454753.2,404090.7863313394,505415.61366866063,50662.41366866059
arm_mean,AliStorage2019,no_ack_coalescing,grant_event_rate_changes,5,945.8,447.3810068153565,1444.2189931846433,498.41899318464345
arm_mean,AliStorage2019,no_ack_coalescing,grants_received,5,4837.8,4298.838152461058,5376.761847538943,538.9618475389425
arm_mean,AliStorage2019,no_ack_coalescing,grants_sent,5,4837.8,4298.838152461058,5376.761847538943,538.9618475389425
arm_mean,AliStorage2019,no_ack_coalescing,gt_1MB_fct_us_mean,5,227.84950395036793,204.5584719018118,251.14053599892407,23.291032048556147
arm_mean,AliStorage2019,no_ack_coalescing,gt_1MB_fct_us_p95,5,480.21378999999996,394.66362251389313,565.7639574861067,85.55016748610682
arm_mean,AliStorage2019,no_ack_coalescing,gt_1MB_fct_us_p99,5,591.9919379999999,482.65679943397174,701.327076566028,109.33513856602816
arm_mean,AliStorage2019,no_ack_coalescing,gt_1MB_flow_count,5,135.2,123.63851452880962,146.76148547119035,11.56148547119037
arm_mean,AliStorage2019,no_ack_coalescing,gt_1MB_slowdown_mean,5,1.6619166208236287,1.5141800136114816,1.8096532280357758,0.14773660721214707
arm_mean,AliStorage2019,no_ack_coalescing,gt_1MB_slowdown_p95,5,3.2155482953001986,2.6977476148826405,3.7333489757177567,0.5178006804175582
arm_mean,AliStorage2019,no_ack_coalescing,gt_1MB_slowdown_p99,5,4.065453433169516,3.344691946807978,4.786214919531054,0.7207614863615384
arm_mean,AliStorage2019,no_ack_coalescing,guard_ack_interval_packets,5,1.0,1.0,1.0,0.0
arm_mean,AliStorage2019,no_ack_coalescing,guard_adaptive_grant_updates,5,0.0,0.0,0.0,0.0
arm_mean,AliStorage2019,no_ack_coalescing,guard_fixed_window,5,1.0,1.0,1.0,0.0
arm_mean,AliStorage2019,no_ack_coalescing,guard_grant_refresh_bdps,5,1.0,1.0,1.0,0.0
arm_mean,AliStorage2019,no_ack_coalescing,guard_long_acks_suppressed,5,0.0,0.0,0.0,0.0
arm_mean,AliStorage2019,no_ack_coalescing,guard_min_share_fraction,5,0.0,0.0,0.0,0.0
arm_mean,AliStorage2019,no_ack_coalescing,guard_one_rtt_acks_suppressed,5,83281.8,81608.71330419388,84954.88669580613,1673.0866958061197
arm_mean,AliStorage2019,no_ack_coalescing,guard_one_rtt_bypass_enabled,5,1.0,1.0,1.0,0.0
arm_mean,AliStorage2019,no_ack_coalescing,guard_one_rtt_bypass_feedbacks,5,9165.2,9064.023810815957,9266.376189184044,101.17618918404409
arm_mean,AliStorage2019,no_ack_coalescing,guard_one_rtt_bypass_flows,5,9165.2,9064.023810815957,9266.376189184044,101.17618918404409
arm_mean,AliStorage2019,no_ack_coalescing,guard_rebalance_events,5,0.0,0.0,0.0,0.0
arm_mean,AliStorage2019,no_ack_coalescing,guard_remaining_aware,5,1.0,1.0,1.0,0.0
arm_mean,AliStorage2019,no_ack_coalescing,guard_remaining_exponent,5,1.0,1.0,1.0,0.0
arm_mean,AliStorage2019,no_ack_coalescing,guard_remaining_refresh_events,5,3705.8,3491.007559949418,3920.5924400505824,214.79244005058212
arm_mean,AliStorage2019,no_ack_coalescing,guard_sender_srpt_enabled,5,1.0,1.0,1.0,0.0
arm_mean,AliStorage2019,no_ack_coalescing,guard_sender_srpt_forced_rr,5,167.8,130.74303774205748,204.85696225794254,37.056962257942544
arm_mean,AliStorage2019,no_ack_coalescing,guard_sender_srpt_non_rr,5,24062.2,19775.635315381358,28348.764684618644,4286.564684618643
arm_mean,AliStorage2019,no_ack_coalescing,guard_sender_srpt_selections,5,407906.4,385029.91876620345,430782.8812337966,22876.481233796578
arm_mean,AliStorage2019,no_ack_coalescing,guard_srpt_quantum_packets,5,64.0,64.0,64.0,0.0
arm_mean,AliStorage2019,no_ack_coalescing,guard_tail_bypass_bdps,5,8.0,8.0,8.0,0.0
arm_mean,AliStorage2019,no_ack_coalescing,guard_tail_bypass_enabled,5,1.0,1.0,1.0,0.0
arm_mean,AliStorage2019,no_ack_coalescing,guard_tail_bypass_feedbacks,5,179808.8,166185.67286380613,193431.92713619384,13623.12713619386
arm_mean,AliStorage2019,no_ack_coalescing,guard_tail_bypass_flows,5,579.2,547.4779755612767,610.9220244387234,31.722024438723352
arm_mean,AliStorage2019,no_ack_coalescing,hpcc_actual_rate_changes,5,175.4,105.22346195392737,245.57653804607264,70.17653804607264
arm_mean,AliStorage2019,no_ack_coalescing,hpcc_fast_computations,5,0.0,0.0,0.0,0.0
arm_mean,AliStorage2019,no_ack_coalescing,hpcc_feedback_updates,5,2626.0,2410.1200108387666,2841.8799891612334,215.87998916123365
arm_mean,AliStorage2019,no_ack_coalescing,hpcc_full_computations,5,568.4,451.721236437775,685.0787635622249,116.67876356222493
arm_mean,AliStorage2019,no_ack_coalescing,hpcc_rate_updates_applied,5,568.4,451.721236437775,685.0787635622249,116.67876356222493
arm_mean,AliStorage2019,no_ack_coalescing,hpcc_valid_feedback,5,655.4,525.562668305061,785.2373316949389,129.8373316949389
arm_mean,AliStorage2019,no_ack_coalescing,int_hops_after_strip,5,338560.8,298634.8057198113,378486.7942801887,39925.99428018867
arm_mean,AliStorage2019,no_ack_coalescing,int_hops_before_strip,5,663185.4,601330.7215267322,725040.0784732678,61854.67847326783
arm_mean,AliStorage2019,no_ack_coalescing,int_records_stripped,5,324624.6,302014.87064354867,347234.3293564513,22609.729356451302
arm_mean,AliStorage2019,no_ack_coalescing,irn_nacks_generated,5,0.0,0.0,0.0,0.0
arm_mean,AliStorage2019,no_ack_coalescing,irn_nacks_received,5,0.0,0.0,0.0,0.0
arm_mean,AliStorage2019,no_ack_coalescing,irn_retransmit_bytes,5,0.0,0.0,0.0,0.0
arm_mean,AliStorage2019,no_ack_coalescing,irn_retransmit_packets,5,0.0,0.0,0.0,0.0
arm_mean,AliStorage2019,no_ack_coalescing,le_8KB_fct_us_mean,5,6.820353341991883,6.792374820098127,6.8483318638856385,0.027978521893755968
arm_mean,AliStorage2019,no_ack_coalescing,le_8KB_fct_us_p95,5,9.145990000000001,9.134030287470711,9.157949712529291,0.011959712529289079
arm_mean,AliStorage2019,no_ack_coalescing,le_8KB_fct_us_p99,5,9.412034,9.392882067174352,9.431185932825649,0.019151932825649393
arm_mean,AliStorage2019,no_ack_coalescing,le_8KB_flow_count,5,6768.4,6682.7314826511065,6854.068517348893,85.66851734889346
arm_mean,AliStorage2019,no_ack_coalescing,le_8KB_slowdown_mean,5,1.0091376018015557,1.008475272274391,1.0097999313287203,0.0006623295271645854
arm_mean,AliStorage2019,no_ack_coalescing,le_8KB_slowdown_p95,5,1.0338290178963117,1.0321649812739162,1.035493054518707,0.001664036622395536
arm_mean,AliStorage2019,no_ack_coalescing,le_8KB_slowdown_p99,5,1.0720952958816983,1.0690042367781636,1.075186354985233,0.0030910591035346272
arm_mean,AliStorage2019,no_ack_coalescing,long_to_small_slowdown_mean_ratio,5,1.64682523911828,1.501353463724759,1.7922970145118011,0.14547177539352096
arm_mean,AliStorage2019,no_ack_coalescing,max_active_flows,5,3.4,2.719912619341743,4.080087380658257,0.6800873806582569
arm_mean,AliStorage2019,no_ack_coalescing,overall_fct_us_mean,5,11.600304583219316,10.914174903275708,12.286434263162924,0.6861296799436084
arm_mean,AliStorage2019,no_ack_coalescing,overall_fct_us_p95,5,15.533330000000012,15.206819726280202,15.859840273719822,0.3265102737198111
arm_mean,AliStorage2019,no_ack_coalescing,overall_fct_us_p99,5,162.43670200000022,146.8563161976354,178.01708780236504,15.58038580236481
arm_mean,AliStorage2019,no_ack_coalescing,overall_flow_count,5,9744.4,9648.094568001248,9840.705431998751,96.30543199875206
arm_mean,AliStorage2019,no_ack_coalescing,overall_slowdown_mean,5,1.0317664463408813,1.0270986900868695,1.0364342025948932,0.00466775625401174
arm_mean,AliStorage2019,no_ack_coalescing,overall_slowdown_p95,5,1.1035271040945673,1.1001021716933992,1.1069520364957355,0.003424932401168055
arm_mean,AliStorage2019,no_ack_coalescing,overall_slowdown_p99,5,1.4685877026648015,1.362576868118871,1.574598537210732,0.10601083454593042
arm_mean,AliStorage2019,no_ack_coalescing,pfc_pause_events,5,0.0,0.0,0.0,0.0
arm_mean,AliStorage2019,no_ack_coalescing,pfc_resume_events,5,0.0,0.0,0.0,0.0
arm_mean,AliStorage2019,no_ack_coalescing,proactive_releases,5,579.2,547.4779755612767,610.9220244387234,31.722024438723352
arm_mean,AliStorage2019,no_ack_coalescing,queue_bytes_max,5,441530.0,341069.8286177374,541990.1713822626,100460.17138226263
arm_mean,AliStorage2019,no_ack_coalescing,queue_bytes_mean,5,2982.5968000000003,2104.0434409468203,3861.1501590531802,878.5533590531801
arm_mean,AliStorage2019,no_ack_coalescing,queue_bytes_p95,5,4796.0,2743.4464097001987,6848.553590299802,2052.5535902998013
arm_mean,AliStorage2019,no_ack_coalescing,queue_bytes_p99,5,109149.4,75513.59907804188,142785.2009219581,33635.800921958114
arm_mean,AliStorage2019,no_ack_coalescing,queue_sample_count,5,400020.0,400020.0,400020.0,0.0
arm_mean,AliStorage2019,no_ack_coalescing,reactive_binding_rate_changes,5,165.2,97.9011240329694,232.49887596703059,67.29887596703058
arm_mean,AliStorage2019,no_ack_coalescing,reactive_binding_updates,5,165.2,97.9011240329694,232.49887596703059,67.29887596703058
arm_mean,AliStorage2019,no_ack_coalescing,recovery_nacks_generated,5,0.0,0.0,0.0,0.0
arm_mean,AliStorage2019,no_ack_coalescing,recovery_nacks_received,5,0.0,0.0,0.0,0.0
arm_mean,AliStorage2019,no_ack_coalescing,registrations,5,579.2,547.4779755612767,610.9220244387234,31.722024438723352
arm_mean,AliStorage2019,no_ack_coalescing,selected_registrations,5,579.2,547.4779755612767,610.9220244387234,31.722024438723352
arm_mean,AliStorage2019,no_ack_coalescing,tie_binding_rate_changes,5,9.2,6.811611611900014,11.588388388099984,2.3883883880999845
arm_mean,AliStorage2019,no_ack_coalescing,tie_binding_updates,5,359.4,299.11468741343805,419.6853125865619,60.28531258656192
arm_mean,AliStorage2019,no_ack_coalescing,timeout_recoveries,5,0.0,0.0,0.0,0.0
paired_difference,AliStorage2019,guard_minus_no_priority,1BDP_to_1MB_fct_us_mean,5,-5.692314098882768,-7.258715354133115,-4.125912843632421,1.5664012552503472
paired_percent,AliStorage2019,guard_minus_no_priority,1BDP_to_1MB_fct_us_mean,5,-11.213341838370724,-12.97511497239311,-9.451568704348338,1.761773134022386
paired_difference,AliStorage2019,guard_minus_no_priority,1BDP_to_1MB_fct_us_p95,5,-15.23456000000004,-20.936813758062634,-9.532306241937446,5.702253758062593
paired_percent,AliStorage2019,guard_minus_no_priority,1BDP_to_1MB_fct_us_p95,5,-10.938806007272749,-13.896944113007995,-7.980667901537503,2.958138105735246
paired_difference,AliStorage2019,guard_minus_no_priority,1BDP_to_1MB_fct_us_p99,5,8.560463999999792,-26.980104517260934,44.10103251726051,35.54056851726072
paired_percent,AliStorage2019,guard_minus_no_priority,1BDP_to_1MB_fct_us_p99,5,3.418603313943285,-13.162617785223583,19.999824413110154,16.581221099166868
paired_difference,AliStorage2019,guard_minus_no_priority,1BDP_to_1MB_flow_count,5,0.0,0.0,0.0,0.0
paired_percent,AliStorage2019,guard_minus_no_priority,1BDP_to_1MB_flow_count,5,0.0,0.0,0.0,0.0
paired_difference,AliStorage2019,guard_minus_no_priority,1BDP_to_1MB_slowdown_mean,5,-0.20442433132002388,-0.25392637153507847,-0.1549222911049693,0.04950204021505458
paired_percent,AliStorage2019,guard_minus_no_priority,1BDP_to_1MB_slowdown_mean,5,-14.182083955158493,-16.586172914529342,-11.777994995787644,2.4040889593708488
paired_difference,AliStorage2019,guard_minus_no_priority,1BDP_to_1MB_slowdown_p95,5,-0.8779643823719994,-1.0458146540551847,-0.7101141106888139,0.16785027168318545
paired_percent,AliStorage2019,guard_minus_no_priority,1BDP_to_1MB_slowdown_p95,5,-32.70125764697956,-38.56720216429745,-26.835313129661678,5.865944517317885
paired_difference,AliStorage2019,guard_minus_no_priority,1BDP_to_1MB_slowdown_p99,5,-0.8060976489154209,-1.0334278918691107,-0.5787674059617312,0.22733024295368978
paired_percent,AliStorage2019,guard_minus_no_priority,1BDP_to_1MB_slowdown_p99,5,-23.727303913427885,-32.48605685738279,-14.968550969472977,8.758752943954908
paired_difference,AliStorage2019,guard_minus_no_priority,8KB_to_1BDP_fct_us_mean,5,-1.638711302714628,-2.021885373431022,-1.2555372319982343,0.38317407071639387
paired_percent,AliStorage2019,guard_minus_no_priority,8KB_to_1BDP_fct_us_mean,5,-15.544488975123965,-18.663349423928256,-12.425628526319674,3.118860448804292
paired_difference,AliStorage2019,guard_minus_no_priority,8KB_to_1BDP_fct_us_p95,5,-8.576100000000006,-11.059309755750348,-6.092890244249663,2.483209755750343
paired_percent,AliStorage2019,guard_minus_no_priority,8KB_to_1BDP_fct_us_p95,5,-36.99133481346886,-43.92668687111456,-30.05598275582316,6.935352057645702
paired_difference,AliStorage2019,guard_minus_no_priority,8KB_to_1BDP_fct_us_p99,5,-15.57818999999996,-19.080343663224443,-12.076036336775475,3.5021536632244845
paired_percent,AliStorage2019,guard_minus_no_priority,8KB_to_1BDP_fct_us_p99,5,-46.05444820367417,-51.98942859557062,-40.11946781177772,5.934980391896451
paired_difference,AliStorage2019,guard_minus_no_priority,8KB_to_1BDP_flow_count,5,0.0,0.0,0.0,0.0
paired_percent,AliStorage2019,guard_minus_no_priority,8KB_to_1BDP_flow_count,5,0.0,0.0,0.0,0.0
paired_difference,AliStorage2019,guard_minus_no_priority,8KB_to_1BDP_slowdown_mean,5,-0.15929041888858544,-0.19650639934543981,-0.12207443843173107,0.03721598045685437
paired_percent,AliStorage2019,guard_minus_no_priority,8KB_to_1BDP_slowdown_mean,5,-13.336529363373959,-16.071276772312356,-10.601781954435562,2.734747408938397
paired_difference,AliStorage2019,guard_minus_no_priority,8KB_to_1BDP_slowdown_p95,5,-0.9837330042162865,-1.2804746470836834,-0.6869913613488896,0.29674164286739696
paired_percent,AliStorage2019,guard_minus_no_priority,8KB_to_1BDP_slowdown_p95,5,-46.08152032176585,-54.444860817793895,-37.718179825737806,8.363340496028048
paired_difference,AliStorage2019,guard_minus_no_priority,8KB_to_1BDP_slowdown_p99,5,-1.8054606051941195,-2.180604494793718,-1.430316715594521,0.3751438895995987
paired_percent,AliStorage2019,guard_minus_no_priority,8KB_to_1BDP_slowdown_p99,5,-57.865161566593564,-63.19269447682911,-52.53762865635802,5.327532910235548
paired_difference,AliStorage2019,guard_minus_no_priority,aggregate_goodput_gbps,5,-0.0026669746134984963,-0.008750655821180646,0.0034167065941836535,0.00608368120768215
paired_percent,AliStorage2019,guard_minus_no_priority,aggregate_goodput_gbps,5,-0.0016215302786401708,-0.005351816853240714,0.0021087562959603724,0.003730286574600543
paired_difference,AliStorage2019,guard_minus_no_priority,completion_releases,5,0.0,0.0,0.0,0.0
paired_difference,AliStorage2019,guard_minus_no_priority,completion_span_us,5,0.3261999999995169,-0.4246610257902781,1.0770610257893118,0.750861025789795
paired_percent,AliStorage2019,guard_minus_no_priority,completion_span_us,5,0.0016216287837127218,-0.0021089188186576863,0.00535217638608313,0.003730547602370408
paired_difference,AliStorage2019,guard_minus_no_priority,grant_binding_rate_changes,5,0.0,-0.8779890330850845,0.8779890330850845,0.8779890330850845
paired_difference,AliStorage2019,guard_minus_no_priority,grant_binding_updates,5,-4.6,-12.770488766044,3.570488766044001,8.170488766044
paired_percent,AliStorage2019,guard_minus_no_priority,grant_binding_updates,5,0.09678354100260762,-31.481222257868954,31.67478933987417,31.578005798871562
paired_difference,AliStorage2019,guard_minus_no_priority,grant_bytes_sent,5,-2500.4,-5431.818234199314,431.0182341993136,2931.4182341993137
paired_percent,AliStorage2019,guard_minus_no_priority,grant_bytes_sent,5,-0.5593689623974416,-1.2170959695962542,0.098358044801371,0.6577270071988126
paired_difference,AliStorage2019,guard_minus_no_priority,grant_event_rate_changes,5,-27.8,-96.54940058235773,40.94940058235774,68.74940058235774
paired_percent,AliStorage2019,guard_minus_no_priority,grant_event_rate_changes,5,-3.133744742511614,-10.21496362891026,3.9474741438870318,7.081218886398646
paired_difference,AliStorage2019,guard_minus_no_priority,grants_received,5,-26.6,-57.785300363822486,4.585300363822483,31.185300363822485
paired_percent,AliStorage2019,guard_minus_no_priority,grants_received,5,-0.5593689623974416,-1.2170959695962542,0.098358044801371,0.6577270071988126
paired_difference,AliStorage2019,guard_minus_no_priority,grants_sent,5,-26.6,-57.785300363822486,4.585300363822483,31.185300363822485
paired_percent,AliStorage2019,guard_minus_no_priority,grants_sent,5,-0.5593689623974416,-1.2170959695962542,0.098358044801371,0.6577270071988126
paired_difference,AliStorage2019,guard_minus_no_priority,gt_1MB_fct_us_mean,5,2.9652948686976175,1.2875858747671494,4.643003862628086,1.6777089939304681
paired_percent,AliStorage2019,guard_minus_no_priority,gt_1MB_fct_us_mean,5,1.3306256236967067,0.5798073197494248,2.0814439276439884,0.7508183039472819
paired_difference,AliStorage2019,guard_minus_no_priority,gt_1MB_fct_us_p95,5,6.377980000000003,-29.307657298647392,42.063617298647394,35.68563729864739
paired_percent,AliStorage2019,guard_minus_no_priority,gt_1MB_fct_us_p95,5,1.2515731717763423,-6.398167100522709,8.901313444075393,7.649740272299051
paired_difference,AliStorage2019,guard_minus_no_priority,gt_1MB_fct_us_p99,5,27.586390000000186,-56.82042306324363,111.99320306324401,84.40681306324382
paired_percent,AliStorage2019,guard_minus_no_priority,gt_1MB_fct_us_p99,5,4.378664624966985,-9.164702303204239,17.92203155313821,13.543366928171224
paired_difference,AliStorage2019,guard_minus_no_priority,gt_1MB_flow_count,5,0.0,0.0,0.0,0.0
paired_percent,AliStorage2019,guard_minus_no_priority,gt_1MB_flow_count,5,0.0,0.0,0.0,0.0
paired_difference,AliStorage2019,guard_minus_no_priority,gt_1MB_slowdown_mean,5,0.02383843835342723,0.010224583659146184,0.03745229304770827,0.013613854694281044
paired_percent,AliStorage2019,guard_minus_no_priority,gt_1MB_slowdown_mean,5,1.4616668620474225,0.6433237185890262,2.280010005505819,0.8183431434583963
paired_difference,AliStorage2019,guard_minus_no_priority,gt_1MB_slowdown_p95,5,0.09026778420674395,-0.044414640362727464,0.22495020877621535,0.1346824245694714
paired_percent,AliStorage2019,guard_minus_no_priority,gt_1MB_slowdown_p95,5,3.165607243271219,-1.7645425212565646,8.095757007799001,4.930149764527783
paired_difference,AliStorage2019,guard_minus_no_priority,gt_1MB_slowdown_p99,5,0.08405105193458517,-0.37399973395399005,0.5421018378231603,0.45805078588857523
paired_percent,AliStorage2019,guard_minus_no_priority,gt_1MB_slowdown_p99,5,1.4237220666082737,-9.272095770021808,12.119539903238357,10.695817836630082
paired_difference,AliStorage2019,guard_minus_no_priority,guard_ack_interval_packets,5,0.0,0.0,0.0,0.0
paired_percent,AliStorage2019,guard_minus_no_priority,guard_ack_interval_packets,5,0.0,0.0,0.0,0.0
paired_difference,AliStorage2019,guard_minus_no_priority,guard_adaptive_grant_updates,5,0.0,0.0,0.0,0.0
paired_difference,AliStorage2019,guard_minus_no_priority,guard_fixed_window,5,0.0,0.0,0.0,0.0
paired_percent,AliStorage2019,guard_minus_no_priority,guard_fixed_window,5,0.0,0.0,0.0,0.0
paired_difference,AliStorage2019,guard_minus_no_priority,guard_grant_refresh_bdps,5,0.0,0.0,0.0,0.0
paired_percent,AliStorage2019,guard_minus_no_priority,guard_grant_refresh_bdps,5,0.0,0.0,0.0,0.0
paired_difference,AliStorage2019,guard_minus_no_priority,guard_long_acks_suppressed,5,0.0,0.0,0.0,0.0
paired_percent,AliStorage2019,guard_minus_no_priority,guard_long_acks_suppressed,5,0.0,0.0,0.0,0.0
paired_difference,AliStorage2019,guard_minus_no_priority,guard_min_share_fraction,5,0.0,0.0,0.0,0.0
paired_difference,AliStorage2019,guard_minus_no_priority,guard_one_rtt_acks_suppressed,5,0.0,0.0,0.0,0.0
paired_percent,AliStorage2019,guard_minus_no_priority,guard_one_rtt_acks_suppressed,5,0.0,0.0,0.0,0.0
paired_difference,AliStorage2019,guard_minus_no_priority,guard_one_rtt_bypass_enabled,5,0.0,0.0,0.0,0.0
paired_percent,AliStorage2019,guard_minus_no_priority,guard_one_rtt_bypass_enabled,5,0.0,0.0,0.0,0.0
paired_difference,AliStorage2019,guard_minus_no_priority,guard_one_rtt_bypass_feedbacks,5,0.0,0.0,0.0,0.0
paired_percent,AliStorage2019,guard_minus_no_priority,guard_one_rtt_bypass_feedbacks,5,0.0,0.0,0.0,0.0
paired_difference,AliStorage2019,guard_minus_no_priority,guard_one_rtt_bypass_flows,5,0.0,0.0,0.0,0.0
paired_percent,AliStorage2019,guard_minus_no_priority,guard_one_rtt_bypass_flows,5,0.0,0.0,0.0,0.0
paired_difference,AliStorage2019,guard_minus_no_priority,guard_rebalance_events,5,0.0,0.0,0.0,0.0
paired_difference,AliStorage2019,guard_minus_no_priority,guard_remaining_aware,5,0.0,0.0,0.0,0.0
paired_percent,AliStorage2019,guard_minus_no_priority,guard_remaining_aware,5,0.0,0.0,0.0,0.0
paired_difference,AliStorage2019,guard_minus_no_priority,guard_remaining_exponent,5,0.0,0.0,0.0,0.0
paired_percent,AliStorage2019,guard_minus_no_priority,guard_remaining_exponent,5,0.0,0.0,0.0,0.0
paired_difference,AliStorage2019,guard_minus_no_priority,guard_remaining_refresh_events,5,-7.0,-11.210687481992302,-2.789312518007698,4.210687481992302
paired_percent,AliStorage2019,guard_minus_no_priority,guard_remaining_refresh_events,5,-0.18821883704435663,-0.29664851154590705,-0.0797891625428062,0.10842967450155043
paired_difference,AliStorage2019,guard_minus_no_priority,guard_sender_srpt_enabled,5,0.0,0.0,0.0,0.0
paired_percent,AliStorage2019,guard_minus_no_priority,guard_sender_srpt_enabled,5,0.0,0.0,0.0,0.0
paired_difference,AliStorage2019,guard_minus_no_priority,guard_sender_srpt_forced_rr,5,12.4,8.415051607651082,16.38494839234892,3.9849483923489193
paired_percent,AliStorage2019,guard_minus_no_priority,guard_sender_srpt_forced_rr,5,23.542554558209766,9.397554857033018,37.687554259386516,14.144999701176747
paired_difference,AliStorage2019,guard_minus_no_priority,guard_sender_srpt_non_rr,5,341.2,-182.59047925135616,864.9904792513562,523.7904792513561
paired_percent,AliStorage2019,guard_minus_no_priority,guard_sender_srpt_non_rr,5,1.2871074061767072,-0.6627543937660965,3.236969206119511,1.9498617999428036
paired_difference,AliStorage2019,guard_minus_no_priority,guard_sender_srpt_selections,5,0.0,0.0,0.0,0.0
paired_percent,AliStorage2019,guard_minus_no_priority,guard_sender_srpt_selections,5,0.0,0.0,0.0,0.0
paired_difference,AliStorage2019,guard_minus_no_priority,guard_srpt_quantum_packets,5,0.0,0.0,0.0,0.0
paired_percent,AliStorage2019,guard_minus_no_priority,guard_srpt_quantum_packets,5,0.0,0.0,0.0,0.0
paired_difference,AliStorage2019,guard_minus_no_priority,guard_tail_bypass_bdps,5,0.0,0.0,0.0,0.0
paired_percent,AliStorage2019,guard_minus_no_priority,guard_tail_bypass_bdps,5,0.0,0.0,0.0,0.0
paired_difference,AliStorage2019,guard_minus_no_priority,guard_tail_bypass_enabled,5,0.0,0.0,0.0,0.0
paired_percent,AliStorage2019,guard_minus_no_priority,guard_tail_bypass_enabled,5,0.0,0.0,0.0,0.0
paired_difference,AliStorage2019,guard_minus_no_priority,guard_tail_bypass_feedbacks,5,0.0,-3.1656344780833208,3.1656344780833208,3.1656344780833208
paired_percent,AliStorage2019,guard_minus_no_priority,guard_tail_bypass_feedbacks,5,0.0003457169738331857,-0.014065728608159507,0.014757162555825877,0.014411445581992692
paired_difference,AliStorage2019,guard_minus_no_priority,guard_tail_bypass_flows,5,0.0,0.0,0.0,0.0
paired_percent,AliStorage2019,guard_minus_no_priority,guard_tail_bypass_flows,5,0.0,0.0,0.0,0.0
paired_difference,AliStorage2019,guard_minus_no_priority,hpcc_actual_rate_changes,5,-32.2,-39.722065678972626,-24.677934321027383,7.52206567897262
paired_percent,AliStorage2019,guard_minus_no_priority,hpcc_actual_rate_changes,5,-18.93903496573882,-25.682749818608347,-12.195320112869293,6.743714852869527
paired_difference,AliStorage2019,guard_minus_no_priority,hpcc_fast_computations,5,0.0,0.0,0.0,0.0
paired_difference,AliStorage2019,guard_minus_no_priority,hpcc_feedback_updates,5,-42.4,-56.13147901525706,-28.66852098474294,13.731479015257056
paired_percent,AliStorage2019,guard_minus_no_priority,hpcc_feedback_updates,5,-1.6060830300404318,-2.1188101494476923,-1.0933559106331712,0.5127271194072607
paired_difference,AliStorage2019,guard_minus_no_priority,hpcc_full_computations,5,-28.2,-35.77313256327892,-20.62686743672108,7.573132563278918
paired_percent,AliStorage2019,guard_minus_no_priority,hpcc_full_computations,5,-4.918676162610766,-6.043743698456626,-3.7936086267649065,1.1250675358458597
paired_difference,AliStorage2019,guard_minus_no_priority,hpcc_rate_updates_applied,5,-28.2,-35.77313256327892,-20.62686743672108,7.573132563278918
paired_percent,AliStorage2019,guard_minus_no_priority,hpcc_rate_updates_applied,5,-4.918676162610766,-6.043743698456626,-3.7936086267649065,1.1250675358458597
paired_difference,AliStorage2019,guard_minus_no_priority,hpcc_valid_feedback,5,-28.2,-35.77313256327892,-20.62686743672108,7.573132563278918
paired_percent,AliStorage2019,guard_minus_no_priority,hpcc_valid_feedback,5,-4.270355652717617,-5.248510537351269,-3.292200768083966,0.9781548846336513
paired_difference,AliStorage2019,guard_minus_no_priority,int_hops_after_strip,5,0.0,0.0,0.0,0.0
paired_percent,AliStorage2019,guard_minus_no_priority,int_hops_after_strip,5,0.0,0.0,0.0,0.0
paired_difference,AliStorage2019,guard_minus_no_priority,int_hops_before_strip,5,0.0,0.0,0.0,0.0
paired_percent,AliStorage2019,guard_minus_no_priority,int_hops_before_strip,5,0.0,0.0,0.0,0.0
paired_difference,AliStorage2019,guard_minus_no_priority,int_records_stripped,5,0.0,0.0,0.0,0.0
paired_percent,AliStorage2019,guard_minus_no_priority,int_records_stripped,5,0.0,0.0,0.0,0.0
paired_difference,AliStorage2019,guard_minus_no_priority,irn_nacks_generated,5,0.0,0.0,0.0,0.0
paired_difference,AliStorage2019,guard_minus_no_priority,irn_nacks_received,5,0.0,0.0,0.0,0.0
paired_difference,AliStorage2019,guard_minus_no_priority,irn_retransmit_bytes,5,0.0,0.0,0.0,0.0
paired_difference,AliStorage2019,guard_minus_no_priority,irn_retransmit_packets,5,0.0,0.0,0.0,0.0
paired_difference,AliStorage2019,guard_minus_no_priority,le_8KB_fct_us_mean,5,-1.2829407027582655,-1.6280961610360267,-0.9377852444805044,0.3451554582777612
paired_percent,AliStorage2019,guard_minus_no_priority,le_8KB_fct_us_mean,5,-15.76831570641023,-19.36922672295405,-12.167404689866409,3.6009110165438196
paired_difference,AliStorage2019,guard_minus_no_priority,le_8KB_fct_us_p95,5,-9.391819999999996,-12.337127491139544,-6.446512508860447,2.9453074911395483
paired_percent,AliStorage2019,guard_minus_no_priority,le_8KB_fct_us_p95,5,-50.00986475835515,-59.10321851515752,-40.91651100155278,9.093353756802369
paired_difference,AliStorage2019,guard_minus_no_priority,le_8KB_fct_us_p99,5,-20.510228,-24.36739034356013,-16.653065656439875,3.8571623435601263
paired_percent,AliStorage2019,guard_minus_no_priority,le_8KB_fct_us_p99,5,-68.37466077727369,-72.48192484525734,-64.26739670929004,4.107264067983645
paired_difference,AliStorage2019,guard_minus_no_priority,le_8KB_flow_count,5,0.0,0.0,0.0,0.0
paired_percent,AliStorage2019,guard_minus_no_priority,le_8KB_flow_count,5,0.0,0.0,0.0,0.0
paired_difference,AliStorage2019,guard_minus_no_priority,le_8KB_slowdown_mean,5,-0.14924677589814137,-0.1893663107743655,-0.10912724102191723,0.040119534876224126
paired_percent,AliStorage2019,guard_minus_no_priority,le_8KB_slowdown_mean,5,-12.842157683892642,-15.884233841756576,-9.800081526028709,3.0420761578639324
paired_difference,AliStorage2019,guard_minus_no_priority,le_8KB_slowdown_p95,5,-1.0935309387835563,-1.430074718657148,-0.7569871589099646,0.33654377987359174
paired_percent,AliStorage2019,guard_minus_no_priority,le_8KB_slowdown_p95,5,-50.760752493072104,-59.63030415459912,-41.891200831545085,8.869551661527021
paired_difference,AliStorage2019,guard_minus_no_priority,le_8KB_slowdown_p99,5,-2.3451541440111416,-2.784943340991071,-1.9053649470312122,0.43978919697992935
paired_percent,AliStorage2019,guard_minus_no_priority,le_8KB_slowdown_p99,5,-68.46482110350992,-72.55454573453416,-64.37509647248568,4.089724631024244
paired_difference,AliStorage2019,guard_minus_no_priority,long_to_small_slowdown_mean_ratio,5,0.2326684071500548,0.16212825376097337,0.30320856053913625,0.07054015338908143
paired_percent,AliStorage2019,guard_minus_no_priority,long_to_small_slowdown_mean_ratio,5,16.48914536102344,12.110432477921876,20.867858244125003,4.378712883101564
paired_difference,AliStorage2019,guard_minus_no_priority,max_active_flows,5,0.0,0.0,0.0,0.0
paired_percent,AliStorage2019,guard_minus_no_priority,max_active_flows,5,0.0,0.0,0.0,0.0
paired_difference,AliStorage2019,guard_minus_no_priority,overall_fct_us_mean,5,-1.4505419526054926,-1.8210924067939618,-1.0799914984170234,0.3705504541884693
paired_percent,AliStorage2019,guard_minus_no_priority,overall_fct_us_mean,5,-11.081779832926482,-13.127760515052584,-9.035799150800381,2.045980682126102
paired_difference,AliStorage2019,guard_minus_no_priority,overall_fct_us_p95,5,-11.270770000000004,-14.288012004943592,-8.253527995056416,3.0172420049435886
paired_percent,AliStorage2019,guard_minus_no_priority,overall_fct_us_p95,5,-41.675123055635,-48.17679333853052,-35.17345277273947,6.5016702828955255
paired_difference,AliStorage2019,guard_minus_no_priority,overall_fct_us_p99,5,-1.9660860000004619,-5.244817787741887,1.3126457877409636,3.2787317877414255
paired_percent,AliStorage2019,guard_minus_no_priority,overall_fct_us_p99,5,-1.1224843814591963,-2.928934999102112,0.6839662361837195,1.8064506176429158
paired_difference,AliStorage2019,guard_minus_no_priority,overall_flow_count,5,0.0,0.0,0.0,0.0
paired_percent,AliStorage2019,guard_minus_no_priority,overall_flow_count,5,0.0,0.0,0.0,0.0
paired_difference,AliStorage2019,guard_minus_no_priority,overall_slowdown_mean,5,-0.15110157547812558,-0.18956168452503033,-0.11264146643122083,0.03846010904690475
paired_percent,AliStorage2019,guard_minus_no_priority,overall_slowdown_mean,5,-12.744350747842876,-15.566277330386015,-9.922424165299738,2.821926582543139
paired_difference,AliStorage2019,guard_minus_no_priority,overall_slowdown_p95,5,-1.0673255004927178,-1.3640045122720728,-0.7706464887133628,0.296679011779355
paired_percent,AliStorage2019,guard_minus_no_priority,overall_slowdown_p95,5,-48.60304246826428,-56.127892122233405,-41.07819281429515,7.524849653969126
paired_difference,AliStorage2019,guard_minus_no_priority,overall_slowdown_p99,5,-1.8981452797475995,-2.2491461658615988,-1.5471443936336005,0.3510008861139991
paired_percent,AliStorage2019,guard_minus_no_priority,overall_slowdown_p99,5,-56.43080180007621,-60.75662248987486,-52.10498111027756,4.32582068979865
paired_difference,AliStorage2019,guard_minus_no_priority,pfc_pause_events,5,0.0,0.0,0.0,0.0
paired_difference,AliStorage2019,guard_minus_no_priority,pfc_resume_events,5,0.0,0.0,0.0,0.0
paired_difference,AliStorage2019,guard_minus_no_priority,proactive_releases,5,0.0,0.0,0.0,0.0
paired_percent,AliStorage2019,guard_minus_no_priority,proactive_releases,5,0.0,0.0,0.0,0.0
paired_difference,AliStorage2019,guard_minus_no_priority,queue_bytes_max,5,-65043.2,-129012.73554366958,-1073.6644563304217,63969.535543669575
paired_percent,AliStorage2019,guard_minus_no_priority,queue_bytes_max,5,-13.42156014375926,-26.005610183880393,-0.8375101036381292,12.58405004012113
paired_difference,AliStorage2019,guard_minus_no_priority,queue_bytes_mean,5,-509.9959999999999,-599.1279281424466,-420.86407185755314,89.13192814244677
paired_percent,AliStorage2019,guard_minus_no_priority,queue_bytes_mean,5,-17.500306476729445,-20.182671068156438,-14.817941885302451,2.6823645914269942
paired_difference,AliStorage2019,guard_minus_no_priority,queue_bytes_p95,5,-490.8,-1040.9674324252396,59.367432425239656,550.1674324252397
paired_difference,AliStorage2019,guard_minus_no_priority,queue_bytes_p99,5,-18211.2,-24531.47767126983,-11890.922328730174,6320.277671269827
paired_percent,AliStorage2019,guard_minus_no_priority,queue_bytes_p99,5,-16.39623862123062,-21.454771371083655,-11.337705871377583,5.058532749853035
paired_difference,AliStorage2019,guard_minus_no_priority,queue_sample_count,5,0.0,0.0,0.0,0.0
paired_percent,AliStorage2019,guard_minus_no_priority,queue_sample_count,5,0.0,0.0,0.0,0.0
paired_difference,AliStorage2019,guard_minus_no_priority,reactive_binding_rate_changes,5,-28.2,-37.590789450823756,-18.809210549176242,9.390789450823759
paired_percent,AliStorage2019,guard_minus_no_priority,reactive_binding_rate_changes,5,-17.547118393169814,-23.81886748172569,-11.275369304613937,6.271749088555877
paired_difference,AliStorage2019,guard_minus_no_priority,reactive_binding_updates,5,-28.2,-37.590789450823756,-18.809210549176242,9.390789450823759
paired_percent,AliStorage2019,guard_minus_no_priority,reactive_binding_updates,5,-17.547118393169814,-23.81886748172569,-11.275369304613937,6.271749088555877
paired_difference,AliStorage2019,guard_minus_no_priority,recovery_nacks_generated,5,0.0,0.0,0.0,0.0
paired_difference,AliStorage2019,guard_minus_no_priority,recovery_nacks_received,5,0.0,0.0,0.0,0.0
paired_difference,AliStorage2019,guard_minus_no_priority,registrations,5,0.0,0.0,0.0,0.0
paired_percent,AliStorage2019,guard_minus_no_priority,registrations,5,0.0,0.0,0.0,0.0
paired_difference,AliStorage2019,guard_minus_no_priority,selected_registrations,5,0.0,0.0,0.0,0.0
paired_percent,AliStorage2019,guard_minus_no_priority,selected_registrations,5,0.0,0.0,0.0,0.0
paired_difference,AliStorage2019,guard_minus_no_priority,tie_binding_rate_changes,5,-4.0,-7.511956132340337,-0.4880438676596621,3.511956132340338
paired_percent,AliStorage2019,guard_minus_no_priority,tie_binding_rate_changes,5,-35.205128205128204,-67.28778738953112,-3.1224690207252905,32.082659184402914
paired_difference,AliStorage2019,guard_minus_no_priority,tie_binding_updates,5,4.6,-7.52133737945983,16.72133737945983,12.12133737945983
paired_percent,AliStorage2019,guard_minus_no_priority,tie_binding_updates,5,1.3077493692508793,-1.880724786250992,4.49622352475275,3.188474155501871
paired_difference,AliStorage2019,guard_minus_no_priority,timeout_recoveries,5,0.0,0.0,0.0,0.0
paired_difference,AliStorage2019,guard_minus_no_srpt,1BDP_to_1MB_fct_us_mean,5,-1.401317451952174,-2.029500921037909,-0.773133982866439,0.6281834690857351
paired_percent,AliStorage2019,guard_minus_no_srpt,1BDP_to_1MB_fct_us_mean,5,-3.0278872072645537,-4.266199556226979,-1.7895748583021285,1.2383123489624253
paired_difference,AliStorage2019,guard_minus_no_srpt,1BDP_to_1MB_fct_us_p95,5,-4.503960000000072,-9.819880697595236,0.8119606975950919,5.315920697595164
paired_percent,AliStorage2019,guard_minus_no_srpt,1BDP_to_1MB_fct_us_p95,5,-3.3725135676122484,-7.084935132902066,0.33990799767756874,3.712421565289817
paired_difference,AliStorage2019,guard_minus_no_srpt,1BDP_to_1MB_fct_us_p99,5,-6.248252000000059,-37.908826795094214,25.4123227950941,31.660574795094156
paired_percent,AliStorage2019,guard_minus_no_srpt,1BDP_to_1MB_fct_us_p99,5,-2.355423897188695,-16.889586356600645,12.178738562223257,14.534162459411952
paired_difference,AliStorage2019,guard_minus_no_srpt,1BDP_to_1MB_flow_count,5,0.0,0.0,0.0,0.0
paired_percent,AliStorage2019,guard_minus_no_srpt,1BDP_to_1MB_flow_count,5,0.0,0.0,0.0,0.0
paired_difference,AliStorage2019,guard_minus_no_srpt,1BDP_to_1MB_slowdown_mean,5,-0.04816914467148727,-0.062029317034227704,-0.03430897230874684,0.013860172362740434
paired_percent,AliStorage2019,guard_minus_no_srpt,1BDP_to_1MB_slowdown_mean,5,-3.7604411741316413,-4.745337281719401,-2.7755450665438817,0.9848961075877596
paired_difference,AliStorage2019,guard_minus_no_srpt,1BDP_to_1MB_slowdown_p95,5,-0.15286676405946245,-0.19491590930236433,-0.11081761881656058,0.04204914524290187
paired_percent,AliStorage2019,guard_minus_no_srpt,1BDP_to_1MB_slowdown_p95,5,-7.7501224099318,-9.264848486805114,-6.235396333058485,1.514726076873314
paired_difference,AliStorage2019,guard_minus_no_srpt,1BDP_to_1MB_slowdown_p99,5,-0.14993571515678888,-0.4763434213167227,0.17647199100314492,0.3264077061599338
paired_percent,AliStorage2019,guard_minus_no_srpt,1BDP_to_1MB_slowdown_p99,5,-4.823053370895724,-15.530278336149344,5.884171594357896,10.70722496525362
paired_difference,AliStorage2019,guard_minus_no_srpt,8KB_to_1BDP_fct_us_mean,5,-0.22339845199047303,-0.24761343015167483,-0.19918347382927123,0.024214978161201803
paired_percent,AliStorage2019,guard_minus_no_srpt,8KB_to_1BDP_fct_us_mean,5,-2.4575679603271547,-2.7041722743589687,-2.210963646295341,0.24660431403181401
paired_difference,AliStorage2019,guard_minus_no_srpt,8KB_to_1BDP_fct_us_p95,5,-0.7134100000000011,-0.9325699056737046,-0.49425009432629763,0.2191599056737035
paired_percent,AliStorage2019,guard_minus_no_srpt,8KB_to_1BDP_fct_us_p95,5,-4.7252659051643695,-6.1243651193342314,-3.3261666909945076,1.3990992141698622
paired_difference,AliStorage2019,guard_minus_no_srpt,8KB_to_1BDP_fct_us_p99,5,-1.1702659999999838,-1.698590776169202,-0.6419412238307656,0.5283247761692182
paired_percent,AliStorage2019,guard_minus_no_srpt,8KB_to_1BDP_fct_us_p99,5,-6.084925114238812,-8.76047001958474,-3.409380208892884,2.6755449053459284
paired_difference,AliStorage2019,guard_minus_no_srpt,8KB_to_1BDP_flow_count,5,0.0,0.0,0.0,0.0
paired_percent,AliStorage2019,guard_minus_no_srpt,8KB_to_1BDP_flow_count,5,0.0,0.0,0.0,0.0
paired_difference,AliStorage2019,guard_minus_no_srpt,8KB_to_1BDP_slowdown_mean,5,-0.026254877660979982,-0.029039706805905195,-0.02347004851605477,0.0027848291449252137
paired_percent,AliStorage2019,guard_minus_no_srpt,8KB_to_1BDP_slowdown_mean,5,-2.4825738659976313,-2.7375761649717223,-2.2275715670235403,0.25500229897409077
paired_difference,AliStorage2019,guard_minus_no_srpt,8KB_to_1BDP_slowdown_p95,5,-0.15569176838132504,-0.1820397545659284,-0.12934378219672166,0.02634798618460338
paired_percent,AliStorage2019,guard_minus_no_srpt,8KB_to_1BDP_slowdown_p95,5,-12.151878538540556,-13.95644783054416,-10.347309246536952,1.8045692920036043
paired_difference,AliStorage2019,guard_minus_no_srpt,8KB_to_1BDP_slowdown_p99,5,-0.22154949018166,-0.2643837342742722,-0.17871524608904782,0.04283424409261219
paired_percent,AliStorage2019,guard_minus_no_srpt,8KB_to_1BDP_slowdown_p99,5,-14.549681798808138,-16.862274696355776,-12.237088901260499,2.312592897547638
paired_difference,AliStorage2019,guard_minus_no_srpt,aggregate_goodput_gbps,5,0.016504349279335882,-0.029010175971888673,0.06201887453056044,0.045514525251224555
paired_percent,AliStorage2019,guard_minus_no_srpt,aggregate_goodput_gbps,5,0.010399585806560852,-0.018285000155308394,0.0390841717684301,0.028684585961869246
paired_difference,AliStorage2019,guard_minus_no_srpt,completion_releases,5,0.0,0.0,0.0,0.0
paired_difference,AliStorage2019,guard_minus_no_srpt,completion_span_us,5,-2.0838000000003376,-7.831256263276628,3.6636562632759526,5.74745626327629
paired_percent,AliStorage2019,guard_minus_no_srpt,completion_span_us,5,-0.010394237539717011,-0.03906397504337357,0.018275499963939547,0.028669737503656558
paired_difference,AliStorage2019,guard_minus_no_srpt,grant_binding_rate_changes,5,0.2,-0.35528902103955967,0.7552890210395597,0.5552890210395597
paired_difference,AliStorage2019,guard_minus_no_srpt,grant_binding_updates,5,-0.2,-6.675727138834826,6.275727138834825,6.475727138834825
paired_percent,AliStorage2019,guard_minus_no_srpt,grant_binding_updates,5,-0.9373259968327545,-18.39953962588874,16.52488763222323,17.462213629055984
paired_difference,AliStorage2019,guard_minus_no_srpt,grant_bytes_sent,5,-2669.6,-4532.680646508674,-806.5193534913265,1863.0806465086735
paired_percent,AliStorage2019,guard_minus_no_srpt,grant_bytes_sent,5,-0.5704247787949769,-0.9050412558413625,-0.23580830174859124,0.33461647704638564
paired_difference,AliStorage2019,guard_minus_no_srpt,grant_event_rate_changes,5,-29.4,-69.07111616417691,10.27111616417691,39.67111616417691
paired_percent,AliStorage2019,guard_minus_no_srpt,grant_event_rate_changes,5,-2.945670036468976,-6.318581213058891,0.4272411401209397,3.372911176589916
paired_difference,AliStorage2019,guard_minus_no_srpt,grants_received,5,-28.4,-48.22000687775184,-8.579993122248151,19.820006877751847
paired_percent,AliStorage2019,guard_minus_no_srpt,grants_received,5,-0.5704247787949769,-0.9050412558413625,-0.23580830174859124,0.33461647704638564
paired_difference,AliStorage2019,guard_minus_no_srpt,grants_sent,5,-28.4,-48.22000687775184,-8.579993122248151,19.820006877751847
paired_percent,AliStorage2019,guard_minus_no_srpt,grants_sent,5,-0.5704247787949769,-0.9050412558413625,-0.23580830174859124,0.33461647704638564
paired_difference,AliStorage2019,guard_minus_no_srpt,gt_1MB_fct_us_mean,5,-3.0446687368366554,-6.020874765841564,-0.06846270783174768,2.9762060290049077
paired_percent,AliStorage2019,guard_minus_no_srpt,gt_1MB_fct_us_mean,5,-1.3820909067330045,-2.8516383753177648,0.08745656185175577,1.4695474685847603
paired_difference,AliStorage2019,guard_minus_no_srpt,gt_1MB_fct_us_p95,5,-0.7090900000000147,-24.21408240276135,22.79590240276132,23.504992402761335
paired_percent,AliStorage2019,guard_minus_no_srpt,gt_1MB_fct_us_p95,5,-0.16110788641356089,-4.890187784496341,4.5679720116692195,4.72907989808278
paired_difference,AliStorage2019,guard_minus_no_srpt,gt_1MB_fct_us_p99,5,7.629042000000152,-22.213080136330333,37.471164136330636,29.842122136330484
paired_percent,AliStorage2019,guard_minus_no_srpt,gt_1MB_fct_us_p99,5,1.367856660210402,-4.4184427539059214,7.154156074326725,5.786299414116323
paired_difference,AliStorage2019,guard_minus_no_srpt,gt_1MB_flow_count,5,0.0,0.0,0.0,0.0
paired_percent,AliStorage2019,guard_minus_no_srpt,gt_1MB_flow_count,5,0.0,0.0,0.0,0.0
paired_difference,AliStorage2019,guard_minus_no_srpt,gt_1MB_slowdown_mean,5,-0.022774633271964006,-0.04743631223647929,0.0018870456925512771,0.024661678964515283
paired_percent,AliStorage2019,guard_minus_no_srpt,gt_1MB_slowdown_mean,5,-1.4103663250445666,-3.039262305048618,0.21852965495948462,1.6288959800040512
paired_difference,AliStorage2019,guard_minus_no_srpt,gt_1MB_slowdown_p95,5,0.02197152330491292,-0.04105703830145635,0.08500008491128219,0.06302856160636927
paired_percent,AliStorage2019,guard_minus_no_srpt,gt_1MB_slowdown_p95,5,0.7056733223568579,-1.5169131953158768,2.9282598400295923,2.2225865176727346
paired_difference,AliStorage2019,guard_minus_no_srpt,gt_1MB_slowdown_p99,5,-0.0032858795081112113,-0.24265556042335953,0.2360838014071371,0.23936968091524832
paired_percent,AliStorage2019,guard_minus_no_srpt,gt_1MB_slowdown_p99,5,-0.2567262751972058,-6.512186059655339,5.998733509260927,6.255459784458133
paired_difference,AliStorage2019,guard_minus_no_srpt,guard_ack_interval_packets,5,0.0,0.0,0.0,0.0
paired_percent,AliStorage2019,guard_minus_no_srpt,guard_ack_interval_packets,5,0.0,0.0,0.0,0.0
paired_difference,AliStorage2019,guard_minus_no_srpt,guard_adaptive_grant_updates,5,0.0,0.0,0.0,0.0
paired_difference,AliStorage2019,guard_minus_no_srpt,guard_fixed_window,5,0.0,0.0,0.0,0.0
paired_percent,AliStorage2019,guard_minus_no_srpt,guard_fixed_window,5,0.0,0.0,0.0,0.0
paired_difference,AliStorage2019,guard_minus_no_srpt,guard_grant_refresh_bdps,5,0.0,0.0,0.0,0.0
paired_percent,AliStorage2019,guard_minus_no_srpt,guard_grant_refresh_bdps,5,0.0,0.0,0.0,0.0
paired_difference,AliStorage2019,guard_minus_no_srpt,guard_long_acks_suppressed,5,0.0,0.0,0.0,0.0
paired_percent,AliStorage2019,guard_minus_no_srpt,guard_long_acks_suppressed,5,0.0,0.0,0.0,0.0
paired_difference,AliStorage2019,guard_minus_no_srpt,guard_min_share_fraction,5,0.0,0.0,0.0,0.0
paired_difference,AliStorage2019,guard_minus_no_srpt,guard_one_rtt_acks_suppressed,5,0.0,0.0,0.0,0.0
paired_percent,AliStorage2019,guard_minus_no_srpt,guard_one_rtt_acks_suppressed,5,0.0,0.0,0.0,0.0
paired_difference,AliStorage2019,guard_minus_no_srpt,guard_one_rtt_bypass_enabled,5,0.0,0.0,0.0,0.0
paired_percent,AliStorage2019,guard_minus_no_srpt,guard_one_rtt_bypass_enabled,5,0.0,0.0,0.0,0.0
paired_difference,AliStorage2019,guard_minus_no_srpt,guard_one_rtt_bypass_feedbacks,5,0.0,0.0,0.0,0.0
paired_percent,AliStorage2019,guard_minus_no_srpt,guard_one_rtt_bypass_feedbacks,5,0.0,0.0,0.0,0.0
paired_difference,AliStorage2019,guard_minus_no_srpt,guard_one_rtt_bypass_flows,5,0.0,0.0,0.0,0.0
paired_percent,AliStorage2019,guard_minus_no_srpt,guard_one_rtt_bypass_flows,5,0.0,0.0,0.0,0.0
paired_difference,AliStorage2019,guard_minus_no_srpt,guard_rebalance_events,5,0.0,0.0,0.0,0.0
paired_difference,AliStorage2019,guard_minus_no_srpt,guard_remaining_aware,5,0.0,0.0,0.0,0.0
paired_percent,AliStorage2019,guard_minus_no_srpt,guard_remaining_aware,5,0.0,0.0,0.0,0.0
paired_difference,AliStorage2019,guard_minus_no_srpt,guard_remaining_exponent,5,0.0,0.0,0.0,0.0
paired_percent,AliStorage2019,guard_minus_no_srpt,guard_remaining_exponent,5,0.0,0.0,0.0,0.0
paired_difference,AliStorage2019,guard_minus_no_srpt,guard_remaining_refresh_events,5,-12.4,-19.121061961770337,-5.678938038229663,6.721061961770338
paired_percent,AliStorage2019,guard_minus_no_srpt,guard_remaining_refresh_events,5,-0.33121038265578506,-0.5011190256536406,-0.16130173965792946,0.1699086429978556
paired_difference,AliStorage2019,guard_minus_no_srpt,guard_sender_srpt_enabled,5,1.0,1.0,1.0,0.0
paired_difference,AliStorage2019,guard_minus_no_srpt,guard_sender_srpt_forced_rr,5,69.6,56.98014834706156,82.21985165293843,12.619851652938438
paired_difference,AliStorage2019,guard_minus_no_srpt,guard_sender_srpt_non_rr,5,24019.6,19560.21283473805,28478.987165261948,4459.38716526195
paired_difference,AliStorage2019,guard_minus_no_srpt,guard_sender_srpt_selections,5,407906.4,385029.91876620345,430782.8812337966,22876.481233796578
paired_difference,AliStorage2019,guard_minus_no_srpt,guard_srpt_quantum_packets,5,0.0,0.0,0.0,0.0
paired_percent,AliStorage2019,guard_minus_no_srpt,guard_srpt_quantum_packets,5,0.0,0.0,0.0,0.0
paired_difference,AliStorage2019,guard_minus_no_srpt,guard_tail_bypass_bdps,5,0.0,0.0,0.0,0.0
paired_percent,AliStorage2019,guard_minus_no_srpt,guard_tail_bypass_bdps,5,0.0,0.0,0.0,0.0
paired_difference,AliStorage2019,guard_minus_no_srpt,guard_tail_bypass_enabled,5,0.0,0.0,0.0,0.0
paired_percent,AliStorage2019,guard_minus_no_srpt,guard_tail_bypass_enabled,5,0.0,0.0,0.0,0.0
paired_difference,AliStorage2019,guard_minus_no_srpt,guard_tail_bypass_feedbacks,5,-5.2,-10.197601189356037,-0.20239881064396315,4.997601189356037
paired_percent,AliStorage2019,guard_minus_no_srpt,guard_tail_bypass_feedbacks,5,-0.023062774951978515,-0.04539993098102964,-0.000725618922927395,0.02233715602905112
paired_difference,AliStorage2019,guard_minus_no_srpt,guard_tail_bypass_flows,5,0.0,0.0,0.0,0.0
paired_percent,AliStorage2019,guard_minus_no_srpt,guard_tail_bypass_flows,5,0.0,0.0,0.0,0.0
paired_difference,AliStorage2019,guard_minus_no_srpt,hpcc_actual_rate_changes,5,-2.4,-8.0628591079291,3.2628591079290996,5.6628591079290995
paired_percent,AliStorage2019,guard_minus_no_srpt,hpcc_actual_rate_changes,5,-1.4216337739837592,-5.236841803487675,2.3935742555201562,3.8152080295039155
paired_difference,AliStorage2019,guard_minus_no_srpt,hpcc_fast_computations,5,0.0,0.0,0.0,0.0
paired_difference,AliStorage2019,guard_minus_no_srpt,hpcc_feedback_updates,5,-36.2,-109.62319448393085,37.22319448393084,73.42319448393084
paired_percent,AliStorage2019,guard_minus_no_srpt,hpcc_feedback_updates,5,-1.4213786310068315,-4.2319219433982145,1.389164681384551,2.8105433123913826
paired_difference,AliStorage2019,guard_minus_no_srpt,hpcc_full_computations,5,3.8,-1.569389291059207,9.169389291059208,5.369389291059207
paired_percent,AliStorage2019,guard_minus_no_srpt,hpcc_full_computations,5,0.7171673462339392,-0.3002753112976575,1.7346100037655359,1.0174426575315967
paired_difference,AliStorage2019,guard_minus_no_srpt,hpcc_rate_updates_applied,5,3.8,-1.569389291059207,9.169389291059208,5.369389291059207
paired_percent,AliStorage2019,guard_minus_no_srpt,hpcc_rate_updates_applied,5,0.7171673462339392,-0.3002753112976575,1.7346100037655359,1.0174426575315967
paired_difference,AliStorage2019,guard_minus_no_srpt,hpcc_valid_feedback,5,3.8,-1.569389291059207,9.169389291059208,5.369389291059207
paired_percent,AliStorage2019,guard_minus_no_srpt,hpcc_valid_feedback,5,0.6160830542815777,-0.259143122430038,1.4913092309931935,0.8752261767116157
paired_difference,AliStorage2019,guard_minus_no_srpt,int_hops_after_strip,5,0.0,0.0,0.0,0.0
paired_percent,AliStorage2019,guard_minus_no_srpt,int_hops_after_strip,5,0.0,0.0,0.0,0.0
paired_difference,AliStorage2019,guard_minus_no_srpt,int_hops_before_strip,5,0.0,0.0,0.0,0.0
paired_percent,AliStorage2019,guard_minus_no_srpt,int_hops_before_strip,5,0.0,0.0,0.0,0.0
paired_difference,AliStorage2019,guard_minus_no_srpt,int_records_stripped,5,0.0,0.0,0.0,0.0
paired_percent,AliStorage2019,guard_minus_no_srpt,int_records_stripped,5,0.0,0.0,0.0,0.0
paired_difference,AliStorage2019,guard_minus_no_srpt,irn_nacks_generated,5,0.0,0.0,0.0,0.0
paired_difference,AliStorage2019,guard_minus_no_srpt,irn_nacks_received,5,0.0,0.0,0.0,0.0
paired_difference,AliStorage2019,guard_minus_no_srpt,irn_retransmit_bytes,5,0.0,0.0,0.0,0.0
paired_difference,AliStorage2019,guard_minus_no_srpt,irn_retransmit_packets,5,0.0,0.0,0.0,0.0
paired_difference,AliStorage2019,guard_minus_no_srpt,le_8KB_fct_us_mean,5,-0.0401044769277096,-0.04247799672529043,-0.037730957130128764,0.002373519797580834
paired_percent,AliStorage2019,guard_minus_no_srpt,le_8KB_fct_us_mean,5,-0.5854549784895643,-0.620703996139503,-0.5502059608396256,0.03524901764993869
paired_difference,AliStorage2019,guard_minus_no_srpt,le_8KB_fct_us_p95,5,-0.1026799999999998,-0.11800100925611916,-0.08735899074388044,0.015321009256119353
paired_percent,AliStorage2019,guard_minus_no_srpt,le_8KB_fct_us_p95,5,-1.1142994645108435,-1.2787111077737752,-0.9498878212479117,0.16441164326293178
paired_difference,AliStorage2019,guard_minus_no_srpt,le_8KB_fct_us_p99,5,-0.28466200000000014,-0.3288999010028205,-0.24042409899717976,0.044237901002820365
paired_percent,AliStorage2019,guard_minus_no_srpt,le_8KB_fct_us_p99,5,-2.9490338603596724,-3.400361027608441,-2.4977066931109038,0.45132716724876887
paired_difference,AliStorage2019,guard_minus_no_srpt,le_8KB_flow_count,5,0.0,0.0,0.0,0.0
paired_percent,AliStorage2019,guard_minus_no_srpt,le_8KB_flow_count,5,0.0,0.0,0.0,0.0
paired_difference,AliStorage2019,guard_minus_no_srpt,le_8KB_slowdown_mean,5,-0.006389559529588107,-0.006761578137519664,-0.006017540921656551,0.0003720186079315567
paired_percent,AliStorage2019,guard_minus_no_srpt,le_8KB_slowdown_mean,5,-0.629933063633821,-0.6664037091545104,-0.5934624181131315,0.03647064552068942
paired_difference,AliStorage2019,guard_minus_no_srpt,le_8KB_slowdown_p95,5,-0.04188022112193144,-0.044234079486936376,-0.0395263627569265,0.002353858365004935
paired_percent,AliStorage2019,guard_minus_no_srpt,le_8KB_slowdown_p95,5,-3.905946257146307,-4.118317771356002,-3.693574742936612,0.21237151420969497
paired_difference,AliStorage2019,guard_minus_no_srpt,le_8KB_slowdown_p99,5,-0.060674474486915875,-0.06758553148780308,-0.05376341748602867,0.006911057000887203
paired_percent,AliStorage2019,guard_minus_no_srpt,le_8KB_slowdown_p99,5,-5.381560838418615,-5.9706032213643425,-4.792518455472887,0.5890423829457279
paired_difference,AliStorage2019,guard_minus_no_srpt,long_to_small_slowdown_mean_ratio,5,-0.012161484393745602,-0.036872315815207765,0.012549347027716564,0.024710831421462166
paired_percent,AliStorage2019,guard_minus_no_srpt,long_to_small_slowdown_mean_ratio,5,-0.7855563451901124,-2.403816124702523,0.8327034343222981,1.6182597795124105
paired_difference,AliStorage2019,guard_minus_no_srpt,max_active_flows,5,0.0,0.0,0.0,0.0
paired_percent,AliStorage2019,guard_minus_no_srpt,max_active_flows,5,0.0,0.0,0.0,0.0
paired_difference,AliStorage2019,guard_minus_no_srpt,overall_fct_us_mean,5,-0.1703300070659374,-0.22005687781122762,-0.12060313632064716,0.04972687074529024
paired_percent,AliStorage2019,guard_minus_no_srpt,overall_fct_us_mean,5,-1.4585455493878583,-1.9214283660629963,-0.9956627327127203,0.46288281667513803
paired_difference,AliStorage2019,guard_minus_no_srpt,overall_fct_us_p95,5,-0.5346299999999914,-0.8979401474952025,-0.17131985250478032,0.36331014749521107
paired_percent,AliStorage2019,guard_minus_no_srpt,overall_fct_us_p95,5,-3.306345526962917,-5.469629825610038,-1.143061228315796,2.1632842986471212
paired_difference,AliStorage2019,guard_minus_no_srpt,overall_fct_us_p99,5,-3.4732540000001904,-8.162406983814314,1.215898983813934,4.689152983814124
paired_percent,AliStorage2019,guard_minus_no_srpt,overall_fct_us_p99,5,-2.0306287251399753,-4.720474414189534,0.6592169639095831,2.6898456890495583
paired_difference,AliStorage2019,guard_minus_no_srpt,overall_flow_count,5,0.0,0.0,0.0,0.0
paired_percent,AliStorage2019,guard_minus_no_srpt,overall_flow_count,5,0.0,0.0,0.0,0.0
paired_difference,AliStorage2019,guard_minus_no_srpt,overall_slowdown_mean,5,-0.013065790407761124,-0.014071647131200817,-0.012059933684321431,0.0010058567234396923
paired_percent,AliStorage2019,guard_minus_no_srpt,overall_slowdown_mean,5,-1.2529129142097573,-1.3455320534155764,-1.1602937750039382,0.09261913920581902
paired_difference,AliStorage2019,guard_minus_no_srpt,overall_slowdown_p95,5,-0.07084133513713789,-0.0782855191288017,-0.06339715114547408,0.007444183991663809
paired_percent,AliStorage2019,guard_minus_no_srpt,overall_slowdown_p95,5,-6.023769861619469,-6.602443165418656,-5.445096557820282,0.578673303799187
paired_difference,AliStorage2019,guard_minus_no_srpt,overall_slowdown_p99,5,-0.18637826186983436,-0.22288065082762107,-0.14987587291204765,0.0365023889577867
paired_percent,AliStorage2019,guard_minus_no_srpt,overall_slowdown_p99,5,-11.382820921821532,-13.638025744521327,-9.127616099121736,2.255204822699796
paired_difference,AliStorage2019,guard_minus_no_srpt,pfc_pause_events,5,0.0,0.0,0.0,0.0
paired_difference,AliStorage2019,guard_minus_no_srpt,pfc_resume_events,5,0.0,0.0,0.0,0.0
paired_difference,AliStorage2019,guard_minus_no_srpt,proactive_releases,5,0.0,0.0,0.0,0.0
paired_percent,AliStorage2019,guard_minus_no_srpt,proactive_releases,5,0.0,0.0,0.0,0.0
paired_difference,AliStorage2019,guard_minus_no_srpt,queue_bytes_max,5,-19184.0,-73551.2355606326,35183.235560632595,54367.235560632595
paired_percent,AliStorage2019,guard_minus_no_srpt,queue_bytes_max,5,-3.651272107457521,-13.904739465877958,6.602195250962916,10.253467358420437
paired_difference,AliStorage2019,guard_minus_no_srpt,queue_bytes_mean,5,-63.0982,-123.18455050512418,-3.0118494948758254,60.08635050512417
paired_percent,AliStorage2019,guard_minus_no_srpt,queue_bytes_mean,5,-2.4443304217149793,-4.478104349803997,-0.4105564936259607,2.0337739280890186
paired_difference,AliStorage2019,guard_minus_no_srpt,queue_bytes_p95,5,-124.0,-813.1061802336371,565.1061802336371,689.1061802336371
paired_difference,AliStorage2019,guard_minus_no_srpt,queue_bytes_p99,5,-1308.0,-2440.3471907150906,-175.65280928490915,1132.3471907150908
paired_percent,AliStorage2019,guard_minus_no_srpt,queue_bytes_p99,5,-1.2669028219486935,-2.441545009818371,-0.09226063407901597,1.1746421878696776
paired_difference,AliStorage2019,guard_minus_no_srpt,queue_sample_count,5,0.0,0.0,0.0,0.0
paired_percent,AliStorage2019,guard_minus_no_srpt,queue_sample_count,5,0.0,0.0,0.0,0.0
paired_difference,AliStorage2019,guard_minus_no_srpt,reactive_binding_rate_changes,5,-2.2,-7.6406990452660555,3.240699045266055,5.440699045266055
paired_percent,AliStorage2019,guard_minus_no_srpt,reactive_binding_rate_changes,5,-1.1453727649767138,-4.644157017161277,2.3534114872078495,3.498784252184563
paired_difference,AliStorage2019,guard_minus_no_srpt,reactive_binding_updates,5,-2.2,-7.6406990452660555,3.240699045266055,5.440699045266055
paired_percent,AliStorage2019,guard_minus_no_srpt,reactive_binding_updates,5,-1.1453727649767138,-4.644157017161277,2.3534114872078495,3.498784252184563
paired_difference,AliStorage2019,guard_minus_no_srpt,recovery_nacks_generated,5,0.0,0.0,0.0,0.0
paired_difference,AliStorage2019,guard_minus_no_srpt,recovery_nacks_received,5,0.0,0.0,0.0,0.0
paired_difference,AliStorage2019,guard_minus_no_srpt,registrations,5,0.0,0.0,0.0,0.0
paired_percent,AliStorage2019,guard_minus_no_srpt,registrations,5,0.0,0.0,0.0,0.0
paired_difference,AliStorage2019,guard_minus_no_srpt,selected_registrations,5,0.0,0.0,0.0,0.0
paired_percent,AliStorage2019,guard_minus_no_srpt,selected_registrations,5,0.0,0.0,0.0,0.0
paired_difference,AliStorage2019,guard_minus_no_srpt,tie_binding_rate_changes,5,-0.4,-2.2830766883484417,1.4830766883484419,1.8830766883484418
paired_percent,AliStorage2019,guard_minus_no_srpt,tie_binding_rate_changes,5,-7.2929292929292915,-31.51054084634127,16.92468226048269,24.21761155341198
paired_difference,AliStorage2019,guard_minus_no_srpt,tie_binding_updates,5,6.2,-0.6797598193661987,13.079759819366199,6.879759819366199
paired_percent,AliStorage2019,guard_minus_no_srpt,tie_binding_updates,5,1.7444309373954585,-0.22625722687479044,3.7151191016657075,1.970688164270249
paired_difference,AliStorage2019,guard_minus_no_srpt,timeout_recoveries,5,0.0,0.0,0.0,0.0
paired_difference,AliStorage2019,guard_minus_no_reclaim,1BDP_to_1MB_fct_us_mean,5,0.0,0.0,0.0,0.0
paired_percent,AliStorage2019,guard_minus_no_reclaim,1BDP_to_1MB_fct_us_mean,5,0.0,0.0,0.0,0.0
paired_difference,AliStorage2019,guard_minus_no_reclaim,1BDP_to_1MB_fct_us_p95,5,0.0,0.0,0.0,0.0
paired_percent,AliStorage2019,guard_minus_no_reclaim,1BDP_to_1MB_fct_us_p95,5,0.0,0.0,0.0,0.0
paired_difference,AliStorage2019,guard_minus_no_reclaim,1BDP_to_1MB_fct_us_p99,5,0.0,0.0,0.0,0.0
paired_percent,AliStorage2019,guard_minus_no_reclaim,1BDP_to_1MB_fct_us_p99,5,0.0,0.0,0.0,0.0
paired_difference,AliStorage2019,guard_minus_no_reclaim,1BDP_to_1MB_flow_count,5,0.0,0.0,0.0,0.0
paired_percent,AliStorage2019,guard_minus_no_reclaim,1BDP_to_1MB_flow_count,5,0.0,0.0,0.0,0.0
paired_difference,AliStorage2019,guard_minus_no_reclaim,1BDP_to_1MB_slowdown_mean,5,0.0,0.0,0.0,0.0
paired_percent,AliStorage2019,guard_minus_no_reclaim,1BDP_to_1MB_slowdown_mean,5,0.0,0.0,0.0,0.0
paired_difference,AliStorage2019,guard_minus_no_reclaim,1BDP_to_1MB_slowdown_p95,5,0.0,0.0,0.0,0.0
paired_percent,AliStorage2019,guard_minus_no_reclaim,1BDP_to_1MB_slowdown_p95,5,0.0,0.0,0.0,0.0
paired_difference,AliStorage2019,guard_minus_no_reclaim,1BDP_to_1MB_slowdown_p99,5,0.0,0.0,0.0,0.0
paired_percent,AliStorage2019,guard_minus_no_reclaim,1BDP_to_1MB_slowdown_p99,5,0.0,0.0,0.0,0.0
paired_difference,AliStorage2019,guard_minus_no_reclaim,8KB_to_1BDP_fct_us_mean,5,3.078106963982918e-07,-5.468088049442711e-07,1.1624301977408547e-06,8.546195013425629e-07
paired_percent,AliStorage2019,guard_minus_no_reclaim,8KB_to_1BDP_fct_us_mean,5,3.4711725839636966e-06,-6.166347546079104e-06,1.3108692714006498e-05,9.6375201300428e-06
paired_difference,AliStorage2019,guard_minus_no_reclaim,8KB_to_1BDP_fct_us_p95,5,0.0,0.0,0.0,0.0
paired_percent,AliStorage2019,guard_minus_no_reclaim,8KB_to_1BDP_fct_us_p95,5,0.0,0.0,0.0,0.0
paired_difference,AliStorage2019,guard_minus_no_reclaim,8KB_to_1BDP_fct_us_p99,5,0.0,0.0,0.0,0.0
paired_percent,AliStorage2019,guard_minus_no_reclaim,8KB_to_1BDP_fct_us_p99,5,0.0,0.0,0.0,0.0
paired_difference,AliStorage2019,guard_minus_no_reclaim,8KB_to_1BDP_flow_count,5,0.0,0.0,0.0,0.0
paired_percent,AliStorage2019,guard_minus_no_reclaim,8KB_to_1BDP_flow_count,5,0.0,0.0,0.0,0.0
paired_difference,AliStorage2019,guard_minus_no_reclaim,8KB_to_1BDP_slowdown_mean,5,2.8156016806946126e-08,-5.00176182385664e-08,1.0632965185245866e-07,7.817363504551253e-08
paired_percent,AliStorage2019,guard_minus_no_reclaim,8KB_to_1BDP_slowdown_mean,5,2.731561300452928e-06,-4.852468701737338e-06,1.0315591302643194e-05,7.584030002190266e-06
paired_difference,AliStorage2019,guard_minus_no_reclaim,8KB_to_1BDP_slowdown_p95,5,0.0,0.0,0.0,0.0
paired_percent,AliStorage2019,guard_minus_no_reclaim,8KB_to_1BDP_slowdown_p95,5,0.0,0.0,0.0,0.0
paired_difference,AliStorage2019,guard_minus_no_reclaim,8KB_to_1BDP_slowdown_p99,5,0.0,0.0,0.0,0.0
paired_percent,AliStorage2019,guard_minus_no_reclaim,8KB_to_1BDP_slowdown_p99,5,0.0,0.0,0.0,0.0
paired_difference,AliStorage2019,guard_minus_no_reclaim,aggregate_goodput_gbps,5,0.0,0.0,0.0,0.0
paired_percent,AliStorage2019,guard_minus_no_reclaim,aggregate_goodput_gbps,5,0.0,0.0,0.0,0.0
paired_difference,AliStorage2019,guard_minus_no_reclaim,completion_releases,5,0.0,0.0,0.0,0.0
paired_difference,AliStorage2019,guard_minus_no_reclaim,completion_span_us,5,0.0,0.0,0.0,0.0
paired_percent,AliStorage2019,guard_minus_no_reclaim,completion_span_us,5,0.0,0.0,0.0,0.0
paired_difference,AliStorage2019,guard_minus_no_reclaim,grant_binding_rate_changes,5,0.0,0.0,0.0,0.0
paired_difference,AliStorage2019,guard_minus_no_reclaim,grant_binding_updates,5,0.0,0.0,0.0,0.0
paired_percent,AliStorage2019,guard_minus_no_reclaim,grant_binding_updates,5,0.0,0.0,0.0,0.0
paired_difference,AliStorage2019,guard_minus_no_reclaim,grant_bytes_sent,5,0.0,0.0,0.0,0.0
paired_percent,AliStorage2019,guard_minus_no_reclaim,grant_bytes_sent,5,0.0,0.0,0.0,0.0
paired_difference,AliStorage2019,guard_minus_no_reclaim,grant_event_rate_changes,5,0.0,0.0,0.0,0.0
paired_percent,AliStorage2019,guard_minus_no_reclaim,grant_event_rate_changes,5,0.0,0.0,0.0,0.0
paired_difference,AliStorage2019,guard_minus_no_reclaim,grants_received,5,0.0,0.0,0.0,0.0
paired_percent,AliStorage2019,guard_minus_no_reclaim,grants_received,5,0.0,0.0,0.0,0.0
paired_difference,AliStorage2019,guard_minus_no_reclaim,grants_sent,5,0.0,0.0,0.0,0.0
paired_percent,AliStorage2019,guard_minus_no_reclaim,grants_sent,5,0.0,0.0,0.0,0.0
paired_difference,AliStorage2019,guard_minus_no_reclaim,gt_1MB_fct_us_mean,5,0.0,0.0,0.0,0.0
paired_percent,AliStorage2019,guard_minus_no_reclaim,gt_1MB_fct_us_mean,5,0.0,0.0,0.0,0.0
paired_difference,AliStorage2019,guard_minus_no_reclaim,gt_1MB_fct_us_p95,5,0.0,0.0,0.0,0.0
paired_percent,AliStorage2019,guard_minus_no_reclaim,gt_1MB_fct_us_p95,5,0.0,0.0,0.0,0.0
paired_difference,AliStorage2019,guard_minus_no_reclaim,gt_1MB_fct_us_p99,5,0.0,0.0,0.0,0.0
paired_percent,AliStorage2019,guard_minus_no_reclaim,gt_1MB_fct_us_p99,5,0.0,0.0,0.0,0.0
paired_difference,AliStorage2019,guard_minus_no_reclaim,gt_1MB_flow_count,5,0.0,0.0,0.0,0.0
paired_percent,AliStorage2019,guard_minus_no_reclaim,gt_1MB_flow_count,5,0.0,0.0,0.0,0.0
paired_difference,AliStorage2019,guard_minus_no_reclaim,gt_1MB_slowdown_mean,5,0.0,0.0,0.0,0.0
paired_percent,AliStorage2019,guard_minus_no_reclaim,gt_1MB_slowdown_mean,5,0.0,0.0,0.0,0.0
paired_difference,AliStorage2019,guard_minus_no_reclaim,gt_1MB_slowdown_p95,5,0.0,0.0,0.0,0.0
paired_percent,AliStorage2019,guard_minus_no_reclaim,gt_1MB_slowdown_p95,5,0.0,0.0,0.0,0.0
paired_difference,AliStorage2019,guard_minus_no_reclaim,gt_1MB_slowdown_p99,5,0.0,0.0,0.0,0.0
paired_percent,AliStorage2019,guard_minus_no_reclaim,gt_1MB_slowdown_p99,5,0.0,0.0,0.0,0.0
paired_difference,AliStorage2019,guard_minus_no_reclaim,guard_ack_interval_packets,5,0.0,0.0,0.0,0.0
paired_percent,AliStorage2019,guard_minus_no_reclaim,guard_ack_interval_packets,5,0.0,0.0,0.0,0.0
paired_difference,AliStorage2019,guard_minus_no_reclaim,guard_adaptive_grant_updates,5,0.0,0.0,0.0,0.0
paired_difference,AliStorage2019,guard_minus_no_reclaim,guard_fixed_window,5,0.0,0.0,0.0,0.0
paired_percent,AliStorage2019,guard_minus_no_reclaim,guard_fixed_window,5,0.0,0.0,0.0,0.0
paired_difference,AliStorage2019,guard_minus_no_reclaim,guard_grant_refresh_bdps,5,0.0,0.0,0.0,0.0
paired_percent,AliStorage2019,guard_minus_no_reclaim,guard_grant_refresh_bdps,5,0.0,0.0,0.0,0.0
paired_difference,AliStorage2019,guard_minus_no_reclaim,guard_long_acks_suppressed,5,0.0,0.0,0.0,0.0
paired_percent,AliStorage2019,guard_minus_no_reclaim,guard_long_acks_suppressed,5,0.0,0.0,0.0,0.0
paired_difference,AliStorage2019,guard_minus_no_reclaim,guard_min_share_fraction,5,0.0,0.0,0.0,0.0
paired_difference,AliStorage2019,guard_minus_no_reclaim,guard_one_rtt_acks_suppressed,5,0.0,0.0,0.0,0.0
paired_percent,AliStorage2019,guard_minus_no_reclaim,guard_one_rtt_acks_suppressed,5,0.0,0.0,0.0,0.0
paired_difference,AliStorage2019,guard_minus_no_reclaim,guard_one_rtt_bypass_enabled,5,0.0,0.0,0.0,0.0
paired_percent,AliStorage2019,guard_minus_no_reclaim,guard_one_rtt_bypass_enabled,5,0.0,0.0,0.0,0.0
paired_difference,AliStorage2019,guard_minus_no_reclaim,guard_one_rtt_bypass_feedbacks,5,0.0,0.0,0.0,0.0
paired_percent,AliStorage2019,guard_minus_no_reclaim,guard_one_rtt_bypass_feedbacks,5,0.0,0.0,0.0,0.0
paired_difference,AliStorage2019,guard_minus_no_reclaim,guard_one_rtt_bypass_flows,5,0.0,0.0,0.0,0.0
paired_percent,AliStorage2019,guard_minus_no_reclaim,guard_one_rtt_bypass_flows,5,0.0,0.0,0.0,0.0
paired_difference,AliStorage2019,guard_minus_no_reclaim,guard_rebalance_events,5,0.0,0.0,0.0,0.0
paired_difference,AliStorage2019,guard_minus_no_reclaim,guard_remaining_aware,5,0.0,0.0,0.0,0.0
paired_percent,AliStorage2019,guard_minus_no_reclaim,guard_remaining_aware,5,0.0,0.0,0.0,0.0
paired_difference,AliStorage2019,guard_minus_no_reclaim,guard_remaining_exponent,5,0.0,0.0,0.0,0.0
paired_percent,AliStorage2019,guard_minus_no_reclaim,guard_remaining_exponent,5,0.0,0.0,0.0,0.0
paired_difference,AliStorage2019,guard_minus_no_reclaim,guard_remaining_refresh_events,5,0.0,0.0,0.0,0.0
paired_percent,AliStorage2019,guard_minus_no_reclaim,guard_remaining_refresh_events,5,0.0,0.0,0.0,0.0
paired_difference,AliStorage2019,guard_minus_no_reclaim,guard_sender_srpt_enabled,5,0.0,0.0,0.0,0.0
paired_percent,AliStorage2019,guard_minus_no_reclaim,guard_sender_srpt_enabled,5,0.0,0.0,0.0,0.0
paired_difference,AliStorage2019,guard_minus_no_reclaim,guard_sender_srpt_forced_rr,5,0.0,0.0,0.0,0.0
paired_percent,AliStorage2019,guard_minus_no_reclaim,guard_sender_srpt_forced_rr,5,0.0,0.0,0.0,0.0
paired_difference,AliStorage2019,guard_minus_no_reclaim,guard_sender_srpt_non_rr,5,0.2,-0.35528902103955967,0.7552890210395597,0.5552890210395597
paired_percent,AliStorage2019,guard_minus_no_reclaim,guard_sender_srpt_non_rr,5,0.0006981777560566921,-0.0012402744573048936,0.002636629969418278,0.0019384522133615858
paired_difference,AliStorage2019,guard_minus_no_reclaim,guard_sender_srpt_selections,5,0.0,0.0,0.0,0.0
paired_percent,AliStorage2019,guard_minus_no_reclaim,guard_sender_srpt_selections,5,0.0,0.0,0.0,0.0
paired_difference,AliStorage2019,guard_minus_no_reclaim,guard_srpt_quantum_packets,5,0.0,0.0,0.0,0.0
paired_percent,AliStorage2019,guard_minus_no_reclaim,guard_srpt_quantum_packets,5,0.0,0.0,0.0,0.0
paired_difference,AliStorage2019,guard_minus_no_reclaim,guard_tail_bypass_bdps,5,0.0,0.0,0.0,0.0
paired_percent,AliStorage2019,guard_minus_no_reclaim,guard_tail_bypass_bdps,5,0.0,0.0,0.0,0.0
paired_difference,AliStorage2019,guard_minus_no_reclaim,guard_tail_bypass_enabled,5,0.0,0.0,0.0,0.0
paired_percent,AliStorage2019,guard_minus_no_reclaim,guard_tail_bypass_enabled,5,0.0,0.0,0.0,0.0
paired_difference,AliStorage2019,guard_minus_no_reclaim,guard_tail_bypass_feedbacks,5,0.0,0.0,0.0,0.0
paired_percent,AliStorage2019,guard_minus_no_reclaim,guard_tail_bypass_feedbacks,5,0.0,0.0,0.0,0.0
paired_difference,AliStorage2019,guard_minus_no_reclaim,guard_tail_bypass_flows,5,0.0,0.0,0.0,0.0
paired_percent,AliStorage2019,guard_minus_no_reclaim,guard_tail_bypass_flows,5,0.0,0.0,0.0,0.0
paired_difference,AliStorage2019,guard_minus_no_reclaim,hpcc_actual_rate_changes,5,0.0,0.0,0.0,0.0
paired_percent,AliStorage2019,guard_minus_no_reclaim,hpcc_actual_rate_changes,5,0.0,0.0,0.0,0.0
paired_difference,AliStorage2019,guard_minus_no_reclaim,hpcc_fast_computations,5,0.0,0.0,0.0,0.0
paired_difference,AliStorage2019,guard_minus_no_reclaim,hpcc_feedback_updates,5,0.0,0.0,0.0,0.0
paired_percent,AliStorage2019,guard_minus_no_reclaim,hpcc_feedback_updates,5,0.0,0.0,0.0,0.0
paired_difference,AliStorage2019,guard_minus_no_reclaim,hpcc_full_computations,5,0.0,0.0,0.0,0.0
paired_percent,AliStorage2019,guard_minus_no_reclaim,hpcc_full_computations,5,0.0,0.0,0.0,0.0
paired_difference,AliStorage2019,guard_minus_no_reclaim,hpcc_rate_updates_applied,5,0.0,0.0,0.0,0.0
paired_percent,AliStorage2019,guard_minus_no_reclaim,hpcc_rate_updates_applied,5,0.0,0.0,0.0,0.0
paired_difference,AliStorage2019,guard_minus_no_reclaim,hpcc_valid_feedback,5,0.0,0.0,0.0,0.0
paired_percent,AliStorage2019,guard_minus_no_reclaim,hpcc_valid_feedback,5,0.0,0.0,0.0,0.0
paired_difference,AliStorage2019,guard_minus_no_reclaim,int_hops_after_strip,5,0.0,0.0,0.0,0.0
paired_percent,AliStorage2019,guard_minus_no_reclaim,int_hops_after_strip,5,0.0,0.0,0.0,0.0
paired_difference,AliStorage2019,guard_minus_no_reclaim,int_hops_before_strip,5,0.0,0.0,0.0,0.0
paired_percent,AliStorage2019,guard_minus_no_reclaim,int_hops_before_strip,5,0.0,0.0,0.0,0.0
paired_difference,AliStorage2019,guard_minus_no_reclaim,int_records_stripped,5,0.0,0.0,0.0,0.0
paired_percent,AliStorage2019,guard_minus_no_reclaim,int_records_stripped,5,0.0,0.0,0.0,0.0
paired_difference,AliStorage2019,guard_minus_no_reclaim,irn_nacks_generated,5,0.0,0.0,0.0,0.0
paired_difference,AliStorage2019,guard_minus_no_reclaim,irn_nacks_received,5,0.0,0.0,0.0,0.0
paired_difference,AliStorage2019,guard_minus_no_reclaim,irn_retransmit_bytes,5,0.0,0.0,0.0,0.0
paired_difference,AliStorage2019,guard_minus_no_reclaim,irn_retransmit_packets,5,0.0,0.0,0.0,0.0
paired_difference,AliStorage2019,guard_minus_no_reclaim,le_8KB_fct_us_mean,5,2.932814604150735e-06,-5.209984147996192e-06,1.1075613356297664e-05,8.142798752146928e-06
paired_percent,AliStorage2019,guard_minus_no_reclaim,le_8KB_fct_us_mean,5,4.298365232913908e-05,-7.635809878362305e-05,0.00016232540344190123,0.00011934175111276214
paired_difference,AliStorage2019,guard_minus_no_reclaim,le_8KB_fct_us_p95,5,0.0,0.0,0.0,0.0
paired_percent,AliStorage2019,guard_minus_no_reclaim,le_8KB_fct_us_p95,5,0.0,0.0,0.0,0.0
paired_difference,AliStorage2019,guard_minus_no_reclaim,le_8KB_fct_us_p99,5,0.0,0.0,0.0,0.0
paired_percent,AliStorage2019,guard_minus_no_reclaim,le_8KB_fct_us_p99,5,0.0,0.0,0.0,0.0
paired_difference,AliStorage2019,guard_minus_no_reclaim,le_8KB_flow_count,5,0.0,0.0,0.0,0.0
paired_percent,AliStorage2019,guard_minus_no_reclaim,le_8KB_flow_count,5,0.0,0.0,0.0,0.0
paired_difference,AliStorage2019,guard_minus_no_reclaim,le_8KB_slowdown_mean,5,2.0068660377958737e-08,-3.565087349630179e-08,7.578819425221926e-08,5.571953387426053e-08
paired_percent,AliStorage2019,guard_minus_no_reclaim,le_8KB_slowdown_mean,5,1.989806065400718e-06,-3.5347812451739967e-06,7.514393375975433e-06,5.524587310574715e-06
paired_difference,AliStorage2019,guard_minus_no_reclaim,le_8KB_slowdown_p95,5,0.0,0.0,0.0,0.0
paired_percent,AliStorage2019,guard_minus_no_reclaim,le_8KB_slowdown_p95,5,0.0,0.0,0.0,0.0
paired_difference,AliStorage2019,guard_minus_no_reclaim,le_8KB_slowdown_p99,5,0.0,0.0,0.0,0.0
paired_percent,AliStorage2019,guard_minus_no_reclaim,le_8KB_slowdown_p99,5,0.0,0.0,0.0,0.0
paired_difference,AliStorage2019,guard_minus_no_reclaim,long_to_small_slowdown_mean_ratio,5,-3.476782537426004e-08,-1.3129878395299616e-07,6.176313320447608e-08,9.653095857873612e-08
paired_percent,AliStorage2019,guard_minus_no_reclaim,long_to_small_slowdown_mean_ratio,5,-1.9898058669351535e-06,-7.514392626481123e-06,3.5347808926108155e-06,5.524586759545969e-06
paired_difference,AliStorage2019,guard_minus_no_reclaim,max_active_flows,5,0.0,0.0,0.0,0.0
paired_percent,AliStorage2019,guard_minus_no_reclaim,max_active_flows,5,0.0,0.0,0.0,0.0
paired_difference,AliStorage2019,guard_minus_no_reclaim,overall_fct_us_mean,5,2.098117865045879e-06,-3.7271912114888067e-06,7.923426941580564e-06,5.8253090765346856e-06
paired_percent,AliStorage2019,guard_minus_no_reclaim,overall_fct_us_mean,5,1.7031556353004353e-05,-3.025562491719505e-05,6.431873762320376e-05,4.72871812701994e-05
paired_difference,AliStorage2019,guard_minus_no_reclaim,overall_fct_us_p95,5,0.0,0.0,0.0,0.0
paired_percent,AliStorage2019,guard_minus_no_reclaim,overall_fct_us_p95,5,0.0,0.0,0.0,0.0
paired_difference,AliStorage2019,guard_minus_no_reclaim,overall_fct_us_p99,5,0.0,0.0,0.0,0.0
paired_percent,AliStorage2019,guard_minus_no_reclaim,overall_fct_us_p99,5,0.0,0.0,0.0,0.0
paired_difference,AliStorage2019,guard_minus_no_reclaim,overall_flow_count,5,0.0,0.0,0.0,0.0
paired_percent,AliStorage2019,guard_minus_no_reclaim,overall_flow_count,5,0.0,0.0,0.0,0.0
paired_difference,AliStorage2019,guard_minus_no_reclaim,overall_slowdown_mean,5,2.1320204179886558e-08,-3.7874172357177125e-08,8.051458071695025e-08,5.9194376537063683e-08
paired_percent,AliStorage2019,guard_minus_no_reclaim,overall_slowdown_mean,5,2.0608921479988514e-06,-3.661061768653136e-06,7.782846064650839e-06,5.721953916651987e-06
paired_difference,AliStorage2019,guard_minus_no_reclaim,overall_slowdown_p95,5,0.0,0.0,0.0,0.0
paired_percent,AliStorage2019,guard_minus_no_reclaim,overall_slowdown_p95,5,0.0,0.0,0.0,0.0
paired_difference,AliStorage2019,guard_minus_no_reclaim,overall_slowdown_p99,5,0.0,0.0,0.0,0.0
paired_percent,AliStorage2019,guard_minus_no_reclaim,overall_slowdown_p99,5,0.0,0.0,0.0,0.0
paired_difference,AliStorage2019,guard_minus_no_reclaim,pfc_pause_events,5,0.0,0.0,0.0,0.0
paired_difference,AliStorage2019,guard_minus_no_reclaim,pfc_resume_events,5,0.0,0.0,0.0,0.0
paired_difference,AliStorage2019,guard_minus_no_reclaim,proactive_releases,5,0.0,0.0,0.0,0.0
paired_percent,AliStorage2019,guard_minus_no_reclaim,proactive_releases,5,0.0,0.0,0.0,0.0
paired_difference,AliStorage2019,guard_minus_no_reclaim,queue_bytes_max,5,0.0,0.0,0.0,0.0
paired_percent,AliStorage2019,guard_minus_no_reclaim,queue_bytes_max,5,0.0,0.0,0.0,0.0
paired_difference,AliStorage2019,guard_minus_no_reclaim,queue_bytes_mean,5,-0.0010000000000218278,-0.0037764451052802305,0.0017764451052365746,0.0027764451052584025
paired_percent,AliStorage2019,guard_minus_no_reclaim,queue_bytes_mean,5,-3.1092255386245964e-05,-0.00011741819566294846,5.5233684890456534e-05,8.63259402767025e-05
paired_difference,AliStorage2019,guard_minus_no_reclaim,queue_bytes_p95,5,0.0,0.0,0.0,0.0
paired_difference,AliStorage2019,guard_minus_no_reclaim,queue_bytes_p99,5,0.0,0.0,0.0,0.0
paired_percent,AliStorage2019,guard_minus_no_reclaim,queue_bytes_p99,5,0.0,0.0,0.0,0.0
paired_difference,AliStorage2019,guard_minus_no_reclaim,queue_sample_count,5,0.0,0.0,0.0,0.0
paired_percent,AliStorage2019,guard_minus_no_reclaim,queue_sample_count,5,0.0,0.0,0.0,0.0
paired_difference,AliStorage2019,guard_minus_no_reclaim,reactive_binding_rate_changes,5,0.0,0.0,0.0,0.0
paired_percent,AliStorage2019,guard_minus_no_reclaim,reactive_binding_rate_changes,5,0.0,0.0,0.0,0.0
paired_difference,AliStorage2019,guard_minus_no_reclaim,reactive_binding_updates,5,0.0,0.0,0.0,0.0
paired_percent,AliStorage2019,guard_minus_no_reclaim,reactive_binding_updates,5,0.0,0.0,0.0,0.0
paired_difference,AliStorage2019,guard_minus_no_reclaim,recovery_nacks_generated,5,0.0,0.0,0.0,0.0
paired_difference,AliStorage2019,guard_minus_no_reclaim,recovery_nacks_received,5,0.0,0.0,0.0,0.0
paired_difference,AliStorage2019,guard_minus_no_reclaim,registrations,5,0.0,0.0,0.0,0.0
paired_percent,AliStorage2019,guard_minus_no_reclaim,registrations,5,0.0,0.0,0.0,0.0
paired_difference,AliStorage2019,guard_minus_no_reclaim,selected_registrations,5,0.0,0.0,0.0,0.0
paired_percent,AliStorage2019,guard_minus_no_reclaim,selected_registrations,5,0.0,0.0,0.0,0.0
paired_difference,AliStorage2019,guard_minus_no_reclaim,tie_binding_rate_changes,5,0.0,0.0,0.0,0.0
paired_percent,AliStorage2019,guard_minus_no_reclaim,tie_binding_rate_changes,5,0.0,0.0,0.0,0.0
paired_difference,AliStorage2019,guard_minus_no_reclaim,tie_binding_updates,5,0.0,0.0,0.0,0.0
paired_percent,AliStorage2019,guard_minus_no_reclaim,tie_binding_updates,5,0.0,0.0,0.0,0.0
paired_difference,AliStorage2019,guard_minus_no_reclaim,timeout_recoveries,5,0.0,0.0,0.0,0.0
paired_difference,AliStorage2019,guard_minus_no_one_rtt,1BDP_to_1MB_fct_us_mean,5,-0.058590043430876905,-0.10211523013226825,-0.015064856729485564,0.04352518670139134
paired_percent,AliStorage2019,guard_minus_no_one_rtt,1BDP_to_1MB_fct_us_mean,5,-0.12876276772192732,-0.2198683709677948,-0.03765716447605985,0.09110560324586747
paired_difference,AliStorage2019,guard_minus_no_one_rtt,1BDP_to_1MB_fct_us_p95,5,-0.10869000000000426,-0.20483721964787283,-0.012542780352135671,0.09614721964786858
paired_percent,AliStorage2019,guard_minus_no_one_rtt,1BDP_to_1MB_fct_us_p95,5,-0.08751968183593553,-0.16193456719983856,-0.013104796472032484,0.07441488536390305
paired_difference,AliStorage2019,guard_minus_no_one_rtt,1BDP_to_1MB_fct_us_p99,5,0.2270800000000463,-0.3526727811944855,0.8068327811945781,0.5797527811945318
paired_percent,AliStorage2019,guard_minus_no_one_rtt,1BDP_to_1MB_fct_us_p99,5,0.118798060716564,-0.15630813953081818,0.3939042609639462,0.2751062002473822
paired_difference,AliStorage2019,guard_minus_no_one_rtt,1BDP_to_1MB_flow_count,5,0.0,0.0,0.0,0.0
paired_percent,AliStorage2019,guard_minus_no_one_rtt,1BDP_to_1MB_flow_count,5,0.0,0.0,0.0,0.0
paired_difference,AliStorage2019,guard_minus_no_one_rtt,1BDP_to_1MB_slowdown_mean,5,-0.0008665627177550483,-0.002503431130154733,0.0007703056946446361,0.0016368684123996844
paired_percent,AliStorage2019,guard_minus_no_one_rtt,1BDP_to_1MB_slowdown_mean,5,-0.06959177196799804,-0.20268637027136396,0.06350282633536788,0.13309459830336592
paired_difference,AliStorage2019,guard_minus_no_one_rtt,1BDP_to_1MB_slowdown_p95,5,-0.006038011689012812,-0.019696209863405784,0.007620186485380158,0.01365819817439297
paired_percent,AliStorage2019,guard_minus_no_one_rtt,1BDP_to_1MB_slowdown_p95,5,-0.3363395386399699,-1.1025621393675449,0.42988306208760496,0.7662226007275749
paired_difference,AliStorage2019,guard_minus_no_one_rtt,1BDP_to_1MB_slowdown_p99,5,-0.0047647070066995315,-0.008709419035386173,-0.0008199949780128904,0.003944712028686641
paired_percent,AliStorage2019,guard_minus_no_one_rtt,1BDP_to_1MB_slowdown_p99,5,-0.17386913031520193,-0.2844799426139264,-0.06325831801647744,0.11061081229872449
paired_difference,AliStorage2019,guard_minus_no_one_rtt,8KB_to_1BDP_fct_us_mean,5,-0.003356746807190092,-0.005070047564124307,-0.0016434460502558765,0.0017133007569342155
paired_percent,AliStorage2019,guard_minus_no_one_rtt,8KB_to_1BDP_fct_us_mean,5,-0.03778779762582613,-0.056765422835131654,-0.018810172416520606,0.018977625209305526
paired_difference,AliStorage2019,guard_minus_no_one_rtt,8KB_to_1BDP_fct_us_p95,5,-0.011430000000000717,-0.023109696410517258,0.0002496964105158251,0.011679696410516542
paired_percent,AliStorage2019,guard_minus_no_one_rtt,8KB_to_1BDP_fct_us_p95,5,-0.07952282940571205,-0.16121042838462551,0.0021647695732014,0.08168759897891345
paired_difference,AliStorage2019,guard_minus_no_one_rtt,8KB_to_1BDP_fct_us_p99,5,-0.049673999999998844,-0.14485146824595563,0.045503468245957926,0.09517746824595677
paired_percent,AliStorage2019,guard_minus_no_one_rtt,8KB_to_1BDP_fct_us_p99,5,-0.27040481563090135,-0.7914700799950701,0.2506604487332674,0.5210652643641688
paired_difference,AliStorage2019,guard_minus_no_one_rtt,8KB_to_1BDP_flow_count,5,0.0,0.0,0.0,0.0
paired_percent,AliStorage2019,guard_minus_no_one_rtt,8KB_to_1BDP_flow_count,5,0.0,0.0,0.0,0.0
paired_difference,AliStorage2019,guard_minus_no_one_rtt,8KB_to_1BDP_slowdown_mean,5,-0.0003076351713827474,-0.0005125172462974839,-0.00010275309646801093,0.00020488207491473648
paired_percent,AliStorage2019,guard_minus_no_one_rtt,8KB_to_1BDP_slowdown_mean,5,-0.029811008919850578,-0.04961444764939871,-0.010007570190302444,0.019803438729548133
paired_difference,AliStorage2019,guard_minus_no_one_rtt,8KB_to_1BDP_slowdown_p95,5,-0.0005707848733853549,-0.0018769485531301676,0.0007353788063594578,0.0013061636797448127
paired_percent,AliStorage2019,guard_minus_no_one_rtt,8KB_to_1BDP_slowdown_p95,5,-0.05061519050705018,-0.166803503033831,0.06557312201973065,0.11618831252678083
paired_difference,AliStorage2019,guard_minus_no_one_rtt,8KB_to_1BDP_slowdown_p99,5,-0.0015592282690230163,-0.00690129852499873,0.0037828419869526974,0.005342070255975714
paired_percent,AliStorage2019,guard_minus_no_one_rtt,8KB_to_1BDP_slowdown_p99,5,-0.11866655976693721,-0.5288664283248133,0.29153330879093897,0.41019986855787616
paired_difference,AliStorage2019,guard_minus_no_one_rtt,aggregate_goodput_gbps,5,0.0018128287031629498,-0.002746578127224633,0.006372235533550532,0.004559406830387583
paired_percent,AliStorage2019,guard_minus_no_one_rtt,aggregate_goodput_gbps,5,0.001139507216452259,-0.0017336636406378564,0.004012678073542374,0.0028731708570901154
paired_difference,AliStorage2019,guard_minus_no_one_rtt,completion_releases,5,0.0,0.0,0.0,0.0
paired_difference,AliStorage2019,guard_minus_no_one_rtt,completion_span_us,5,-0.22839999999996508,-0.8040559718300317,0.3472559718301016,0.5756559718300667
paired_percent,AliStorage2019,guard_minus_no_one_rtt,completion_span_us,5,-0.001139451399019378,-0.004012469001186509,0.0017335662031477531,0.002873017602167131
paired_difference,AliStorage2019,guard_minus_no_one_rtt,grant_binding_rate_changes,5,0.0,-0.8779890330850845,0.8779890330850845,0.8779890330850845
paired_difference,AliStorage2019,guard_minus_no_one_rtt,grant_binding_updates,5,-0.6,-3.0204487271690716,1.8204487271690715,2.4204487271690716
paired_percent,AliStorage2019,guard_minus_no_one_rtt,grant_binding_updates,5,-1.37291280148423,-6.137614475891365,3.391788872922905,4.764701674407135
paired_difference,AliStorage2019,guard_minus_no_one_rtt,grant_bytes_sent,5,-56.4,-582.2718960039209,469.47189600392096,525.8718960039209
paired_percent,AliStorage2019,guard_minus_no_one_rtt,grant_bytes_sent,5,-0.009092055072939016,-0.12648491171054949,0.10830080156467145,0.11739285663761047
paired_difference,AliStorage2019,guard_minus_no_one_rtt,grant_event_rate_changes,5,-3.8,-12.375575572961083,4.775575572961084,8.575575572961084
paired_percent,AliStorage2019,guard_minus_no_one_rtt,grant_event_rate_changes,5,-0.24055210060185703,-1.2948137034151208,0.8137095022114068,1.0542616028132639
paired_difference,AliStorage2019,guard_minus_no_one_rtt,grants_received,5,-0.6,-6.194381872382136,4.994381872382137,5.594381872382137
paired_percent,AliStorage2019,guard_minus_no_one_rtt,grants_received,5,-0.009092055072939016,-0.12648491171054949,0.10830080156467145,0.11739285663761047
paired_difference,AliStorage2019,guard_minus_no_one_rtt,grants_sent,5,-0.6,-6.194381872382136,4.994381872382137,5.594381872382137
paired_percent,AliStorage2019,guard_minus_no_one_rtt,grants_sent,5,-0.009092055072939016,-0.12648491171054949,0.10830080156467145,0.11739285663761047
paired_difference,AliStorage2019,guard_minus_no_one_rtt,gt_1MB_fct_us_mean,5,-0.28710719501663107,-0.4287071219342421,-0.14550726809902007,0.141599926917611
paired_percent,AliStorage2019,guard_minus_no_one_rtt,gt_1MB_fct_us_mean,5,-0.12494224399016066,-0.18038420750717435,-0.06950028047314696,0.05544196351701369
paired_difference,AliStorage2019,guard_minus_no_one_rtt,gt_1MB_fct_us_p95,5,-2.7590900000000147,-7.88504215644572,2.3668621564456904,5.125952156445705
paired_percent,AliStorage2019,guard_minus_no_one_rtt,gt_1MB_fct_us_p95,5,-0.5628062006573652,-1.5575986168214602,0.4319862155067299,0.9947924161640951
paired_difference,AliStorage2019,guard_minus_no_one_rtt,gt_1MB_fct_us_p99,5,-1.0483200000000124,-1.814861171995377,-0.2817788280046475,0.7665411719953649
paired_percent,AliStorage2019,guard_minus_no_one_rtt,gt_1MB_fct_us_p99,5,-0.1739739644265003,-0.3102764790974395,-0.03767144975556111,0.13630251467093918
paired_difference,AliStorage2019,guard_minus_no_one_rtt,gt_1MB_flow_count,5,0.0,0.0,0.0,0.0
paired_percent,AliStorage2019,guard_minus_no_one_rtt,gt_1MB_flow_count,5,0.0,0.0,0.0,0.0
paired_difference,AliStorage2019,guard_minus_no_one_rtt,gt_1MB_slowdown_mean,5,-0.002179646952985159,-0.0032821994211438394,-0.0010770944848264787,0.0011025524681586804
paired_percent,AliStorage2019,guard_minus_no_one_rtt,gt_1MB_slowdown_mean,5,-0.1299508402035622,-0.1892393418680621,-0.07066233853906231,0.0592885016644999
paired_difference,AliStorage2019,guard_minus_no_one_rtt,gt_1MB_slowdown_p95,5,-0.01121064452686511,-0.022505556497175064,8.42674434448458e-05,0.011294911970309955
paired_percent,AliStorage2019,guard_minus_no_one_rtt,gt_1MB_slowdown_p95,5,-0.36375693002890636,-0.7741798139927052,0.046665953934892535,0.4104228839637989
paired_difference,AliStorage2019,guard_minus_no_one_rtt,gt_1MB_slowdown_p99,5,-0.034162112751845,-0.0991120963787767,0.030787870875086706,0.0649499836269317
paired_percent,AliStorage2019,guard_minus_no_one_rtt,gt_1MB_slowdown_p99,5,-0.7832805004121652,-2.3168148728328033,0.7502538720084728,1.533534372420638
paired_difference,AliStorage2019,guard_minus_no_one_rtt,guard_ack_interval_packets,5,0.0,0.0,0.0,0.0
paired_percent,AliStorage2019,guard_minus_no_one_rtt,guard_ack_interval_packets,5,0.0,0.0,0.0,0.0
paired_difference,AliStorage2019,guard_minus_no_one_rtt,guard_adaptive_grant_updates,5,0.0,0.0,0.0,0.0
paired_difference,AliStorage2019,guard_minus_no_one_rtt,guard_fixed_window,5,0.0,0.0,0.0,0.0
paired_percent,AliStorage2019,guard_minus_no_one_rtt,guard_fixed_window,5,0.0,0.0,0.0,0.0
paired_difference,AliStorage2019,guard_minus_no_one_rtt,guard_grant_refresh_bdps,5,0.0,0.0,0.0,0.0
paired_percent,AliStorage2019,guard_minus_no_one_rtt,guard_grant_refresh_bdps,5,0.0,0.0,0.0,0.0
paired_difference,AliStorage2019,guard_minus_no_one_rtt,guard_long_acks_suppressed,5,-69133.4,-70536.45795685193,-67730.34204314806,1403.0579568519252
paired_percent,AliStorage2019,guard_minus_no_one_rtt,guard_long_acks_suppressed,5,-20.105611887757703,-21.260730172531797,-18.95049360298361,1.1551182847740933
paired_difference,AliStorage2019,guard_minus_no_one_rtt,guard_min_share_fraction,5,0.0,0.0,0.0,0.0
paired_difference,AliStorage2019,guard_minus_no_one_rtt,guard_one_rtt_acks_suppressed,5,83281.8,81608.71330419388,84954.88669580613,1673.0866958061197
paired_difference,AliStorage2019,guard_minus_no_one_rtt,guard_one_rtt_bypass_enabled,5,1.0,1.0,1.0,0.0
paired_difference,AliStorage2019,guard_minus_no_one_rtt,guard_one_rtt_bypass_feedbacks,5,9165.2,9064.023810815957,9266.376189184044,101.17618918404409
paired_difference,AliStorage2019,guard_minus_no_one_rtt,guard_one_rtt_bypass_flows,5,9165.2,9064.023810815957,9266.376189184044,101.17618918404409
paired_difference,AliStorage2019,guard_minus_no_one_rtt,guard_rebalance_events,5,0.0,0.0,0.0,0.0
paired_difference,AliStorage2019,guard_minus_no_one_rtt,guard_remaining_aware,5,0.0,0.0,0.0,0.0
paired_percent,AliStorage2019,guard_minus_no_one_rtt,guard_remaining_aware,5,0.0,0.0,0.0,0.0
paired_difference,AliStorage2019,guard_minus_no_one_rtt,guard_remaining_exponent,5,0.0,0.0,0.0,0.0
paired_percent,AliStorage2019,guard_minus_no_one_rtt,guard_remaining_exponent,5,0.0,0.0,0.0,0.0
paired_difference,AliStorage2019,guard_minus_no_one_rtt,guard_remaining_refresh_events,5,0.4,-2.174769267929082,2.974769267929082,2.574769267929082
paired_percent,AliStorage2019,guard_minus_no_one_rtt,guard_remaining_refresh_events,5,0.01139468058324745,-0.05955597719529924,0.08234533836179414,0.07095065777854669
paired_difference,AliStorage2019,guard_minus_no_one_rtt,guard_sender_srpt_enabled,5,0.0,0.0,0.0,0.0
paired_percent,AliStorage2019,guard_minus_no_one_rtt,guard_sender_srpt_enabled,5,0.0,0.0,0.0,0.0
paired_difference,AliStorage2019,guard_minus_no_one_rtt,guard_sender_srpt_forced_rr,5,-0.2,-1.5601747613165138,1.1601747613165139,1.3601747613165138
paired_percent,AliStorage2019,guard_minus_no_one_rtt,guard_sender_srpt_forced_rr,5,-0.2741228070175439,-2.4662645560667924,1.9180189420317044,2.1921417490492483
paired_difference,AliStorage2019,guard_minus_no_one_rtt,guard_sender_srpt_non_rr,5,77.8,0.48011625852630857,155.1198837414737,77.31988374147369
paired_percent,AliStorage2019,guard_minus_no_one_rtt,guard_sender_srpt_non_rr,5,0.3113291357880708,0.04420606423220658,0.5784522073439351,0.26712307155586423
paired_difference,AliStorage2019,guard_minus_no_one_rtt,guard_sender_srpt_selections,5,0.0,0.0,0.0,0.0
paired_percent,AliStorage2019,guard_minus_no_one_rtt,guard_sender_srpt_selections,5,0.0,0.0,0.0,0.0
paired_difference,AliStorage2019,guard_minus_no_one_rtt,guard_srpt_quantum_packets,5,0.0,0.0,0.0,0.0
paired_percent,AliStorage2019,guard_minus_no_one_rtt,guard_srpt_quantum_packets,5,0.0,0.0,0.0,0.0
paired_difference,AliStorage2019,guard_minus_no_one_rtt,guard_tail_bypass_bdps,5,0.0,0.0,0.0,0.0
paired_percent,AliStorage2019,guard_minus_no_one_rtt,guard_tail_bypass_bdps,5,0.0,0.0,0.0,0.0
paired_difference,AliStorage2019,guard_minus_no_one_rtt,guard_tail_bypass_enabled,5,0.0,0.0,0.0,0.0
paired_percent,AliStorage2019,guard_minus_no_one_rtt,guard_tail_bypass_enabled,5,0.0,0.0,0.0,0.0
paired_difference,AliStorage2019,guard_minus_no_one_rtt,guard_tail_bypass_feedbacks,5,-1.0,-2.520721613791638,0.520721613791638,1.520721613791638
paired_percent,AliStorage2019,guard_minus_no_one_rtt,guard_tail_bypass_feedbacks,5,-0.004600125652418246,-0.011789800935565265,0.002589549630728773,0.007189675283147019
paired_difference,AliStorage2019,guard_minus_no_one_rtt,guard_tail_bypass_flows,5,0.0,0.0,0.0,0.0
paired_percent,AliStorage2019,guard_minus_no_one_rtt,guard_tail_bypass_flows,5,0.0,0.0,0.0,0.0
paired_difference,AliStorage2019,guard_minus_no_one_rtt,hpcc_actual_rate_changes,5,-3.6,-8.689307942983417,1.4893079429834173,5.089307942983417
paired_percent,AliStorage2019,guard_minus_no_one_rtt,hpcc_actual_rate_changes,5,-1.8069924571472558,-4.125685000874904,0.5117000865803925,2.318692543727648
paired_difference,AliStorage2019,guard_minus_no_one_rtt,hpcc_fast_computations,5,0.0,0.0,0.0,0.0
paired_difference,AliStorage2019,guard_minus_no_one_rtt,hpcc_feedback_updates,5,-9204.0,-9303.049460241864,-9104.950539758136,99.04946024186317
paired_percent,AliStorage2019,guard_minus_no_one_rtt,hpcc_feedback_updates,5,-78.0243821071821,-79.35788582128927,-76.69087839307494,1.3335037141071735
paired_difference,AliStorage2019,guard_minus_no_one_rtt,hpcc_full_computations,5,-22.2,-26.355402534734278,-18.04459746526572,4.155402534734279
paired_percent,AliStorage2019,guard_minus_no_one_rtt,hpcc_full_computations,5,-3.9091449554497166,-4.185606012004703,-3.6326838988947303,0.27646105655498654
paired_difference,AliStorage2019,guard_minus_no_one_rtt,hpcc_rate_updates_applied,5,-22.2,-26.355402534734278,-18.04459746526572,4.155402534734279
paired_percent,AliStorage2019,guard_minus_no_one_rtt,hpcc_rate_updates_applied,5,-3.9091449554497166,-4.185606012004703,-3.6326838988947303,0.27646105655498654
paired_difference,AliStorage2019,guard_minus_no_one_rtt,hpcc_valid_feedback,5,-4949.2,-4980.775884114057,-4917.624115885943,31.575884114056873
paired_percent,AliStorage2019,guard_minus_no_one_rtt,hpcc_valid_feedback,5,-88.66801127443657,-90.51977801260124,-86.8162445362719,1.8517667381646643
paired_difference,AliStorage2019,guard_minus_no_one_rtt,int_hops_after_strip,5,-16374.4,-16692.612102947598,-16056.187897052401,318.21210294759896
paired_percent,AliStorage2019,guard_minus_no_one_rtt,int_hops_after_strip,5,-24.16051318965887,-25.75449478718663,-22.566531592131113,1.5939815975277587
paired_difference,AliStorage2019,guard_minus_no_one_rtt,int_hops_before_strip,5,-30522.8,-31096.424175245655,-29949.175824754344,573.6241752456538
paired_percent,AliStorage2019,guard_minus_no_one_rtt,int_hops_before_strip,5,-23.258645997491595,-24.52993082745759,-21.9873611675256,1.2712848299659942
paired_difference,AliStorage2019,guard_minus_no_one_rtt,int_records_stripped,5,-14148.4,-14418.56480113254,-13878.23519886746,270.16480113253886
paired_percent,AliStorage2019,guard_minus_no_one_rtt,int_records_stripped,5,-22.3015877822993,-23.298329085076265,-21.304846479522336,0.9967413027769638
paired_difference,AliStorage2019,guard_minus_no_one_rtt,irn_nacks_generated,5,0.0,0.0,0.0,0.0
paired_difference,AliStorage2019,guard_minus_no_one_rtt,irn_nacks_received,5,0.0,0.0,0.0,0.0
paired_difference,AliStorage2019,guard_minus_no_one_rtt,irn_retransmit_bytes,5,0.0,0.0,0.0,0.0
paired_difference,AliStorage2019,guard_minus_no_one_rtt,irn_retransmit_packets,5,0.0,0.0,0.0,0.0
paired_difference,AliStorage2019,guard_minus_no_one_rtt,le_8KB_fct_us_mean,5,-0.0003745662392660165,-0.0008283641048411627,7.923162630912975e-05,0.00045379786557514626
paired_percent,AliStorage2019,guard_minus_no_one_rtt,le_8KB_fct_us_mean,5,-0.0055029582503111785,-0.012182823478562246,0.001176906977939889,0.0066798652282510675
paired_difference,AliStorage2019,guard_minus_no_one_rtt,le_8KB_fct_us_p95,5,-0.0015899999999998472,-0.008640257402601196,0.005460257402601502,0.007050257402601349
paired_percent,AliStorage2019,guard_minus_no_one_rtt,le_8KB_fct_us_p95,5,-0.01745721110174395,-0.09483515964834352,0.059920737444855626,0.07737794854659957
paired_difference,AliStorage2019,guard_minus_no_one_rtt,le_8KB_fct_us_p99,5,0.0009520000000005524,-0.006455826103839721,0.008359826103840826,0.007407826103840273
paired_percent,AliStorage2019,guard_minus_no_one_rtt,le_8KB_fct_us_p99,5,0.010105485281389708,-0.06902269164143293,0.08923366220421236,0.07912817692282265
paired_difference,AliStorage2019,guard_minus_no_one_rtt,le_8KB_flow_count,5,0.0,0.0,0.0,0.0
paired_percent,AliStorage2019,guard_minus_no_one_rtt,le_8KB_flow_count,5,0.0,0.0,0.0,0.0
paired_difference,AliStorage2019,guard_minus_no_one_rtt,le_8KB_slowdown_mean,5,-2.0999580988334543e-05,-8.278165918259599e-05,4.0782497205926906e-05,6.178207819426145e-05
paired_percent,AliStorage2019,guard_minus_no_one_rtt,le_8KB_slowdown_mean,5,-0.002083634277048598,-0.0082145221179912,0.004047253563894003,0.006130887840942602
paired_difference,AliStorage2019,guard_minus_no_one_rtt,le_8KB_slowdown_p95,5,6.932453959285212e-06,-0.000574865689642605,0.0005887305975611753,0.0005817981436018902
paired_percent,AliStorage2019,guard_minus_no_one_rtt,le_8KB_slowdown_p95,5,0.0007164772041045608,-0.055762369069639973,0.05719532347784909,0.05647884627374453
paired_difference,AliStorage2019,guard_minus_no_one_rtt,le_8KB_slowdown_p99,5,-0.0003982835968118881,-0.002038567640246552,0.001242000446622776,0.001640284043434664
paired_percent,AliStorage2019,guard_minus_no_one_rtt,le_8KB_slowdown_p99,5,-0.037318989215559054,-0.19108631874024523,0.11644834030912714,0.1537673295246862
paired_difference,AliStorage2019,guard_minus_no_one_rtt,long_to_small_slowdown_mean_ratio,5,-0.002128889417562707,-0.0032660204192553784,-0.0009917584158700362,0.001137131001692671
paired_percent,AliStorage2019,guard_minus_no_one_rtt,long_to_small_slowdown_mean_ratio,5,-0.12786866357079502,-0.19065757482704399,-0.06507975231454603,0.06278891125624898
paired_difference,AliStorage2019,guard_minus_no_one_rtt,max_active_flows,5,0.0,0.0,0.0,0.0
paired_percent,AliStorage2019,guard_minus_no_one_rtt,max_active_flows,5,0.0,0.0,0.0,0.0
paired_difference,AliStorage2019,guard_minus_no_one_rtt,overall_fct_us_mean,5,-0.006993326812439804,-0.010456426778074165,-0.0035302268468054426,0.0034630999656343614
paired_percent,AliStorage2019,guard_minus_no_one_rtt,overall_fct_us_mean,5,-0.05987021954454608,-0.08721670785822977,-0.032523731230862385,0.027346488313683692
paired_difference,AliStorage2019,guard_minus_no_one_rtt,overall_fct_us_p95,5,0.010840000000009554,-0.01444221216864261,0.03612221216866172,0.025282212168652164
paired_percent,AliStorage2019,guard_minus_no_one_rtt,overall_fct_us_p95,5,0.07036119685394647,-0.09231620243428025,0.2330385961421732,0.16267739928822672
paired_difference,AliStorage2019,guard_minus_no_one_rtt,overall_fct_us_p99,5,-0.229051999999956,-0.5002212890429922,0.04211728904308021,0.2711692890430362
paired_percent,AliStorage2019,guard_minus_no_one_rtt,overall_fct_us_p99,5,-0.13578518741603596,-0.2859321321077788,0.014361757275706877,0.15014694469174283
paired_difference,AliStorage2019,guard_minus_no_one_rtt,overall_flow_count,5,0.0,0.0,0.0,0.0
paired_percent,AliStorage2019,guard_minus_no_one_rtt,overall_flow_count,5,0.0,0.0,0.0,0.0
paired_difference,AliStorage2019,guard_minus_no_one_rtt,overall_slowdown_mean,5,-0.00015176494432003195,-0.00020746550798681238,-9.606438065325151e-05,5.5700563666780445e-05
paired_percent,AliStorage2019,guard_minus_no_one_rtt,overall_slowdown_mean,5,-0.01473546229789865,-0.02013579892462266,-0.00933512567117464,0.005400336626724011
paired_difference,AliStorage2019,guard_minus_no_one_rtt,overall_slowdown_p95,5,-7.048711092325633e-05,-0.001063954173881249,0.0009229799520347363,0.0009934670629579926
paired_percent,AliStorage2019,guard_minus_no_one_rtt,overall_slowdown_p95,5,-0.006247461038372935,-0.09607244086404546,0.08357751878729958,0.08982497982567252
paired_difference,AliStorage2019,guard_minus_no_one_rtt,overall_slowdown_p99,5,-0.0015338766217392052,-0.005979538856345913,0.0029117856128675025,0.004445662234606708
paired_percent,AliStorage2019,guard_minus_no_one_rtt,overall_slowdown_p99,5,-0.09755389627887008,-0.4006115839963904,0.20550379143865027,0.30305768771752034
paired_difference,AliStorage2019,guard_minus_no_one_rtt,pfc_pause_events,5,0.0,0.0,0.0,0.0
paired_difference,AliStorage2019,guard_minus_no_one_rtt,pfc_resume_events,5,0.0,0.0,0.0,0.0
paired_difference,AliStorage2019,guard_minus_no_one_rtt,proactive_releases,5,0.0,0.0,0.0,0.0
paired_percent,AliStorage2019,guard_minus_no_one_rtt,proactive_releases,5,0.0,0.0,0.0,0.0
paired_difference,AliStorage2019,guard_minus_no_one_rtt,queue_bytes_max,5,1059.6,-5330.851582042309,7450.051582042308,6390.4515820423085
paired_percent,AliStorage2019,guard_minus_no_one_rtt,queue_bytes_max,5,0.25983341560679224,-1.193175977839058,1.7128428090526426,1.4530093934458503
paired_difference,AliStorage2019,guard_minus_no_one_rtt,queue_bytes_mean,5,-18.291199999999982,-33.0297984014484,-3.552601598551565,14.738598401448417
paired_percent,AliStorage2019,guard_minus_no_one_rtt,queue_bytes_mean,5,-0.7132545628818353,-1.2613854526708514,-0.16512367309281917,0.5481308897890161
paired_difference,AliStorage2019,guard_minus_no_one_rtt,queue_bytes_p95,5,-208.2,-615.0836490245523,198.68364902455232,406.8836490245523
paired_difference,AliStorage2019,guard_minus_no_one_rtt,queue_bytes_p99,5,-436.0,-1177.2952449175,305.2952449175001,741.2952449175001
paired_percent,AliStorage2019,guard_minus_no_one_rtt,queue_bytes_p99,5,-0.4366507954941355,-1.1946426144642255,0.32134102347595445,0.7579918189700899
paired_difference,AliStorage2019,guard_minus_no_one_rtt,queue_sample_count,5,0.0,0.0,0.0,0.0
paired_percent,AliStorage2019,guard_minus_no_one_rtt,queue_sample_count,5,0.0,0.0,0.0,0.0
paired_difference,AliStorage2019,guard_minus_no_one_rtt,reactive_binding_rate_changes,5,-3.6,-8.689307942983417,1.4893079429834173,5.089307942983417
paired_percent,AliStorage2019,guard_minus_no_one_rtt,reactive_binding_rate_changes,5,-1.9218418897310225,-4.406563495000793,0.5628797155387477,2.4847216052697703
paired_difference,AliStorage2019,guard_minus_no_one_rtt,reactive_binding_updates,5,-3.6,-8.689307942983417,1.4893079429834173,5.089307942983417
paired_percent,AliStorage2019,guard_minus_no_one_rtt,reactive_binding_updates,5,-1.9218418897310225,-4.406563495000793,0.5628797155387477,2.4847216052697703
paired_difference,AliStorage2019,guard_minus_no_one_rtt,recovery_nacks_generated,5,0.0,0.0,0.0,0.0
paired_difference,AliStorage2019,guard_minus_no_one_rtt,recovery_nacks_received,5,0.0,0.0,0.0,0.0
paired_difference,AliStorage2019,guard_minus_no_one_rtt,registrations,5,0.0,0.0,0.0,0.0
paired_percent,AliStorage2019,guard_minus_no_one_rtt,registrations,5,0.0,0.0,0.0,0.0
paired_difference,AliStorage2019,guard_minus_no_one_rtt,selected_registrations,5,0.0,0.0,0.0,0.0
paired_percent,AliStorage2019,guard_minus_no_one_rtt,selected_registrations,5,0.0,0.0,0.0,0.0
paired_difference,AliStorage2019,guard_minus_no_one_rtt,tie_binding_rate_changes,5,0.0,-0.8779890330850845,0.8779890330850845,0.8779890330850845
paired_percent,AliStorage2019,guard_minus_no_one_rtt,tie_binding_rate_changes,5,0.4615384615384615,-7.344828593866844,8.267905516943767,7.806367055405306
paired_difference,AliStorage2019,guard_minus_no_one_rtt,tie_binding_updates,5,-18.0,-22.389945165425424,-13.610054834574576,4.389945165425423
paired_percent,AliStorage2019,guard_minus_no_one_rtt,tie_binding_updates,5,-4.70635069719448,-5.496746218323185,-3.915955176065776,0.7903955211287045
paired_difference,AliStorage2019,guard_minus_no_one_rtt,timeout_recoveries,5,0.0,0.0,0.0,0.0
paired_difference,AliStorage2019,guard_minus_no_tail,1BDP_to_1MB_fct_us_mean,5,-4.344495951979836,-7.738636840829468,-0.9503550631302029,3.3941408888496327
paired_percent,AliStorage2019,guard_minus_no_tail,1BDP_to_1MB_fct_us_mean,5,-8.518520196385088,-13.789524122920781,-3.2475162698493953,5.271003926535693
paired_difference,AliStorage2019,guard_minus_no_tail,1BDP_to_1MB_fct_us_p95,5,-16.956490000000038,-47.789729803568385,13.876749803568309,30.833239803568347
paired_percent,AliStorage2019,guard_minus_no_tail,1BDP_to_1MB_fct_us_p95,5,-9.634000884739745,-23.682762663902643,4.414760894423154,14.048761779162898
paired_difference,AliStorage2019,guard_minus_no_tail,1BDP_to_1MB_fct_us_p99,5,-54.67545599999994,-91.35682064232076,-17.994091357679125,36.681364642320816
paired_percent,AliStorage2019,guard_minus_no_tail,1BDP_to_1MB_fct_us_p99,5,-18.967874858063475,-27.437659798952758,-10.498089917174191,8.469784940889284
paired_difference,AliStorage2019,guard_minus_no_tail,1BDP_to_1MB_flow_count,5,0.0,0.0,0.0,0.0
paired_percent,AliStorage2019,guard_minus_no_tail,1BDP_to_1MB_flow_count,5,0.0,0.0,0.0,0.0
paired_difference,AliStorage2019,guard_minus_no_tail,1BDP_to_1MB_slowdown_mean,5,-0.07783305281011055,-0.15771614161985759,0.0020500359996364903,0.07988308880974704
paired_percent,AliStorage2019,guard_minus_no_tail,1BDP_to_1MB_slowdown_mean,5,-5.7183939619202455,-10.87417872832373,-0.5626091955167603,5.155784766403485
paired_difference,AliStorage2019,guard_minus_no_tail,1BDP_to_1MB_slowdown_p95,5,-0.1814224710395786,-0.5052226097447086,0.14237766766555143,0.32380013870513
paired_percent,AliStorage2019,guard_minus_no_tail,1BDP_to_1MB_slowdown_p95,5,-7.617943325618289,-18.962071947137947,3.7261852959013675,11.344128621519657
paired_difference,AliStorage2019,guard_minus_no_tail,1BDP_to_1MB_slowdown_p99,5,-1.2245725884360255,-2.830942436694784,0.38179725982273327,1.6063698482587587
paired_percent,AliStorage2019,guard_minus_no_tail,1BDP_to_1MB_slowdown_p99,5,-25.638776089373202,-50.796392714569436,-0.48115946417696875,25.157616625196233
paired_difference,AliStorage2019,guard_minus_no_tail,8KB_to_1BDP_fct_us_mean,5,1.933500342481409e-05,-0.002170204312651254,0.002208874319500882,0.002189539316076068
paired_percent,AliStorage2019,guard_minus_no_tail,8KB_to_1BDP_fct_us_mean,5,0.00029756799396990437,-0.024553595513805513,0.025148731501745323,0.024851163507775418
paired_difference,AliStorage2019,guard_minus_no_tail,8KB_to_1BDP_fct_us_p95,5,-0.007060000000000954,-0.0316685071107122,0.01754850711071029,0.024608507110711244
paired_percent,AliStorage2019,guard_minus_no_tail,8KB_to_1BDP_fct_us_p95,5,-0.04949769515412088,-0.22057029418454888,0.12157490387630714,0.171072599030428
paired_difference,AliStorage2019,guard_minus_no_tail,8KB_to_1BDP_fct_us_p99,5,0.09508999999999972,-0.19128790513537586,0.3814679051353753,0.2863779051353756
paired_percent,AliStorage2019,guard_minus_no_tail,8KB_to_1BDP_fct_us_p99,5,0.5386377945662203,-1.0783617485252104,2.155637337657651,1.6169995430914308
paired_difference,AliStorage2019,guard_minus_no_tail,8KB_to_1BDP_flow_count,5,0.0,0.0,0.0,0.0
paired_percent,AliStorage2019,guard_minus_no_tail,8KB_to_1BDP_flow_count,5,0.0,0.0,0.0,0.0
paired_difference,AliStorage2019,guard_minus_no_tail,8KB_to_1BDP_slowdown_mean,5,-3.4459558640520524e-05,-0.00015751087354284307,8.859175626180201e-05,0.00012305131490232253
paired_percent,AliStorage2019,guard_minus_no_tail,8KB_to_1BDP_slowdown_mean,5,-0.0033384091714945587,-0.015280860383479193,0.008604042040490076,0.011942451211984634
paired_difference,AliStorage2019,guard_minus_no_tail,8KB_to_1BDP_slowdown_p95,5,0.0005519526670795915,-0.0007158583015307355,0.0018197636356899185,0.001267810968610327
paired_percent,AliStorage2019,guard_minus_no_tail,8KB_to_1BDP_slowdown_p95,5,0.04937823241069818,-0.06414997129076468,0.16290643611216105,0.11352820370146285
paired_difference,AliStorage2019,guard_minus_no_tail,8KB_to_1BDP_slowdown_p99,5,-0.0014296387815452948,-0.0049241507158507385,0.0020648731527601483,0.0034945119343054434
paired_percent,AliStorage2019,guard_minus_no_tail,8KB_to_1BDP_slowdown_p99,5,-0.10902508691360098,-0.3749713440890956,0.15692117026189367,0.26594625717549464
paired_difference,AliStorage2019,guard_minus_no_tail,aggregate_goodput_gbps,5,0.0,0.0,0.0,0.0
paired_percent,AliStorage2019,guard_minus_no_tail,aggregate_goodput_gbps,5,0.0,0.0,0.0,0.0
paired_difference,AliStorage2019,guard_minus_no_tail,completion_releases,5,-0.2,-0.7552890210395597,0.35528902103955967,0.5552890210395597
paired_difference,AliStorage2019,guard_minus_no_tail,completion_span_us,5,0.0,0.0,0.0,0.0
paired_percent,AliStorage2019,guard_minus_no_tail,completion_span_us,5,0.0,0.0,0.0,0.0
paired_difference,AliStorage2019,guard_minus_no_tail,grant_binding_rate_changes,5,-6.4,-13.983304673388709,1.183304673388708,7.583304673388708
paired_percent,AliStorage2019,guard_minus_no_tail,grant_binding_rate_changes,5,-84.0,-105.23572165473412,-62.76427834526588,21.235721654734125
paired_difference,AliStorage2019,guard_minus_no_tail,grant_binding_updates,5,-106.6,-165.87954127583583,-47.32045872416417,59.279541275835825
paired_percent,AliStorage2019,guard_minus_no_tail,grant_binding_updates,5,-71.8910675068046,-77.56278368527644,-66.21935132833276,5.671716178471836
paired_difference,AliStorage2019,guard_minus_no_tail,grant_bytes_sent,5,-1748.4,-4033.479700358323,536.6797003583229,2285.079700358323
paired_percent,AliStorage2019,guard_minus_no_tail,grant_bytes_sent,5,-0.36316181163867856,-0.8080119159357445,0.0816882926583874,0.44485010429706595
paired_difference,AliStorage2019,guard_minus_no_tail,grant_event_rate_changes,5,40.6,3.055316386747222,78.14468361325278,37.54468361325278
paired_percent,AliStorage2019,guard_minus_no_tail,grant_event_rate_changes,5,4.712546592644832,0.5270692866858715,8.898023898603793,4.185477305958961
paired_difference,AliStorage2019,guard_minus_no_tail,grants_received,5,-18.6,-42.90935851445025,5.709358514450244,24.309358514450246
paired_percent,AliStorage2019,guard_minus_no_tail,grants_received,5,-0.36316181163867856,-0.8080119159357445,0.0816882926583874,0.44485010429706595
paired_difference,AliStorage2019,guard_minus_no_tail,grants_sent,5,-18.6,-42.90935851445025,5.709358514450244,24.309358514450246
paired_percent,AliStorage2019,guard_minus_no_tail,grants_sent,5,-0.36316181163867856,-0.8080119159357445,0.0816882926583874,0.44485010429706595
paired_difference,AliStorage2019,guard_minus_no_tail,gt_1MB_fct_us_mean,5,-2.7743824099378913,-6.612646849155916,1.0638820292801334,3.8382644392180247
paired_percent,AliStorage2019,guard_minus_no_tail,gt_1MB_fct_us_mean,5,-1.1747044750453697,-2.8567052480520374,0.507296297961298,1.6820007730066677
paired_difference,AliStorage2019,guard_minus_no_tail,gt_1MB_fct_us_p95,5,-8.57601000000003,-26.89651038094474,9.744490380944681,18.32050038094471
paired_percent,AliStorage2019,guard_minus_no_tail,gt_1MB_fct_us_p95,5,-1.8437320400799009,-5.447418096268915,1.759954016109114,3.603686056189015
paired_difference,AliStorage2019,guard_minus_no_tail,gt_1MB_fct_us_p99,5,-49.15263000000006,-195.16852851331282,96.86326851331272,146.01589851331278
paired_percent,AliStorage2019,guard_minus_no_tail,gt_1MB_fct_us_p99,5,-4.780970899867833,-19.37318411200621,9.811242312270544,14.592213212138377
paired_difference,AliStorage2019,guard_minus_no_tail,gt_1MB_flow_count,5,0.0,0.0,0.0,0.0
paired_percent,AliStorage2019,guard_minus_no_tail,gt_1MB_flow_count,5,0.0,0.0,0.0,0.0
paired_difference,AliStorage2019,guard_minus_no_tail,gt_1MB_slowdown_mean,5,-0.02100775393106482,-0.04539960643725546,0.0033840985751258205,0.02439185250619064
paired_percent,AliStorage2019,guard_minus_no_tail,gt_1MB_slowdown_mean,5,-1.2194815539437416,-2.6818309196529464,0.24286781176546346,1.462349365709205
paired_difference,AliStorage2019,guard_minus_no_tail,gt_1MB_slowdown_p95,5,-0.06932057243276528,-0.26456637103876607,0.12592522617323554,0.1952457986060008
paired_percent,AliStorage2019,guard_minus_no_tail,gt_1MB_slowdown_p95,5,-2.055874027476749,-8.047930030670226,3.9361819757167282,5.992056003193477
paired_difference,AliStorage2019,guard_minus_no_tail,gt_1MB_slowdown_p99,5,-0.3906392642964178,-0.9177807360500686,0.13650220745723296,0.5271414717536508
paired_percent,AliStorage2019,guard_minus_no_tail,gt_1MB_slowdown_p99,5,-7.544313512140855,-16.478575090896648,1.3899480666149397,8.934261578755795
paired_difference,AliStorage2019,guard_minus_no_tail,guard_ack_interval_packets,5,0.0,0.0,0.0,0.0
paired_percent,AliStorage2019,guard_minus_no_tail,guard_ack_interval_packets,5,0.0,0.0,0.0,0.0
paired_difference,AliStorage2019,guard_minus_no_tail,guard_adaptive_grant_updates,5,0.0,0.0,0.0,0.0
paired_difference,AliStorage2019,guard_minus_no_tail,guard_fixed_window,5,0.0,0.0,0.0,0.0
paired_percent,AliStorage2019,guard_minus_no_tail,guard_fixed_window,5,0.0,0.0,0.0,0.0
paired_difference,AliStorage2019,guard_minus_no_tail,guard_grant_refresh_bdps,5,0.0,0.0,0.0,0.0
paired_percent,AliStorage2019,guard_minus_no_tail,guard_grant_refresh_bdps,5,0.0,0.0,0.0,0.0
paired_difference,AliStorage2019,guard_minus_no_tail,guard_long_acks_suppressed,5,0.0,0.0,0.0,0.0
paired_percent,AliStorage2019,guard_minus_no_tail,guard_long_acks_suppressed,5,0.0,0.0,0.0,0.0
paired_difference,AliStorage2019,guard_minus_no_tail,guard_min_share_fraction,5,0.0,0.0,0.0,0.0
paired_difference,AliStorage2019,guard_minus_no_tail,guard_one_rtt_acks_suppressed,5,0.0,0.0,0.0,0.0
paired_percent,AliStorage2019,guard_minus_no_tail,guard_one_rtt_acks_suppressed,5,0.0,0.0,0.0,0.0
paired_difference,AliStorage2019,guard_minus_no_tail,guard_one_rtt_bypass_enabled,5,0.0,0.0,0.0,0.0
paired_percent,AliStorage2019,guard_minus_no_tail,guard_one_rtt_bypass_enabled,5,0.0,0.0,0.0,0.0
paired_difference,AliStorage2019,guard_minus_no_tail,guard_one_rtt_bypass_feedbacks,5,0.0,0.0,0.0,0.0
paired_percent,AliStorage2019,guard_minus_no_tail,guard_one_rtt_bypass_feedbacks,5,0.0,0.0,0.0,0.0
paired_difference,AliStorage2019,guard_minus_no_tail,guard_one_rtt_bypass_flows,5,0.0,0.0,0.0,0.0
paired_percent,AliStorage2019,guard_minus_no_tail,guard_one_rtt_bypass_flows,5,0.0,0.0,0.0,0.0
paired_difference,AliStorage2019,guard_minus_no_tail,guard_rebalance_events,5,0.0,0.0,0.0,0.0
paired_difference,AliStorage2019,guard_minus_no_tail,guard_remaining_aware,5,0.0,0.0,0.0,0.0
paired_percent,AliStorage2019,guard_minus_no_tail,guard_remaining_aware,5,0.0,0.0,0.0,0.0
paired_difference,AliStorage2019,guard_minus_no_tail,guard_remaining_exponent,5,0.0,0.0,0.0,0.0
paired_percent,AliStorage2019,guard_minus_no_tail,guard_remaining_exponent,5,0.0,0.0,0.0,0.0
paired_difference,AliStorage2019,guard_minus_no_tail,guard_remaining_refresh_events,5,-3.6,-6.174769267929082,-1.0252307320709182,2.574769267929082
paired_percent,AliStorage2019,guard_minus_no_tail,guard_remaining_refresh_events,5,-0.09688730385304098,-0.1666292723351427,-0.027145335370939286,0.0697419684821017
paired_difference,AliStorage2019,guard_minus_no_tail,guard_sender_srpt_enabled,5,0.0,0.0,0.0,0.0
paired_percent,AliStorage2019,guard_minus_no_tail,guard_sender_srpt_enabled,5,0.0,0.0,0.0,0.0
paired_difference,AliStorage2019,guard_minus_no_tail,guard_sender_srpt_forced_rr,5,6.0,1.7893125180076979,10.210687481992302,4.210687481992302
paired_percent,AliStorage2019,guard_minus_no_tail,guard_sender_srpt_forced_rr,5,9.41352281884111,3.1081780218847825,15.71886761579744,6.305344796956328
paired_difference,AliStorage2019,guard_minus_no_tail,guard_sender_srpt_non_rr,5,477.8,197.0913762802324,758.5086237197677,280.7086237197676
paired_percent,AliStorage2019,guard_minus_no_tail,guard_sender_srpt_non_rr,5,2.189558702387451,0.49528577601207324,3.883831628762829,1.694272926375378
paired_difference,AliStorage2019,guard_minus_no_tail,guard_sender_srpt_selections,5,0.0,0.0,0.0,0.0
paired_percent,AliStorage2019,guard_minus_no_tail,guard_sender_srpt_selections,5,0.0,0.0,0.0,0.0
paired_difference,AliStorage2019,guard_minus_no_tail,guard_srpt_quantum_packets,5,0.0,0.0,0.0,0.0
paired_percent,AliStorage2019,guard_minus_no_tail,guard_srpt_quantum_packets,5,0.0,0.0,0.0,0.0
paired_difference,AliStorage2019,guard_minus_no_tail,guard_tail_bypass_bdps,5,0.0,0.0,0.0,0.0
paired_percent,AliStorage2019,guard_minus_no_tail,guard_tail_bypass_bdps,5,0.0,0.0,0.0,0.0
paired_difference,AliStorage2019,guard_minus_no_tail,guard_tail_bypass_enabled,5,1.0,1.0,1.0,0.0
paired_difference,AliStorage2019,guard_minus_no_tail,guard_tail_bypass_feedbacks,5,22990.8,21277.32608656263,24704.27391343737,1713.4739134373713
paired_difference,AliStorage2019,guard_minus_no_tail,guard_tail_bypass_flows,5,579.2,547.4779755612767,610.9220244387234,31.722024438723352
paired_difference,AliStorage2019,guard_minus_no_tail,hpcc_actual_rate_changes,5,-389.2,-547.5046122216643,-230.89538777833573,158.30461222166426
paired_percent,AliStorage2019,guard_minus_no_tail,hpcc_actual_rate_changes,5,-72.61971465744004,-75.18472021908279,-70.05470909579729,2.565005561642754
paired_difference,AliStorage2019,guard_minus_no_tail,hpcc_fast_computations,5,0.0,0.0,0.0,0.0
paired_difference,AliStorage2019,guard_minus_no_tail,hpcc_feedback_updates,5,-2928.0,-3182.8165594432194,-2673.1834405567806,254.81655944321938
paired_percent,AliStorage2019,guard_minus_no_tail,hpcc_feedback_updates,5,-53.012882801208455,-53.9820137228041,-52.04375187961281,0.9691309215956392
paired_difference,AliStorage2019,guard_minus_no_tail,hpcc_full_computations,5,-1211.0,-1400.9380686849993,-1021.0619313150007,189.93806868499925
paired_percent,AliStorage2019,guard_minus_no_tail,hpcc_full_computations,5,-68.94826134510821,-69.81548454345557,-68.08103814676085,0.8672231983473623
paired_difference,AliStorage2019,guard_minus_no_tail,hpcc_rate_updates_applied,5,-1211.0,-1400.9380686849993,-1021.0619313150007,189.93806868499925
paired_percent,AliStorage2019,guard_minus_no_tail,hpcc_rate_updates_applied,5,-68.94826134510821,-69.81548454345557,-68.08103814676085,0.8672231983473623
paired_difference,AliStorage2019,guard_minus_no_tail,hpcc_valid_feedback,5,-1363.4,-1552.0381453586622,-1174.761854641338,188.63814535866206
paired_percent,AliStorage2019,guard_minus_no_tail,hpcc_valid_feedback,5,-68.3373777307094,-69.46376851444317,-67.21098694697564,1.1263907837337614
paired_difference,AliStorage2019,guard_minus_no_tail,int_hops_after_strip,5,0.0,0.0,0.0,0.0
paired_percent,AliStorage2019,guard_minus_no_tail,int_hops_after_strip,5,0.0,0.0,0.0,0.0
paired_difference,AliStorage2019,guard_minus_no_tail,int_hops_before_strip,5,0.0,0.0,0.0,0.0
paired_percent,AliStorage2019,guard_minus_no_tail,int_hops_before_strip,5,0.0,0.0,0.0,0.0
paired_difference,AliStorage2019,guard_minus_no_tail,int_records_stripped,5,0.0,0.0,0.0,0.0
paired_percent,AliStorage2019,guard_minus_no_tail,int_records_stripped,5,0.0,0.0,0.0,0.0
paired_difference,AliStorage2019,guard_minus_no_tail,irn_nacks_generated,5,0.0,0.0,0.0,0.0
paired_difference,AliStorage2019,guard_minus_no_tail,irn_nacks_received,5,0.0,0.0,0.0,0.0
paired_difference,AliStorage2019,guard_minus_no_tail,irn_retransmit_bytes,5,0.0,0.0,0.0,0.0
paired_difference,AliStorage2019,guard_minus_no_tail,irn_retransmit_packets,5,0.0,0.0,0.0,0.0
paired_difference,AliStorage2019,guard_minus_no_tail,le_8KB_fct_us_mean,5,4.629707794627791e-05,-0.00011301149819537114,0.00020560565408792698,0.00015930857614164905
paired_percent,AliStorage2019,guard_minus_no_tail,le_8KB_fct_us_mean,5,0.0006758057237219277,-0.0016693432635691515,0.003020954711013007,0.002345148987291079
paired_difference,AliStorage2019,guard_minus_no_tail,le_8KB_fct_us_p95,5,0.0015999999999998238,-0.0015165519010515308,0.004716551901051178,0.0031165519010513546
paired_percent,AliStorage2019,guard_minus_no_tail,le_8KB_fct_us_p95,5,0.017573027864292746,-0.016678611354815194,0.05182466708340069,0.03425163921910794
paired_difference,AliStorage2019,guard_minus_no_tail,le_8KB_fct_us_p99,5,-0.0028599999999997295,-0.010627255912267321,0.004907255912267861,0.007767255912267591
paired_percent,AliStorage2019,guard_minus_no_tail,le_8KB_fct_us_p99,5,-0.03057107988412238,-0.11358145036545833,0.05243929059721358,0.08301037048133596
paired_difference,AliStorage2019,guard_minus_no_tail,le_8KB_flow_count,5,0.0,0.0,0.0,0.0
paired_percent,AliStorage2019,guard_minus_no_tail,le_8KB_flow_count,5,0.0,0.0,0.0,0.0
paired_difference,AliStorage2019,guard_minus_no_tail,le_8KB_slowdown_mean,5,2.9545596353930392e-06,-2.613406590431572e-05,3.20431851751018e-05,2.908862553970876e-05
paired_percent,AliStorage2019,guard_minus_no_tail,le_8KB_slowdown_mean,5,0.0002924561774952568,-0.002594092944200815,0.0031790052991913283,0.0028865491216960716
paired_difference,AliStorage2019,guard_minus_no_tail,le_8KB_slowdown_p95,5,-0.00017053045716659555,-0.00045139017658707333,0.00011032926225388223,0.0002808597194204778
paired_percent,AliStorage2019,guard_minus_no_tail,le_8KB_slowdown_p95,5,-0.01653781947800317,-0.04377118566442781,0.010695546708421468,0.027233366186424638
paired_difference,AliStorage2019,guard_minus_no_tail,le_8KB_slowdown_p99,5,8.966299624639796e-05,-0.0008760251137215372,0.001055351106214333,0.0009656881099679352
paired_percent,AliStorage2019,guard_minus_no_tail,le_8KB_slowdown_p99,5,0.008403588872773834,-0.0820769728709506,0.09888415061649826,0.09048056174372443
paired_difference,AliStorage2019,guard_minus_no_tail,long_to_small_slowdown_mean_ratio,5,-0.020845282485355953,-0.045065136734728506,0.0033745717640166033,0.024219854249372556
paired_percent,AliStorage2019,guard_minus_no_tail,long_to_small_slowdown_mean_ratio,5,-1.2197599900754743,-2.683488426959217,0.24396844680826857,1.4637284368837429
paired_difference,AliStorage2019,guard_minus_no_tail,max_active_flows,5,0.0,0.0,0.0,0.0
paired_percent,AliStorage2019,guard_minus_no_tail,max_active_flows,5,0.0,0.0,0.0,0.0
paired_difference,AliStorage2019,guard_minus_no_tail,overall_fct_us_mean,5,-0.17071575577000503,-0.28489708081945064,-0.05653443072055944,0.11418132504944559
paired_percent,AliStorage2019,guard_minus_no_tail,overall_fct_us_mean,5,-1.4286829288839453,-2.281789503145131,-0.5755763546227595,0.8531065742611859
paired_difference,AliStorage2019,guard_minus_no_tail,overall_fct_us_p95,5,-0.005749999999984823,-0.06936998440336947,0.05786998440339983,0.06361998440338465
paired_percent,AliStorage2019,guard_minus_no_tail,overall_fct_us_p95,5,-0.03576201932537915,-0.44413297156537823,0.37260893291461994,0.4083709522399991
paired_difference,AliStorage2019,guard_minus_no_tail,overall_fct_us_p99,5,-3.9155919999999584,-8.774215061351839,0.9430310613519213,4.85862306135188
paired_percent,AliStorage2019,guard_minus_no_tail,overall_fct_us_p99,5,-2.2138796357582953,-4.769218290325966,0.34145901880937624,2.5553386545676715
paired_difference,AliStorage2019,guard_minus_no_tail,overall_flow_count,5,0.0,0.0,0.0,0.0
paired_percent,AliStorage2019,guard_minus_no_tail,overall_flow_count,5,0.0,0.0,0.0,0.0
paired_difference,AliStorage2019,guard_minus_no_tail,overall_slowdown_mean,5,-0.002655036024273727,-0.005101874685578481,-0.00020819736296897283,0.0024468386613047542
paired_percent,AliStorage2019,guard_minus_no_tail,overall_slowdown_mean,5,-0.2564787634567872,-0.49071700538512986,-0.022240521528444607,0.2342382419283426
paired_difference,AliStorage2019,guard_minus_no_tail,overall_slowdown_p95,5,-0.00042350706766685063,-0.000936170629224602,8.915649389090074e-05,0.0005126635615577514
paired_percent,AliStorage2019,guard_minus_no_tail,overall_slowdown_p95,5,-0.03828033286077502,-0.08465830438182627,0.008097638660276227,0.04637797152105125
paired_difference,AliStorage2019,guard_minus_no_tail,overall_slowdown_p99,5,-0.04679871721597899,-0.11241349398811418,0.0188160595561562,0.06561477677213519
paired_percent,AliStorage2019,guard_minus_no_tail,overall_slowdown_p99,5,-2.9214088072595645,-6.772659497460926,0.9298418829417967,3.8512506902013612
paired_difference,AliStorage2019,guard_minus_no_tail,pfc_pause_events,5,0.0,0.0,0.0,0.0
paired_difference,AliStorage2019,guard_minus_no_tail,pfc_resume_events,5,0.0,0.0,0.0,0.0
paired_difference,AliStorage2019,guard_minus_no_tail,proactive_releases,5,0.2,-0.35528902103955967,0.7552890210395597,0.5552890210395597
paired_percent,AliStorage2019,guard_minus_no_tail,proactive_releases,5,0.033783783783783786,-0.06001503733776348,0.12758260490533105,0.09379882112154726
paired_difference,AliStorage2019,guard_minus_no_tail,queue_bytes_max,5,41486.4,-37016.592125059855,119989.39212505985,78502.99212505986
paired_percent,AliStorage2019,guard_minus_no_tail,queue_bytes_max,5,10.760615599320126,-9.990457420029248,31.5116886186695,20.751073019349374
paired_difference,AliStorage2019,guard_minus_no_tail,queue_bytes_mean,5,142.07919999999996,29.302454275475256,254.85594572452464,112.7767457245247
paired_percent,AliStorage2019,guard_minus_no_tail,queue_bytes_mean,5,6.567423340851514,1.0402429693387898,12.094603712364238,5.527180371512724
paired_difference,AliStorage2019,guard_minus_no_tail,queue_bytes_p95,5,36.8,-55.31523524090305,128.91523524090303,92.11523524090305
paired_difference,AliStorage2019,guard_minus_no_tail,queue_bytes_p99,5,6322.0,1894.867952624758,10749.132047375242,4427.132047375242
paired_percent,AliStorage2019,guard_minus_no_tail,queue_bytes_p99,5,8.111601069428627,1.6281662117835323,14.59503592707372,6.483434857645094
paired_difference,AliStorage2019,guard_minus_no_tail,queue_sample_count,5,0.0,0.0,0.0,0.0
paired_percent,AliStorage2019,guard_minus_no_tail,queue_sample_count,5,0.0,0.0,0.0,0.0
paired_difference,AliStorage2019,guard_minus_no_tail,reactive_binding_rate_changes,5,-358.6,-501.72460065899145,-215.47539934100857,143.12460065899145
paired_percent,AliStorage2019,guard_minus_no_tail,reactive_binding_rate_changes,5,-72.2696600292893,-75.08726854205344,-69.45205151652516,2.817608512764143
paired_difference,AliStorage2019,guard_minus_no_tail,reactive_binding_updates,5,-358.6,-501.72460065899145,-215.47539934100857,143.12460065899145
paired_percent,AliStorage2019,guard_minus_no_tail,reactive_binding_updates,5,-72.2696600292893,-75.08726854205344,-69.45205151652516,2.817608512764143
paired_difference,AliStorage2019,guard_minus_no_tail,recovery_nacks_generated,5,0.0,0.0,0.0,0.0
paired_difference,AliStorage2019,guard_minus_no_tail,recovery_nacks_received,5,0.0,0.0,0.0,0.0
paired_difference,AliStorage2019,guard_minus_no_tail,registrations,5,0.0,0.0,0.0,0.0
paired_percent,AliStorage2019,guard_minus_no_tail,registrations,5,0.0,0.0,0.0,0.0
paired_difference,AliStorage2019,guard_minus_no_tail,selected_registrations,5,0.0,0.0,0.0,0.0
paired_percent,AliStorage2019,guard_minus_no_tail,selected_registrations,5,0.0,0.0,0.0,0.0
paired_difference,AliStorage2019,guard_minus_no_tail,tie_binding_rate_changes,5,-24.2,-34.96745360935162,-13.432546390648376,10.767453609351623
paired_percent,AliStorage2019,guard_minus_no_tail,tie_binding_rate_changes,5,-75.33321015028332,-84.29995691022079,-66.36646339034586,8.966746759937461
paired_difference,AliStorage2019,guard_minus_no_tail,tie_binding_updates,5,-745.8,-808.2632276324284,-683.3367723675715,62.46322763242844
paired_percent,AliStorage2019,guard_minus_no_tail,tie_binding_updates,5,-67.34494946630056,-69.98990486942449,-64.69999406317663,2.644955403123937
paired_difference,AliStorage2019,guard_minus_no_tail,timeout_recoveries,5,0.0,0.0,0.0,0.0
paired_difference,AliStorage2019,guard_minus_no_remaining,1BDP_to_1MB_fct_us_mean,5,-1.3412602315368047,-1.782951324957059,-0.8995691381165505,0.4416910934202543
paired_percent,AliStorage2019,guard_minus_no_remaining,1BDP_to_1MB_fct_us_mean,5,-2.890869588918206,-3.701870806613127,-2.0798683712232853,0.8110012176949208
paired_difference,AliStorage2019,guard_minus_no_remaining,1BDP_to_1MB_fct_us_p95,5,-7.2236400000000405,-13.726405214720412,-0.72087478527967,6.5027652147203705
paired_percent,AliStorage2019,guard_minus_no_remaining,1BDP_to_1MB_fct_us_p95,5,-5.478160616367746,-10.062979594699385,-0.8933416380361079,4.584818978331638
paired_difference,AliStorage2019,guard_minus_no_remaining,1BDP_to_1MB_fct_us_p99,5,-1.0477480000001207,-4.735265404883226,2.6397694048829847,3.6875174048831054
paired_percent,AliStorage2019,guard_minus_no_remaining,1BDP_to_1MB_fct_us_p99,5,-0.36575610287491,-2.0215311493756403,1.29001894362582,1.6557750465007302
paired_difference,AliStorage2019,guard_minus_no_remaining,1BDP_to_1MB_flow_count,5,0.0,0.0,0.0,0.0
paired_percent,AliStorage2019,guard_minus_no_remaining,1BDP_to_1MB_flow_count,5,0.0,0.0,0.0,0.0
paired_difference,AliStorage2019,guard_minus_no_remaining,1BDP_to_1MB_slowdown_mean,5,-0.03459133426881622,-0.04424167857633754,-0.0249409899612949,0.009650344307521317
paired_percent,AliStorage2019,guard_minus_no_remaining,1BDP_to_1MB_slowdown_mean,5,-2.726097210799553,-3.4000003360880866,-2.0521940855110197,0.6739031252885336
paired_difference,AliStorage2019,guard_minus_no_remaining,1BDP_to_1MB_slowdown_p95,5,-0.14547305931742266,-0.22800662471113026,-0.06293949392371508,0.08253356539370758
paired_percent,AliStorage2019,guard_minus_no_remaining,1BDP_to_1MB_slowdown_p95,5,-7.3878413514820505,-11.402801915674349,-3.372880787289751,4.014960564192299
paired_difference,AliStorage2019,guard_minus_no_remaining,1BDP_to_1MB_slowdown_p99,5,-0.11578328508717321,-0.3020864820014591,0.07051991182711266,0.18630319691428587
paired_percent,AliStorage2019,guard_minus_no_remaining,1BDP_to_1MB_slowdown_p99,5,-4.315562932052446,-11.307271238875902,2.6761453747710098,6.991708306823456
paired_difference,AliStorage2019,guard_minus_no_remaining,8KB_to_1BDP_fct_us_mean,5,-0.009916249143900302,-0.015297092929584435,-0.004535405358216168,0.005380843785684134
paired_percent,AliStorage2019,guard_minus_no_remaining,8KB_to_1BDP_fct_us_mean,5,-0.111883030530983,-0.17300450498661957,-0.050761556075346444,0.06112147445563656
paired_difference,AliStorage2019,guard_minus_no_remaining,8KB_to_1BDP_fct_us_p95,5,-0.06444000000000046,-0.11239014744415837,-0.016489852555842545,0.04795014744415791
paired_percent,AliStorage2019,guard_minus_no_remaining,8KB_to_1BDP_fct_us_p95,5,-0.44750160522568805,-0.7843965738565835,-0.11060663659479264,0.3368949686308954
paired_difference,AliStorage2019,guard_minus_no_remaining,8KB_to_1BDP_fct_us_p99,5,-0.004917999999997136,-0.03747829331082625,0.02764229331083198,0.032560293310829116
paired_percent,AliStorage2019,guard_minus_no_remaining,8KB_to_1BDP_fct_us_p99,5,-0.02841571289697912,-0.21109016889298104,0.15425874309902282,0.18267445599600193
paired_difference,AliStorage2019,guard_minus_no_remaining,8KB_to_1BDP_flow_count,5,0.0,0.0,0.0,0.0
paired_percent,AliStorage2019,guard_minus_no_remaining,8KB_to_1BDP_flow_count,5,0.0,0.0,0.0,0.0
paired_difference,AliStorage2019,guard_minus_no_remaining,8KB_to_1BDP_slowdown_mean,5,-0.0008867640476697858,-0.001399885782480809,-0.00037364231285876264,0.0005131217348110232
paired_percent,AliStorage2019,guard_minus_no_remaining,8KB_to_1BDP_slowdown_mean,5,-0.08592095802357161,-0.1356267287412837,-0.03621518730585952,0.04970577071771209
paired_difference,AliStorage2019,guard_minus_no_remaining,8KB_to_1BDP_slowdown_p95,5,-0.005993781207863247,-0.007814816953883412,-0.0041727454618430805,0.001821035746020166
paired_percent,AliStorage2019,guard_minus_no_remaining,8KB_to_1BDP_slowdown_p95,5,-0.530524160633359,-0.6903056134287888,-0.37074270783792934,0.1597814527954297
paired_difference,AliStorage2019,guard_minus_no_remaining,8KB_to_1BDP_slowdown_p99,5,-0.021404902839895844,-0.045942760022190984,0.0031329543423993,0.024537857182295144
paired_percent,AliStorage2019,guard_minus_no_remaining,8KB_to_1BDP_slowdown_p99,5,-1.6102141436717912,-3.451569686128203,0.23114139878462048,1.8413555424564116
paired_difference,AliStorage2019,guard_minus_no_remaining,aggregate_goodput_gbps,5,-0.0004095886623133538,-0.0015467890989377792,0.0007276117743110715,0.0011372004366244253
paired_percent,AliStorage2019,guard_minus_no_remaining,aggregate_goodput_gbps,5,-0.00023836304626940883,-0.0009001649593441453,0.0004234388668053277,0.0006618019130747365
paired_difference,AliStorage2019,guard_minus_no_remaining,completion_releases,5,0.0,0.0,0.0,0.0
paired_difference,AliStorage2019,guard_minus_no_remaining,completion_span_us,5,0.0477999999995518,-0.08491407602765859,0.18051407602676217,0.1327140760272104
paired_percent,AliStorage2019,guard_minus_no_remaining,completion_span_us,5,0.00023836588714647758,-0.00042344391346749096,0.000900175687760446,0.0006618098006139685
paired_difference,AliStorage2019,guard_minus_no_remaining,grant_binding_rate_changes,5,0.0,-0.8779890330850845,0.8779890330850845,0.8779890330850845
paired_difference,AliStorage2019,guard_minus_no_remaining,grant_binding_updates,5,1.0,-0.7559780661701689,2.7559780661701687,1.755978066170169
paired_percent,AliStorage2019,guard_minus_no_remaining,grant_binding_updates,5,0.5907474818123531,-6.545687998174232,7.727182961798938,7.136435479986585
paired_difference,AliStorage2019,guard_minus_no_remaining,grant_bytes_sent,5,386734.8,341246.27829616505,432223.3217038349,45488.52170383492
paired_percent,AliStorage2019,guard_minus_no_remaining,grant_bytes_sent,5,565.8352179101125,537.0735553255932,594.5968804946318,28.761662584519243
paired_difference,AliStorage2019,guard_minus_no_remaining,grant_event_rate_changes,5,768.0,306.63200913148205,1229.367990868518,461.36799086851795
paired_percent,AliStorage2019,guard_minus_no_remaining,grant_event_rate_changes,5,357.59187471259486,223.30921152029345,491.8745379048963,134.2826631923014
paired_difference,AliStorage2019,guard_minus_no_remaining,grants_received,5,4114.2,3630.2795563421814,4598.120443657818,483.92044365781834
paired_percent,AliStorage2019,guard_minus_no_remaining,grants_received,5,565.8352179101125,537.0735553255932,594.5968804946318,28.761662584519243
paired_difference,AliStorage2019,guard_minus_no_remaining,grants_sent,5,4114.2,3630.2795563421814,4598.120443657818,483.92044365781834
paired_percent,AliStorage2019,guard_minus_no_remaining,grants_sent,5,565.8352179101125,537.0735553255932,594.5968804946318,28.761662584519243
paired_difference,AliStorage2019,guard_minus_no_remaining,gt_1MB_fct_us_mean,5,-1.722210536573101,-4.430592554373456,0.9861714812272542,2.7083820178003553
paired_percent,AliStorage2019,guard_minus_no_remaining,gt_1MB_fct_us_mean,5,-0.7236965088852106,-1.8516109000713894,0.4042178823009682,1.1279143911861789
paired_difference,AliStorage2019,guard_minus_no_remaining,gt_1MB_fct_us_p95,5,6.236970000000008,-2.3726698784908162,14.846609878490833,8.609639878490825
paired_percent,AliStorage2019,guard_minus_no_remaining,gt_1MB_fct_us_p95,5,1.3169807896294485,-0.41096888988684555,3.0449304691457426,1.727949679516294
paired_difference,AliStorage2019,guard_minus_no_remaining,gt_1MB_fct_us_p99,5,0.11900200000001178,-6.316262886588524,6.554266886588548,6.435264886588536
paired_percent,AliStorage2019,guard_minus_no_remaining,gt_1MB_fct_us_p99,5,0.01123757068872075,-0.9573121983229935,0.9797873397004351,0.9685497690117143
paired_difference,AliStorage2019,guard_minus_no_remaining,gt_1MB_flow_count,5,0.0,0.0,0.0,0.0
paired_percent,AliStorage2019,guard_minus_no_remaining,gt_1MB_flow_count,5,0.0,0.0,0.0,0.0
paired_difference,AliStorage2019,guard_minus_no_remaining,gt_1MB_slowdown_mean,5,-0.01511073555639495,-0.0352108035998103,0.0049893324870204005,0.02010006804341535
paired_percent,AliStorage2019,guard_minus_no_remaining,gt_1MB_slowdown_mean,5,-0.8757751517292203,-2.023185968400985,0.27163566494254465,1.147410816671765
paired_difference,AliStorage2019,guard_minus_no_remaining,gt_1MB_slowdown_p95,5,-0.007775620853682152,-0.05959069482228345,0.04403945311491915,0.0518150739686013
paired_percent,AliStorage2019,guard_minus_no_remaining,gt_1MB_slowdown_p95,5,-0.22029565071406282,-1.8590288194826117,1.4184375180544861,1.638733168768549
paired_difference,AliStorage2019,guard_minus_no_remaining,gt_1MB_slowdown_p99,5,0.0012197056001690854,-0.07334717651447248,0.07578658771481064,0.07456688211464156
paired_percent,AliStorage2019,guard_minus_no_remaining,gt_1MB_slowdown_p99,5,0.11894411653111851,-1.5888401209983674,1.8267283540606043,1.7077842375294858
paired_difference,AliStorage2019,guard_minus_no_remaining,guard_ack_interval_packets,5,0.0,0.0,0.0,0.0
paired_percent,AliStorage2019,guard_minus_no_remaining,guard_ack_interval_packets,5,0.0,0.0,0.0,0.0
paired_difference,AliStorage2019,guard_minus_no_remaining,guard_adaptive_grant_updates,5,0.0,0.0,0.0,0.0
paired_difference,AliStorage2019,guard_minus_no_remaining,guard_fixed_window,5,0.0,0.0,0.0,0.0
paired_percent,AliStorage2019,guard_minus_no_remaining,guard_fixed_window,5,0.0,0.0,0.0,0.0
paired_difference,AliStorage2019,guard_minus_no_remaining,guard_grant_refresh_bdps,5,0.0,0.0,0.0,0.0
paired_percent,AliStorage2019,guard_minus_no_remaining,guard_grant_refresh_bdps,5,0.0,0.0,0.0,0.0
paired_difference,AliStorage2019,guard_minus_no_remaining,guard_long_acks_suppressed,5,0.0,0.0,0.0,0.0
paired_percent,AliStorage2019,guard_minus_no_remaining,guard_long_acks_suppressed,5,0.0,0.0,0.0,0.0
paired_difference,AliStorage2019,guard_minus_no_remaining,guard_min_share_fraction,5,0.0,0.0,0.0,0.0
paired_difference,AliStorage2019,guard_minus_no_remaining,guard_one_rtt_acks_suppressed,5,0.0,0.0,0.0,0.0
paired_percent,AliStorage2019,guard_minus_no_remaining,guard_one_rtt_acks_suppressed,5,0.0,0.0,0.0,0.0
paired_difference,AliStorage2019,guard_minus_no_remaining,guard_one_rtt_bypass_enabled,5,0.0,0.0,0.0,0.0
paired_percent,AliStorage2019,guard_minus_no_remaining,guard_one_rtt_bypass_enabled,5,0.0,0.0,0.0,0.0
paired_difference,AliStorage2019,guard_minus_no_remaining,guard_one_rtt_bypass_feedbacks,5,0.0,0.0,0.0,0.0
paired_percent,AliStorage2019,guard_minus_no_remaining,guard_one_rtt_bypass_feedbacks,5,0.0,0.0,0.0,0.0
paired_difference,AliStorage2019,guard_minus_no_remaining,guard_one_rtt_bypass_flows,5,0.0,0.0,0.0,0.0
paired_percent,AliStorage2019,guard_minus_no_remaining,guard_one_rtt_bypass_flows,5,0.0,0.0,0.0,0.0
paired_difference,AliStorage2019,guard_minus_no_remaining,guard_rebalance_events,5,-3.2,-6.03142955396455,-0.3685704460354504,2.8314295539645498
paired_percent,AliStorage2019,guard_minus_no_remaining,guard_rebalance_events,5,-100.0,-100.0,-100.0,0.0
paired_difference,AliStorage2019,guard_minus_no_remaining,guard_remaining_aware,5,1.0,1.0,1.0,0.0
paired_difference,AliStorage2019,guard_minus_no_remaining,guard_remaining_exponent,5,0.0,0.0,0.0,0.0
paired_percent,AliStorage2019,guard_minus_no_remaining,guard_remaining_exponent,5,0.0,0.0,0.0,0.0
paired_difference,AliStorage2019,guard_minus_no_remaining,guard_remaining_refresh_events,5,3698.6,3484.8703450309695,3912.3296549690303,213.7296549690302
paired_difference,AliStorage2019,guard_minus_no_remaining,guard_sender_srpt_enabled,5,0.0,0.0,0.0,0.0
paired_percent,AliStorage2019,guard_minus_no_remaining,guard_sender_srpt_enabled,5,0.0,0.0,0.0,0.0
paired_difference,AliStorage2019,guard_minus_no_remaining,guard_sender_srpt_forced_rr,5,-2.0,-5.6200415215437225,1.620041521543722,3.620041521543722
paired_percent,AliStorage2019,guard_minus_no_remaining,guard_sender_srpt_forced_rr,5,-2.879128945436751,-8.159577563323204,2.401319672449703,5.280448617886454
paired_difference,AliStorage2019,guard_minus_no_remaining,guard_sender_srpt_non_rr,5,92.4,-136.08743142850463,320.88743142850467,228.48743142850464
paired_percent,AliStorage2019,guard_minus_no_remaining,guard_sender_srpt_non_rr,5,0.34058027122860846,-0.6165066520229522,1.297667194480169,0.9570869232515606
paired_difference,AliStorage2019,guard_minus_no_remaining,guard_sender_srpt_selections,5,0.0,0.0,0.0,0.0
paired_percent,AliStorage2019,guard_minus_no_remaining,guard_sender_srpt_selections,5,0.0,0.0,0.0,0.0
paired_difference,AliStorage2019,guard_minus_no_remaining,guard_srpt_quantum_packets,5,0.0,0.0,0.0,0.0
paired_percent,AliStorage2019,guard_minus_no_remaining,guard_srpt_quantum_packets,5,0.0,0.0,0.0,0.0
paired_difference,AliStorage2019,guard_minus_no_remaining,guard_tail_bypass_bdps,5,0.0,0.0,0.0,0.0
paired_percent,AliStorage2019,guard_minus_no_remaining,guard_tail_bypass_bdps,5,0.0,0.0,0.0,0.0
paired_difference,AliStorage2019,guard_minus_no_remaining,guard_tail_bypass_enabled,5,0.0,0.0,0.0,0.0
paired_percent,AliStorage2019,guard_minus_no_remaining,guard_tail_bypass_enabled,5,0.0,0.0,0.0,0.0
paired_difference,AliStorage2019,guard_minus_no_remaining,guard_tail_bypass_feedbacks,5,0.8,-5.180645787780817,6.780645787780816,5.980645787780817
paired_percent,AliStorage2019,guard_minus_no_remaining,guard_tail_bypass_feedbacks,5,0.0033786510350809216,-0.0233864808460301,0.030143782916191943,0.026765131881111022
paired_difference,AliStorage2019,guard_minus_no_remaining,guard_tail_bypass_flows,5,0.0,0.0,0.0,0.0
paired_percent,AliStorage2019,guard_minus_no_remaining,guard_tail_bypass_flows,5,0.0,0.0,0.0,0.0
paired_difference,AliStorage2019,guard_minus_no_remaining,hpcc_actual_rate_changes,5,-6.4,-14.084285214245655,1.2842852142456547,7.684285214245655
paired_percent,AliStorage2019,guard_minus_no_remaining,hpcc_actual_rate_changes,5,-4.118644236699035,-8.060311760017786,-0.17697671338028442,3.941667523318751
paired_difference,AliStorage2019,guard_minus_no_remaining,hpcc_fast_computations,5,0.0,0.0,0.0,0.0
paired_difference,AliStorage2019,guard_minus_no_remaining,hpcc_feedback_updates,5,56.8,41.582649095121994,72.017350904878,15.217350904878005
paired_percent,AliStorage2019,guard_minus_no_remaining,hpcc_feedback_updates,5,2.2272859206699707,1.7548338707091307,2.6997379706308107,0.47245204996084
paired_difference,AliStorage2019,guard_minus_no_remaining,hpcc_full_computations,5,8.8,2.819354212219184,14.780645787780816,5.980645787780817
paired_percent,AliStorage2019,guard_minus_no_remaining,hpcc_full_computations,5,1.6025889849760073,0.5508664036672333,2.6543115662847816,1.051722581308774
paired_difference,AliStorage2019,guard_minus_no_remaining,hpcc_rate_updates_applied,5,8.8,2.819354212219184,14.780645787780816,5.980645787780817
paired_percent,AliStorage2019,guard_minus_no_remaining,hpcc_rate_updates_applied,5,1.6025889849760073,0.5508664036672333,2.6543115662847816,1.051722581308774
paired_difference,AliStorage2019,guard_minus_no_remaining,hpcc_valid_feedback,5,8.8,2.819354212219184,14.780645787780816,5.980645787780817
paired_percent,AliStorage2019,guard_minus_no_remaining,hpcc_valid_feedback,5,1.3800416230488346,0.4730222940201321,2.287060952077537,0.9070193290287025
paired_difference,AliStorage2019,guard_minus_no_remaining,int_hops_after_strip,5,0.0,0.0,0.0,0.0
paired_percent,AliStorage2019,guard_minus_no_remaining,int_hops_after_strip,5,0.0,0.0,0.0,0.0
paired_difference,AliStorage2019,guard_minus_no_remaining,int_hops_before_strip,5,0.0,0.0,0.0,0.0
paired_percent,AliStorage2019,guard_minus_no_remaining,int_hops_before_strip,5,0.0,0.0,0.0,0.0
paired_difference,AliStorage2019,guard_minus_no_remaining,int_records_stripped,5,0.0,0.0,0.0,0.0
paired_percent,AliStorage2019,guard_minus_no_remaining,int_records_stripped,5,0.0,0.0,0.0,0.0
paired_difference,AliStorage2019,guard_minus_no_remaining,irn_nacks_generated,5,0.0,0.0,0.0,0.0
paired_difference,AliStorage2019,guard_minus_no_remaining,irn_nacks_received,5,0.0,0.0,0.0,0.0
paired_difference,AliStorage2019,guard_minus_no_remaining,irn_retransmit_bytes,5,0.0,0.0,0.0,0.0
paired_difference,AliStorage2019,guard_minus_no_remaining,irn_retransmit_packets,5,0.0,0.0,0.0,0.0
paired_difference,AliStorage2019,guard_minus_no_remaining,le_8KB_fct_us_mean,5,-0.0002848008550149217,-0.0006800416336819948,0.0001104399236521515,0.0003952407786670732
paired_percent,AliStorage2019,guard_minus_no_remaining,le_8KB_fct_us_mean,5,-0.004188818114122928,-0.009999569758484313,0.001621933530238459,0.005810751644361387
paired_difference,AliStorage2019,guard_minus_no_remaining,le_8KB_fct_us_p95,5,0.00024999999999977265,-0.002900378319512116,0.003400378319511661,0.0031503783195118884
paired_percent,AliStorage2019,guard_minus_no_remaining,le_8KB_fct_us_p95,5,0.002731062359960284,-0.0318493013085132,0.037311426028433764,0.03458036366847348
paired_difference,AliStorage2019,guard_minus_no_remaining,le_8KB_fct_us_p99,5,-0.0003739999999996968,-0.006406644692951884,0.0056586446929524905,0.006032644692952187
paired_percent,AliStorage2019,guard_minus_no_remaining,le_8KB_fct_us_p99,5,-0.004030857080476333,-0.06849233509081433,0.060430620929861664,0.064461478010338
paired_difference,AliStorage2019,guard_minus_no_remaining,le_8KB_flow_count,5,0.0,0.0,0.0,0.0
paired_percent,AliStorage2019,guard_minus_no_remaining,le_8KB_flow_count,5,0.0,0.0,0.0,0.0
paired_difference,AliStorage2019,guard_minus_no_remaining,le_8KB_slowdown_mean,5,-3.423484992119974e-05,-7.539950838688923e-05,6.929808544489751e-06,4.116465846568949e-05
paired_percent,AliStorage2019,guard_minus_no_remaining,le_8KB_slowdown_mean,5,-0.003396665895399967,-0.0074813827650061894,0.0006880509742062555,0.0040847168696062225
paired_difference,AliStorage2019,guard_minus_no_remaining,le_8KB_slowdown_p95,5,-0.00037734262350754835,-0.0008033538238375483,4.866857682245165e-05,0.00042601120033
paired_percent,AliStorage2019,guard_minus_no_remaining,le_8KB_slowdown_p95,5,-0.03660785912741722,-0.07791019123228235,0.0046944729774478985,0.04130233210486512
paired_difference,AliStorage2019,guard_minus_no_remaining,le_8KB_slowdown_p99,5,0.0007036719771956968,-0.0003334604836104188,0.0017408044380018122,0.0010371324608061156
paired_percent,AliStorage2019,guard_minus_no_remaining,le_8KB_slowdown_p99,5,0.06601042405463263,-0.03121707837647114,0.1632379264857364,0.09722750243110377
paired_difference,AliStorage2019,guard_minus_no_remaining,long_to_small_slowdown_mean_ratio,5,-0.014932659933604552,-0.034838052346200674,0.004972732478991569,0.01990539241259612
paired_percent,AliStorage2019,guard_minus_no_remaining,long_to_small_slowdown_mean_ratio,5,-0.8724164076267702,-2.0184868660845448,0.2736540508310046,1.1460704584577748
paired_difference,AliStorage2019,guard_minus_no_remaining,max_active_flows,5,0.0,0.0,0.0,0.0
paired_percent,AliStorage2019,guard_minus_no_remaining,max_active_flows,5,0.0,0.0,0.0,0.0
paired_difference,AliStorage2019,guard_minus_no_remaining,overall_fct_us_mean,5,-0.0693346020920302,-0.11732295145366739,-0.021346252730393013,0.047988349361637185
paired_percent,AliStorage2019,guard_minus_no_remaining,overall_fct_us_mean,5,-0.5858012766868179,-0.9646786096739768,-0.20692394369965905,0.37887733298715887
paired_difference,AliStorage2019,guard_minus_no_remaining,overall_fct_us_p95,5,-0.09544000000000033,-0.16767975104547697,-0.02320024895452369,0.07223975104547664
paired_percent,AliStorage2019,guard_minus_no_remaining,overall_fct_us_p95,5,-0.6105416022766937,-1.068034417746356,-0.15304878680703143,0.4574928154696623
paired_difference,AliStorage2019,guard_minus_no_remaining,overall_fct_us_p99,5,-1.9516399999998442,-4.0477111697308015,0.14443116973111292,2.096071169730957
paired_percent,AliStorage2019,guard_minus_no_remaining,overall_fct_us_p99,5,-1.136604739761834,-2.30642058928903,0.03321110976536201,1.169815849527196
paired_difference,AliStorage2019,guard_minus_no_remaining,overall_flow_count,5,0.0,0.0,0.0,0.0
paired_percent,AliStorage2019,guard_minus_no_remaining,overall_flow_count,5,0.0,0.0,0.0,0.0
paired_difference,AliStorage2019,guard_minus_no_remaining,overall_slowdown_mean,5,-0.0015362564435365655,-0.002111330462417481,-0.00096118242465565,0.0005750740188809155
paired_percent,AliStorage2019,guard_minus_no_remaining,overall_slowdown_mean,5,-0.14884993914254835,-0.20401261239836804,-0.09368726588672865,0.05516267325581969
paired_difference,AliStorage2019,guard_minus_no_remaining,overall_slowdown_p95,5,-0.00292140310316924,-0.005415631149689466,-0.00042717505664901416,0.002494228046520226
paired_percent,AliStorage2019,guard_minus_no_remaining,overall_slowdown_p95,5,-0.2636038574427443,-0.4884702153794783,-0.038737499506010215,0.22486635793673407
paired_difference,AliStorage2019,guard_minus_no_remaining,overall_slowdown_p99,5,-0.10176602735351455,-0.1782940896425262,-0.025237965064502918,0.07652806228901163
paired_percent,AliStorage2019,guard_minus_no_remaining,overall_slowdown_p99,5,-6.312073141912781,-10.312531070799475,-2.311615213026087,4.000457928886694
paired_difference,AliStorage2019,guard_minus_no_remaining,pfc_pause_events,5,0.0,0.0,0.0,0.0
paired_difference,AliStorage2019,guard_minus_no_remaining,pfc_resume_events,5,0.0,0.0,0.0,0.0
paired_difference,AliStorage2019,guard_minus_no_remaining,proactive_releases,5,0.0,0.0,0.0,0.0
paired_percent,AliStorage2019,guard_minus_no_remaining,proactive_releases,5,0.0,0.0,0.0,0.0
paired_difference,AliStorage2019,guard_minus_no_remaining,queue_bytes_max,5,8066.0,-19264.91664812272,35396.916648122715,27330.91664812272
paired_percent,AliStorage2019,guard_minus_no_remaining,queue_bytes_max,5,1.737721736885329,-4.588550489201717,8.063993962972376,6.326272226087046
paired_difference,AliStorage2019,guard_minus_no_remaining,queue_bytes_mean,5,-128.57860000000005,-194.3808254774741,-62.776374522526,65.80222547747405
paired_percent,AliStorage2019,guard_minus_no_remaining,queue_bytes_mean,5,-4.845577306148445,-6.815792304576709,-2.875362307720181,1.970214998428264
paired_difference,AliStorage2019,guard_minus_no_remaining,queue_bytes_p95,5,-351.0,-904.0731613614669,202.07316136146687,553.0731613614669
paired_difference,AliStorage2019,guard_minus_no_remaining,queue_bytes_p99,5,-2910.8,-5804.520045139644,-17.079954860356338,2893.720045139644
paired_percent,AliStorage2019,guard_minus_no_remaining,queue_bytes_p99,5,-3.0452806356235143,-5.961452538697876,-0.12910873254915245,2.916171903074362
paired_difference,AliStorage2019,guard_minus_no_remaining,queue_sample_count,5,0.0,0.0,0.0,0.0
paired_percent,AliStorage2019,guard_minus_no_remaining,queue_sample_count,5,0.0,0.0,0.0,0.0
paired_difference,AliStorage2019,guard_minus_no_remaining,reactive_binding_rate_changes,5,-8.0,-17.816215807387803,1.8162158073878025,9.816215807387803
paired_percent,AliStorage2019,guard_minus_no_remaining,reactive_binding_rate_changes,5,-5.204865787993489,-10.203449694252157,-0.20628188173482087,4.998583906258668
paired_difference,AliStorage2019,guard_minus_no_remaining,reactive_binding_updates,5,-8.0,-17.816215807387803,1.8162158073878025,9.816215807387803
paired_percent,AliStorage2019,guard_minus_no_remaining,reactive_binding_updates,5,-5.204865787993489,-10.203449694252157,-0.20628188173482087,4.998583906258668
paired_difference,AliStorage2019,guard_minus_no_remaining,recovery_nacks_generated,5,0.0,0.0,0.0,0.0
paired_difference,AliStorage2019,guard_minus_no_remaining,recovery_nacks_received,5,0.0,0.0,0.0,0.0
paired_difference,AliStorage2019,guard_minus_no_remaining,registrations,5,0.0,0.0,0.0,0.0
paired_percent,AliStorage2019,guard_minus_no_remaining,registrations,5,0.0,0.0,0.0,0.0
paired_difference,AliStorage2019,guard_minus_no_remaining,selected_registrations,5,0.0,0.0,0.0,0.0
paired_percent,AliStorage2019,guard_minus_no_remaining,selected_registrations,5,0.0,0.0,0.0,0.0
paired_difference,AliStorage2019,guard_minus_no_remaining,tie_binding_rate_changes,5,1.6,-0.6555946662990442,3.8555946662990443,2.2555946662990443
paired_percent,AliStorage2019,guard_minus_no_remaining,tie_binding_rate_changes,5,20.833333333333332,-7.0273552725535176,48.69402193922018,27.86068860588685
paired_difference,AliStorage2019,guard_minus_no_remaining,tie_binding_updates,5,15.8,3.09491924384648,28.50508075615352,12.70508075615352
paired_percent,AliStorage2019,guard_minus_no_remaining,tie_binding_updates,5,4.410441379106057,1.391950272518757,7.428932485693357,3.0184911065873004
paired_difference,AliStorage2019,guard_minus_no_remaining,timeout_recoveries,5,0.0,0.0,0.0,0.0
paired_difference,AliStorage2019,guard_minus_no_ack_coalescing,1BDP_to_1MB_fct_us_mean,5,-0.20191273142466742,-0.6230715140479774,0.21924605119864266,0.4211587826233101
paired_percent,AliStorage2019,guard_minus_no_ack_coalescing,1BDP_to_1MB_fct_us_mean,5,-0.4053961121649795,-1.2958696903304596,0.4850774660005006,0.8904735781654801
paired_difference,AliStorage2019,guard_minus_no_ack_coalescing,1BDP_to_1MB_fct_us_p95,5,-1.680660000000006,-4.56206480486951,1.2007448048694982,2.8814048048695042
paired_percent,AliStorage2019,guard_minus_no_ack_coalescing,1BDP_to_1MB_fct_us_p95,5,-1.1992396754041141,-3.4349352104292663,1.0364558596210378,2.235695535025152
paired_difference,AliStorage2019,guard_minus_no_ack_coalescing,1BDP_to_1MB_fct_us_p99,5,-8.94466200000009,-19.130216347411615,1.2408923474114353,10.185554347411525
paired_percent,AliStorage2019,guard_minus_no_ack_coalescing,1BDP_to_1MB_fct_us_p99,5,-3.463790862520073,-6.506526433548018,-0.42105529149212817,3.042735571027945
paired_difference,AliStorage2019,guard_minus_no_ack_coalescing,1BDP_to_1MB_flow_count,5,0.0,0.0,0.0,0.0
paired_percent,AliStorage2019,guard_minus_no_ack_coalescing,1BDP_to_1MB_flow_count,5,0.0,0.0,0.0,0.0
paired_difference,AliStorage2019,guard_minus_no_ack_coalescing,1BDP_to_1MB_slowdown_mean,5,-0.00045020945494678166,-0.005573910702654517,0.004673491792760953,0.005123701247707735
paired_percent,AliStorage2019,guard_minus_no_ack_coalescing,1BDP_to_1MB_slowdown_mean,5,-0.029359916614823272,-0.43409972056757473,0.37537988733792815,0.40473980395275144
paired_difference,AliStorage2019,guard_minus_no_ack_coalescing,1BDP_to_1MB_slowdown_p95,5,-0.016753896272390812,-0.044456056046394646,0.010948263501613022,0.027702159774003834
paired_percent,AliStorage2019,guard_minus_no_ack_coalescing,1BDP_to_1MB_slowdown_p95,5,-0.888067965776807,-2.37882434525262,0.6026884136990059,1.490756379475813
paired_difference,AliStorage2019,guard_minus_no_ack_coalescing,1BDP_to_1MB_slowdown_p99,5,-0.06677318305856676,-0.19156656205700162,0.05802019593986811,0.12479337899843487
paired_percent,AliStorage2019,guard_minus_no_ack_coalescing,1BDP_to_1MB_slowdown_p99,5,-2.514691011925117,-6.697444581508794,1.6680625576585602,4.182753569583677
paired_difference,AliStorage2019,guard_minus_no_ack_coalescing,8KB_to_1BDP_fct_us_mean,5,-0.039799070386349555,-0.043420892156543746,-0.036177248616155365,0.0036218217701941874
paired_percent,AliStorage2019,guard_minus_no_ack_coalescing,8KB_to_1BDP_fct_us_mean,5,-0.44706691927697184,-0.48807968727137385,-0.40605415128256983,0.04101276799440198
paired_difference,AliStorage2019,guard_minus_no_ack_coalescing,8KB_to_1BDP_fct_us_p95,5,-0.18045000000000117,-0.24868840399917508,-0.11221159600082727,0.0682384039991739
paired_percent,AliStorage2019,guard_minus_no_ack_coalescing,8KB_to_1BDP_fct_us_p95,5,-1.2380495542508885,-1.6918333769475327,-0.7842657315542443,0.45378382269664413
paired_difference,AliStorage2019,guard_minus_no_ack_coalescing,8KB_to_1BDP_fct_us_p99,5,-0.33834799999999915,-0.6988577608192537,0.02216176081925536,0.3605097608192545
paired_percent,AliStorage2019,guard_minus_no_ack_coalescing,8KB_to_1BDP_fct_us_p99,5,-1.8371959772851085,-3.8037200291651856,0.12932807459496853,1.966524051880077
paired_difference,AliStorage2019,guard_minus_no_ack_coalescing,8KB_to_1BDP_flow_count,5,0.0,0.0,0.0,0.0
paired_percent,AliStorage2019,guard_minus_no_ack_coalescing,8KB_to_1BDP_flow_count,5,0.0,0.0,0.0,0.0
paired_difference,AliStorage2019,guard_minus_no_ack_coalescing,8KB_to_1BDP_slowdown_mean,5,-0.004069774561039052,-0.004447705890666984,-0.0036918432314111196,0.00037793132962793256
paired_percent,AliStorage2019,guard_minus_no_ack_coalescing,8KB_to_1BDP_slowdown_mean,5,-0.39313098832751536,-0.4293542250030588,-0.3569077516519719,0.036223236675543426
paired_difference,AliStorage2019,guard_minus_no_ack_coalescing,8KB_to_1BDP_slowdown_p95,5,-0.013975385499390258,-0.015881577073786773,-0.012069193924993742,0.0019061915743965158
paired_percent,AliStorage2019,guard_minus_no_ack_coalescing,8KB_to_1BDP_slowdown_p95,5,-1.2287009398574822,-1.3944239028014573,-1.062977976913507,0.16572296294397518
paired_difference,AliStorage2019,guard_minus_no_ack_coalescing,8KB_to_1BDP_slowdown_p99,5,-0.0055693077218148535,-0.026127754709933535,0.014989139266303828,0.02055844698811868
paired_percent,AliStorage2019,guard_minus_no_ack_coalescing,8KB_to_1BDP_slowdown_p99,5,-0.4171362011932066,-1.9976235871737957,1.1633511847873823,1.580487385980589
paired_difference,AliStorage2019,guard_minus_no_ack_coalescing,aggregate_goodput_gbps,5,0.010925958269041303,-0.0789399642198316,0.1007918807579142,0.0898659224888729
paired_percent,AliStorage2019,guard_minus_no_ack_coalescing,aggregate_goodput_gbps,5,0.007595253530753745,-0.047811093738333796,0.06300160079984128,0.05540634726908754
paired_difference,AliStorage2019,guard_minus_no_ack_coalescing,completion_releases,5,0.0,0.0,0.0,0.0
paired_difference,AliStorage2019,guard_minus_no_ack_coalescing,completion_span_us,5,-1.5203999999997904,-12.624530034720037,9.583730034720455,11.104130034720246
paired_percent,AliStorage2019,guard_minus_no_ack_coalescing,completion_span_us,5,-0.007578756102224517,-0.06295850052017075,0.047800988315721715,0.055379744417946235
paired_difference,AliStorage2019,guard_minus_no_ack_coalescing,grant_binding_rate_changes,5,0.4,-1.6777012673671394,2.4777012673671392,2.0777012673671393
paired_difference,AliStorage2019,guard_minus_no_ack_coalescing,grant_binding_updates,5,0.8,-3.261589034289213,4.861589034289213,4.061589034289213
paired_percent,AliStorage2019,guard_minus_no_ack_coalescing,grant_binding_updates,5,20.062727722549592,-35.73180592171995,75.85726136681913,55.79453364426954
paired_difference,AliStorage2019,guard_minus_no_ack_coalescing,grant_bytes_sent,5,300.8,-505.3041038583419,1106.9041038583418,806.1041038583419
paired_percent,AliStorage2019,guard_minus_no_ack_coalescing,grant_bytes_sent,5,0.057356642384733425,-0.12393019866999791,0.23864348343946476,0.18128684105473133
paired_difference,AliStorage2019,guard_minus_no_ack_coalescing,grant_event_rate_changes,5,27.4,0.746126990101132,54.053873009898865,26.653873009898867
paired_percent,AliStorage2019,guard_minus_no_ack_coalescing,grant_event_rate_changes,5,2.8281454313385597,0.31685877019706377,5.339432092480056,2.511286661141496
paired_difference,AliStorage2019,guard_minus_no_ack_coalescing,grants_received,5,3.2,-5.3755755729610835,11.775575572961085,8.575575572961084
paired_percent,AliStorage2019,guard_minus_no_ack_coalescing,grants_received,5,0.057356642384733425,-0.12393019866999791,0.23864348343946476,0.18128684105473133
paired_difference,AliStorage2019,guard_minus_no_ack_coalescing,grants_sent,5,3.2,-5.3755755729610835,11.775575572961085,8.575575572961084
paired_percent,AliStorage2019,guard_minus_no_ack_coalescing,grants_sent,5,0.057356642384733425,-0.12393019866999791,0.23864348343946476,0.18128684105473133
paired_difference,AliStorage2019,guard_minus_no_ack_coalescing,gt_1MB_fct_us_mean,5,-2.110097389455268,-4.631596301706906,0.41140152279636943,2.5214989122516376
paired_percent,AliStorage2019,guard_minus_no_ack_coalescing,gt_1MB_fct_us_mean,5,-0.9003316057600859,-1.9516620050643407,0.150998793544169,1.0513303993042549
paired_difference,AliStorage2019,guard_minus_no_ack_coalescing,gt_1MB_fct_us_p95,5,-27.21350000000001,-55.00924424284483,0.5822442428448085,27.79574424284482
paired_percent,AliStorage2019,guard_minus_no_ack_coalescing,gt_1MB_fct_us_p95,5,-5.912896193848093,-12.22284641242915,0.39705402473296303,6.309950218581056
paired_difference,AliStorage2019,guard_minus_no_ack_coalescing,gt_1MB_fct_us_p99,5,12.074612000000196,-82.43617601607959,106.58540001607999,94.51078801607979
paired_percent,AliStorage2019,guard_minus_no_ack_coalescing,gt_1MB_fct_us_p99,5,1.7034717636780197,-13.226951679211817,16.633895206567857,14.930423442889836
paired_difference,AliStorage2019,guard_minus_no_ack_coalescing,gt_1MB_flow_count,5,0.0,0.0,0.0,0.0
paired_percent,AliStorage2019,guard_minus_no_ack_coalescing,gt_1MB_flow_count,5,0.0,0.0,0.0,0.0
paired_difference,AliStorage2019,guard_minus_no_ack_coalescing,gt_1MB_slowdown_mean,5,-0.013562316042500067,-0.033465872576072045,0.006341240491071914,0.01990355653357198
paired_percent,AliStorage2019,guard_minus_no_ack_coalescing,gt_1MB_slowdown_mean,5,-0.7910681976811094,-1.9497572373656722,0.36762084200345346,1.1586890396845628
paired_difference,AliStorage2019,guard_minus_no_ack_coalescing,gt_1MB_slowdown_p95,5,-0.1630282241854096,-0.2240677253122736,-0.10198872305854562,0.06103950112686398
paired_percent,AliStorage2019,guard_minus_no_ack_coalescing,gt_1MB_slowdown_p95,5,-5.12728482267499,-6.962877445710378,-3.291692199639602,1.835592623035388
paired_difference,AliStorage2019,guard_minus_no_ack_coalescing,gt_1MB_slowdown_p99,5,-0.06914057189408754,-0.4610723027908571,0.32279115900268207,0.3919317308967696
paired_percent,AliStorage2019,guard_minus_no_ack_coalescing,gt_1MB_slowdown_p99,5,-2.371941682224438,-11.159101614636459,6.415218250187582,8.78715993241202
paired_difference,AliStorage2019,guard_minus_no_ack_coalescing,guard_ack_interval_packets,5,7.0,7.0,7.0,0.0
paired_percent,AliStorage2019,guard_minus_no_ack_coalescing,guard_ack_interval_packets,5,700.0,700.0,700.0,0.0
paired_difference,AliStorage2019,guard_minus_no_ack_coalescing,guard_adaptive_grant_updates,5,0.0,0.0,0.0,0.0
paired_difference,AliStorage2019,guard_minus_no_ack_coalescing,guard_fixed_window,5,0.0,0.0,0.0,0.0
paired_percent,AliStorage2019,guard_minus_no_ack_coalescing,guard_fixed_window,5,0.0,0.0,0.0,0.0
paired_difference,AliStorage2019,guard_minus_no_ack_coalescing,guard_grant_refresh_bdps,5,0.0,0.0,0.0,0.0
paired_percent,AliStorage2019,guard_minus_no_ack_coalescing,guard_grant_refresh_bdps,5,0.0,0.0,0.0,0.0
paired_difference,AliStorage2019,guard_minus_no_ack_coalescing,guard_long_acks_suppressed,5,275271.4,255494.00510464987,295048.7948953502,19777.394895350142
paired_difference,AliStorage2019,guard_minus_no_ack_coalescing,guard_min_share_fraction,5,0.0,0.0,0.0,0.0
paired_difference,AliStorage2019,guard_minus_no_ack_coalescing,guard_one_rtt_acks_suppressed,5,0.0,0.0,0.0,0.0
paired_percent,AliStorage2019,guard_minus_no_ack_coalescing,guard_one_rtt_acks_suppressed,5,0.0,0.0,0.0,0.0
paired_difference,AliStorage2019,guard_minus_no_ack_coalescing,guard_one_rtt_bypass_enabled,5,0.0,0.0,0.0,0.0
paired_percent,AliStorage2019,guard_minus_no_ack_coalescing,guard_one_rtt_bypass_enabled,5,0.0,0.0,0.0,0.0
paired_difference,AliStorage2019,guard_minus_no_ack_coalescing,guard_one_rtt_bypass_feedbacks,5,0.0,0.0,0.0,0.0
paired_percent,AliStorage2019,guard_minus_no_ack_coalescing,guard_one_rtt_bypass_feedbacks,5,0.0,0.0,0.0,0.0
paired_difference,AliStorage2019,guard_minus_no_ack_coalescing,guard_one_rtt_bypass_flows,5,0.0,0.0,0.0,0.0
paired_percent,AliStorage2019,guard_minus_no_ack_coalescing,guard_one_rtt_bypass_flows,5,0.0,0.0,0.0,0.0
paired_difference,AliStorage2019,guard_minus_no_ack_coalescing,guard_rebalance_events,5,0.0,0.0,0.0,0.0
paired_difference,AliStorage2019,guard_minus_no_ack_coalescing,guard_remaining_aware,5,0.0,0.0,0.0,0.0
paired_percent,AliStorage2019,guard_minus_no_ack_coalescing,guard_remaining_aware,5,0.0,0.0,0.0,0.0
paired_difference,AliStorage2019,guard_minus_no_ack_coalescing,guard_remaining_exponent,5,0.0,0.0,0.0,0.0
paired_percent,AliStorage2019,guard_minus_no_ack_coalescing,guard_remaining_exponent,5,0.0,0.0,0.0,0.0
paired_difference,AliStorage2019,guard_minus_no_ack_coalescing,guard_remaining_refresh_events,5,-7.2,-12.569389291059206,-1.8306107089407933,5.369389291059207
paired_percent,AliStorage2019,guard_minus_no_ack_coalescing,guard_remaining_refresh_events,5,-0.1937005319221537,-0.33671071094021643,-0.05069035290409099,0.1430101790180627
paired_difference,AliStorage2019,guard_minus_no_ack_coalescing,guard_sender_srpt_enabled,5,0.0,0.0,0.0,0.0
paired_percent,AliStorage2019,guard_minus_no_ack_coalescing,guard_sender_srpt_enabled,5,0.0,0.0,0.0,0.0
paired_difference,AliStorage2019,guard_minus_no_ack_coalescing,guard_sender_srpt_forced_rr,5,-98.2,-137.7913673270504,-58.60863267294961,39.59136732705039
paired_percent,AliStorage2019,guard_minus_no_ack_coalescing,guard_sender_srpt_forced_rr,5,-57.416943081719864,-69.53982064912509,-45.29406551431464,12.122877567405226
paired_difference,AliStorage2019,guard_minus_no_ack_coalescing,guard_sender_srpt_non_rr,5,-42.6,-464.48501345623816,379.2850134562381,421.88501345623814
paired_percent,AliStorage2019,guard_minus_no_ack_coalescing,guard_sender_srpt_non_rr,5,-0.25158872796986975,-2.063852635123226,1.5606751791834865,1.8122639071533562
paired_difference,AliStorage2019,guard_minus_no_ack_coalescing,guard_sender_srpt_selections,5,0.0,0.0,0.0,0.0
paired_percent,AliStorage2019,guard_minus_no_ack_coalescing,guard_sender_srpt_selections,5,0.0,0.0,0.0,0.0
paired_difference,AliStorage2019,guard_minus_no_ack_coalescing,guard_srpt_quantum_packets,5,0.0,0.0,0.0,0.0
paired_percent,AliStorage2019,guard_minus_no_ack_coalescing,guard_srpt_quantum_packets,5,0.0,0.0,0.0,0.0
paired_difference,AliStorage2019,guard_minus_no_ack_coalescing,guard_tail_bypass_bdps,5,0.0,0.0,0.0,0.0
paired_percent,AliStorage2019,guard_minus_no_ack_coalescing,guard_tail_bypass_bdps,5,0.0,0.0,0.0,0.0
paired_difference,AliStorage2019,guard_minus_no_ack_coalescing,guard_tail_bypass_enabled,5,0.0,0.0,0.0,0.0
paired_percent,AliStorage2019,guard_minus_no_ack_coalescing,guard_tail_bypass_enabled,5,0.0,0.0,0.0,0.0
paired_difference,AliStorage2019,guard_minus_no_ack_coalescing,guard_tail_bypass_feedbacks,5,-156818.0,-168728.0885780452,-144907.9114219548,11910.088578045184
paired_percent,AliStorage2019,guard_minus_no_ack_coalescing,guard_tail_bypass_feedbacks,5,-87.21314648519537,-87.2379341180652,-87.18835885232554,0.024787632869835118
paired_difference,AliStorage2019,guard_minus_no_ack_coalescing,guard_tail_bypass_flows,5,0.0,0.0,0.0,0.0
paired_percent,AliStorage2019,guard_minus_no_ack_coalescing,guard_tail_bypass_flows,5,0.0,0.0,0.0,0.0
paired_difference,AliStorage2019,guard_minus_no_ack_coalescing,hpcc_actual_rate_changes,5,-27.2,-41.286184176235636,-13.113815823764366,14.086184176235633
paired_percent,AliStorage2019,guard_minus_no_ack_coalescing,hpcc_actual_rate_changes,5,-16.448316558592246,-24.82226205515854,-8.074371062025952,8.373945496566295
paired_difference,AliStorage2019,guard_minus_no_ack_coalescing,hpcc_fast_computations,5,0.0,0.0,0.0,0.0
paired_difference,AliStorage2019,guard_minus_no_ack_coalescing,hpcc_feedback_updates,5,-32.2,-54.88204419703129,-9.517955802968718,22.682044197031285
paired_percent,AliStorage2019,guard_minus_no_ack_coalescing,hpcc_feedback_updates,5,-1.2014281424420878,-1.9414614445709855,-0.4613948403131902,0.7400333021288976
paired_difference,AliStorage2019,guard_minus_no_ack_coalescing,hpcc_full_computations,5,-21.4,-34.08078803649869,-8.719211963501305,12.680788036498694
paired_percent,AliStorage2019,guard_minus_no_ack_coalescing,hpcc_full_computations,5,-3.6721924759754794,-5.377866226031522,-1.9665187259194363,1.705673750056043
paired_difference,AliStorage2019,guard_minus_no_ack_coalescing,hpcc_rate_updates_applied,5,-21.4,-34.08078803649869,-8.719211963501305,12.680788036498694
paired_percent,AliStorage2019,guard_minus_no_ack_coalescing,hpcc_rate_updates_applied,5,-3.6721924759754794,-5.377866226031522,-1.9665187259194363,1.705673750056043
paired_difference,AliStorage2019,guard_minus_no_ack_coalescing,hpcc_valid_feedback,5,-21.4,-34.08078803649869,-8.719211963501305,12.680788036498694
paired_percent,AliStorage2019,guard_minus_no_ack_coalescing,hpcc_valid_feedback,5,-3.1869831989210686,-4.686606835333949,-1.687359562508188,1.4996236364128805
paired_difference,AliStorage2019,guard_minus_no_ack_coalescing,int_hops_after_strip,5,-286990.4,-321876.8938082147,-252103.90619178535,34886.49380821466
paired_percent,AliStorage2019,guard_minus_no_ack_coalescing,int_hops_after_strip,5,-84.75003403913875,-85.04034372492538,-84.45972435335213,0.29030968578662936
paired_difference,AliStorage2019,guard_minus_no_ack_coalescing,int_hops_before_strip,5,-562261.8,-616329.1482077248,-508194.4517922753,54067.348207724746
paired_percent,AliStorage2019,guard_minus_no_ack_coalescing,int_hops_before_strip,5,-84.77062891683036,-85.00636190398664,-84.53489592967408,0.23573298715628516
paired_difference,AliStorage2019,guard_minus_no_ack_coalescing,int_records_stripped,5,-275271.4,-295048.7948953502,-255494.00510464987,19777.394895350142
paired_percent,AliStorage2019,guard_minus_no_ack_coalescing,int_records_stripped,5,-84.79023394495835,-84.97516749681257,-84.60530039310412,0.18493355185423485
paired_difference,AliStorage2019,guard_minus_no_ack_coalescing,irn_nacks_generated,5,0.0,0.0,0.0,0.0
paired_difference,AliStorage2019,guard_minus_no_ack_coalescing,irn_nacks_received,5,0.0,0.0,0.0,0.0
paired_difference,AliStorage2019,guard_minus_no_ack_coalescing,irn_retransmit_bytes,5,0.0,0.0,0.0,0.0
paired_difference,AliStorage2019,guard_minus_no_ack_coalescing,irn_retransmit_packets,5,0.0,0.0,0.0,0.0
paired_difference,AliStorage2019,guard_minus_no_ack_coalescing,le_8KB_fct_us_mean,5,-0.010056369039869395,-0.01113643205444666,-0.00897630602529213,0.0010800630145772648
paired_percent,AliStorage2019,guard_minus_no_ack_coalescing,le_8KB_fct_us_mean,5,-0.14743388629016643,-0.16301154566276937,-0.1318562269175635,0.015577659372602953
paired_difference,AliStorage2019,guard_minus_no_ack_coalescing,le_8KB_fct_us_p95,5,-0.035190000000000055,-0.03926683881297202,-0.03111316118702809,0.004076838812971963
paired_percent,AliStorage2019,guard_minus_no_ack_coalescing,le_8KB_fct_us_p95,5,-0.3847496376550878,-0.429175518356388,-0.3403237569537876,0.0444258807013002
paired_difference,AliStorage2019,guard_minus_no_ack_coalescing,le_8KB_fct_us_p99,5,-0.04611200000000011,-0.055472851272855894,-0.03675114872714433,0.009360851272855785
paired_percent,AliStorage2019,guard_minus_no_ack_coalescing,le_8KB_fct_us_p99,5,-0.4899791494469361,-0.589946369520099,-0.39001192937377316,0.09996722007316296
paired_difference,AliStorage2019,guard_minus_no_ack_coalescing,le_8KB_flow_count,5,0.0,0.0,0.0,0.0
paired_percent,AliStorage2019,guard_minus_no_ack_coalescing,le_8KB_flow_count,5,0.0,0.0,0.0,0.0
paired_difference,AliStorage2019,guard_minus_no_ack_coalescing,le_8KB_slowdown_mean,5,-0.001213562333826923,-0.001337173049820587,-0.001089951617833259,0.00012361071599366411
paired_percent,AliStorage2019,guard_minus_no_ack_coalescing,le_8KB_slowdown_mean,5,-0.12025362143214821,-0.13242420145281042,-0.10808304141148599,0.012170580020662217
paired_difference,AliStorage2019,guard_minus_no_ack_coalescing,le_8KB_slowdown_p95,5,-0.003545813165575984,-0.0041550492421424745,-0.0029365770890094935,0.0006092360765664908
paired_percent,AliStorage2019,guard_minus_no_ack_coalescing,le_8KB_slowdown_p95,5,-0.34293323492446015,-0.401331600064402,-0.2845348697845183,0.05839836513994182
paired_difference,AliStorage2019,guard_minus_no_ack_coalescing,le_8KB_slowdown_p99,5,-0.005586429163393891,-0.007096365384508157,-0.004076492942279624,0.0015099362211142668
paired_percent,AliStorage2019,guard_minus_no_ack_coalescing,le_8KB_slowdown_p99,5,-0.5209624467538542,-0.6611228175933992,-0.38080207591430915,0.14016037083954505
paired_difference,AliStorage2019,guard_minus_no_ack_coalescing,long_to_small_slowdown_mean_ratio,5,-0.011464044216860581,-0.030981196732367444,0.008053108298646281,0.019517152515506862
paired_percent,AliStorage2019,guard_minus_no_ack_coalescing,long_to_small_slowdown_mean_ratio,5,-0.6716638293241207,-1.8248141062580645,0.48148644760982295,1.1531502769339437
paired_difference,AliStorage2019,guard_minus_no_ack_coalescing,max_active_flows,5,0.0,0.0,0.0,0.0
paired_percent,AliStorage2019,guard_minus_no_ack_coalescing,max_active_flows,5,0.0,0.0,0.0,0.0
paired_difference,AliStorage2019,guard_minus_no_ack_coalescing,overall_fct_us_mean,5,-0.05364349529448624,-0.10105523320269821,-0.00623175738627426,0.04741173790821198
paired_percent,AliStorage2019,guard_minus_no_ack_coalescing,overall_fct_us_mean,5,-0.45447530240291256,-0.8320357931381027,-0.0769148116677224,0.37756049073519016
paired_difference,AliStorage2019,guard_minus_no_ack_coalescing,overall_fct_us_p95,5,-0.019879999999999853,-0.17803110950624193,0.13827110950624225,0.1581511095062421
paired_percent,AliStorage2019,guard_minus_no_ack_coalescing,overall_fct_us_p95,5,-0.12145198900693095,-1.1305191091980198,0.8876151311841578,1.0090671201910888
paired_difference,AliStorage2019,guard_minus_no_ack_coalescing,overall_fct_us_p99,5,2.007718000000176,-4.326870716727884,8.342306716728235,6.334588716728059
paired_percent,AliStorage2019,guard_minus_no_ack_coalescing,overall_fct_us_p99,5,1.3962396783786333,-2.440108948185746,5.232588304943013,3.836348626564379
paired_difference,AliStorage2019,guard_minus_no_ack_coalescing,overall_flow_count,5,0.0,0.0,0.0,0.0
paired_percent,AliStorage2019,guard_minus_no_ack_coalescing,overall_flow_count,5,0.0,0.0,0.0,0.0
paired_difference,AliStorage2019,guard_minus_no_ack_coalescing,overall_slowdown_mean,5,-0.0021118944191800713,-0.0026218689377328686,-0.001601919900627274,0.0005099745185527973
paired_percent,AliStorage2019,guard_minus_no_ack_coalescing,overall_slowdown_mean,5,-0.2045959336956938,-0.2531355441560242,-0.15605632323536336,0.04853961046033042
paired_difference,AliStorage2019,guard_minus_no_ack_coalescing,overall_slowdown_p95,5,0.0011741125394394646,-0.0009271537013346301,0.0032753787802135594,0.0021012662407740947
paired_percent,AliStorage2019,guard_minus_no_ack_coalescing,overall_slowdown_p95,5,0.10624888078821286,-0.08401054673083265,0.2965083083072584,0.1902594275190455
paired_difference,AliStorage2019,guard_minus_no_ack_coalescing,overall_slowdown_p99,5,-0.015578554076835482,-0.03692415291326292,0.005767044759591956,0.021345598836427438
paired_percent,AliStorage2019,guard_minus_no_ack_coalescing,overall_slowdown_p99,5,-1.0833535094718205,-2.5459018680800494,0.37919484913640855,1.462548358608229
paired_difference,AliStorage2019,guard_minus_no_ack_coalescing,pfc_pause_events,5,0.0,0.0,0.0,0.0
paired_difference,AliStorage2019,guard_minus_no_ack_coalescing,pfc_resume_events,5,0.0,0.0,0.0,0.0
paired_difference,AliStorage2019,guard_minus_no_ack_coalescing,proactive_releases,5,0.0,0.0,0.0,0.0
paired_percent,AliStorage2019,guard_minus_no_ack_coalescing,proactive_releases,5,0.0,0.0,0.0,0.0
paired_difference,AliStorage2019,guard_minus_no_ack_coalescing,queue_bytes_max,5,-17738.0,-93413.89430297805,57937.89430297805,75675.89430297805
paired_percent,AliStorage2019,guard_minus_no_ack_coalescing,queue_bytes_max,5,-3.3421528323690914,-17.686743820874838,11.002438156136655,14.344590988505747
paired_difference,AliStorage2019,guard_minus_no_ack_coalescing,queue_bytes_mean,5,-516.9732,-659.8374184184114,-374.10898158158864,142.8642184184114
paired_percent,AliStorage2019,guard_minus_no_ack_coalescing,queue_bytes_mean,5,-17.628603463657218,-21.67352253615559,-13.583684391158844,4.044919072498374
paired_difference,AliStorage2019,guard_minus_no_ack_coalescing,queue_bytes_p95,5,-4448.4,-5983.244016736473,-2913.5559832635263,1534.8440167364733
paired_percent,AliStorage2019,guard_minus_no_ack_coalescing,queue_bytes_p95,5,-94.17038007863695,-101.64383067392228,-86.69692948335162,7.473450595285324
paired_difference,AliStorage2019,guard_minus_no_ack_coalescing,queue_bytes_p99,5,-14101.4,-17903.130998587516,-10299.669001412483,3801.7309985875163
paired_percent,AliStorage2019,guard_minus_no_ack_coalescing,queue_bytes_p99,5,-13.271008937343277,-16.596095224650043,-9.945922650036513,3.325086287306764
paired_difference,AliStorage2019,guard_minus_no_ack_coalescing,queue_sample_count,5,0.0,0.0,0.0,0.0
paired_percent,AliStorage2019,guard_minus_no_ack_coalescing,queue_sample_count,5,0.0,0.0,0.0,0.0
paired_difference,AliStorage2019,guard_minus_no_ack_coalescing,reactive_binding_rate_changes,5,-26.2,-42.61158557028716,-9.788414429712834,16.411585570287166
paired_percent,AliStorage2019,guard_minus_no_ack_coalescing,reactive_binding_rate_changes,5,-16.50760547470333,-25.372185201087653,-7.643025748319005,8.864579726384324
paired_difference,AliStorage2019,guard_minus_no_ack_coalescing,reactive_binding_updates,5,-26.2,-42.61158557028716,-9.788414429712834,16.411585570287166
paired_percent,AliStorage2019,guard_minus_no_ack_coalescing,reactive_binding_updates,5,-16.50760547470333,-25.372185201087653,-7.643025748319005,8.864579726384324
paired_difference,AliStorage2019,guard_minus_no_ack_coalescing,recovery_nacks_generated,5,0.0,0.0,0.0,0.0
paired_difference,AliStorage2019,guard_minus_no_ack_coalescing,recovery_nacks_received,5,0.0,0.0,0.0,0.0
paired_difference,AliStorage2019,guard_minus_no_ack_coalescing,registrations,5,0.0,0.0,0.0,0.0
paired_percent,AliStorage2019,guard_minus_no_ack_coalescing,registrations,5,0.0,0.0,0.0,0.0
paired_difference,AliStorage2019,guard_minus_no_ack_coalescing,selected_registrations,5,0.0,0.0,0.0,0.0
paired_percent,AliStorage2019,guard_minus_no_ack_coalescing,selected_registrations,5,0.0,0.0,0.0,0.0
paired_difference,AliStorage2019,guard_minus_no_ack_coalescing,tie_binding_rate_changes,5,-1.4,-4.258525190987028,1.4585251909870274,2.8585251909870273
paired_percent,AliStorage2019,guard_minus_no_ack_coalescing,tie_binding_rate_changes,5,-17.737373737373737,-49.369310868004206,13.894563393256728,31.631937130630465
paired_difference,AliStorage2019,guard_minus_no_ack_coalescing,tie_binding_updates,5,4.0,-3.5015415870266793,11.50154158702668,7.501541587026679
paired_percent,AliStorage2019,guard_minus_no_ack_coalescing,tie_binding_updates,5,1.078358185508288,-0.7610414408951753,2.917757811911751,1.8393996264034633
paired_difference,AliStorage2019,guard_minus_no_ack_coalescing,timeout_recoveries,5,0.0,0.0,0.0,0.0
arm_mean,WebSearch,guard,1BDP_to_1MB_fct_us_mean,5,50.77499920121985,40.41111530536245,61.13888309707725,10.363883895857398
arm_mean,WebSearch,guard,1BDP_to_1MB_fct_us_p95,5,118.40867999999996,99.17916072861522,137.6381992713847,19.229519271384746
arm_mean,WebSearch,guard,1BDP_to_1MB_fct_us_p99,5,159.17451599999998,106.45664154700901,211.89239045299095,52.71787445299096
arm_mean,WebSearch,guard,1BDP_to_1MB_flow_count,5,34.2,26.08631717495748,42.31368282504253,8.113682825042522
arm_mean,WebSearch,guard,1BDP_to_1MB_slowdown_mean,5,1.1315483439585388,1.0875934289629996,1.175503258954078,0.043954914995539156
arm_mean,WebSearch,guard,1BDP_to_1MB_slowdown_p95,5,1.4039755330489985,1.0858270731596578,1.7221239929383392,0.31814845988934076
arm_mean,WebSearch,guard,1BDP_to_1MB_slowdown_p99,5,1.9529734747270364,1.3025504731615187,2.603396476292554,0.6504230015655177
arm_mean,WebSearch,guard,8KB_to_1BDP_fct_us_mean,5,10.136441067587201,9.684359095421772,10.58852303975263,0.452081972165428
arm_mean,WebSearch,guard,8KB_to_1BDP_fct_us_p95,5,14.8175,14.531061534322948,15.103938465677054,0.2864384656770533
arm_mean,WebSearch,guard,8KB_to_1BDP_fct_us_p99,5,15.878538000000002,14.951698789724272,16.805377210275733,0.9268392102757309
arm_mean,WebSearch,guard,8KB_to_1BDP_flow_count,5,92.8,84.97653142576236,100.62346857423763,7.823468574237638
arm_mean,WebSearch,guard,8KB_to_1BDP_slowdown_mean,5,1.0218121878391198,1.019166356961688,1.0244580187165515,0.0026458308774318486
arm_mean,WebSearch,guard,8KB_to_1BDP_slowdown_p95,5,1.0485180923700004,1.0438436524474006,1.0531925322926001,0.0046744399225997855
arm_mean,WebSearch,guard,8KB_to_1BDP_slowdown_p99,5,1.0904217997687744,1.0260543838543672,1.1547892156831816,0.06436741591440713
arm_mean,WebSearch,guard,aggregate_goodput_gbps,5,151.63049436138655,106.53667366645502,196.7243150563181,45.09382069493153
arm_mean,WebSearch,guard,completion_releases,5,0.0,0.0,0.0,0.0
arm_mean,WebSearch,guard,completion_span_us,5,20127.1178,18987.470723012353,21266.764876987647,1139.6470769876455
arm_mean,WebSearch,guard,grant_binding_rate_changes,5,8.8,2.5668961978985827,15.033103802101419,6.233103802101418
arm_mean,WebSearch,guard,grant_binding_updates,5,290.4,48.04544426114171,532.7545557388582,242.35455573885827
arm_mean,WebSearch,guard,grant_bytes_sent,5,596956.4,339549.2189773823,854363.5810226178,257407.18102261773
arm_mean,WebSearch,guard,grant_event_rate_changes,5,1582.0,199.02568698736013,2964.97431301264,1382.9743130126399
arm_mean,WebSearch,guard,grants_received,5,6350.6,3612.22573380194,9088.97426619806,2738.3742661980605
arm_mean,WebSearch,guard,grants_sent,5,6350.6,3612.22573380194,9088.97426619806,2738.3742661980605
arm_mean,WebSearch,guard,gt_1MB_fct_us_mean,5,751.8008444485955,492.8708582721187,1010.7308306250723,258.9299861764768
arm_mean,WebSearch,guard,gt_1MB_fct_us_p95,5,2411.62263,1326.797232657059,3496.448027342941,1084.8253973429407
arm_mean,WebSearch,guard,gt_1MB_fct_us_p99,5,3731.0194,1788.2325861615764,5673.806213838424,1942.7868138384238
arm_mean,WebSearch,guard,gt_1MB_flow_count,5,63.0,55.92142611508863,70.07857388491138,7.078573884911373
arm_mean,WebSearch,guard,gt_1MB_slowdown_mean,5,1.4737550148459018,1.316486589491806,1.6310234401999975,0.1572684253540957
arm_mean,WebSearch,guard,gt_1MB_slowdown_p95,5,2.6342475474230644,2.3957002417927886,2.8727948530533403,0.23854730563027576
arm_mean,WebSearch,guard,gt_1MB_slowdown_p99,5,2.9965122269394593,2.654530165638755,3.3384942882401636,0.3419820613007043
arm_mean,WebSearch,guard,guard_ack_interval_packets,5,8.0,8.0,8.0,0.0
arm_mean,WebSearch,guard,guard_adaptive_grant_updates,5,0.0,0.0,0.0,0.0
arm_mean,WebSearch,guard,guard_fixed_window,5,1.0,1.0,1.0,0.0
arm_mean,WebSearch,guard,guard_grant_refresh_bdps,5,1.0,1.0,1.0,0.0
arm_mean,WebSearch,guard,guard_long_acks_suppressed,5,333353.6,219985.01121650127,446722.1887834987,113368.58878349871
arm_mean,WebSearch,guard,guard_min_share_fraction,5,0.0,0.0,0.0,0.0
arm_mean,WebSearch,guard,guard_one_rtt_acks_suppressed,5,2889.8,2416.563585382824,3363.0364146171764,473.2364146171763
arm_mean,WebSearch,guard,guard_one_rtt_bypass_enabled,5,1.0,1.0,1.0,0.0
arm_mean,WebSearch,guard,guard_one_rtt_bypass_feedbacks,5,106.8,99.22686743672108,114.37313256327892,7.573132563278918
arm_mean,WebSearch,guard,guard_one_rtt_bypass_flows,5,106.8,99.22686743672108,114.37313256327892,7.573132563278918
arm_mean,WebSearch,guard,guard_rebalance_events,5,0.0,0.0,0.0,0.0
arm_mean,WebSearch,guard,guard_remaining_aware,5,1.0,1.0,1.0,0.0
arm_mean,WebSearch,guard,guard_remaining_exponent,5,1.0,1.0,1.0,0.0
arm_mean,WebSearch,guard,guard_remaining_refresh_events,5,5382.2,3350.084491583755,7414.3155084162445,2032.115508416245
arm_mean,WebSearch,guard,guard_sender_srpt_enabled,5,1.0,1.0,1.0,0.0
arm_mean,WebSearch,guard,guard_sender_srpt_forced_rr,5,51.6,18.531151769225424,84.66884823077459,33.06884823077458
arm_mean,WebSearch,guard,guard_sender_srpt_non_rr,5,19662.0,8297.511649470143,31026.488350529857,11364.488350529857
arm_mean,WebSearch,guard,guard_sender_srpt_selections,5,384139.2,254436.7035814741,513841.6964185259,129702.4964185259
arm_mean,WebSearch,guard,guard_srpt_quantum_packets,5,64.0,64.0,64.0,0.0
arm_mean,WebSearch,guard,guard_tail_bypass_bdps,5,8.0,8.0,8.0,0.0
arm_mean,WebSearch,guard,guard_tail_bypass_enabled,5,1.0,1.0,1.0,0.0
arm_mean,WebSearch,guard,guard_tail_bypass_feedbacks,5,6671.8,5626.9290848144165,7716.670915185584,1044.8709151855837
arm_mean,WebSearch,guard,guard_tail_bypass_flows,5,112.2,95.60159468898897,128.79840531101104,16.598405311011035
arm_mean,WebSearch,guard,hpcc_actual_rate_changes,5,500.0,165.9889226126565,834.0110773873434,334.0110773873435
arm_mean,WebSearch,guard,hpcc_fast_computations,5,0.0,0.0,0.0,0.0
arm_mean,WebSearch,guard,hpcc_feedback_updates,5,5901.6,3280.265026795901,8522.9349732041,2621.3349732040992
arm_mean,WebSearch,guard,hpcc_full_computations,5,1800.2,1008.1943235230432,2592.205676476957,792.0056764769569
arm_mean,WebSearch,guard,hpcc_rate_updates_applied,5,1800.2,1008.1943235230432,2592.205676476957,792.0056764769569
arm_mean,WebSearch,guard,hpcc_valid_feedback,5,1835.6,1042.7051226717097,2628.4948773282904,792.8948773282902
arm_mean,WebSearch,guard,int_hops_after_strip,5,46741.2,31186.42380222574,62295.97619777425,15554.776197774258
arm_mean,WebSearch,guard,int_hops_before_strip,5,94637.0,64409.137950442964,124864.86204955704,30227.862049557036
arm_mean,WebSearch,guard,int_records_stripped,5,47895.8,31697.78562538792,64093.814374612084,16198.014374612081
arm_mean,WebSearch,guard,irn_nacks_generated,5,0.0,0.0,0.0,0.0
arm_mean,WebSearch,guard,irn_nacks_received,5,0.0,0.0,0.0,0.0
arm_mean,WebSearch,guard,irn_retransmit_bytes,5,0.0,0.0,0.0,0.0
arm_mean,WebSearch,guard,irn_retransmit_packets,5,0.0,0.0,0.0,0.0
arm_mean,WebSearch,guard,le_8KB_fct_us_mean,5,6.822020607936954,6.246677441991686,7.397363773882223,0.5753431659452687
arm_mean,WebSearch,guard,le_8KB_fct_us_p95,5,8.94398,8.797492465805707,9.090467534194293,0.14648753419429208
arm_mean,WebSearch,guard,le_8KB_fct_us_p99,5,9.003820000000001,8.830818448502157,9.176821551497845,0.1730015514978437
arm_mean,WebSearch,guard,le_8KB_flow_count,5,29.0,17.653881194419263,40.34611880558074,11.346118805580735
arm_mean,WebSearch,guard,le_8KB_slowdown_mean,5,1.0051113029530128,1.003542968936111,1.0066796369699145,0.001568334016901791
arm_mean,WebSearch,guard,le_8KB_slowdown_p95,5,1.0225200006894117,1.0176735320883938,1.0273664692904296,0.004846468601017964
arm_mean,WebSearch,guard,le_8KB_slowdown_p99,5,1.0250799126560763,1.0211542813559318,1.029005543956221,0.0039256313001446415
arm_mean,WebSearch,guard,long_to_small_slowdown_mean_ratio,5,1.4662585383425075,1.3096990758370906,1.6228180008479245,0.156559462505417
arm_mean,WebSearch,guard,max_active_flows,5,2.8,2.2447109789604403,3.3552890210395594,0.5552890210395597
arm_mean,WebSearch,guard,overall_fct_us_mean,5,231.31389245588997,145.7986368161129,316.82914809566705,85.51525563977708
arm_mean,WebSearch,guard,overall_fct_us_p95,5,1253.8503800000005,791.1225216244727,1716.5782383755284,462.72785837552783
arm_mean,WebSearch,guard,overall_fct_us_p99,5,2713.9786740000027,1328.628771943727,4099.3285760562785,1385.3499020562756
arm_mean,WebSearch,guard,overall_flow_count,5,219.0,207.2861652685917,230.7138347314083,11.713834731408298
arm_mean,WebSearch,guard,overall_slowdown_mean,5,1.1669566845711945,1.1156710243013608,1.2182423448410282,0.05128566026983372
arm_mean,WebSearch,guard,overall_slowdown_p95,5,1.9956808237418429,1.6432137896740246,2.348147857809661,0.3524670340678183
arm_mean,WebSearch,guard,overall_slowdown_p99,5,2.766518855251714,2.4558513812247598,3.077186329278668,0.3106674740269543
arm_mean,WebSearch,guard,pfc_pause_events,5,0.0,0.0,0.0,0.0
arm_mean,WebSearch,guard,pfc_resume_events,5,0.0,0.0,0.0,0.0
arm_mean,WebSearch,guard,proactive_releases,5,112.2,95.60159468898897,128.79840531101104,16.598405311011035
arm_mean,WebSearch,guard,queue_bytes_max,5,315010.0,245227.11516412726,384792.88483587274,69782.88483587273
arm_mean,WebSearch,guard,queue_bytes_mean,5,1671.2612000000001,672.9315477551002,2669.5908522449,998.3296522449
arm_mean,WebSearch,guard,queue_bytes_p95,5,0.0,0.0,0.0,0.0
arm_mean,WebSearch,guard,queue_bytes_p99,5,64164.0,9394.75093784833,118933.24906215168,54769.24906215167
arm_mean,WebSearch,guard,queue_sample_count,5,395620.0,388956.53174752527,402283.46825247473,6663.468252474718
arm_mean,WebSearch,guard,reactive_binding_rate_changes,5,457.0,149.7251617508386,764.2748382491613,307.2748382491614
arm_mean,WebSearch,guard,reactive_binding_updates,5,457.0,149.7251617508386,764.2748382491613,307.2748382491614
arm_mean,WebSearch,guard,recovery_nacks_generated,5,0.0,0.0,0.0,0.0
arm_mean,WebSearch,guard,recovery_nacks_received,5,0.0,0.0,0.0,0.0
arm_mean,WebSearch,guard,registrations,5,112.2,95.60159468898897,128.79840531101104,16.598405311011035
arm_mean,WebSearch,guard,selected_registrations,5,112.2,95.60159468898897,128.79840531101104,16.598405311011035
arm_mean,WebSearch,guard,tie_binding_rate_changes,5,34.2,5.354352100364167,63.04564789963584,28.845647899635836
arm_mean,WebSearch,guard,tie_binding_updates,5,1052.8,741.9417863859208,1363.6582136140792,310.85821361407926
arm_mean,WebSearch,guard,timeout_recoveries,5,0.0,0.0,0.0,0.0
arm_mean,WebSearch,no_priority,1BDP_to_1MB_fct_us_mean,5,56.64179322962714,42.412009526936174,70.8715769323181,14.22978370269097
arm_mean,WebSearch,no_priority,1BDP_to_1MB_fct_us_p95,5,131.43561999999997,101.83380215611275,161.0374378438872,29.601817843887222
arm_mean,WebSearch,no_priority,1BDP_to_1MB_fct_us_p99,5,159.54147999999998,108.2791472195067,210.80381278049327,51.26233278049328
arm_mean,WebSearch,no_priority,1BDP_to_1MB_flow_count,5,34.2,26.08631717495748,42.31368282504253,8.113682825042522
arm_mean,WebSearch,no_priority,1BDP_to_1MB_slowdown_mean,5,1.308479897861838,1.1541554990075087,1.4628042967161672,0.15432439885432922
arm_mean,WebSearch,no_priority,1BDP_to_1MB_slowdown_p95,5,2.0983046114449535,1.5877968900671735,2.6088123328227333,0.51050772137778
arm_mean,WebSearch,no_priority,1BDP_to_1MB_slowdown_p99,5,2.47898924490948,1.860831598893997,3.0971468909249635,0.6181576460154832
arm_mean,WebSearch,no_priority,8KB_to_1BDP_fct_us_mean,5,11.531446555795382,10.504223741284584,12.55866937030618,1.027222814510798
arm_mean,WebSearch,no_priority,8KB_to_1BDP_fct_us_p95,5,20.24144,16.883673755460332,23.59920624453967,3.357766244539667
arm_mean,WebSearch,no_priority,8KB_to_1BDP_fct_us_p99,5,26.679498000000013,21.514587446231346,31.84440855376868,5.164910553768669
arm_mean,WebSearch,no_priority,8KB_to_1BDP_flow_count,5,92.8,84.97653142576236,100.62346857423763,7.823468574237638
arm_mean,WebSearch,no_priority,8KB_to_1BDP_slowdown_mean,5,1.1424950989133955,1.062101155377195,1.222889042449596,0.08039394353620039
arm_mean,WebSearch,no_priority,8KB_to_1BDP_slowdown_p95,5,1.5631729438310955,1.1873503674907364,1.9389955201714546,0.37582257634035904
arm_mean,WebSearch,no_priority,8KB_to_1BDP_slowdown_p99,5,2.1003484401297565,1.5213601386552145,2.6793367416042986,0.5789883014745422
arm_mean,WebSearch,no_priority,aggregate_goodput_gbps,5,151.6309646407747,106.53621903924892,196.72571024230047,45.09474560152577
arm_mean,WebSearch,no_priority,completion_releases,5,0.0,0.0,0.0,0.0
arm_mean,WebSearch,no_priority,completion_span_us,5,20127.0678,18987.4957282454,21266.6398717546,1139.5720717546008
arm_mean,WebSearch,no_priority,grant_binding_rate_changes,5,9.2,2.433216001102866,15.966783998897132,6.766783998897133
arm_mean,WebSearch,no_priority,grant_binding_updates,5,295.6,51.275039288454735,539.9249607115453,244.3249607115453
arm_mean,WebSearch,no_priority,grant_bytes_sent,5,597445.2,340350.61501801433,854539.7849819856,257094.5849819856
arm_mean,WebSearch,no_priority,grant_event_rate_changes,5,1591.0,212.8480476520533,2969.1519523479465,1378.1519523479467
arm_mean,WebSearch,no_priority,grants_received,5,6355.8,3620.7512235958984,9090.848776404102,2735.048776404102
arm_mean,WebSearch,no_priority,grants_sent,5,6355.8,3620.7512235958984,9090.848776404102,2735.048776404102
arm_mean,WebSearch,no_priority,gt_1MB_fct_us_mean,5,752.0981917456415,492.5333040994562,1011.6630793918268,259.56488764618535
arm_mean,WebSearch,no_priority,gt_1MB_fct_us_p95,5,2407.79738,1336.0129696953345,3479.5817903046654,1071.7844103046655
arm_mean,WebSearch,no_priority,gt_1MB_fct_us_p99,5,3730.180526,1787.3112483470954,5673.049803652904,1942.8692776529047
arm_mean,WebSearch,no_priority,gt_1MB_flow_count,5,63.0,55.92142611508863,70.07857388491138,7.078573884911373
arm_mean,WebSearch,no_priority,gt_1MB_slowdown_mean,5,1.4735750086338908,1.3150489755071564,1.6321010417606252,0.1585260331267343
arm_mean,WebSearch,no_priority,gt_1MB_slowdown_p95,5,2.6248222946566506,2.3909727955646716,2.8586717937486297,0.23384949909197916
arm_mean,WebSearch,no_priority,gt_1MB_slowdown_p99,5,3.009631733050978,2.6282245888619697,3.391038877239986,0.38140714418900806
arm_mean,WebSearch,no_priority,guard_ack_interval_packets,5,8.0,8.0,8.0,0.0
arm_mean,WebSearch,no_priority,guard_adaptive_grant_updates,5,0.0,0.0,0.0,0.0
arm_mean,WebSearch,no_priority,guard_fixed_window,5,1.0,1.0,1.0,0.0
arm_mean,WebSearch,no_priority,guard_grant_refresh_bdps,5,1.0,1.0,1.0,0.0
arm_mean,WebSearch,no_priority,guard_long_acks_suppressed,5,333353.6,219985.01121650127,446722.1887834987,113368.58878349871
arm_mean,WebSearch,no_priority,guard_min_share_fraction,5,0.0,0.0,0.0,0.0
arm_mean,WebSearch,no_priority,guard_one_rtt_acks_suppressed,5,2889.8,2416.563585382824,3363.0364146171764,473.2364146171763
arm_mean,WebSearch,no_priority,guard_one_rtt_bypass_enabled,5,1.0,1.0,1.0,0.0
arm_mean,WebSearch,no_priority,guard_one_rtt_bypass_feedbacks,5,106.8,99.22686743672108,114.37313256327892,7.573132563278918
arm_mean,WebSearch,no_priority,guard_one_rtt_bypass_flows,5,106.8,99.22686743672108,114.37313256327892,7.573132563278918
arm_mean,WebSearch,no_priority,guard_rebalance_events,5,0.0,0.0,0.0,0.0
arm_mean,WebSearch,no_priority,guard_remaining_aware,5,1.0,1.0,1.0,0.0
arm_mean,WebSearch,no_priority,guard_remaining_exponent,5,1.0,1.0,1.0,0.0
arm_mean,WebSearch,no_priority,guard_remaining_refresh_events,5,5383.4,3351.614886525197,7415.185113474802,2031.7851134748028
arm_mean,WebSearch,no_priority,guard_sender_srpt_enabled,5,1.0,1.0,1.0,0.0
arm_mean,WebSearch,no_priority,guard_sender_srpt_forced_rr,5,50.0,16.337392093600478,83.66260790639953,33.66260790639952
arm_mean,WebSearch,no_priority,guard_sender_srpt_non_rr,5,19653.8,8131.978507194419,31175.621492805578,11521.82149280558
arm_mean,WebSearch,no_priority,guard_sender_srpt_selections,5,384139.2,254436.7035814741,513841.6964185259,129702.4964185259
arm_mean,WebSearch,no_priority,guard_srpt_quantum_packets,5,64.0,64.0,64.0,0.0
arm_mean,WebSearch,no_priority,guard_tail_bypass_bdps,5,8.0,8.0,8.0,0.0
arm_mean,WebSearch,no_priority,guard_tail_bypass_enabled,5,1.0,1.0,1.0,0.0
arm_mean,WebSearch,no_priority,guard_tail_bypass_feedbacks,5,6671.8,5626.9290848144165,7716.670915185584,1044.8709151855837
arm_mean,WebSearch,no_priority,guard_tail_bypass_flows,5,112.2,95.60159468898897,128.79840531101104,16.598405311011035
arm_mean,WebSearch,no_priority,hpcc_actual_rate_changes,5,511.4,173.5252244938278,849.2747755061721,337.87477550617217
arm_mean,WebSearch,no_priority,hpcc_fast_computations,5,0.0,0.0,0.0,0.0
arm_mean,WebSearch,no_priority,hpcc_feedback_updates,5,5909.2,3289.830791363121,8528.569208636878,2619.3692086368787
arm_mean,WebSearch,no_priority,hpcc_full_computations,5,1806.4,1010.4097968261211,2602.390203173879,795.990203173879
arm_mean,WebSearch,no_priority,hpcc_rate_updates_applied,5,1806.4,1010.4097968261211,2602.390203173879,795.990203173879
arm_mean,WebSearch,no_priority,hpcc_valid_feedback,5,1841.8,1044.9170130908576,2638.6829869091425,796.8829869091423
arm_mean,WebSearch,no_priority,int_hops_after_strip,5,46741.2,31186.42380222574,62295.97619777425,15554.776197774258
arm_mean,WebSearch,no_priority,int_hops_before_strip,5,94637.0,64409.137950442964,124864.86204955704,30227.862049557036
arm_mean,WebSearch,no_priority,int_records_stripped,5,47895.8,31697.78562538792,64093.814374612084,16198.014374612081
arm_mean,WebSearch,no_priority,irn_nacks_generated,5,0.0,0.0,0.0,0.0
arm_mean,WebSearch,no_priority,irn_nacks_received,5,0.0,0.0,0.0,0.0
arm_mean,WebSearch,no_priority,irn_retransmit_bytes,5,0.0,0.0,0.0,0.0
arm_mean,WebSearch,no_priority,irn_retransmit_packets,5,0.0,0.0,0.0,0.0
arm_mean,WebSearch,no_priority,le_8KB_fct_us_mean,5,7.729467428839479,6.6771956041694915,8.781739253509468,1.0522718246699876
arm_mean,WebSearch,no_priority,le_8KB_fct_us_p95,5,14.986759999999999,10.508312176056785,19.46520782394321,4.478447823943213
arm_mean,WebSearch,no_priority,le_8KB_fct_us_p99,5,18.909816000000006,12.13064456819193,25.688987431808084,6.779171431808078
arm_mean,WebSearch,no_priority,le_8KB_flow_count,5,29.0,17.653881194419263,40.34611880558074,11.346118805580735
arm_mean,WebSearch,no_priority,le_8KB_slowdown_mean,5,1.1141572128061117,1.037026214284484,1.1912882113277394,0.0771309985216277
arm_mean,WebSearch,no_priority,le_8KB_slowdown_p95,5,1.758265542918446,1.2360372877590193,2.2804937980778726,0.5222282551594266
arm_mean,WebSearch,no_priority,le_8KB_slowdown_p99,5,2.2047889558408746,1.3924834433405828,3.0170944683411665,0.8123055125002918
arm_mean,WebSearch,no_priority,long_to_small_slowdown_mean_ratio,5,1.3236315199634743,1.1895906673388938,1.4576723725880547,0.13404085262458054
arm_mean,WebSearch,no_priority,max_active_flows,5,2.8,2.2447109789604403,3.3552890210395594,0.5552890210395597
arm_mean,WebSearch,no_priority,overall_fct_us_mean,5,233.0287487389034,146.3707325650916,319.6867649127152,86.65801617381182
arm_mean,WebSearch,no_priority,overall_fct_us_p95,5,1233.6206800000004,763.5569978836943,1703.6843621163066,470.06368211630615
arm_mean,WebSearch,no_priority,overall_fct_us_p99,5,2712.2091500000033,1319.8366602955762,4104.581639704431,1392.3724897044272
arm_mean,WebSearch,no_priority,overall_flow_count,5,219.0,207.2861652685917,230.7138347314083,11.713834731408298
arm_mean,WebSearch,no_priority,overall_slowdown_mean,5,1.2582855291493167,1.1591511682229525,1.3574198900756809,0.09913436092636424
arm_mean,WebSearch,no_priority,overall_slowdown_p95,5,2.171171175861161,1.79979997885419,2.5425423728681316,0.3713711970069708
arm_mean,WebSearch,no_priority,overall_slowdown_p99,5,2.903833144780606,2.637827086321438,3.1698392032397735,0.26600605845916764
arm_mean,WebSearch,no_priority,pfc_pause_events,5,0.0,0.0,0.0,0.0
arm_mean,WebSearch,no_priority,pfc_resume_events,5,0.0,0.0,0.0,0.0
arm_mean,WebSearch,no_priority,proactive_releases,5,112.2,95.60159468898897,128.79840531101104,16.598405311011035
arm_mean,WebSearch,no_priority,queue_bytes_max,5,323964.0,248296.7603311474,399631.2396688526,75667.23966885259
arm_mean,WebSearch,no_priority,queue_bytes_mean,5,1708.9692,682.402482633941,2735.535917366059,1026.566717366059
arm_mean,WebSearch,no_priority,queue_bytes_p95,5,0.0,0.0,0.0,0.0
arm_mean,WebSearch,no_priority,queue_bytes_p99,5,66272.0,9870.196768588961,122673.80323141103,56401.80323141104
arm_mean,WebSearch,no_priority,queue_sample_count,5,395620.0,388956.53174752527,402283.46825247473,6663.468252474718
arm_mean,WebSearch,no_priority,reactive_binding_rate_changes,5,466.6,153.7602977145325,779.4397022854675,312.8397022854675
arm_mean,WebSearch,no_priority,reactive_binding_updates,5,466.6,153.7602977145325,779.4397022854675,312.8397022854675
arm_mean,WebSearch,no_priority,recovery_nacks_generated,5,0.0,0.0,0.0,0.0
arm_mean,WebSearch,no_priority,recovery_nacks_received,5,0.0,0.0,0.0,0.0
arm_mean,WebSearch,no_priority,registrations,5,112.2,95.60159468898897,128.79840531101104,16.598405311011035
arm_mean,WebSearch,no_priority,selected_registrations,5,112.2,95.60159468898897,128.79840531101104,16.598405311011035
arm_mean,WebSearch,no_priority,tie_binding_rate_changes,5,35.6,9.442409415383572,61.75759058461643,26.15759058461643
arm_mean,WebSearch,no_priority,tie_binding_updates,5,1044.2,738.6517431306795,1349.7482568693206,305.54825686932054
arm_mean,WebSearch,no_priority,timeout_recoveries,5,0.0,0.0,0.0,0.0
arm_mean,WebSearch,no_srpt,1BDP_to_1MB_fct_us_mean,5,55.12500830684722,44.15196229550112,66.09805431819332,10.973046011346103
arm_mean,WebSearch,no_srpt,1BDP_to_1MB_fct_us_p95,5,141.06212,120.19393192357673,161.93030807642327,20.86818807642327
arm_mean,WebSearch,no_srpt,1BDP_to_1MB_fct_us_p99,5,180.611606,140.76269031104616,220.46052168895383,39.84891568895383
arm_mean,WebSearch,no_srpt,1BDP_to_1MB_flow_count,5,34.2,26.08631717495748,42.31368282504253,8.113682825042522
arm_mean,WebSearch,no_srpt,1BDP_to_1MB_slowdown_mean,5,1.2226907042766546,1.164894357248848,1.2804870513044613,0.05779634702780667
arm_mean,WebSearch,no_srpt,1BDP_to_1MB_slowdown_p95,5,1.8594272141259947,1.562039070519546,2.1568153577324436,0.2973881436064487
arm_mean,WebSearch,no_srpt,1BDP_to_1MB_slowdown_p99,5,2.484423795243546,1.9646425482565115,3.0042050422305806,0.5197812469870347
arm_mean,WebSearch,no_srpt,8KB_to_1BDP_fct_us_mean,5,10.495824474140338,10.009633541119205,10.982015407161471,0.4861909330211332
arm_mean,WebSearch,no_srpt,8KB_to_1BDP_fct_us_p95,5,15.600010000000003,15.14510195097876,16.054918049021246,0.454908049021244
arm_mean,WebSearch,no_srpt,8KB_to_1BDP_fct_us_p99,5,18.177050000000005,17.041513582562487,19.312586417437522,1.1355364174375189
arm_mean,WebSearch,no_srpt,8KB_to_1BDP_flow_count,5,92.8,84.97653142576236,100.62346857423763,7.823468574237638
arm_mean,WebSearch,no_srpt,8KB_to_1BDP_slowdown_mean,5,1.0570419729959817,1.0476566037572517,1.0664273422347117,0.00938536923872991
arm_mean,WebSearch,no_srpt,8KB_to_1BDP_slowdown_p95,5,1.325881551379076,1.2574070881678536,1.3943560145902985,0.06847446321122236
arm_mean,WebSearch,no_srpt,8KB_to_1BDP_slowdown_p99,5,1.5356027121898914,1.4508889843945743,1.6203164399852086,0.08471372779531719
arm_mean,WebSearch,no_srpt,aggregate_goodput_gbps,5,151.63444284863542,106.5357532391574,196.73313245811343,45.09868960947801
arm_mean,WebSearch,no_srpt,completion_releases,5,0.0,0.0,0.0,0.0
arm_mean,WebSearch,no_srpt,completion_span_us,5,20126.592800000002,18990.462553969548,21262.723046030456,1136.1302460304548
arm_mean,WebSearch,no_srpt,grant_binding_rate_changes,5,9.2,3.0918207685648422,15.308179231435156,6.108179231435157
arm_mean,WebSearch,no_srpt,grant_binding_updates,5,295.4,50.8322188083645,539.9677811916355,244.56778119163548
arm_mean,WebSearch,no_srpt,grant_bytes_sent,5,600453.2,341564.10787236376,859342.2921276361,258889.09212763616
arm_mean,WebSearch,no_srpt,grant_event_rate_changes,5,1637.2,226.77178925043995,3047.62821074956,1410.42821074956
arm_mean,WebSearch,no_srpt,grants_received,5,6387.8,3633.660722046424,9141.939277953577,2754.1392779535763
arm_mean,WebSearch,no_srpt,grants_sent,5,6387.8,3633.660722046424,9141.939277953577,2754.1392779535763
arm_mean,WebSearch,no_srpt,gt_1MB_fct_us_mean,5,770.5815137442474,499.83090018743445,1041.3321273010604,270.750613556813
arm_mean,WebSearch,no_srpt,gt_1MB_fct_us_p95,5,2427.29281,1374.5842452239876,3480.001374776012,1052.7085647760123
arm_mean,WebSearch,no_srpt,gt_1MB_fct_us_p99,5,3627.0199980000007,1941.6684217362813,5312.37157426372,1685.3515762637194
arm_mean,WebSearch,no_srpt,gt_1MB_flow_count,5,63.0,55.92142611508863,70.07857388491138,7.078573884911373
arm_mean,WebSearch,no_srpt,gt_1MB_slowdown_mean,5,1.5337055626376852,1.349406755841116,1.7180043694342544,0.18429880679656926
arm_mean,WebSearch,no_srpt,gt_1MB_slowdown_p95,5,2.6915776812431664,2.428888401762532,2.954266960723801,0.2626892794806344
arm_mean,WebSearch,no_srpt,gt_1MB_slowdown_p99,5,3.1312617585039626,2.7911388537331407,3.4713846632747845,0.34012290477082185
arm_mean,WebSearch,no_srpt,guard_ack_interval_packets,5,8.0,8.0,8.0,0.0
arm_mean,WebSearch,no_srpt,guard_adaptive_grant_updates,5,0.0,0.0,0.0,0.0
arm_mean,WebSearch,no_srpt,guard_fixed_window,5,1.0,1.0,1.0,0.0
arm_mean,WebSearch,no_srpt,guard_grant_refresh_bdps,5,1.0,1.0,1.0,0.0
arm_mean,WebSearch,no_srpt,guard_long_acks_suppressed,5,333353.6,219985.01121650127,446722.1887834987,113368.58878349871
arm_mean,WebSearch,no_srpt,guard_min_share_fraction,5,0.0,0.0,0.0,0.0
arm_mean,WebSearch,no_srpt,guard_one_rtt_acks_suppressed,5,2889.8,2416.563585382824,3363.0364146171764,473.2364146171763
arm_mean,WebSearch,no_srpt,guard_one_rtt_bypass_enabled,5,1.0,1.0,1.0,0.0
arm_mean,WebSearch,no_srpt,guard_one_rtt_bypass_feedbacks,5,106.8,99.22686743672108,114.37313256327892,7.573132563278918
arm_mean,WebSearch,no_srpt,guard_one_rtt_bypass_flows,5,106.8,99.22686743672108,114.37313256327892,7.573132563278918
arm_mean,WebSearch,no_srpt,guard_rebalance_events,5,0.0,0.0,0.0,0.0
arm_mean,WebSearch,no_srpt,guard_remaining_aware,5,1.0,1.0,1.0,0.0
arm_mean,WebSearch,no_srpt,guard_remaining_exponent,5,1.0,1.0,1.0,0.0
arm_mean,WebSearch,no_srpt,guard_remaining_refresh_events,5,5387.6,3353.442159618219,7421.7578403817815,2034.1578403817814
arm_mean,WebSearch,no_srpt,guard_sender_srpt_enabled,5,0.0,0.0,0.0,0.0
arm_mean,WebSearch,no_srpt,guard_sender_srpt_forced_rr,5,0.0,0.0,0.0,0.0
arm_mean,WebSearch,no_srpt,guard_sender_srpt_non_rr,5,0.0,0.0,0.0,0.0
arm_mean,WebSearch,no_srpt,guard_sender_srpt_selections,5,0.0,0.0,0.0,0.0
arm_mean,WebSearch,no_srpt,guard_srpt_quantum_packets,5,64.0,64.0,64.0,0.0
arm_mean,WebSearch,no_srpt,guard_tail_bypass_bdps,5,8.0,8.0,8.0,0.0
arm_mean,WebSearch,no_srpt,guard_tail_bypass_enabled,5,1.0,1.0,1.0,0.0
arm_mean,WebSearch,no_srpt,guard_tail_bypass_feedbacks,5,6671.8,5626.9290848144165,7716.670915185584,1044.8709151855837
arm_mean,WebSearch,no_srpt,guard_tail_bypass_flows,5,112.2,95.60159468898897,128.79840531101104,16.598405311011035
arm_mean,WebSearch,no_srpt,hpcc_actual_rate_changes,5,523.2,196.56518669460445,849.8348133053956,326.6348133053956
arm_mean,WebSearch,no_srpt,hpcc_fast_computations,5,0.0,0.0,0.0,0.0
arm_mean,WebSearch,no_srpt,hpcc_feedback_updates,5,6087.8,3337.634573101789,8837.965426898212,2750.165426898211
arm_mean,WebSearch,no_srpt,hpcc_full_computations,5,1793.0,1015.4659791389311,2570.5340208610687,777.5340208610689
arm_mean,WebSearch,no_srpt,hpcc_rate_updates_applied,5,1793.0,1015.4659791389311,2570.5340208610687,777.5340208610689
arm_mean,WebSearch,no_srpt,hpcc_valid_feedback,5,1828.4,1050.142775315178,2606.6572246848223,778.2572246848223
arm_mean,WebSearch,no_srpt,int_hops_after_strip,5,46741.2,31186.42380222574,62295.97619777425,15554.776197774258
arm_mean,WebSearch,no_srpt,int_hops_before_strip,5,94637.0,64409.137950442964,124864.86204955704,30227.862049557036
arm_mean,WebSearch,no_srpt,int_records_stripped,5,47895.8,31697.78562538792,64093.814374612084,16198.014374612081
arm_mean,WebSearch,no_srpt,irn_nacks_generated,5,0.0,0.0,0.0,0.0
arm_mean,WebSearch,no_srpt,irn_nacks_received,5,0.0,0.0,0.0,0.0
arm_mean,WebSearch,no_srpt,irn_retransmit_bytes,5,0.0,0.0,0.0,0.0
arm_mean,WebSearch,no_srpt,irn_retransmit_packets,5,0.0,0.0,0.0,0.0
arm_mean,WebSearch,no_srpt,le_8KB_fct_us_mean,5,6.884089828689371,6.275755106579613,7.492424550799129,0.6083347221097584
arm_mean,WebSearch,no_srpt,le_8KB_fct_us_p95,5,9.06817,8.895002807179093,9.241337192820907,0.17316719282090642
arm_mean,WebSearch,no_srpt,le_8KB_fct_us_p99,5,9.26131,8.937982638192175,9.584637361807825,0.32332736180782484
arm_mean,WebSearch,no_srpt,le_8KB_flow_count,5,29.0,17.653881194419263,40.34611880558074,11.346118805580735
arm_mean,WebSearch,no_srpt,le_8KB_slowdown_mean,5,1.0148666714485073,1.0069803298771418,1.0227530130198728,0.007886341571365394
arm_mean,WebSearch,no_srpt,le_8KB_slowdown_p95,5,1.061319770498881,1.0222477692519434,1.1003917717458187,0.03907200124693763
arm_mean,WebSearch,no_srpt,le_8KB_slowdown_p99,5,1.1112618127976106,1.0481281750338025,1.1743954505614187,0.06313363776380812
arm_mean,WebSearch,no_srpt,long_to_small_slowdown_mean_ratio,5,1.5109929912281337,1.333682333178558,1.6883036492777093,0.17731065804957558
arm_mean,WebSearch,no_srpt,max_active_flows,5,2.8,2.2447109789604403,3.3552890210395594,0.5552890210395597
arm_mean,WebSearch,no_srpt,overall_fct_us_mean,5,237.64440579632478,148.75469276211663,326.5341188305329,88.88971303420813
arm_mean,WebSearch,no_srpt,overall_fct_us_p95,5,1294.0945500000012,761.6989702988426,1826.4901297011597,532.3955797011586
arm_mean,WebSearch,no_srpt,overall_fct_us_p99,5,2810.860942000003,1466.1434595218682,4155.578424478138,1344.7174824781348
arm_mean,WebSearch,no_srpt,overall_flow_count,5,219.0,207.2861652685917,230.7138347314083,11.713834731408298
arm_mean,WebSearch,no_srpt,overall_slowdown_mean,5,1.2151652929754344,1.1499880465891954,1.2803425393616734,0.06517724638623905
arm_mean,WebSearch,no_srpt,overall_slowdown_p95,5,2.130023966770664,1.8179998849333605,2.442048048607967,0.3120240818373034
arm_mean,WebSearch,no_srpt,overall_slowdown_p99,5,2.9393491514988637,2.5697914551461905,3.308906847851537,0.3695576963526732
arm_mean,WebSearch,no_srpt,pfc_pause_events,5,0.0,0.0,0.0,0.0
arm_mean,WebSearch,no_srpt,pfc_resume_events,5,0.0,0.0,0.0,0.0
arm_mean,WebSearch,no_srpt,proactive_releases,5,112.2,95.60159468898897,128.79840531101104,16.598405311011035
arm_mean,WebSearch,no_srpt,queue_bytes_max,5,325474.0,250603.1802633325,400344.8197366675,74870.8197366675
arm_mean,WebSearch,no_srpt,queue_bytes_mean,5,1748.6976,766.2395800965899,2731.1556199034103,982.4580199034101
arm_mean,WebSearch,no_srpt,queue_bytes_p95,5,0.0,0.0,0.0,0.0
arm_mean,WebSearch,no_srpt,queue_bytes_p99,5,69760.0,16150.462714941663,123369.53728505834,53609.53728505834
arm_mean,WebSearch,no_srpt,queue_sample_count,5,395620.0,388956.53174752527,402283.46825247473,6663.468252474718
arm_mean,WebSearch,no_srpt,reactive_binding_rate_changes,5,477.6,174.563258555978,780.636741444022,303.036741444022
arm_mean,WebSearch,no_srpt,reactive_binding_updates,5,477.6,174.563258555978,780.636741444022,303.036741444022
arm_mean,WebSearch,no_srpt,recovery_nacks_generated,5,0.0,0.0,0.0,0.0
arm_mean,WebSearch,no_srpt,recovery_nacks_received,5,0.0,0.0,0.0,0.0
arm_mean,WebSearch,no_srpt,registrations,5,112.2,95.60159468898897,128.79840531101104,16.598405311011035
arm_mean,WebSearch,no_srpt,selected_registrations,5,112.2,95.60159468898897,128.79840531101104,16.598405311011035
arm_mean,WebSearch,no_srpt,tie_binding_rate_changes,5,36.4,12.265680054750245,60.53431994524975,24.134319945249754
arm_mean,WebSearch,no_srpt,tie_binding_updates,5,1020.0,729.4758302315613,1310.5241697684387,290.5241697684387
arm_mean,WebSearch,no_srpt,timeout_recoveries,5,0.0,0.0,0.0,0.0
arm_mean,WebSearch,no_reclaim,1BDP_to_1MB_fct_us_mean,5,50.77499920121985,40.41111530536245,61.13888309707725,10.363883895857398
arm_mean,WebSearch,no_reclaim,1BDP_to_1MB_fct_us_p95,5,118.40867999999996,99.17916072861522,137.6381992713847,19.229519271384746
arm_mean,WebSearch,no_reclaim,1BDP_to_1MB_fct_us_p99,5,159.17451599999998,106.45664154700901,211.89239045299095,52.71787445299096
arm_mean,WebSearch,no_reclaim,1BDP_to_1MB_flow_count,5,34.2,26.08631717495748,42.31368282504253,8.113682825042522
arm_mean,WebSearch,no_reclaim,1BDP_to_1MB_slowdown_mean,5,1.1315483439585388,1.0875934289629996,1.175503258954078,0.043954914995539156
arm_mean,WebSearch,no_reclaim,1BDP_to_1MB_slowdown_p95,5,1.4039755330489985,1.0858270731596578,1.7221239929383392,0.31814845988934076
arm_mean,WebSearch,no_reclaim,1BDP_to_1MB_slowdown_p99,5,1.9529734747270364,1.3025504731615187,2.603396476292554,0.6504230015655177
arm_mean,WebSearch,no_reclaim,8KB_to_1BDP_fct_us_mean,5,10.136441067587201,9.684359095421772,10.58852303975263,0.452081972165428
arm_mean,WebSearch,no_reclaim,8KB_to_1BDP_fct_us_p95,5,14.8175,14.531061534322948,15.103938465677054,0.2864384656770533
arm_mean,WebSearch,no_reclaim,8KB_to_1BDP_fct_us_p99,5,15.878538000000002,14.951698789724272,16.805377210275733,0.9268392102757309
arm_mean,WebSearch,no_reclaim,8KB_to_1BDP_flow_count,5,92.8,84.97653142576236,100.62346857423763,7.823468574237638
arm_mean,WebSearch,no_reclaim,8KB_to_1BDP_slowdown_mean,5,1.0218121878391198,1.019166356961688,1.0244580187165515,0.0026458308774318486
arm_mean,WebSearch,no_reclaim,8KB_to_1BDP_slowdown_p95,5,1.0485180923700004,1.0438436524474006,1.0531925322926001,0.0046744399225997855
arm_mean,WebSearch,no_reclaim,8KB_to_1BDP_slowdown_p99,5,1.0904217997687744,1.0260543838543672,1.1547892156831816,0.06436741591440713
arm_mean,WebSearch,no_reclaim,aggregate_goodput_gbps,5,151.63049436138655,106.53667366645502,196.7243150563181,45.09382069493153
arm_mean,WebSearch,no_reclaim,completion_releases,5,0.0,0.0,0.0,0.0
arm_mean,WebSearch,no_reclaim,completion_span_us,5,20127.1178,18987.470723012353,21266.764876987647,1139.6470769876455
arm_mean,WebSearch,no_reclaim,grant_binding_rate_changes,5,8.8,2.5668961978985827,15.033103802101419,6.233103802101418
arm_mean,WebSearch,no_reclaim,grant_binding_updates,5,290.4,48.04544426114171,532.7545557388582,242.35455573885827
arm_mean,WebSearch,no_reclaim,grant_bytes_sent,5,596956.4,339549.2189773823,854363.5810226178,257407.18102261773
arm_mean,WebSearch,no_reclaim,grant_event_rate_changes,5,1582.0,199.02568698736013,2964.97431301264,1382.9743130126399
arm_mean,WebSearch,no_reclaim,grants_received,5,6350.6,3612.22573380194,9088.97426619806,2738.3742661980605
arm_mean,WebSearch,no_reclaim,grants_sent,5,6350.6,3612.22573380194,9088.97426619806,2738.3742661980605
arm_mean,WebSearch,no_reclaim,gt_1MB_fct_us_mean,5,751.8008444485955,492.8708582721187,1010.7308306250723,258.9299861764768
arm_mean,WebSearch,no_reclaim,gt_1MB_fct_us_p95,5,2411.62263,1326.797232657059,3496.448027342941,1084.8253973429407
arm_mean,WebSearch,no_reclaim,gt_1MB_fct_us_p99,5,3731.0194,1788.2325861615764,5673.806213838424,1942.7868138384238
arm_mean,WebSearch,no_reclaim,gt_1MB_flow_count,5,63.0,55.92142611508863,70.07857388491138,7.078573884911373
arm_mean,WebSearch,no_reclaim,gt_1MB_slowdown_mean,5,1.4737550148459018,1.316486589491806,1.6310234401999975,0.1572684253540957
arm_mean,WebSearch,no_reclaim,gt_1MB_slowdown_p95,5,2.6342475474230644,2.3957002417927886,2.8727948530533403,0.23854730563027576
arm_mean,WebSearch,no_reclaim,gt_1MB_slowdown_p99,5,2.9965122269394593,2.654530165638755,3.3384942882401636,0.3419820613007043
arm_mean,WebSearch,no_reclaim,guard_ack_interval_packets,5,8.0,8.0,8.0,0.0
arm_mean,WebSearch,no_reclaim,guard_adaptive_grant_updates,5,0.0,0.0,0.0,0.0
arm_mean,WebSearch,no_reclaim,guard_fixed_window,5,1.0,1.0,1.0,0.0
arm_mean,WebSearch,no_reclaim,guard_grant_refresh_bdps,5,1.0,1.0,1.0,0.0
arm_mean,WebSearch,no_reclaim,guard_long_acks_suppressed,5,333353.6,219985.01121650127,446722.1887834987,113368.58878349871
arm_mean,WebSearch,no_reclaim,guard_min_share_fraction,5,0.0,0.0,0.0,0.0
arm_mean,WebSearch,no_reclaim,guard_one_rtt_acks_suppressed,5,2889.8,2416.563585382824,3363.0364146171764,473.2364146171763
arm_mean,WebSearch,no_reclaim,guard_one_rtt_bypass_enabled,5,1.0,1.0,1.0,0.0
arm_mean,WebSearch,no_reclaim,guard_one_rtt_bypass_feedbacks,5,106.8,99.22686743672108,114.37313256327892,7.573132563278918
arm_mean,WebSearch,no_reclaim,guard_one_rtt_bypass_flows,5,106.8,99.22686743672108,114.37313256327892,7.573132563278918
arm_mean,WebSearch,no_reclaim,guard_rebalance_events,5,0.0,0.0,0.0,0.0
arm_mean,WebSearch,no_reclaim,guard_remaining_aware,5,1.0,1.0,1.0,0.0
arm_mean,WebSearch,no_reclaim,guard_remaining_exponent,5,1.0,1.0,1.0,0.0
arm_mean,WebSearch,no_reclaim,guard_remaining_refresh_events,5,5382.2,3350.084491583755,7414.3155084162445,2032.115508416245
arm_mean,WebSearch,no_reclaim,guard_sender_srpt_enabled,5,1.0,1.0,1.0,0.0
arm_mean,WebSearch,no_reclaim,guard_sender_srpt_forced_rr,5,51.6,18.531151769225424,84.66884823077459,33.06884823077458
arm_mean,WebSearch,no_reclaim,guard_sender_srpt_non_rr,5,19662.0,8297.511649470143,31026.488350529857,11364.488350529857
arm_mean,WebSearch,no_reclaim,guard_sender_srpt_selections,5,384139.2,254436.7035814741,513841.6964185259,129702.4964185259
arm_mean,WebSearch,no_reclaim,guard_srpt_quantum_packets,5,64.0,64.0,64.0,0.0
arm_mean,WebSearch,no_reclaim,guard_tail_bypass_bdps,5,8.0,8.0,8.0,0.0
arm_mean,WebSearch,no_reclaim,guard_tail_bypass_enabled,5,1.0,1.0,1.0,0.0
arm_mean,WebSearch,no_reclaim,guard_tail_bypass_feedbacks,5,6671.8,5626.9290848144165,7716.670915185584,1044.8709151855837
arm_mean,WebSearch,no_reclaim,guard_tail_bypass_flows,5,112.2,95.60159468898897,128.79840531101104,16.598405311011035
arm_mean,WebSearch,no_reclaim,hpcc_actual_rate_changes,5,500.0,165.9889226126565,834.0110773873434,334.0110773873435
arm_mean,WebSearch,no_reclaim,hpcc_fast_computations,5,0.0,0.0,0.0,0.0
arm_mean,WebSearch,no_reclaim,hpcc_feedback_updates,5,5901.6,3280.265026795901,8522.9349732041,2621.3349732040992
arm_mean,WebSearch,no_reclaim,hpcc_full_computations,5,1800.2,1008.1943235230432,2592.205676476957,792.0056764769569
arm_mean,WebSearch,no_reclaim,hpcc_rate_updates_applied,5,1800.2,1008.1943235230432,2592.205676476957,792.0056764769569
arm_mean,WebSearch,no_reclaim,hpcc_valid_feedback,5,1835.6,1042.7051226717097,2628.4948773282904,792.8948773282902
arm_mean,WebSearch,no_reclaim,int_hops_after_strip,5,46741.2,31186.42380222574,62295.97619777425,15554.776197774258
arm_mean,WebSearch,no_reclaim,int_hops_before_strip,5,94637.0,64409.137950442964,124864.86204955704,30227.862049557036
arm_mean,WebSearch,no_reclaim,int_records_stripped,5,47895.8,31697.78562538792,64093.814374612084,16198.014374612081
arm_mean,WebSearch,no_reclaim,irn_nacks_generated,5,0.0,0.0,0.0,0.0
arm_mean,WebSearch,no_reclaim,irn_nacks_received,5,0.0,0.0,0.0,0.0
arm_mean,WebSearch,no_reclaim,irn_retransmit_bytes,5,0.0,0.0,0.0,0.0
arm_mean,WebSearch,no_reclaim,irn_retransmit_packets,5,0.0,0.0,0.0,0.0
arm_mean,WebSearch,no_reclaim,le_8KB_fct_us_mean,5,6.822020607936954,6.246677441991686,7.397363773882223,0.5753431659452687
arm_mean,WebSearch,no_reclaim,le_8KB_fct_us_p95,5,8.94398,8.797492465805707,9.090467534194293,0.14648753419429208
arm_mean,WebSearch,no_reclaim,le_8KB_fct_us_p99,5,9.003820000000001,8.830818448502157,9.176821551497845,0.1730015514978437
arm_mean,WebSearch,no_reclaim,le_8KB_flow_count,5,29.0,17.653881194419263,40.34611880558074,11.346118805580735
arm_mean,WebSearch,no_reclaim,le_8KB_slowdown_mean,5,1.0051113029530128,1.003542968936111,1.0066796369699145,0.001568334016901791
arm_mean,WebSearch,no_reclaim,le_8KB_slowdown_p95,5,1.0225200006894117,1.0176735320883938,1.0273664692904296,0.004846468601017964
arm_mean,WebSearch,no_reclaim,le_8KB_slowdown_p99,5,1.0250799126560763,1.0211542813559318,1.029005543956221,0.0039256313001446415
arm_mean,WebSearch,no_reclaim,long_to_small_slowdown_mean_ratio,5,1.4662585383425075,1.3096990758370906,1.6228180008479245,0.156559462505417
arm_mean,WebSearch,no_reclaim,max_active_flows,5,2.8,2.2447109789604403,3.3552890210395594,0.5552890210395597
arm_mean,WebSearch,no_reclaim,overall_fct_us_mean,5,231.31389245588997,145.7986368161129,316.82914809566705,85.51525563977708
arm_mean,WebSearch,no_reclaim,overall_fct_us_p95,5,1253.8503800000005,791.1225216244727,1716.5782383755284,462.72785837552783
arm_mean,WebSearch,no_reclaim,overall_fct_us_p99,5,2713.9786740000027,1328.628771943727,4099.3285760562785,1385.3499020562756
arm_mean,WebSearch,no_reclaim,overall_flow_count,5,219.0,207.2861652685917,230.7138347314083,11.713834731408298
arm_mean,WebSearch,no_reclaim,overall_slowdown_mean,5,1.1669566845711945,1.1156710243013608,1.2182423448410282,0.05128566026983372
arm_mean,WebSearch,no_reclaim,overall_slowdown_p95,5,1.9956808237418429,1.6432137896740246,2.348147857809661,0.3524670340678183
arm_mean,WebSearch,no_reclaim,overall_slowdown_p99,5,2.766518855251714,2.4558513812247598,3.077186329278668,0.3106674740269543
arm_mean,WebSearch,no_reclaim,pfc_pause_events,5,0.0,0.0,0.0,0.0
arm_mean,WebSearch,no_reclaim,pfc_resume_events,5,0.0,0.0,0.0,0.0
arm_mean,WebSearch,no_reclaim,proactive_releases,5,112.2,95.60159468898897,128.79840531101104,16.598405311011035
arm_mean,WebSearch,no_reclaim,queue_bytes_max,5,315010.0,245227.11516412726,384792.88483587274,69782.88483587273
arm_mean,WebSearch,no_reclaim,queue_bytes_mean,5,1671.2612000000001,672.9315477551002,2669.5908522449,998.3296522449
arm_mean,WebSearch,no_reclaim,queue_bytes_p95,5,0.0,0.0,0.0,0.0
arm_mean,WebSearch,no_reclaim,queue_bytes_p99,5,64164.0,9394.75093784833,118933.24906215168,54769.24906215167
arm_mean,WebSearch,no_reclaim,queue_sample_count,5,395620.0,388956.53174752527,402283.46825247473,6663.468252474718
arm_mean,WebSearch,no_reclaim,reactive_binding_rate_changes,5,457.0,149.7251617508386,764.2748382491613,307.2748382491614
arm_mean,WebSearch,no_reclaim,reactive_binding_updates,5,457.0,149.7251617508386,764.2748382491613,307.2748382491614
arm_mean,WebSearch,no_reclaim,recovery_nacks_generated,5,0.0,0.0,0.0,0.0
arm_mean,WebSearch,no_reclaim,recovery_nacks_received,5,0.0,0.0,0.0,0.0
arm_mean,WebSearch,no_reclaim,registrations,5,112.2,95.60159468898897,128.79840531101104,16.598405311011035
arm_mean,WebSearch,no_reclaim,selected_registrations,5,112.2,95.60159468898897,128.79840531101104,16.598405311011035
arm_mean,WebSearch,no_reclaim,tie_binding_rate_changes,5,34.2,5.354352100364167,63.04564789963584,28.845647899635836
arm_mean,WebSearch,no_reclaim,tie_binding_updates,5,1052.8,741.9417863859208,1363.6582136140792,310.85821361407926
arm_mean,WebSearch,no_reclaim,timeout_recoveries,5,0.0,0.0,0.0,0.0
arm_mean,WebSearch,no_one_rtt,1BDP_to_1MB_fct_us_mean,5,50.88042192443997,40.51183716239152,61.24900668648842,10.36858476204845
arm_mean,WebSearch,no_one_rtt,1BDP_to_1MB_fct_us_p95,5,121.71421999999998,96.49082478462756,146.9376152153724,25.223395215372427
arm_mean,WebSearch,no_one_rtt,1BDP_to_1MB_fct_us_p99,5,158.96434399999998,105.89798200778723,212.03070599221275,53.06636199221275
arm_mean,WebSearch,no_one_rtt,1BDP_to_1MB_flow_count,5,34.2,26.08631717495748,42.31368282504253,8.113682825042522
arm_mean,WebSearch,no_one_rtt,1BDP_to_1MB_slowdown_mean,5,1.132281089424732,1.0883425276065513,1.1762196512429126,0.043938561818180594
arm_mean,WebSearch,no_one_rtt,1BDP_to_1MB_slowdown_p95,5,1.43790175652809,1.1010592068808247,1.7747443061753554,0.33684254964726534
arm_mean,WebSearch,no_one_rtt,1BDP_to_1MB_slowdown_p99,5,1.9521990546772034,1.2963946061022171,2.6080035032521898,0.6558044485749862
arm_mean,WebSearch,no_one_rtt,8KB_to_1BDP_fct_us_mean,5,10.14047039395713,9.688041680026984,10.592899107887277,0.4524287139301464
arm_mean,WebSearch,no_one_rtt,8KB_to_1BDP_fct_us_p95,5,14.815520000000001,14.530854783103441,15.100185216896561,0.2846652168965603
arm_mean,WebSearch,no_one_rtt,8KB_to_1BDP_fct_us_p99,5,15.901112000000001,15.001209470068641,16.80101452993136,0.8999025299313596
arm_mean,WebSearch,no_one_rtt,8KB_to_1BDP_flow_count,5,92.8,84.97653142576236,100.62346857423763,7.823468574237638
arm_mean,WebSearch,no_one_rtt,8KB_to_1BDP_slowdown_mean,5,1.022173708287629,1.0194805499069612,1.0248668666682967,0.0026931583806676946
arm_mean,WebSearch,no_one_rtt,8KB_to_1BDP_slowdown_p95,5,1.0487589607796948,1.043499628375347,1.0540182931840425,0.0052593324043477396
arm_mean,WebSearch,no_one_rtt,8KB_to_1BDP_slowdown_p99,5,1.0874693705227545,1.0264864965308302,1.1484522445146788,0.060982873991924175
arm_mean,WebSearch,no_one_rtt,aggregate_goodput_gbps,5,151.63080161846003,106.5369876075807,196.72461562933935,45.09381401087933
arm_mean,WebSearch,no_one_rtt,completion_releases,5,0.0,0.0,0.0,0.0
arm_mean,WebSearch,no_one_rtt,completion_span_us,5,20127.074,18987.557589992095,21266.590410007906,1139.516410007907
arm_mean,WebSearch,no_one_rtt,grant_binding_rate_changes,5,9.4,2.4533365661760422,16.34666343382396,6.946663433823958
arm_mean,WebSearch,no_one_rtt,grant_binding_updates,5,291.8,46.88606477511513,536.7139352248848,244.91393522488488
arm_mean,WebSearch,no_one_rtt,grant_bytes_sent,5,596768.4,339233.4684563002,854303.3315436998,257534.93154369984
arm_mean,WebSearch,no_one_rtt,grant_event_rate_changes,5,1577.8,188.78904980630227,2966.810950193698,1389.0109501936977
arm_mean,WebSearch,no_one_rtt,grants_received,5,6348.6,3608.8666857053213,9088.33331429468,2739.733314294679
arm_mean,WebSearch,no_one_rtt,grants_sent,5,6348.6,3608.8666857053213,9088.33331429468,2739.733314294679
arm_mean,WebSearch,no_one_rtt,gt_1MB_fct_us_mean,5,751.4637027450559,492.9454957519113,1009.9819097382006,258.5182069931446
arm_mean,WebSearch,no_one_rtt,gt_1MB_fct_us_p95,5,2396.12067,1323.1566794969212,3469.0846605030783,1072.9639905030785
arm_mean,WebSearch,no_one_rtt,gt_1MB_fct_us_p99,5,3727.2915080000007,1786.1674634316287,5668.415552568373,1941.124044568372
arm_mean,WebSearch,no_one_rtt,gt_1MB_flow_count,5,63.0,55.92142611508863,70.07857388491138,7.078573884911373
arm_mean,WebSearch,no_one_rtt,gt_1MB_slowdown_mean,5,1.4732050836511479,1.3146260141840997,1.631784153118196,0.15857906946704822
arm_mean,WebSearch,no_one_rtt,gt_1MB_slowdown_p95,5,2.6296598786601058,2.3853992715435277,2.873920485776684,0.244260607116578
arm_mean,WebSearch,no_one_rtt,gt_1MB_slowdown_p99,5,3.001295183191089,2.611962873943785,3.3906274924383926,0.3893323092473039
arm_mean,WebSearch,no_one_rtt,guard_ack_interval_packets,5,8.0,8.0,8.0,0.0
arm_mean,WebSearch,no_one_rtt,guard_adaptive_grant_updates,5,0.0,0.0,0.0,0.0
arm_mean,WebSearch,no_one_rtt,guard_fixed_window,5,1.0,1.0,1.0,0.0
arm_mean,WebSearch,no_one_rtt,guard_grant_refresh_bdps,5,1.0,1.0,1.0,0.0
arm_mean,WebSearch,no_one_rtt,guard_long_acks_suppressed,5,335833.6,222346.47700265615,449320.7229973438,113487.12299734385
arm_mean,WebSearch,no_one_rtt,guard_min_share_fraction,5,0.0,0.0,0.0,0.0
arm_mean,WebSearch,no_one_rtt,guard_one_rtt_acks_suppressed,5,0.0,0.0,0.0,0.0
arm_mean,WebSearch,no_one_rtt,guard_one_rtt_bypass_enabled,5,0.0,0.0,0.0,0.0
arm_mean,WebSearch,no_one_rtt,guard_one_rtt_bypass_feedbacks,5,0.0,0.0,0.0,0.0
arm_mean,WebSearch,no_one_rtt,guard_one_rtt_bypass_flows,5,0.0,0.0,0.0,0.0
arm_mean,WebSearch,no_one_rtt,guard_rebalance_events,5,0.0,0.0,0.0,0.0
arm_mean,WebSearch,no_one_rtt,guard_remaining_aware,5,1.0,1.0,1.0,0.0
arm_mean,WebSearch,no_one_rtt,guard_remaining_exponent,5,1.0,1.0,1.0,0.0
arm_mean,WebSearch,no_one_rtt,guard_remaining_refresh_events,5,5382.4,3350.817118224655,7413.982881775344,2031.5828817753443
arm_mean,WebSearch,no_one_rtt,guard_sender_srpt_enabled,5,1.0,1.0,1.0,0.0
arm_mean,WebSearch,no_one_rtt,guard_sender_srpt_forced_rr,5,50.0,16.223087493345865,83.77691250665413,33.776912506654135
arm_mean,WebSearch,no_one_rtt,guard_sender_srpt_non_rr,5,19829.2,8217.109781420893,31441.29021857911,11612.090218579107
arm_mean,WebSearch,no_one_rtt,guard_sender_srpt_selections,5,384139.2,254436.7035814741,513841.6964185259,129702.4964185259
arm_mean,WebSearch,no_one_rtt,guard_srpt_quantum_packets,5,64.0,64.0,64.0,0.0
arm_mean,WebSearch,no_one_rtt,guard_tail_bypass_bdps,5,8.0,8.0,8.0,0.0
arm_mean,WebSearch,no_one_rtt,guard_tail_bypass_enabled,5,1.0,1.0,1.0,0.0
arm_mean,WebSearch,no_one_rtt,guard_tail_bypass_feedbacks,5,6671.8,5626.9290848144165,7716.670915185584,1044.8709151855837
arm_mean,WebSearch,no_one_rtt,guard_tail_bypass_flows,5,112.2,95.60159468898897,128.79840531101104,16.598405311011035
arm_mean,WebSearch,no_one_rtt,hpcc_actual_rate_changes,5,502.2,165.21298564233274,839.1870143576673,336.98701435766725
arm_mean,WebSearch,no_one_rtt,hpcc_fast_computations,5,0.0,0.0,0.0,0.0
arm_mean,WebSearch,no_one_rtt,hpcc_feedback_updates,5,6009.8,3390.475377289387,8629.124622710613,2619.3246227106133
arm_mean,WebSearch,no_one_rtt,hpcc_full_computations,5,1801.4,1009.6716672736751,2593.128332726325,791.728332726325
arm_mean,WebSearch,no_one_rtt,hpcc_rate_updates_applied,5,1801.4,1009.6716672736751,2593.128332726325,791.728332726325
arm_mean,WebSearch,no_one_rtt,hpcc_valid_feedback,5,1903.2,1105.7305311439527,2700.6694688560474,797.4694688560473
arm_mean,WebSearch,no_one_rtt,int_hops_after_strip,5,47323.2,31701.24028280034,62945.159717199655,15621.959717199657
arm_mean,WebSearch,no_one_rtt,int_hops_before_strip,5,95628.8,65320.76483261083,125936.83516738917,30308.035167389167
arm_mean,WebSearch,no_one_rtt,int_records_stripped,5,48305.6,32090.22136143571,64520.97863856429,16215.378638564287
arm_mean,WebSearch,no_one_rtt,irn_nacks_generated,5,0.0,0.0,0.0,0.0
arm_mean,WebSearch,no_one_rtt,irn_nacks_received,5,0.0,0.0,0.0,0.0
arm_mean,WebSearch,no_one_rtt,irn_retransmit_bytes,5,0.0,0.0,0.0,0.0
arm_mean,WebSearch,no_one_rtt,irn_retransmit_packets,5,0.0,0.0,0.0,0.0
arm_mean,WebSearch,no_one_rtt,le_8KB_fct_us_mean,5,6.826047268974575,6.248312170069703,7.403782367879447,0.5777350989048728
arm_mean,WebSearch,no_one_rtt,le_8KB_fct_us_p95,5,8.9505,8.809703562813167,9.091296437186832,0.14079643718683274
arm_mean,WebSearch,no_one_rtt,le_8KB_fct_us_p99,5,9.025026,8.86009956691687,9.18995243308313,0.16492643308313007
arm_mean,WebSearch,no_one_rtt,le_8KB_flow_count,5,29.0,17.653881194419263,40.34611880558074,11.346118805580735
arm_mean,WebSearch,no_one_rtt,le_8KB_slowdown_mean,5,1.0055822371045637,1.0040471057373475,1.00711736847178,0.0015351313672163443
arm_mean,WebSearch,no_one_rtt,le_8KB_slowdown_p95,5,1.0235869567960685,1.0195303115589862,1.0276436020331507,0.004056645237082214
arm_mean,WebSearch,no_one_rtt,le_8KB_slowdown_p99,5,1.0266386043319062,1.0220508210080284,1.0312263876557841,0.0045877833238777916
arm_mean,WebSearch,no_one_rtt,long_to_small_slowdown_mean_ratio,5,1.4650059436401872,1.3075477762917163,1.6224641109886582,0.15745816734847098
arm_mean,WebSearch,no_one_rtt,max_active_flows,5,2.8,2.2447109789604403,3.3552890210395594,0.5552890210395597
arm_mean,WebSearch,no_one_rtt,overall_fct_us_mean,5,231.2348075850676,145.81494733229124,316.654667837844,85.41986025277636
arm_mean,WebSearch,no_one_rtt,overall_fct_us_p95,5,1250.8394900000008,794.1316586329668,1707.5473213670348,456.7078313670339
arm_mean,WebSearch,no_one_rtt,overall_fct_us_p99,5,2707.849260000003,1326.4324706959665,4089.26604930404,1381.4167893040367
arm_mean,WebSearch,no_one_rtt,overall_flow_count,5,219.0,207.2861652685917,230.7138347314083,11.713834731408298
arm_mean,WebSearch,no_one_rtt,overall_slowdown_mean,5,1.1671165121515594,1.1153454581610394,1.2188875661420795,0.05177105399052007
arm_mean,WebSearch,no_one_rtt,overall_slowdown_p95,5,1.9911725003095995,1.6304090210645896,2.351935979554609,0.3607634792450098
arm_mean,WebSearch,no_one_rtt,overall_slowdown_p99,5,2.7366912299505475,2.425822402033826,3.047560057867269,0.3108688279167215
arm_mean,WebSearch,no_one_rtt,pfc_pause_events,5,0.0,0.0,0.0,0.0
arm_mean,WebSearch,no_one_rtt,pfc_resume_events,5,0.0,0.0,0.0,0.0
arm_mean,WebSearch,no_one_rtt,proactive_releases,5,112.2,95.60159468898897,128.79840531101104,16.598405311011035
arm_mean,WebSearch,no_one_rtt,queue_bytes_max,5,319588.0,243432.7655902168,395743.2344097832,76155.2344097832
arm_mean,WebSearch,no_one_rtt,queue_bytes_mean,5,1677.5438000000001,663.4124259775874,2691.6751740224126,1014.1313740224127
arm_mean,WebSearch,no_one_rtt,queue_bytes_p95,5,0.0,0.0,0.0,0.0
arm_mean,WebSearch,no_one_rtt,queue_bytes_p99,5,64528.0,8952.275953149307,120103.7240468507,55575.72404685069
arm_mean,WebSearch,no_one_rtt,queue_sample_count,5,395620.0,388956.53174752527,402283.46825247473,6663.468252474718
arm_mean,WebSearch,no_one_rtt,reactive_binding_rate_changes,5,458.8,148.548688782155,769.0513112178451,310.251311217845
arm_mean,WebSearch,no_one_rtt,reactive_binding_updates,5,458.8,148.548688782155,769.0513112178451,310.251311217845
arm_mean,WebSearch,no_one_rtt,recovery_nacks_generated,5,0.0,0.0,0.0,0.0
arm_mean,WebSearch,no_one_rtt,recovery_nacks_received,5,0.0,0.0,0.0,0.0
arm_mean,WebSearch,no_one_rtt,registrations,5,112.2,95.60159468898897,128.79840531101104,16.598405311011035
arm_mean,WebSearch,no_one_rtt,selected_registrations,5,112.2,95.60159468898897,128.79840531101104,16.598405311011035
arm_mean,WebSearch,no_one_rtt,tie_binding_rate_changes,5,34.0,4.577540797709375,63.422459202290625,29.422459202290625
arm_mean,WebSearch,no_one_rtt,tie_binding_updates,5,1050.8,742.3128339178243,1359.2871660821756,308.4871660821757
arm_mean,WebSearch,no_one_rtt,timeout_recoveries,5,0.0,0.0,0.0,0.0
arm_mean,WebSearch,no_tail,1BDP_to_1MB_fct_us_mean,5,53.534513334172686,40.56781564306193,66.50121102528345,12.96669769111076
arm_mean,WebSearch,no_tail,1BDP_to_1MB_fct_us_p95,5,133.26365999999993,90.67031362225799,175.85700637774187,42.59334637774194
arm_mean,WebSearch,no_tail,1BDP_to_1MB_fct_us_p99,5,180.59867599999998,87.75320820277442,273.44414379722554,92.84546779722557
arm_mean,WebSearch,no_tail,1BDP_to_1MB_flow_count,5,34.2,26.08631717495748,42.31368282504253,8.113682825042522
arm_mean,WebSearch,no_tail,1BDP_to_1MB_slowdown_mean,5,1.1732268394357515,1.0902968754547626,1.2561568034167403,0.08292996398098886
arm_mean,WebSearch,no_tail,1BDP_to_1MB_slowdown_p95,5,1.5462903541733823,1.073362902815305,2.0192178055314596,0.4729274513580772
arm_mean,WebSearch,no_tail,1BDP_to_1MB_slowdown_p99,5,2.380007287378698,1.1976770328159965,3.5623375419413996,1.1823302545627017
arm_mean,WebSearch,no_tail,8KB_to_1BDP_fct_us_mean,5,10.139653961408788,9.687555770799802,10.591752152017774,0.45209819060898576
arm_mean,WebSearch,no_tail,8KB_to_1BDP_fct_us_p95,5,14.810590000000001,14.545651414089814,15.075528585910188,0.2649385859101869
arm_mean,WebSearch,no_tail,8KB_to_1BDP_fct_us_p99,5,15.878032000000001,14.953110473654899,16.802953526345103,0.9249215263451017
arm_mean,WebSearch,no_tail,8KB_to_1BDP_flow_count,5,92.8,84.97653142576236,100.62346857423763,7.823468574237638
arm_mean,WebSearch,no_tail,8KB_to_1BDP_slowdown_mean,5,1.022102413368675,1.0195392873608606,1.0246655393764892,0.0025631260078143154
arm_mean,WebSearch,no_tail,8KB_to_1BDP_slowdown_p95,5,1.049668997855816,1.0451324645797058,1.0542055311319263,0.00453653327611027
arm_mean,WebSearch,no_tail,8KB_to_1BDP_slowdown_p99,5,1.0920378944193767,1.0290760748309935,1.15499971400776,0.06296181958838318
arm_mean,WebSearch,no_tail,aggregate_goodput_gbps,5,151.63277867021662,106.53842986875924,196.727127471674,45.09434880145739
arm_mean,WebSearch,no_tail,completion_releases,5,0.0,0.0,0.0,0.0
arm_mean,WebSearch,no_tail,completion_span_us,5,20126.8106,18987.683155998035,21265.938044001967,1139.1274440019647
arm_mean,WebSearch,no_tail,grant_binding_rate_changes,5,15.4,5.13841514253596,25.661584857464042,10.26158485746404
arm_mean,WebSearch,no_tail,grant_binding_updates,5,334.6,63.59193425586545,605.6080657441346,271.00806574413457
arm_mean,WebSearch,no_tail,grant_bytes_sent,5,598385.2,341453.4830192004,855316.9169807995,256931.71698079954
arm_mean,WebSearch,no_tail,grant_event_rate_changes,5,1588.2,218.58821280489747,2957.8117871951026,1369.6117871951026
arm_mean,WebSearch,no_tail,grants_received,5,6365.8,3632.483861906388,9099.116138093612,2733.316138093612
arm_mean,WebSearch,no_tail,grants_sent,5,6365.8,3632.483861906388,9099.116138093612,2733.316138093612
arm_mean,WebSearch,no_tail,gt_1MB_fct_us_mean,5,762.1869434494015,498.06360794331715,1026.310278955486,264.12333550608435
arm_mean,WebSearch,no_tail,gt_1MB_fct_us_p95,5,2461.87786,1378.9306858250086,3544.8250341749917,1082.9471741749915
arm_mean,WebSearch,no_tail,gt_1MB_fct_us_p99,5,3731.420986,1790.407833837355,5672.4341381626455,1941.0131521626452
arm_mean,WebSearch,no_tail,gt_1MB_flow_count,5,63.0,55.92142611508863,70.07857388491138,7.078573884911373
arm_mean,WebSearch,no_tail,gt_1MB_slowdown_mean,5,1.5124607010522462,1.32035354444614,1.7045678576583523,0.192107156606106
arm_mean,WebSearch,no_tail,gt_1MB_slowdown_p95,5,2.901225481726823,2.47292496695153,3.3295259965021162,0.4283005147752932
arm_mean,WebSearch,no_tail,gt_1MB_slowdown_p99,5,3.3979847950041595,2.689961171445782,4.106008418562537,0.7080236235583776
arm_mean,WebSearch,no_tail,guard_ack_interval_packets,5,8.0,8.0,8.0,0.0
arm_mean,WebSearch,no_tail,guard_adaptive_grant_updates,5,0.0,0.0,0.0,0.0
arm_mean,WebSearch,no_tail,guard_fixed_window,5,1.0,1.0,1.0,0.0
arm_mean,WebSearch,no_tail,guard_grant_refresh_bdps,5,1.0,1.0,1.0,0.0
arm_mean,WebSearch,no_tail,guard_long_acks_suppressed,5,333353.6,219985.01121650127,446722.1887834987,113368.58878349871
arm_mean,WebSearch,no_tail,guard_min_share_fraction,5,0.0,0.0,0.0,0.0
arm_mean,WebSearch,no_tail,guard_one_rtt_acks_suppressed,5,2889.8,2416.563585382824,3363.0364146171764,473.2364146171763
arm_mean,WebSearch,no_tail,guard_one_rtt_bypass_enabled,5,1.0,1.0,1.0,0.0
arm_mean,WebSearch,no_tail,guard_one_rtt_bypass_feedbacks,5,106.8,99.22686743672108,114.37313256327892,7.573132563278918
arm_mean,WebSearch,no_tail,guard_one_rtt_bypass_flows,5,106.8,99.22686743672108,114.37313256327892,7.573132563278918
arm_mean,WebSearch,no_tail,guard_rebalance_events,5,0.0,0.0,0.0,0.0
arm_mean,WebSearch,no_tail,guard_remaining_aware,5,1.0,1.0,1.0,0.0
arm_mean,WebSearch,no_tail,guard_remaining_exponent,5,1.0,1.0,1.0,0.0
arm_mean,WebSearch,no_tail,guard_remaining_refresh_events,5,5385.0,3351.8638274559,7418.1361725441,2033.1361725441004
arm_mean,WebSearch,no_tail,guard_sender_srpt_enabled,5,1.0,1.0,1.0,0.0
arm_mean,WebSearch,no_tail,guard_sender_srpt_forced_rr,5,53.4,20.145187428200927,86.65481257179907,33.25481257179907
arm_mean,WebSearch,no_tail,guard_sender_srpt_non_rr,5,19282.4,8230.278878094261,30334.521121905742,11052.12112190574
arm_mean,WebSearch,no_tail,guard_sender_srpt_selections,5,384139.2,254436.7035814741,513841.6964185259,129702.4964185259
arm_mean,WebSearch,no_tail,guard_srpt_quantum_packets,5,64.0,64.0,64.0,0.0
arm_mean,WebSearch,no_tail,guard_tail_bypass_bdps,5,8.0,8.0,8.0,0.0
arm_mean,WebSearch,no_tail,guard_tail_bypass_enabled,5,0.0,0.0,0.0,0.0
arm_mean,WebSearch,no_tail,guard_tail_bypass_feedbacks,5,0.0,0.0,0.0,0.0
arm_mean,WebSearch,no_tail,guard_tail_bypass_flows,5,0.0,0.0,0.0,0.0
arm_mean,WebSearch,no_tail,hpcc_actual_rate_changes,5,625.2,216.82711180524257,1033.5728881947575,408.3728881947575
arm_mean,WebSearch,no_tail,hpcc_fast_computations,5,0.0,0.0,0.0,0.0
arm_mean,WebSearch,no_tail,hpcc_feedback_updates,5,6677.6,4026.313618581988,9328.886381418013,2651.2863814180123
arm_mean,WebSearch,no_tail,hpcc_full_computations,5,2145.8,1317.4563621830657,2974.1436378169346,828.3436378169346
arm_mean,WebSearch,no_tail,hpcc_rate_updates_applied,5,2145.8,1317.4563621830657,2974.1436378169346,828.3436378169346
arm_mean,WebSearch,no_tail,hpcc_valid_feedback,5,2196.4,1363.567537174365,3029.232462825635,832.8324628256352
arm_mean,WebSearch,no_tail,int_hops_after_strip,5,46741.2,31186.42380222574,62295.97619777425,15554.776197774258
arm_mean,WebSearch,no_tail,int_hops_before_strip,5,94637.0,64409.137950442964,124864.86204955704,30227.862049557036
arm_mean,WebSearch,no_tail,int_records_stripped,5,47895.8,31697.78562538792,64093.814374612084,16198.014374612081
arm_mean,WebSearch,no_tail,irn_nacks_generated,5,0.0,0.0,0.0,0.0
arm_mean,WebSearch,no_tail,irn_nacks_received,5,0.0,0.0,0.0,0.0
arm_mean,WebSearch,no_tail,irn_retransmit_bytes,5,0.0,0.0,0.0,0.0
arm_mean,WebSearch,no_tail,irn_retransmit_packets,5,0.0,0.0,0.0,0.0
arm_mean,WebSearch,no_tail,le_8KB_fct_us_mean,5,6.823553769772023,6.251268848431318,7.395838691112729,0.5722849213407061
arm_mean,WebSearch,no_tail,le_8KB_fct_us_p95,5,8.95018,8.81001668432842,9.090343315671578,0.14016331567157844
arm_mean,WebSearch,no_tail,le_8KB_fct_us_p99,5,9.013286,8.848083855200121,9.17848814479988,0.16520214479987994
arm_mean,WebSearch,no_tail,le_8KB_flow_count,5,29.0,17.653881194419263,40.34611880558074,11.346118805580735
arm_mean,WebSearch,no_tail,le_8KB_slowdown_mean,5,1.0054293153456535,1.0038496103189734,1.0070090203723336,0.001579705026680174
arm_mean,WebSearch,no_tail,le_8KB_slowdown_p95,5,1.022466385287268,1.0175816005849778,1.027351169989558,0.00488478470229009
arm_mean,WebSearch,no_tail,le_8KB_slowdown_p99,5,1.0260120967892523,1.021559861284551,1.0304643322939537,0.004452235504701349
arm_mean,WebSearch,no_tail,long_to_small_slowdown_mean_ratio,5,1.5042521804777986,1.3135996795456109,1.6949046814099864,0.19065250093218786
arm_mean,WebSearch,no_tail,max_active_flows,5,2.8,2.2447109789604403,3.3552890210395594,0.5552890210395597
arm_mean,WebSearch,no_tail,overall_fct_us_mean,5,234.7586765862199,147.55426037243706,321.96309280000276,87.20441621378284
arm_mean,WebSearch,no_tail,overall_fct_us_p95,5,1268.1466500000006,796.7526597404042,1739.540640259597,471.3939902595965
arm_mean,WebSearch,no_tail,overall_fct_us_p99,5,2738.2568880000026,1353.9062712725465,4122.607504727459,1384.350616727456
arm_mean,WebSearch,no_tail,overall_flow_count,5,219.0,207.2861652685917,230.7138347314083,11.713834731408298
arm_mean,WebSearch,no_tail,overall_slowdown_mean,5,1.1850865095448522,1.117813896321579,1.2523591227681254,0.06727261322327321
arm_mean,WebSearch,no_tail,overall_slowdown_p95,5,2.036142292327316,1.6403353108890155,2.4319492737656168,0.3958069814383005
arm_mean,WebSearch,no_tail,overall_slowdown_p99,5,3.089250748611322,2.5043166574570135,3.6741848397656307,0.5849340911543084
arm_mean,WebSearch,no_tail,pfc_pause_events,5,0.0,0.0,0.0,0.0
arm_mean,WebSearch,no_tail,pfc_resume_events,5,0.0,0.0,0.0,0.0
arm_mean,WebSearch,no_tail,proactive_releases,5,112.2,95.60159468898897,128.79840531101104,16.598405311011035
arm_mean,WebSearch,no_tail,queue_bytes_max,5,361662.0,248017.94932691468,475306.0506730853,113644.05067308532
arm_mean,WebSearch,no_tail,queue_bytes_mean,5,1837.85,666.4971988337059,3009.202801166294,1171.352801166294
arm_mean,WebSearch,no_tail,queue_bytes_p95,5,0.0,0.0,0.0,0.0
arm_mean,WebSearch,no_tail,queue_bytes_p99,5,67798.0,10294.63635415613,125301.36364584387,57503.36364584387
arm_mean,WebSearch,no_tail,queue_sample_count,5,395620.0,388956.53174752527,402283.46825247473,6663.468252474718
arm_mean,WebSearch,no_tail,reactive_binding_rate_changes,5,560.6,189.89560395208525,931.3043960479148,370.70439604791477
arm_mean,WebSearch,no_tail,reactive_binding_updates,5,560.6,189.89560395208525,931.3043960479148,370.70439604791477
arm_mean,WebSearch,no_tail,recovery_nacks_generated,5,0.0,0.0,0.0,0.0
arm_mean,WebSearch,no_tail,recovery_nacks_received,5,0.0,0.0,0.0,0.0
arm_mean,WebSearch,no_tail,registrations,5,112.2,95.60159468898897,128.79840531101104,16.598405311011035
arm_mean,WebSearch,no_tail,selected_registrations,5,112.2,95.60159468898897,128.79840531101104,16.598405311011035
arm_mean,WebSearch,no_tail,tie_binding_rate_changes,5,49.2,12.215916956195144,86.18408304380486,36.98408304380486
arm_mean,WebSearch,no_tail,tie_binding_updates,5,1250.6,982.7117477461909,1518.488252253809,267.888252253809
arm_mean,WebSearch,no_tail,timeout_recoveries,5,0.0,0.0,0.0,0.0
arm_mean,WebSearch,no_remaining,1BDP_to_1MB_fct_us_mean,5,57.915890088970954,44.56198114284784,71.26979903509407,13.353908946123116
arm_mean,WebSearch,no_remaining,1BDP_to_1MB_fct_us_p95,5,157.85891999999998,112.91038082973498,202.807459170265,44.94853917026501
arm_mean,WebSearch,no_remaining,1BDP_to_1MB_fct_us_p99,5,207.11504799999997,165.22276766371863,249.00732833628132,41.89228033628136
arm_mean,WebSearch,no_remaining,1BDP_to_1MB_flow_count,5,34.2,26.08631717495748,42.31368282504253,8.113682825042522
arm_mean,WebSearch,no_remaining,1BDP_to_1MB_slowdown_mean,5,1.2468941354135157,1.1194922578985793,1.374296012928452,0.12740187751493642
arm_mean,WebSearch,no_remaining,1BDP_to_1MB_slowdown_p95,5,1.9707093357100323,1.422474052864065,2.5189446185559996,0.5482352828459673
arm_mean,WebSearch,no_remaining,1BDP_to_1MB_slowdown_p99,5,2.5945722298749607,2.022460102142074,3.1666843576078474,0.5721121277328866
arm_mean,WebSearch,no_remaining,8KB_to_1BDP_fct_us_mean,5,10.143953676124303,9.704904720035595,10.583002632213011,0.43904895608870786
arm_mean,WebSearch,no_remaining,8KB_to_1BDP_fct_us_p95,5,14.82012,14.53917700676058,15.101062993239418,0.28094299323941885
arm_mean,WebSearch,no_remaining,8KB_to_1BDP_fct_us_p99,5,15.810690000000003,15.135810941173034,16.48556905882697,0.6748790588269695
arm_mean,WebSearch,no_remaining,8KB_to_1BDP_flow_count,5,92.8,84.97653142576236,100.62346857423763,7.823468574237638
arm_mean,WebSearch,no_remaining,8KB_to_1BDP_slowdown_mean,5,1.0225912836987656,1.0210396244155469,1.0241429429819844,0.0015516592832187893
arm_mean,WebSearch,no_remaining,8KB_to_1BDP_slowdown_p95,5,1.0483547276160752,1.046014204304728,1.0506952509274223,0.0023405233113471357
arm_mean,WebSearch,no_remaining,8KB_to_1BDP_slowdown_p99,5,1.1228065154817983,1.0591459698562562,1.1864670611073405,0.06366054562554219
arm_mean,WebSearch,no_remaining,aggregate_goodput_gbps,5,151.63879851445728,106.54390983720202,196.73368719171253,45.094888677255256
arm_mean,WebSearch,no_remaining,completion_releases,5,0.0,0.0,0.0,0.0
arm_mean,WebSearch,no_remaining,completion_span_us,5,20126.0022,18987.569406838404,21264.434993161594,1138.432793161597
arm_mean,WebSearch,no_remaining,grant_binding_rate_changes,5,16.6,2.3722425763452417,30.82775742365476,14.22775742365476
arm_mean,WebSearch,no_remaining,grant_binding_updates,5,333.2,57.087594471955356,609.3124055280446,276.11240552804463
arm_mean,WebSearch,no_remaining,grant_bytes_sent,5,14382.0,10540.096957435784,18223.903042564216,3841.903042564217
arm_mean,WebSearch,no_remaining,grant_event_rate_changes,5,52.6,12.977492078358672,92.22250792164132,39.62250792164133
arm_mean,WebSearch,no_remaining,grants_received,5,153.0,112.12869103655089,193.8713089634491,40.87130896344911
arm_mean,WebSearch,no_remaining,grants_sent,5,153.0,112.12869103655089,193.8713089634491,40.87130896344911
arm_mean,WebSearch,no_remaining,gt_1MB_fct_us_mean,5,764.9188701442918,487.6246705896318,1042.2130696989516,277.29419955465994
arm_mean,WebSearch,no_remaining,gt_1MB_fct_us_p95,5,2463.6954499999997,1274.632482988676,3652.758417011323,1189.0629670113237
arm_mean,WebSearch,no_remaining,gt_1MB_fct_us_p99,5,3741.2574000000013,1682.5354296665737,5799.979370333429,2058.7219703334276
arm_mean,WebSearch,no_remaining,gt_1MB_flow_count,5,63.0,55.92142611508863,70.07857388491138,7.078573884911373
arm_mean,WebSearch,no_remaining,gt_1MB_slowdown_mean,5,1.5247087175142935,1.336648561314522,1.712768873714065,0.1880601561997714
arm_mean,WebSearch,no_remaining,gt_1MB_slowdown_p95,5,2.7306906699464255,2.4536151644421533,3.0077661754506977,0.2770755055042721
arm_mean,WebSearch,no_remaining,gt_1MB_slowdown_p99,5,3.0218950367617543,2.7828041442867595,3.260985929236749,0.23909089247499463
arm_mean,WebSearch,no_remaining,guard_ack_interval_packets,5,8.0,8.0,8.0,0.0
arm_mean,WebSearch,no_remaining,guard_adaptive_grant_updates,5,2.0,-1.5119561323403379,5.511956132340337,3.511956132340338
arm_mean,WebSearch,no_remaining,guard_fixed_window,5,1.0,1.0,1.0,0.0
arm_mean,WebSearch,no_remaining,guard_grant_refresh_bdps,5,1.0,1.0,1.0,0.0
arm_mean,WebSearch,no_remaining,guard_long_acks_suppressed,5,333353.6,219985.01121650127,446722.1887834987,113368.58878349871
arm_mean,WebSearch,no_remaining,guard_min_share_fraction,5,0.0,0.0,0.0,0.0
arm_mean,WebSearch,no_remaining,guard_one_rtt_acks_suppressed,5,2889.8,2416.563585382824,3363.0364146171764,473.2364146171763
arm_mean,WebSearch,no_remaining,guard_one_rtt_bypass_enabled,5,1.0,1.0,1.0,0.0
arm_mean,WebSearch,no_remaining,guard_one_rtt_bypass_feedbacks,5,106.8,99.22686743672108,114.37313256327892,7.573132563278918
arm_mean,WebSearch,no_remaining,guard_one_rtt_bypass_flows,5,106.8,99.22686743672108,114.37313256327892,7.573132563278918
arm_mean,WebSearch,no_remaining,guard_rebalance_events,5,29.0,2.9398419441904124,55.06015805580959,26.060158055809588
arm_mean,WebSearch,no_remaining,guard_remaining_aware,5,0.0,0.0,0.0,0.0
arm_mean,WebSearch,no_remaining,guard_remaining_exponent,5,1.0,1.0,1.0,0.0
arm_mean,WebSearch,no_remaining,guard_remaining_refresh_events,5,0.0,0.0,0.0,0.0
arm_mean,WebSearch,no_remaining,guard_sender_srpt_enabled,5,1.0,1.0,1.0,0.0
arm_mean,WebSearch,no_remaining,guard_sender_srpt_forced_rr,5,49.4,26.867989010641658,71.93201098935833,22.53201098935834
arm_mean,WebSearch,no_remaining,guard_sender_srpt_non_rr,5,18466.2,5910.644917478938,31021.755082521064,12555.555082521063
arm_mean,WebSearch,no_remaining,guard_sender_srpt_selections,5,384139.2,254436.7035814741,513841.6964185259,129702.4964185259
arm_mean,WebSearch,no_remaining,guard_srpt_quantum_packets,5,64.0,64.0,64.0,0.0
arm_mean,WebSearch,no_remaining,guard_tail_bypass_bdps,5,8.0,8.0,8.0,0.0
arm_mean,WebSearch,no_remaining,guard_tail_bypass_enabled,5,1.0,1.0,1.0,0.0
arm_mean,WebSearch,no_remaining,guard_tail_bypass_feedbacks,5,6671.8,5626.9290848144165,7716.670915185584,1044.8709151855837
arm_mean,WebSearch,no_remaining,guard_tail_bypass_flows,5,112.2,95.60159468898897,128.79840531101104,16.598405311011035
arm_mean,WebSearch,no_remaining,hpcc_actual_rate_changes,5,530.6,132.63400094770077,928.5659990522993,397.96599905229925
arm_mean,WebSearch,no_remaining,hpcc_fast_computations,5,0.0,0.0,0.0,0.0
arm_mean,WebSearch,no_remaining,hpcc_feedback_updates,5,5807.6,3257.6709453417016,8357.529054658298,2549.929054658299
arm_mean,WebSearch,no_remaining,hpcc_full_computations,5,1771.0,997.6790420263111,2544.320957973689,773.3209579736889
arm_mean,WebSearch,no_remaining,hpcc_rate_updates_applied,5,1771.0,997.6790420263111,2544.320957973689,773.3209579736889
arm_mean,WebSearch,no_remaining,hpcc_valid_feedback,5,1806.4,1032.1880957261928,2580.6119042738073,774.2119042738071
arm_mean,WebSearch,no_remaining,int_hops_after_strip,5,46741.2,31186.42380222574,62295.97619777425,15554.776197774258
arm_mean,WebSearch,no_remaining,int_hops_before_strip,5,94637.0,64409.137950442964,124864.86204955704,30227.862049557036
arm_mean,WebSearch,no_remaining,int_records_stripped,5,47895.8,31697.78562538792,64093.814374612084,16198.014374612081
arm_mean,WebSearch,no_remaining,irn_nacks_generated,5,0.0,0.0,0.0,0.0
arm_mean,WebSearch,no_remaining,irn_nacks_received,5,0.0,0.0,0.0,0.0
arm_mean,WebSearch,no_remaining,irn_retransmit_bytes,5,0.0,0.0,0.0,0.0
arm_mean,WebSearch,no_remaining,irn_retransmit_packets,5,0.0,0.0,0.0,0.0
arm_mean,WebSearch,no_remaining,le_8KB_fct_us_mean,5,6.826069644807205,6.253234019027997,7.398905270586414,0.5728356257792085
arm_mean,WebSearch,no_remaining,le_8KB_fct_us_p95,5,8.947659999999999,8.816922764502138,9.07839723549786,0.13073723549786143
arm_mean,WebSearch,no_remaining,le_8KB_fct_us_p99,5,9.008614,8.848590397564479,9.16863760243552,0.16002360243552124
arm_mean,WebSearch,no_remaining,le_8KB_flow_count,5,29.0,17.653881194419263,40.34611880558074,11.346118805580735
arm_mean,WebSearch,no_remaining,le_8KB_slowdown_mean,5,1.0057717550702303,1.0041896545737397,1.007353855566721,0.0015821004964906966
arm_mean,WebSearch,no_remaining,le_8KB_slowdown_p95,5,1.0223629393595197,1.0198382371764863,1.0248876415425532,0.0025247021830334866
arm_mean,WebSearch,no_remaining,le_8KB_slowdown_p99,5,1.027787470513654,1.0227291172796582,1.0328458237476499,0.0050583532339957445
arm_mean,WebSearch,no_remaining,long_to_small_slowdown_mean_ratio,5,1.5159099931770201,1.329494449944037,1.7023255364100032,0.186415543232983
arm_mean,WebSearch,no_remaining,max_active_flows,5,3.0,2.1220109669149156,3.8779890330850844,0.8779890330850845
arm_mean,WebSearch,no_remaining,overall_fct_us_mean,5,236.47078282516435,143.51891905788727,329.4226465924414,92.95186376727706
arm_mean,WebSearch,no_remaining,overall_fct_us_p95,5,1247.2349200000015,797.7840162272521,1696.6858237727508,449.4509037727493
arm_mean,WebSearch,no_remaining,overall_fct_us_p99,5,2726.286016000001,1265.0569550787363,4187.515076921265,1461.2290609212646
arm_mean,WebSearch,no_remaining,overall_flow_count,5,219.0,207.2861652685917,230.7138347314083,11.713834731408298
arm_mean,WebSearch,no_remaining,overall_slowdown_mean,5,1.200122550907183,1.1241794899811708,1.276065611833195,0.07594306092601205
arm_mean,WebSearch,no_remaining,overall_slowdown_p95,5,2.124937101546783,1.6857299426969092,2.564144260396657,0.43920715884987377
arm_mean,WebSearch,no_remaining,overall_slowdown_p99,5,2.9258440701656068,2.6743056287104623,3.1773825116207512,0.2515384414551445
arm_mean,WebSearch,no_remaining,pfc_pause_events,5,0.0,0.0,0.0,0.0
arm_mean,WebSearch,no_remaining,pfc_resume_events,5,0.0,0.0,0.0,0.0
arm_mean,WebSearch,no_remaining,proactive_releases,5,112.2,95.60159468898897,128.79840531101104,16.598405311011035
arm_mean,WebSearch,no_remaining,queue_bytes_max,5,333104.0,255908.38285414845,410299.61714585155,77195.61714585153
arm_mean,WebSearch,no_remaining,queue_bytes_mean,5,2045.1470000000002,706.4496740365378,3383.8443259634623,1338.6973259634624
arm_mean,WebSearch,no_remaining,queue_bytes_p95,5,218.0,-387.2650329331202,823.2650329331202,605.2650329331202
arm_mean,WebSearch,no_remaining,queue_bytes_p99,5,69978.0,13381.673676109502,126574.3263238905,56596.3263238905
arm_mean,WebSearch,no_remaining,queue_sample_count,5,395620.0,388956.53174752527,402283.46825247473,6663.468252474718
arm_mean,WebSearch,no_remaining,reactive_binding_rate_changes,5,478.8,116.23581343807655,841.3641865619235,362.56418656192346
arm_mean,WebSearch,no_remaining,reactive_binding_updates,5,478.8,116.23581343807655,841.3641865619235,362.56418656192346
arm_mean,WebSearch,no_remaining,recovery_nacks_generated,5,0.0,0.0,0.0,0.0
arm_mean,WebSearch,no_remaining,recovery_nacks_received,5,0.0,0.0,0.0,0.0
arm_mean,WebSearch,no_remaining,registrations,5,112.2,95.60159468898897,128.79840531101104,16.598405311011035
arm_mean,WebSearch,no_remaining,selected_registrations,5,112.2,95.60159468898897,128.79840531101104,16.598405311011035
arm_mean,WebSearch,no_remaining,tie_binding_rate_changes,5,35.2,4.477910384035898,65.92208961596411,30.722089615964105
arm_mean,WebSearch,no_remaining,tie_binding_updates,5,959.0,714.690184140766,1203.309815859234,244.30981585923408
arm_mean,WebSearch,no_remaining,timeout_recoveries,5,0.0,0.0,0.0,0.0
arm_mean,WebSearch,no_ack_coalescing,1BDP_to_1MB_fct_us_mean,5,51.42772498283998,41.07047491348254,61.784975052197424,10.357250069357441
arm_mean,WebSearch,no_ack_coalescing,1BDP_to_1MB_fct_us_p95,5,132.18305999999998,112.78078425909173,151.58533574090825,19.402275740908255
arm_mean,WebSearch,no_ack_coalescing,1BDP_to_1MB_fct_us_p99,5,165.898596,123.42377745048717,208.37341454951283,42.47481854951284
arm_mean,WebSearch,no_ack_coalescing,1BDP_to_1MB_flow_count,5,34.2,26.08631717495748,42.31368282504253,8.113682825042522
arm_mean,WebSearch,no_ack_coalescing,1BDP_to_1MB_slowdown_mean,5,1.1358173246038352,1.0994308925997134,1.172203756607957,0.036386432004121866
arm_mean,WebSearch,no_ack_coalescing,1BDP_to_1MB_slowdown_p95,5,1.6094101203024898,1.3419288143435648,1.8768914262614147,0.26748130595892494
arm_mean,WebSearch,no_ack_coalescing,1BDP_to_1MB_slowdown_p99,5,2.026622797007113,1.554057996907624,2.499187597106602,0.4725648000994889
arm_mean,WebSearch,no_ack_coalescing,8KB_to_1BDP_fct_us_mean,5,10.177060560080633,9.741987342575216,10.61213377758605,0.435073217505418
arm_mean,WebSearch,no_ack_coalescing,8KB_to_1BDP_fct_us_p95,5,15.0505,14.723876597591365,15.377123402408634,0.32662340240863413
arm_mean,WebSearch,no_ack_coalescing,8KB_to_1BDP_fct_us_p99,5,16.101396,15.724029773803222,16.478762226196782,0.3773662261967797
arm_mean,WebSearch,no_ack_coalescing,8KB_to_1BDP_flow_count,5,92.8,84.97653142576236,100.62346857423763,7.823468574237638
arm_mean,WebSearch,no_ack_coalescing,8KB_to_1BDP_slowdown_mean,5,1.0253080856977224,1.0207969338237026,1.029819237571742,0.004511151874019814
arm_mean,WebSearch,no_ack_coalescing,8KB_to_1BDP_slowdown_p95,5,1.0633377150240448,1.0605068193557772,1.0661686106923125,0.002830895668267696
arm_mean,WebSearch,no_ack_coalescing,8KB_to_1BDP_slowdown_p99,5,1.1018335695020705,1.0207174040611193,1.1829497349430216,0.08111616544095113
arm_mean,WebSearch,no_ack_coalescing,aggregate_goodput_gbps,5,151.795569733495,106.59449600181209,196.9966434651779,45.20107373168291
arm_mean,WebSearch,no_ack_coalescing,completion_releases,5,0.0,0.0,0.0,0.0
arm_mean,WebSearch,no_ack_coalescing,completion_span_us,5,20106.008,19004.944470988547,21207.071529011457,1101.0635290114567
arm_mean,WebSearch,no_ack_coalescing,grant_binding_rate_changes,5,12.4,4.766038085524875,20.033961914475125,7.633961914475125
arm_mean,WebSearch,no_ack_coalescing,grant_binding_updates,5,319.8,50.00238444477333,589.5976155552266,269.7976155552267
arm_mean,WebSearch,no_ack_coalescing,grant_bytes_sent,5,599362.8,342225.97444432613,856499.625555674,257136.82555567395
arm_mean,WebSearch,no_ack_coalescing,grant_event_rate_changes,5,1612.0,212.58132525426345,3011.4186747457366,1399.4186747457366
arm_mean,WebSearch,no_ack_coalescing,grants_received,5,6376.2,3640.7018557907027,9111.698144209297,2735.498144209297
arm_mean,WebSearch,no_ack_coalescing,grants_sent,5,6376.2,3640.7018557907027,9111.698144209297,2735.498144209297
arm_mean,WebSearch,no_ack_coalescing,gt_1MB_fct_us_mean,5,758.6480483000047,489.8264422389922,1027.469654361017,268.8216060610125
arm_mean,WebSearch,no_ack_coalescing,gt_1MB_fct_us_p95,5,2441.28098,1337.0235862725,3545.5383737274997,1104.2573937275
arm_mean,WebSearch,no_ack_coalescing,gt_1MB_fct_us_p99,5,3858.0830560000004,1724.0352926858627,5992.130819314138,2134.0477633141377
arm_mean,WebSearch,no_ack_coalescing,gt_1MB_flow_count,5,63.0,55.92142611508863,70.07857388491138,7.078573884911373
arm_mean,WebSearch,no_ack_coalescing,gt_1MB_slowdown_mean,5,1.4848392923871205,1.2989891843465018,1.6706894004277393,0.18585010804061883
arm_mean,WebSearch,no_ack_coalescing,gt_1MB_slowdown_p95,5,2.698620071777473,2.4103052056143808,2.986934937940565,0.28831486616309215
arm_mean,WebSearch,no_ack_coalescing,gt_1MB_slowdown_p99,5,3.1311128369221817,2.6757902520045658,3.5864354218397976,0.455322584917616
arm_mean,WebSearch,no_ack_coalescing,guard_ack_interval_packets,5,1.0,1.0,1.0,0.0
arm_mean,WebSearch,no_ack_coalescing,guard_adaptive_grant_updates,5,0.0,0.0,0.0,0.0
arm_mean,WebSearch,no_ack_coalescing,guard_fixed_window,5,1.0,1.0,1.0,0.0
arm_mean,WebSearch,no_ack_coalescing,guard_grant_refresh_bdps,5,1.0,1.0,1.0,0.0
arm_mean,WebSearch,no_ack_coalescing,guard_long_acks_suppressed,5,0.0,0.0,0.0,0.0
arm_mean,WebSearch,no_ack_coalescing,guard_min_share_fraction,5,0.0,0.0,0.0,0.0
arm_mean,WebSearch,no_ack_coalescing,guard_one_rtt_acks_suppressed,5,2889.8,2416.563585382824,3363.0364146171764,473.2364146171763
arm_mean,WebSearch,no_ack_coalescing,guard_one_rtt_bypass_enabled,5,1.0,1.0,1.0,0.0
arm_mean,WebSearch,no_ack_coalescing,guard_one_rtt_bypass_feedbacks,5,106.8,99.22686743672108,114.37313256327892,7.573132563278918
arm_mean,WebSearch,no_ack_coalescing,guard_one_rtt_bypass_flows,5,106.8,99.22686743672108,114.37313256327892,7.573132563278918
arm_mean,WebSearch,no_ack_coalescing,guard_rebalance_events,5,0.0,0.0,0.0,0.0
arm_mean,WebSearch,no_ack_coalescing,guard_remaining_aware,5,1.0,1.0,1.0,0.0
arm_mean,WebSearch,no_ack_coalescing,guard_remaining_exponent,5,1.0,1.0,1.0,0.0
arm_mean,WebSearch,no_ack_coalescing,guard_remaining_refresh_events,5,5385.8,3355.2946734018765,7416.305326598123,2030.5053265981237
arm_mean,WebSearch,no_ack_coalescing,guard_sender_srpt_enabled,5,1.0,1.0,1.0,0.0
arm_mean,WebSearch,no_ack_coalescing,guard_sender_srpt_forced_rr,5,216.0,87.58228537206068,344.4177146279393,128.41771462793932
arm_mean,WebSearch,no_ack_coalescing,guard_sender_srpt_non_rr,5,19125.2,7079.926271512022,31170.47372848798,12045.273728487979
arm_mean,WebSearch,no_ack_coalescing,guard_sender_srpt_selections,5,384139.2,254436.7035814741,513841.6964185259,129702.4964185259
arm_mean,WebSearch,no_ack_coalescing,guard_srpt_quantum_packets,5,64.0,64.0,64.0,0.0
arm_mean,WebSearch,no_ack_coalescing,guard_tail_bypass_bdps,5,8.0,8.0,8.0,0.0
arm_mean,WebSearch,no_ack_coalescing,guard_tail_bypass_enabled,5,1.0,1.0,1.0,0.0
arm_mean,WebSearch,no_ack_coalescing,guard_tail_bypass_feedbacks,5,52967.6,44683.833606236236,61251.36639376376,8283.766393763766
arm_mean,WebSearch,no_ack_coalescing,guard_tail_bypass_flows,5,112.2,95.60159468898897,128.79840531101104,16.598405311011035
arm_mean,WebSearch,no_ack_coalescing,hpcc_actual_rate_changes,5,548.6,167.4439369084938,929.7560630915062,381.1560630915062
arm_mean,WebSearch,no_ack_coalescing,hpcc_fast_computations,5,0.0,0.0,0.0,0.0
arm_mean,WebSearch,no_ack_coalescing,hpcc_feedback_updates,5,6159.8,3375.6258401286077,8943.974159871392,2784.1741598713925
arm_mean,WebSearch,no_ack_coalescing,hpcc_full_computations,5,1904.0,1064.7329515051588,2743.267048494841,839.2670484948411
arm_mean,WebSearch,no_ack_coalescing,hpcc_rate_updates_applied,5,1904.0,1064.7329515051588,2743.267048494841,839.2670484948411
arm_mean,WebSearch,no_ack_coalescing,hpcc_valid_feedback,5,1939.4,1099.310105508856,2779.4898944911442,840.089894491144
arm_mean,WebSearch,no_ack_coalescing,int_hops_after_strip,5,371960.0,247667.40436416914,496252.5956358309,124292.59563583086
arm_mean,WebSearch,no_ack_coalescing,int_hops_before_strip,5,753209.4,511544.756620919,994874.0433790811,241664.64337908104
arm_mean,WebSearch,no_ack_coalescing,int_records_stripped,5,381249.4,251682.804032014,510815.99596798606,129566.59596798601
arm_mean,WebSearch,no_ack_coalescing,irn_nacks_generated,5,0.0,0.0,0.0,0.0
arm_mean,WebSearch,no_ack_coalescing,irn_nacks_received,5,0.0,0.0,0.0,0.0
arm_mean,WebSearch,no_ack_coalescing,irn_retransmit_bytes,5,0.0,0.0,0.0,0.0
arm_mean,WebSearch,no_ack_coalescing,irn_retransmit_packets,5,0.0,0.0,0.0,0.0
arm_mean,WebSearch,no_ack_coalescing,le_8KB_fct_us_mean,5,6.839208191762831,6.258249823151729,7.420166560373932,0.5809583686111013
arm_mean,WebSearch,no_ack_coalescing,le_8KB_fct_us_p95,5,8.98544,8.84033160331433,9.13054839668567,0.14510839668567016
arm_mean,WebSearch,no_ack_coalescing,le_8KB_fct_us_p99,5,9.077784,8.875452062511314,9.280115937488684,0.20233193748868517
arm_mean,WebSearch,no_ack_coalescing,le_8KB_flow_count,5,29.0,17.653881194419263,40.34611880558074,11.346118805580735
arm_mean,WebSearch,no_ack_coalescing,le_8KB_slowdown_mean,5,1.007260724209163,1.0044413783636437,1.0100800700546821,0.0028193458455191825
arm_mean,WebSearch,no_ack_coalescing,le_8KB_slowdown_p95,5,1.0255079837889753,1.0194173628505634,1.0315986047273873,0.006090620938411859
arm_mean,WebSearch,no_ack_coalescing,le_8KB_slowdown_p99,5,1.034256745501094,1.027567151362428,1.04094633963976,0.0066895941386659165
arm_mean,WebSearch,no_ack_coalescing,long_to_small_slowdown_mean_ratio,5,1.4741450088185721,1.2892657148039848,1.6590243028331595,0.18487929401458747
arm_mean,WebSearch,no_ack_coalescing,max_active_flows,5,2.8,2.2447109789604403,3.3552890210395594,0.5552890210395597
arm_mean,WebSearch,no_ack_coalescing,overall_fct_us_mean,5,233.43543432116547,145.39177323527107,321.47909540705984,88.0436610858944
arm_mean,WebSearch,no_ack_coalescing,overall_fct_us_p95,5,1279.604670000001,782.5052310345583,1776.704108965444,497.0994389654428
arm_mean,WebSearch,no_ack_coalescing,overall_fct_us_p99,5,2668.9630580000025,1351.7257461117401,3986.200369888265,1317.2373118882624
arm_mean,WebSearch,no_ack_coalescing,overall_flow_count,5,219.0,207.2861652685917,230.7138347314083,11.713834731408298
arm_mean,WebSearch,no_ack_coalescing,overall_slowdown_mean,5,1.1729486562248355,1.1135952681576042,1.2323020442920667,0.05935338806723115
arm_mean,WebSearch,no_ack_coalescing,overall_slowdown_p95,5,2.015079817167724,1.6614285756731926,2.368731058662256,0.3536512414945317
arm_mean,WebSearch,no_ack_coalescing,overall_slowdown_p99,5,2.8186895617018415,2.531186704755857,3.106192418647826,0.2875028569459844
arm_mean,WebSearch,no_ack_coalescing,pfc_pause_events,5,0.0,0.0,0.0,0.0
arm_mean,WebSearch,no_ack_coalescing,pfc_resume_events,5,0.0,0.0,0.0,0.0
arm_mean,WebSearch,no_ack_coalescing,proactive_releases,5,112.2,95.60159468898897,128.79840531101104,16.598405311011035
arm_mean,WebSearch,no_ack_coalescing,queue_bytes_max,5,335284.0,260695.0605677354,409872.9394322646,74588.9394322646
arm_mean,WebSearch,no_ack_coalescing,queue_bytes_mean,5,2231.0258000000003,914.7553259294,3547.2962740706007,1316.2704740706004
arm_mean,WebSearch,no_ack_coalescing,queue_bytes_p95,5,3488.0,-267.5707640149644,7243.570764014965,3755.5707640149644
arm_mean,WebSearch,no_ack_coalescing,queue_bytes_p99,5,79570.0,20027.484993613252,139112.51500638673,59542.51500638675
arm_mean,WebSearch,no_ack_coalescing,queue_sample_count,5,395620.0,388956.53174752527,402283.46825247473,6663.468252474718
arm_mean,WebSearch,no_ack_coalescing,reactive_binding_rate_changes,5,493.0,147.7582335428691,838.2417664571309,345.2417664571309
arm_mean,WebSearch,no_ack_coalescing,reactive_binding_updates,5,493.0,147.7582335428691,838.2417664571309,345.2417664571309
arm_mean,WebSearch,no_ack_coalescing,recovery_nacks_generated,5,0.0,0.0,0.0,0.0
arm_mean,WebSearch,no_ack_coalescing,recovery_nacks_received,5,0.0,0.0,0.0,0.0
arm_mean,WebSearch,no_ack_coalescing,registrations,5,112.2,95.60159468898897,128.79840531101104,16.598405311011035
arm_mean,WebSearch,no_ack_coalescing,selected_registrations,5,112.2,95.60159468898897,128.79840531101104,16.598405311011035
arm_mean,WebSearch,no_ack_coalescing,tie_binding_rate_changes,5,43.2,8.651382562396833,77.74861743760317,34.54861743760317
arm_mean,WebSearch,no_ack_coalescing,tie_binding_updates,5,1091.2,782.6441230534836,1399.7558769465165,308.55587694651655
arm_mean,WebSearch,no_ack_coalescing,timeout_recoveries,5,0.0,0.0,0.0,0.0
paired_difference,WebSearch,guard_minus_no_priority,1BDP_to_1MB_fct_us_mean,5,-5.866794028407289,-10.56906167920647,-1.164526377608106,4.7022676507991825
paired_percent,WebSearch,guard_minus_no_priority,1BDP_to_1MB_fct_us_mean,5,-9.786972817934187,-15.813117532216005,-3.7608281036523676,6.026144714281819
paired_difference,WebSearch,guard_minus_no_priority,1BDP_to_1MB_fct_us_p95,5,-13.026940000000007,-30.513345528849886,4.459465528849872,17.48640552884988
paired_percent,WebSearch,guard_minus_no_priority,1BDP_to_1MB_fct_us_p95,5,-8.84984341232061,-20.882460582185296,3.1827737575440764,12.032617169864686
paired_difference,WebSearch,guard_minus_no_priority,1BDP_to_1MB_fct_us_p99,5,-0.36696400000001006,-4.0332594493774145,3.299331449377394,3.666295449377404
paired_percent,WebSearch,guard_minus_no_priority,1BDP_to_1MB_fct_us_p99,5,-0.33360672363780086,-2.4602643780189966,1.7930509307433948,2.1266576543811957
paired_difference,WebSearch,guard_minus_no_priority,1BDP_to_1MB_flow_count,5,0.0,0.0,0.0,0.0
paired_percent,WebSearch,guard_minus_no_priority,1BDP_to_1MB_flow_count,5,0.0,0.0,0.0,0.0
paired_difference,WebSearch,guard_minus_no_priority,1BDP_to_1MB_slowdown_mean,5,-0.17693155390329932,-0.2902487274268211,-0.0636143803797775,0.11331717352352182
paired_percent,WebSearch,guard_minus_no_priority,1BDP_to_1MB_slowdown_mean,5,-13.071174045715537,-20.50005693267155,-5.642291158759523,7.428882886956014
paired_difference,WebSearch,guard_minus_no_priority,1BDP_to_1MB_slowdown_p95,5,-0.6943290783959551,-1.1524421618769018,-0.2362159949150085,0.45811308348094665
paired_percent,WebSearch,guard_minus_no_priority,1BDP_to_1MB_slowdown_p95,5,-32.00848886584733,-46.69547654410657,-17.3215011875881,14.686987678259232
paired_difference,WebSearch,guard_minus_no_priority,1BDP_to_1MB_slowdown_p99,5,-0.5260157701824434,-0.755099280872943,-0.2969322594919438,0.22908351069049962
paired_percent,WebSearch,guard_minus_no_priority,1BDP_to_1MB_slowdown_p99,5,-21.701101136770703,-30.59369640450708,-12.808505869034324,8.892595267736379
paired_difference,WebSearch,guard_minus_no_priority,8KB_to_1BDP_fct_us_mean,5,-1.3950054882081808,-2.23076117589629,-0.5592498005200714,0.8357556876881094
paired_percent,WebSearch,guard_minus_no_priority,8KB_to_1BDP_fct_us_mean,5,-11.846197340707501,-17.983807756630483,-5.70858692478452,6.137610415922982
paired_difference,WebSearch,guard_minus_no_priority,8KB_to_1BDP_fct_us_p95,5,-5.423940000000002,-8.83475722535498,-2.0131227746450224,3.4108172253549793
paired_percent,WebSearch,guard_minus_no_priority,8KB_to_1BDP_fct_us_p95,5,-25.64945136363694,-39.209579947671614,-12.089322779602265,13.560128584034674
paired_difference,WebSearch,guard_minus_no_priority,8KB_to_1BDP_fct_us_p99,5,-10.800960000000009,-15.626318046838493,-5.975601953161524,4.825358046838485
paired_percent,WebSearch,guard_minus_no_priority,8KB_to_1BDP_fct_us_p99,5,-39.43061018283527,-50.553461795791804,-28.30775856987873,11.122851612956536
paired_difference,WebSearch,guard_minus_no_priority,8KB_to_1BDP_flow_count,5,0.0,0.0,0.0,0.0
paired_percent,WebSearch,guard_minus_no_priority,8KB_to_1BDP_flow_count,5,0.0,0.0,0.0,0.0
paired_difference,WebSearch,guard_minus_no_priority,8KB_to_1BDP_slowdown_mean,5,-0.12068291107427558,-0.20067164572442603,-0.04069417642412511,0.07998873465015047
paired_percent,WebSearch,guard_minus_no_priority,8KB_to_1BDP_slowdown_mean,5,-10.344771349802075,-16.33396590632739,-4.355576793276762,5.989194556525313
paired_difference,WebSearch,guard_minus_no_priority,8KB_to_1BDP_slowdown_p95,5,-0.5146548514610952,-0.8914969516074134,-0.1378127513147771,0.37684210014631814
paired_percent,WebSearch,guard_minus_no_priority,8KB_to_1BDP_slowdown_p95,5,-31.126586396431577,-45.718038914223946,-16.535133878639208,14.591452517792368
paired_difference,WebSearch,guard_minus_no_priority,8KB_to_1BDP_slowdown_p99,5,-1.0099266403609823,-1.6247209279710577,-0.39513235275090697,0.6147942876100754
paired_percent,WebSearch,guard_minus_no_priority,8KB_to_1BDP_slowdown_p99,5,-45.930517668426106,-61.715856672265026,-30.145178664587185,15.78533900383892
paired_difference,WebSearch,guard_minus_no_priority,aggregate_goodput_gbps,5,-0.00047027938812789217,-0.0017759842933709944,0.0008354255171152101,0.0013057049052431022
paired_percent,WebSearch,guard_minus_no_priority,aggregate_goodput_gbps,5,-0.00023793331880527123,-0.0008985421171656339,0.00042267547955509145,0.0006606087983603627
paired_difference,WebSearch,guard_minus_no_priority,completion_releases,5,0.0,0.0,0.0,0.0
paired_difference,WebSearch,guard_minus_no_priority,completion_span_us,5,0.05,-0.08882225525988992,0.18882225525988994,0.13882225525988992
paired_percent,WebSearch,guard_minus_no_priority,completion_span_us,5,0.0002379361494535963,-0.00042268050804645304,0.0008985528069536457,0.0006606166575000494
paired_difference,WebSearch,guard_minus_no_priority,grant_binding_rate_changes,5,-0.4,-1.080087380658257,0.2800873806582569,0.6800873806582569
paired_percent,WebSearch,guard_minus_no_priority,grant_binding_rate_changes,5,-2.8571428571428568,-7.714909861844692,2.0006241475589785,4.857767004701835
paired_difference,WebSearch,guard_minus_no_priority,grant_binding_updates,5,-5.2,-10.423850292122271,0.023850292122269856,5.22385029212227
paired_percent,WebSearch,guard_minus_no_priority,grant_binding_updates,5,-0.5899406060518468,-5.364908507421507,4.185027295317813,4.77496790136966
paired_difference,WebSearch,guard_minus_no_priority,grant_bytes_sent,5,-488.8,-1483.9742909506012,506.37429095060116,995.1742909506012
paired_percent,WebSearch,guard_minus_no_priority,grant_bytes_sent,5,-0.09962888632732474,-0.2998333137510006,0.1005755410963511,0.20020442742367583
paired_difference,WebSearch,guard_minus_no_priority,grant_event_rate_changes,5,-9.0,-28.094999949436065,10.094999949436065,19.094999949436065
paired_percent,WebSearch,guard_minus_no_priority,grant_event_rate_changes,5,-0.9206295824830143,-2.7221409088318285,0.8808817438657998,1.801511326348814
paired_difference,WebSearch,guard_minus_no_priority,grants_received,5,-5.2,-15.786960542027675,5.386960542027675,10.586960542027676
paired_percent,WebSearch,guard_minus_no_priority,grants_received,5,-0.09962888632732474,-0.2998333137510006,0.1005755410963511,0.20020442742367583
paired_difference,WebSearch,guard_minus_no_priority,grants_sent,5,-5.2,-15.786960542027675,5.386960542027675,10.586960542027676
paired_percent,WebSearch,guard_minus_no_priority,grants_sent,5,-0.09962888632732474,-0.2998333137510006,0.1005755410963511,0.20020442742367583
paired_difference,WebSearch,guard_minus_no_priority,gt_1MB_fct_us_mean,5,-0.29734729704607615,-2.4459815969273366,1.8512870028351844,2.1486342998812606
paired_percent,WebSearch,guard_minus_no_priority,gt_1MB_fct_us_mean,5,-0.021990956576692998,-0.27348032452200655,0.22949841136862056,0.25148936794531357
paired_difference,WebSearch,guard_minus_no_priority,gt_1MB_fct_us_p95,5,3.8252500000000964,-27.590114171763275,35.24061417176347,31.415364171763372
paired_percent,WebSearch,guard_minus_no_priority,gt_1MB_fct_us_p95,5,0.061350526015496065,-1.2487933071989186,1.3714943592299107,1.3101438332144146
paired_difference,WebSearch,guard_minus_no_priority,gt_1MB_fct_us_p99,5,0.8388740000001235,-12.427736374712229,14.105484374712475,13.266610374712352
paired_percent,WebSearch,guard_minus_no_priority,gt_1MB_fct_us_p99,5,0.04616520362309967,-0.2479447850726711,0.34027519231887043,0.29410998869577076
paired_difference,WebSearch,guard_minus_no_priority,gt_1MB_flow_count,5,0.0,0.0,0.0,0.0
paired_percent,WebSearch,guard_minus_no_priority,gt_1MB_flow_count,5,0.0,0.0,0.0,0.0
paired_difference,WebSearch,guard_minus_no_priority,gt_1MB_slowdown_mean,5,0.00018000621201088584,-0.0030827070399918576,0.003442719464013629,0.0032627132520027433
paired_percent,WebSearch,guard_minus_no_priority,gt_1MB_slowdown_mean,5,0.017222257630654002,-0.19973513478534063,0.23417965004664862,0.21695739241599463
paired_difference,WebSearch,guard_minus_no_priority,gt_1MB_slowdown_p95,5,0.00942525276641355,-0.01039893805688211,0.02924944358970921,0.01982419082329566
paired_percent,WebSearch,guard_minus_no_priority,gt_1MB_slowdown_p95,5,0.35373528248458525,-0.4162659107372762,1.1237364757064467,0.7700011932218614
paired_difference,WebSearch,guard_minus_no_priority,gt_1MB_slowdown_p99,5,-0.013119506111519196,-0.05337793259061646,0.027138920367578073,0.04025842647909727
paired_percent,WebSearch,guard_minus_no_priority,gt_1MB_slowdown_p99,5,-0.35610839979382436,-1.6254720344337035,0.9132552348460548,1.2693636346398791
paired_difference,WebSearch,guard_minus_no_priority,guard_ack_interval_packets,5,0.0,0.0,0.0,0.0
paired_percent,WebSearch,guard_minus_no_priority,guard_ack_interval_packets,5,0.0,0.0,0.0,0.0
paired_difference,WebSearch,guard_minus_no_priority,guard_adaptive_grant_updates,5,0.0,0.0,0.0,0.0
paired_difference,WebSearch,guard_minus_no_priority,guard_fixed_window,5,0.0,0.0,0.0,0.0
paired_percent,WebSearch,guard_minus_no_priority,guard_fixed_window,5,0.0,0.0,0.0,0.0
paired_difference,WebSearch,guard_minus_no_priority,guard_grant_refresh_bdps,5,0.0,0.0,0.0,0.0
paired_percent,WebSearch,guard_minus_no_priority,guard_grant_refresh_bdps,5,0.0,0.0,0.0,0.0
paired_difference,WebSearch,guard_minus_no_priority,guard_long_acks_suppressed,5,0.0,0.0,0.0,0.0
paired_percent,WebSearch,guard_minus_no_priority,guard_long_acks_suppressed,5,0.0,0.0,0.0,0.0
paired_difference,WebSearch,guard_minus_no_priority,guard_min_share_fraction,5,0.0,0.0,0.0,0.0
paired_difference,WebSearch,guard_minus_no_priority,guard_one_rtt_acks_suppressed,5,0.0,0.0,0.0,0.0
paired_percent,WebSearch,guard_minus_no_priority,guard_one_rtt_acks_suppressed,5,0.0,0.0,0.0,0.0
paired_difference,WebSearch,guard_minus_no_priority,guard_one_rtt_bypass_enabled,5,0.0,0.0,0.0,0.0
paired_percent,WebSearch,guard_minus_no_priority,guard_one_rtt_bypass_enabled,5,0.0,0.0,0.0,0.0
paired_difference,WebSearch,guard_minus_no_priority,guard_one_rtt_bypass_feedbacks,5,0.0,0.0,0.0,0.0
paired_percent,WebSearch,guard_minus_no_priority,guard_one_rtt_bypass_feedbacks,5,0.0,0.0,0.0,0.0
paired_difference,WebSearch,guard_minus_no_priority,guard_one_rtt_bypass_flows,5,0.0,0.0,0.0,0.0
paired_percent,WebSearch,guard_minus_no_priority,guard_one_rtt_bypass_flows,5,0.0,0.0,0.0,0.0
paired_difference,WebSearch,guard_minus_no_priority,guard_rebalance_events,5,0.0,0.0,0.0,0.0
paired_difference,WebSearch,guard_minus_no_priority,guard_remaining_aware,5,0.0,0.0,0.0,0.0
paired_percent,WebSearch,guard_minus_no_priority,guard_remaining_aware,5,0.0,0.0,0.0,0.0
paired_difference,WebSearch,guard_minus_no_priority,guard_remaining_exponent,5,0.0,0.0,0.0,0.0
paired_percent,WebSearch,guard_minus_no_priority,guard_remaining_exponent,5,0.0,0.0,0.0,0.0
paired_difference,WebSearch,guard_minus_no_priority,guard_remaining_refresh_events,5,-1.2,-2.560174761316514,0.16017476131651387,1.3601747613165138
paired_percent,WebSearch,guard_minus_no_priority,guard_remaining_refresh_events,5,-0.024767025367890088,-0.04965582883047859,0.00012177809469840831,0.024888803462588496
paired_difference,WebSearch,guard_minus_no_priority,guard_sender_srpt_enabled,5,0.0,0.0,0.0,0.0
paired_percent,WebSearch,guard_minus_no_priority,guard_sender_srpt_enabled,5,0.0,0.0,0.0,0.0
paired_difference,WebSearch,guard_minus_no_priority,guard_sender_srpt_forced_rr,5,1.6,-1.516551901050709,4.716551901050709,3.116551901050709
paired_percent,WebSearch,guard_minus_no_priority,guard_sender_srpt_forced_rr,5,4.554145544857619,-3.807886047283283,12.91617713699852,8.362031592140902
paired_difference,WebSearch,guard_minus_no_priority,guard_sender_srpt_non_rr,5,8.2,-240.55212803855608,256.95212803855605,248.75212803855607
paired_percent,WebSearch,guard_minus_no_priority,guard_sender_srpt_non_rr,5,0.32410404969384227,-0.8927998022426937,1.5410079016303784,1.216903851936536
paired_difference,WebSearch,guard_minus_no_priority,guard_sender_srpt_selections,5,0.0,0.0,0.0,0.0
paired_percent,WebSearch,guard_minus_no_priority,guard_sender_srpt_selections,5,0.0,0.0,0.0,0.0
paired_difference,WebSearch,guard_minus_no_priority,guard_srpt_quantum_packets,5,0.0,0.0,0.0,0.0
paired_percent,WebSearch,guard_minus_no_priority,guard_srpt_quantum_packets,5,0.0,0.0,0.0,0.0
paired_difference,WebSearch,guard_minus_no_priority,guard_tail_bypass_bdps,5,0.0,0.0,0.0,0.0
paired_percent,WebSearch,guard_minus_no_priority,guard_tail_bypass_bdps,5,0.0,0.0,0.0,0.0
paired_difference,WebSearch,guard_minus_no_priority,guard_tail_bypass_enabled,5,0.0,0.0,0.0,0.0
paired_percent,WebSearch,guard_minus_no_priority,guard_tail_bypass_enabled,5,0.0,0.0,0.0,0.0
paired_difference,WebSearch,guard_minus_no_priority,guard_tail_bypass_feedbacks,5,0.0,0.0,0.0,0.0
paired_percent,WebSearch,guard_minus_no_priority,guard_tail_bypass_feedbacks,5,0.0,0.0,0.0,0.0
paired_difference,WebSearch,guard_minus_no_priority,guard_tail_bypass_flows,5,0.0,0.0,0.0,0.0
paired_percent,WebSearch,guard_minus_no_priority,guard_tail_bypass_flows,5,0.0,0.0,0.0,0.0
paired_difference,WebSearch,guard_minus_no_priority,hpcc_actual_rate_changes,5,-11.4,-23.001421636644675,0.2014216366446746,11.601421636644675
paired_percent,WebSearch,guard_minus_no_priority,hpcc_actual_rate_changes,5,-2.6875423900448068,-4.989771503696581,-0.3853132763930329,2.302229113651774
paired_difference,WebSearch,guard_minus_no_priority,hpcc_fast_computations,5,0.0,0.0,0.0,0.0
paired_difference,WebSearch,guard_minus_no_priority,hpcc_feedback_updates,5,-7.6,-15.81752708655523,0.6175270865552314,8.217527086555231
paired_percent,WebSearch,guard_minus_no_priority,hpcc_feedback_updates,5,-0.14535798396255525,-0.3224474542210341,0.031731486295923594,0.17708947025847885
paired_difference,WebSearch,guard_minus_no_priority,hpcc_full_computations,5,-6.2,-12.675727138834826,0.27572713883482525,6.475727138834825
paired_percent,WebSearch,guard_minus_no_priority,hpcc_full_computations,5,-0.3046336559580215,-0.6078579950179528,-0.001409316898090207,0.3032243390599313
paired_difference,WebSearch,guard_minus_no_priority,hpcc_rate_updates_applied,5,-6.2,-12.675727138834826,0.27572713883482525,6.475727138834825
paired_percent,WebSearch,guard_minus_no_priority,hpcc_rate_updates_applied,5,-0.3046336559580215,-0.6078579950179528,-0.001409316898090207,0.3032243390599313
paired_difference,WebSearch,guard_minus_no_priority,hpcc_valid_feedback,5,-6.2,-12.675727138834826,0.27572713883482525,6.475727138834825
paired_percent,WebSearch,guard_minus_no_priority,hpcc_valid_feedback,5,-0.29935942128245346,-0.5974295055825396,-0.001289336982367273,0.2980700843000862
paired_difference,WebSearch,guard_minus_no_priority,int_hops_after_strip,5,0.0,0.0,0.0,0.0
paired_percent,WebSearch,guard_minus_no_priority,int_hops_after_strip,5,0.0,0.0,0.0,0.0
paired_difference,WebSearch,guard_minus_no_priority,int_hops_before_strip,5,0.0,0.0,0.0,0.0
paired_percent,WebSearch,guard_minus_no_priority,int_hops_before_strip,5,0.0,0.0,0.0,0.0
paired_difference,WebSearch,guard_minus_no_priority,int_records_stripped,5,0.0,0.0,0.0,0.0
paired_percent,WebSearch,guard_minus_no_priority,int_records_stripped,5,0.0,0.0,0.0,0.0
paired_difference,WebSearch,guard_minus_no_priority,irn_nacks_generated,5,0.0,0.0,0.0,0.0
paired_difference,WebSearch,guard_minus_no_priority,irn_nacks_received,5,0.0,0.0,0.0,0.0
paired_difference,WebSearch,guard_minus_no_priority,irn_retransmit_bytes,5,0.0,0.0,0.0,0.0
paired_difference,WebSearch,guard_minus_no_priority,irn_retransmit_packets,5,0.0,0.0,0.0,0.0
paired_difference,WebSearch,guard_minus_no_priority,le_8KB_fct_us_mean,5,-0.9074468209025239,-1.529434925726096,-0.285458716078952,0.6219881048235719
paired_percent,WebSearch,guard_minus_no_priority,le_8KB_fct_us_mean,5,-11.309476027977096,-18.65671108876828,-3.962240967185913,7.347235060791183
paired_difference,WebSearch,guard_minus_no_priority,le_8KB_fct_us_p95,5,-6.04278,-10.523266823427143,-1.5622931765728554,4.480486823427144
paired_percent,WebSearch,guard_minus_no_priority,le_8KB_fct_us_p95,5,-36.56425518704408,-61.30947395346923,-11.819036420618936,24.745218766425147
paired_difference,WebSearch,guard_minus_no_priority,le_8KB_fct_us_p99,5,-9.905996000000005,-16.75496284984833,-3.0570291501516804,6.848966849848325
paired_percent,WebSearch,guard_minus_no_priority,le_8KB_fct_us_p99,5,-48.008628629678824,-72.3186082137333,-23.69864904562435,24.309979584054474
paired_difference,WebSearch,guard_minus_no_priority,le_8KB_flow_count,5,0.0,0.0,0.0,0.0
paired_percent,WebSearch,guard_minus_no_priority,le_8KB_flow_count,5,0.0,0.0,0.0,0.0
paired_difference,WebSearch,guard_minus_no_priority,le_8KB_slowdown_mean,5,-0.10904590985309896,-0.18484732109721486,-0.033244498608983084,0.07580141124411588
paired_percent,WebSearch,guard_minus_no_priority,le_8KB_slowdown_mean,5,-9.558305609021847,-15.94131360127429,-3.175297616769404,6.383007992252443
paired_difference,WebSearch,guard_minus_no_priority,le_8KB_slowdown_p95,5,-0.7357455422290344,-1.255461610784359,-0.21602947367370995,0.5197160685553245
paired_percent,WebSearch,guard_minus_no_priority,le_8KB_slowdown_p95,5,-38.21578618517764,-62.10549966994492,-14.32607270041036,23.88971348476728
paired_difference,WebSearch,guard_minus_no_priority,le_8KB_slowdown_p99,5,-1.179709043184798,-1.9904671825553037,-0.3689509038142924,0.8107581393705057
paired_percent,WebSearch,guard_minus_no_priority,le_8KB_slowdown_p99,5,-49.08872046931212,-72.97713567543639,-25.20030526318786,23.88841520612426
paired_difference,WebSearch,guard_minus_no_priority,long_to_small_slowdown_mean_ratio,5,0.14262701837903324,0.0498678431955607,0.23538619356250579,0.09275917518347254
paired_percent,WebSearch,guard_minus_no_priority,long_to_small_slowdown_mean_ratio,5,10.862344460603753,3.344160604290166,18.38052831691734,7.518183856313587
paired_difference,WebSearch,guard_minus_no_priority,max_active_flows,5,0.0,0.0,0.0,0.0
paired_percent,WebSearch,guard_minus_no_priority,max_active_flows,5,0.0,0.0,0.0,0.0
paired_difference,WebSearch,guard_minus_no_priority,overall_fct_us_mean,5,-1.7148562830134466,-3.4226670812553093,-0.007045484771583954,1.7078107982418627
paired_percent,WebSearch,guard_minus_no_priority,overall_fct_us_mean,5,-0.6878043977194989,-1.2019156845820425,-0.17369311085695527,0.5141112868625436
paired_difference,WebSearch,guard_minus_no_priority,overall_fct_us_p95,5,20.229700000000072,-23.981297348809548,64.44069734880969,44.21099734880962
paired_percent,WebSearch,guard_minus_no_priority,overall_fct_us_p95,5,1.8588651708394444,-2.148875728300788,5.866606069979677,4.007740899140233
paired_difference,WebSearch,guard_minus_no_priority,overall_fct_us_p99,5,1.7695239999997283,-15.863959601997168,19.403007601996624,17.633483601996897
paired_percent,WebSearch,guard_minus_no_priority,overall_fct_us_p99,5,0.13658794385688583,-0.3955119987014401,0.6686878864152117,0.5320999425583259
paired_difference,WebSearch,guard_minus_no_priority,overall_flow_count,5,0.0,0.0,0.0,0.0
paired_percent,WebSearch,guard_minus_no_priority,overall_flow_count,5,0.0,0.0,0.0,0.0
paired_difference,WebSearch,guard_minus_no_priority,overall_slowdown_mean,5,-0.0913288445781224,-0.1453716182320275,-0.03728607092421732,0.054042773653905085
paired_percent,WebSearch,guard_minus_no_priority,overall_slowdown_mean,5,-7.115255375449505,-10.820621776746172,-3.4098889741528375,3.705366401296667
paired_difference,WebSearch,guard_minus_no_priority,overall_slowdown_p95,5,-0.17549035211931838,-0.24667694490562636,-0.1043037593330104,0.07118659278630797
paired_percent,WebSearch,guard_minus_no_priority,overall_slowdown_p95,5,-8.127416892669345,-11.029355308851162,-5.2254784764875275,2.901938416181818
paired_difference,WebSearch,guard_minus_no_priority,overall_slowdown_p99,5,-0.13731428952889163,-0.46475260205144514,0.19012402299366188,0.3274383125225535
paired_percent,WebSearch,guard_minus_no_priority,overall_slowdown_p99,5,-4.489665128986521,-15.277813273679378,6.298483015706336,10.788148144692856
paired_difference,WebSearch,guard_minus_no_priority,pfc_pause_events,5,0.0,0.0,0.0,0.0
paired_difference,WebSearch,guard_minus_no_priority,pfc_resume_events,5,0.0,0.0,0.0,0.0
paired_difference,WebSearch,guard_minus_no_priority,proactive_releases,5,0.0,0.0,0.0,0.0
paired_percent,WebSearch,guard_minus_no_priority,proactive_releases,5,0.0,0.0,0.0,0.0
paired_difference,WebSearch,guard_minus_no_priority,queue_bytes_max,5,-8954.0,-33960.48524061541,16052.485240615406,25006.485240615406
paired_percent,WebSearch,guard_minus_no_priority,queue_bytes_max,5,-2.435877106708036,-9.63959723002418,4.767843016608108,7.203720123316144
paired_difference,WebSearch,guard_minus_no_priority,queue_bytes_mean,5,-37.70800000000001,-124.63072290071219,49.21472290071216,86.92272290071217
paired_percent,WebSearch,guard_minus_no_priority,queue_bytes_mean,5,-1.9832014404325862,-5.812598198049894,1.8461953171847219,3.829396757617308
paired_difference,WebSearch,guard_minus_no_priority,queue_bytes_p95,5,0.0,0.0,0.0,0.0
paired_difference,WebSearch,guard_minus_no_priority,queue_bytes_p99,5,-2108.0,-5900.479700850277,1684.4797008502774,3792.4797008502774
paired_percent,WebSearch,guard_minus_no_priority,queue_bytes_p99,5,-2.3937320870479453,-7.09053901079289,2.303074836696999,4.696806923744944
paired_difference,WebSearch,guard_minus_no_priority,queue_sample_count,5,0.0,0.0,0.0,0.0
paired_percent,WebSearch,guard_minus_no_priority,queue_sample_count,5,0.0,0.0,0.0,0.0
paired_difference,WebSearch,guard_minus_no_priority,reactive_binding_rate_changes,5,-9.6,-18.09428866189365,-1.1057113381063512,8.494288661893648
paired_percent,WebSearch,guard_minus_no_priority,reactive_binding_rate_changes,5,-2.4000704961968693,-4.549267770823043,-0.250873221570695,2.1491972746261743
paired_difference,WebSearch,guard_minus_no_priority,reactive_binding_updates,5,-9.6,-18.09428866189365,-1.1057113381063512,8.494288661893648
paired_percent,WebSearch,guard_minus_no_priority,reactive_binding_updates,5,-2.4000704961968693,-4.549267770823043,-0.250873221570695,2.1491972746261743
paired_difference,WebSearch,guard_minus_no_priority,recovery_nacks_generated,5,0.0,0.0,0.0,0.0
paired_difference,WebSearch,guard_minus_no_priority,recovery_nacks_received,5,0.0,0.0,0.0,0.0
paired_difference,WebSearch,guard_minus_no_priority,registrations,5,0.0,0.0,0.0,0.0
paired_percent,WebSearch,guard_minus_no_priority,registrations,5,0.0,0.0,0.0,0.0
paired_difference,WebSearch,guard_minus_no_priority,selected_registrations,5,0.0,0.0,0.0,0.0
paired_percent,WebSearch,guard_minus_no_priority,selected_registrations,5,0.0,0.0,0.0,0.0
paired_difference,WebSearch,guard_minus_no_priority,tie_binding_rate_changes,5,-1.4,-7.827935141463993,5.027935141463994,6.427935141463993
paired_percent,WebSearch,guard_minus_no_priority,tie_binding_rate_changes,5,-6.434974406923915,-19.902452102814564,7.032503288966733,13.467477695890649
paired_difference,WebSearch,guard_minus_no_priority,tie_binding_updates,5,8.6,0.2891949305314423,16.91080506946856,8.310805069468557
paired_percent,WebSearch,guard_minus_no_priority,tie_binding_updates,5,0.7870140316434007,0.1663486626473638,1.4076794006394375,0.6206653689960369
paired_difference,WebSearch,guard_minus_no_priority,timeout_recoveries,5,0.0,0.0,0.0,0.0
paired_difference,WebSearch,guard_minus_no_srpt,1BDP_to_1MB_fct_us_mean,5,-4.35000910562737,-7.386165101890629,-1.3138531093641101,3.03615599626326
paired_percent,WebSearch,guard_minus_no_srpt,1BDP_to_1MB_fct_us_mean,5,-7.813581097352812,-13.02247801123838,-2.6046841834672447,5.208896913885567
paired_difference,WebSearch,guard_minus_no_srpt,1BDP_to_1MB_fct_us_p95,5,-22.65344000000001,-40.69167380934218,-4.615206190657847,18.038233809342163
paired_percent,WebSearch,guard_minus_no_srpt,1BDP_to_1MB_fct_us_p95,5,-15.692177505778862,-28.114493439606,-3.269861571951722,12.42231593382714
paired_difference,WebSearch,guard_minus_no_srpt,1BDP_to_1MB_fct_us_p99,5,-21.437090000000005,-46.983516022226965,4.109336022226952,25.546426022226957
paired_percent,WebSearch,guard_minus_no_srpt,1BDP_to_1MB_fct_us_p99,5,-12.477694345924487,-27.280387043759198,2.324998351910226,14.802692697834713
paired_difference,WebSearch,guard_minus_no_srpt,1BDP_to_1MB_flow_count,5,0.0,0.0,0.0,0.0
paired_percent,WebSearch,guard_minus_no_srpt,1BDP_to_1MB_flow_count,5,0.0,0.0,0.0,0.0
paired_difference,WebSearch,guard_minus_no_srpt,1BDP_to_1MB_slowdown_mean,5,-0.09114236031811598,-0.13834853538002426,-0.043936185256207703,0.04720617506190828
paired_percent,WebSearch,guard_minus_no_srpt,1BDP_to_1MB_slowdown_mean,5,-7.40094699254531,-11.040505180972804,-3.7613888041178165,3.6395581884274937
paired_difference,WebSearch,guard_minus_no_srpt,1BDP_to_1MB_slowdown_p95,5,-0.4554516810769963,-0.8043328550333111,-0.1065705071206815,0.3488811739563148
paired_percent,WebSearch,guard_minus_no_srpt,1BDP_to_1MB_slowdown_p95,5,-23.879099473165564,-41.26964712017171,-6.488551826159419,17.390547647006144
paired_difference,WebSearch,guard_minus_no_srpt,1BDP_to_1MB_slowdown_p99,5,-0.5314503205165095,-0.9658209313189452,-0.09707970971407387,0.43437061080243566
paired_percent,WebSearch,guard_minus_no_srpt,1BDP_to_1MB_slowdown_p99,5,-21.70478280599999,-38.31548331758022,-5.0940822944197635,16.610700511580227
paired_difference,WebSearch,guard_minus_no_srpt,8KB_to_1BDP_fct_us_mean,5,-0.3593834065531357,-0.42872947788386695,-0.2900373352224045,0.06934607133073124
paired_percent,WebSearch,guard_minus_no_srpt,8KB_to_1BDP_fct_us_mean,5,-3.4188075983764046,-4.022942977360923,-2.8146722193918863,0.6041353789845184
paired_difference,WebSearch,guard_minus_no_srpt,8KB_to_1BDP_fct_us_p95,5,-0.7825100000000017,-1.2224363522738555,-0.34258364772614786,0.43992635227385385
paired_percent,WebSearch,guard_minus_no_srpt,8KB_to_1BDP_fct_us_p95,5,-4.983791660962591,-7.747340021622152,-2.220243300303031,2.7635483606595606
paired_difference,WebSearch,guard_minus_no_srpt,8KB_to_1BDP_fct_us_p99,5,-2.2985120000000037,-4.230478959059596,-0.36654504094041096,1.9319669590595927
paired_percent,WebSearch,guard_minus_no_srpt,8KB_to_1BDP_fct_us_p99,5,-12.351942410281389,-22.130003513067187,-2.57388130749559,9.778061102785799
paired_difference,WebSearch,guard_minus_no_srpt,8KB_to_1BDP_flow_count,5,0.0,0.0,0.0,0.0
paired_percent,WebSearch,guard_minus_no_srpt,8KB_to_1BDP_flow_count,5,0.0,0.0,0.0,0.0
paired_difference,WebSearch,guard_minus_no_srpt,8KB_to_1BDP_slowdown_mean,5,-0.035229785156861745,-0.04270912579559642,-0.027750444518127068,0.007479340638734677
paired_percent,WebSearch,guard_minus_no_srpt,8KB_to_1BDP_slowdown_mean,5,-3.329795460321453,-4.013375061986061,-2.6462158586568445,0.6835796016646082
paired_difference,WebSearch,guard_minus_no_srpt,8KB_to_1BDP_slowdown_p95,5,-0.2773634590090757,-0.343786268666302,-0.21094064935184942,0.06642280965722631
paired_percent,WebSearch,guard_minus_no_srpt,8KB_to_1BDP_slowdown_p95,5,-20.809666217461277,-24.904063692616504,-16.71526874230605,4.094397475155227
paired_difference,WebSearch,guard_minus_no_srpt,8KB_to_1BDP_slowdown_p99,5,-0.4451809124211171,-0.5453967418711128,-0.3449650829711215,0.10021582944999564
paired_percent,WebSearch,guard_minus_no_srpt,8KB_to_1BDP_slowdown_p99,5,-28.896145207939533,-34.11514139684261,-23.677149019036456,5.218996188903075
paired_difference,WebSearch,guard_minus_no_srpt,aggregate_goodput_gbps,5,-0.003948487248862875,-0.04240464098317079,0.03450766648544504,0.03845615373430791
paired_percent,WebSearch,guard_minus_no_srpt,aggregate_goodput_gbps,5,-0.0021079250310499513,-0.0272183028624299,0.02300245280033,0.02511037783137995
paired_difference,WebSearch,guard_minus_no_srpt,completion_releases,5,0.0,0.0,0.0,0.0
paired_difference,WebSearch,guard_minus_no_srpt,completion_span_us,5,0.5250000000007276,-4.645352924468591,5.695352924470047,5.170352924469319
paired_percent,WebSearch,guard_minus_no_srpt,completion_span_us,5,0.002111241788031889,-0.023002527777244687,0.027225011353308466,0.025113769565276577
paired_difference,WebSearch,guard_minus_no_srpt,grant_binding_rate_changes,5,-0.4,-1.080087380658257,0.2800873806582569,0.6800873806582569
paired_percent,WebSearch,guard_minus_no_srpt,grant_binding_rate_changes,5,-8.095238095238093,-26.02930179379468,9.838825603318496,17.93406369855659
paired_difference,WebSearch,guard_minus_no_srpt,grant_binding_updates,5,-5.0,-24.494520202182894,14.494520202182894,19.494520202182894
paired_percent,WebSearch,guard_minus_no_srpt,grant_binding_updates,5,0.8159808927908427,-9.363129031758739,10.995090817340422,10.17910992454958
paired_difference,WebSearch,guard_minus_no_srpt,grant_bytes_sent,5,-3496.8,-6750.656069997374,-242.94393000262562,3253.8560699973746
paired_percent,WebSearch,guard_minus_no_srpt,grant_bytes_sent,5,-0.5734625225471166,-1.1206430258828222,-0.026282019211411045,0.5471805033357056
paired_difference,WebSearch,guard_minus_no_srpt,grant_event_rate_changes,5,-55.2,-117.16761756662231,6.767617566622313,61.967617566622316
paired_percent,WebSearch,guard_minus_no_srpt,grant_event_rate_changes,5,-3.44832590548425,-7.8056173154407755,0.9089655044722758,4.357291409956526
paired_difference,WebSearch,guard_minus_no_srpt,grants_received,5,-37.2,-71.81549010635504,-2.584509893644956,34.61549010635505
paired_percent,WebSearch,guard_minus_no_srpt,grants_received,5,-0.5734625225471166,-1.1206430258828222,-0.026282019211411045,0.5471805033357056
paired_difference,WebSearch,guard_minus_no_srpt,grants_sent,5,-37.2,-71.81549010635504,-2.584509893644956,34.61549010635505
paired_percent,WebSearch,guard_minus_no_srpt,grants_sent,5,-0.5734625225471166,-1.1206430258828222,-0.026282019211411045,0.5471805033357056
paired_difference,WebSearch,guard_minus_no_srpt,gt_1MB_fct_us_mean,5,-18.78066929565198,-31.559684108913387,-6.00165448239057,12.779014813261409
paired_percent,WebSearch,guard_minus_no_srpt,gt_1MB_fct_us_mean,5,-2.282286119783721,-3.258071574907403,-1.3065006646600392,0.9757854551236819
paired_difference,WebSearch,guard_minus_no_srpt,gt_1MB_fct_us_p95,5,-15.670180000000027,-141.58305781432153,110.24269781432149,125.91287781432152
paired_percent,WebSearch,guard_minus_no_srpt,gt_1MB_fct_us_p95,5,-0.8153220107435507,-6.105641793641782,4.47499777215468,5.290319782898231
paired_difference,WebSearch,guard_minus_no_srpt,gt_1MB_fct_us_p99,5,103.99940200000029,-186.2128652220791,394.21166922207965,290.2122672220794
paired_percent,WebSearch,guard_minus_no_srpt,gt_1MB_fct_us_p99,5,0.8489911327030673,-8.192133825596196,9.890116091002332,9.041124958299264
paired_difference,WebSearch,guard_minus_no_srpt,gt_1MB_flow_count,5,0.0,0.0,0.0,0.0
paired_percent,WebSearch,guard_minus_no_srpt,gt_1MB_flow_count,5,0.0,0.0,0.0,0.0
paired_difference,WebSearch,guard_minus_no_srpt,gt_1MB_slowdown_mean,5,-0.05995054779178344,-0.10243170313284006,-0.017469392450726817,0.04248115534105662
paired_percent,WebSearch,guard_minus_no_srpt,gt_1MB_slowdown_mean,5,-3.798167068756308,-6.50208114757406,-1.0942529899385565,2.7039140788177516
paired_difference,WebSearch,guard_minus_no_srpt,gt_1MB_slowdown_p95,5,-0.057330133820102436,-0.12719040715691665,0.01253013951671178,0.06986027333681422
paired_percent,WebSearch,guard_minus_no_srpt,gt_1MB_slowdown_p95,5,-2.075048938843918,-4.739653817706786,0.589555940018951,2.664604878862869
paired_difference,WebSearch,guard_minus_no_srpt,gt_1MB_slowdown_p99,5,-0.13474953156450376,-0.4302772504056616,0.1607781872766541,0.29552771884115786
paired_percent,WebSearch,guard_minus_no_srpt,gt_1MB_slowdown_p99,5,-4.102185652013644,-12.830748989605944,4.626377685578654,8.728563337592298
paired_difference,WebSearch,guard_minus_no_srpt,guard_ack_interval_packets,5,0.0,0.0,0.0,0.0
paired_percent,WebSearch,guard_minus_no_srpt,guard_ack_interval_packets,5,0.0,0.0,0.0,0.0
paired_difference,WebSearch,guard_minus_no_srpt,guard_adaptive_grant_updates,5,0.0,0.0,0.0,0.0
paired_difference,WebSearch,guard_minus_no_srpt,guard_fixed_window,5,0.0,0.0,0.0,0.0
paired_percent,WebSearch,guard_minus_no_srpt,guard_fixed_window,5,0.0,0.0,0.0,0.0
paired_difference,WebSearch,guard_minus_no_srpt,guard_grant_refresh_bdps,5,0.0,0.0,0.0,0.0
paired_percent,WebSearch,guard_minus_no_srpt,guard_grant_refresh_bdps,5,0.0,0.0,0.0,0.0
paired_difference,WebSearch,guard_minus_no_srpt,guard_long_acks_suppressed,5,0.0,0.0,0.0,0.0
paired_percent,WebSearch,guard_minus_no_srpt,guard_long_acks_suppressed,5,0.0,0.0,0.0,0.0
paired_difference,WebSearch,guard_minus_no_srpt,guard_min_share_fraction,5,0.0,0.0,0.0,0.0
paired_difference,WebSearch,guard_minus_no_srpt,guard_one_rtt_acks_suppressed,5,0.0,0.0,0.0,0.0
paired_percent,WebSearch,guard_minus_no_srpt,guard_one_rtt_acks_suppressed,5,0.0,0.0,0.0,0.0
paired_difference,WebSearch,guard_minus_no_srpt,guard_one_rtt_bypass_enabled,5,0.0,0.0,0.0,0.0
paired_percent,WebSearch,guard_minus_no_srpt,guard_one_rtt_bypass_enabled,5,0.0,0.0,0.0,0.0
paired_difference,WebSearch,guard_minus_no_srpt,guard_one_rtt_bypass_feedbacks,5,0.0,0.0,0.0,0.0
paired_percent,WebSearch,guard_minus_no_srpt,guard_one_rtt_bypass_feedbacks,5,0.0,0.0,0.0,0.0
paired_difference,WebSearch,guard_minus_no_srpt,guard_one_rtt_bypass_flows,5,0.0,0.0,0.0,0.0
paired_percent,WebSearch,guard_minus_no_srpt,guard_one_rtt_bypass_flows,5,0.0,0.0,0.0,0.0
paired_difference,WebSearch,guard_minus_no_srpt,guard_rebalance_events,5,0.0,0.0,0.0,0.0
paired_difference,WebSearch,guard_minus_no_srpt,guard_remaining_aware,5,0.0,0.0,0.0,0.0
paired_percent,WebSearch,guard_minus_no_srpt,guard_remaining_aware,5,0.0,0.0,0.0,0.0
paired_difference,WebSearch,guard_minus_no_srpt,guard_remaining_exponent,5,0.0,0.0,0.0,0.0
paired_percent,WebSearch,guard_minus_no_srpt,guard_remaining_exponent,5,0.0,0.0,0.0,0.0
paired_difference,WebSearch,guard_minus_no_srpt,guard_remaining_refresh_events,5,-5.4,-8.258525190987028,-2.541474809012973,2.8585251909870273
paired_percent,WebSearch,guard_minus_no_srpt,guard_remaining_refresh_events,5,-0.10059517123452558,-0.134939922606362,-0.06625041986268915,0.03434475137183643
paired_difference,WebSearch,guard_minus_no_srpt,guard_sender_srpt_enabled,5,1.0,1.0,1.0,0.0
paired_difference,WebSearch,guard_minus_no_srpt,guard_sender_srpt_forced_rr,5,51.6,18.531151769225424,84.66884823077459,33.06884823077458
paired_difference,WebSearch,guard_minus_no_srpt,guard_sender_srpt_non_rr,5,19662.0,8297.511649470143,31026.488350529857,11364.488350529857
paired_difference,WebSearch,guard_minus_no_srpt,guard_sender_srpt_selections,5,384139.2,254436.7035814741,513841.6964185259,129702.4964185259
paired_difference,WebSearch,guard_minus_no_srpt,guard_srpt_quantum_packets,5,0.0,0.0,0.0,0.0
paired_percent,WebSearch,guard_minus_no_srpt,guard_srpt_quantum_packets,5,0.0,0.0,0.0,0.0
paired_difference,WebSearch,guard_minus_no_srpt,guard_tail_bypass_bdps,5,0.0,0.0,0.0,0.0
paired_percent,WebSearch,guard_minus_no_srpt,guard_tail_bypass_bdps,5,0.0,0.0,0.0,0.0
paired_difference,WebSearch,guard_minus_no_srpt,guard_tail_bypass_enabled,5,0.0,0.0,0.0,0.0
paired_percent,WebSearch,guard_minus_no_srpt,guard_tail_bypass_enabled,5,0.0,0.0,0.0,0.0
paired_difference,WebSearch,guard_minus_no_srpt,guard_tail_bypass_feedbacks,5,0.0,0.0,0.0,0.0
paired_percent,WebSearch,guard_minus_no_srpt,guard_tail_bypass_feedbacks,5,0.0,0.0,0.0,0.0
paired_difference,WebSearch,guard_minus_no_srpt,guard_tail_bypass_flows,5,0.0,0.0,0.0,0.0
paired_percent,WebSearch,guard_minus_no_srpt,guard_tail_bypass_flows,5,0.0,0.0,0.0,0.0
paired_difference,WebSearch,guard_minus_no_srpt,hpcc_actual_rate_changes,5,-23.2,-78.47427357555736,32.07427357555737,55.274273575557366
paired_percent,WebSearch,guard_minus_no_srpt,hpcc_actual_rate_changes,5,-4.7527321678806835,-14.163673305129175,4.6582089693678075,9.410941137248491
paired_difference,WebSearch,guard_minus_no_srpt,hpcc_fast_computations,5,0.0,0.0,0.0,0.0
paired_difference,WebSearch,guard_minus_no_srpt,hpcc_feedback_updates,5,-186.2,-340.7245732435122,-31.675426756487752,154.52457324351224
paired_percent,WebSearch,guard_minus_no_srpt,hpcc_feedback_updates,5,-2.926715307453599,-4.180117736287773,-1.673312878619425,1.2534024288341743
paired_difference,WebSearch,guard_minus_no_srpt,hpcc_full_computations,5,7.2,-45.28436024036744,59.68436024036745,52.484360240367444
paired_percent,WebSearch,guard_minus_no_srpt,hpcc_full_computations,5,0.24498293502639995,-2.2472434524543754,2.7372093225071756,2.4922263874807755
paired_difference,WebSearch,guard_minus_no_srpt,hpcc_rate_updates_applied,5,7.2,-45.28436024036744,59.68436024036745,52.484360240367444
paired_percent,WebSearch,guard_minus_no_srpt,hpcc_rate_updates_applied,5,0.24498293502639995,-2.2472434524543754,2.7372093225071756,2.4922263874807755
paired_difference,WebSearch,guard_minus_no_srpt,hpcc_valid_feedback,5,7.2,-45.28436024036744,59.68436024036745,52.484360240367444
paired_percent,WebSearch,guard_minus_no_srpt,hpcc_valid_feedback,5,0.24181701864165955,-2.2058511773603464,2.6894852146436654,2.447668196002006
paired_difference,WebSearch,guard_minus_no_srpt,int_hops_after_strip,5,0.0,0.0,0.0,0.0
paired_percent,WebSearch,guard_minus_no_srpt,int_hops_after_strip,5,0.0,0.0,0.0,0.0
paired_difference,WebSearch,guard_minus_no_srpt,int_hops_before_strip,5,0.0,0.0,0.0,0.0
paired_percent,WebSearch,guard_minus_no_srpt,int_hops_before_strip,5,0.0,0.0,0.0,0.0
paired_difference,WebSearch,guard_minus_no_srpt,int_records_stripped,5,0.0,0.0,0.0,0.0
paired_percent,WebSearch,guard_minus_no_srpt,int_records_stripped,5,0.0,0.0,0.0,0.0
paired_difference,WebSearch,guard_minus_no_srpt,irn_nacks_generated,5,0.0,0.0,0.0,0.0
paired_difference,WebSearch,guard_minus_no_srpt,irn_nacks_received,5,0.0,0.0,0.0,0.0
paired_difference,WebSearch,guard_minus_no_srpt,irn_retransmit_bytes,5,0.0,0.0,0.0,0.0
paired_difference,WebSearch,guard_minus_no_srpt,irn_retransmit_packets,5,0.0,0.0,0.0,0.0
paired_difference,WebSearch,guard_minus_no_srpt,le_8KB_fct_us_mean,5,-0.06206922075241579,-0.11435754142127053,-0.009780900083561049,0.05228832066885474
paired_percent,WebSearch,guard_minus_no_srpt,le_8KB_fct_us_mean,5,-0.8819213011550513,-1.5807423203885764,-0.18310028192152616,0.6988210192335251
paired_difference,WebSearch,guard_minus_no_srpt,le_8KB_fct_us_p95,5,-0.12419000000000047,-0.2834457900426449,0.03506579004264396,0.15925579004264442
paired_percent,WebSearch,guard_minus_no_srpt,le_8KB_fct_us_p95,5,-1.3591144245816527,-3.0864160228526614,0.36818717368935605,1.7273015982710087
paired_difference,WebSearch,guard_minus_no_srpt,le_8KB_fct_us_p99,5,-0.25748999999999994,-0.5287462226360793,0.01376622263607935,0.2712562226360793
paired_percent,WebSearch,guard_minus_no_srpt,le_8KB_fct_us_p99,5,-2.7371895235980395,-5.553158597999266,0.07877955080318655,2.815969074401226
paired_difference,WebSearch,guard_minus_no_srpt,le_8KB_flow_count,5,0.0,0.0,0.0,0.0
paired_percent,WebSearch,guard_minus_no_srpt,le_8KB_flow_count,5,0.0,0.0,0.0,0.0
paired_difference,WebSearch,guard_minus_no_srpt,le_8KB_slowdown_mean,5,-0.009755368495494566,-0.01773802451303367,-0.0017727124779554609,0.007982656017539105
paired_percent,WebSearch,guard_minus_no_srpt,le_8KB_slowdown_mean,5,-0.9581810771743706,-1.7334375568586948,-0.18292459749004641,0.7752564796843242
paired_difference,WebSearch,guard_minus_no_srpt,le_8KB_slowdown_p95,5,-0.03879976980946935,-0.0816532570579751,0.004053717439036403,0.04285348724850575
paired_percent,WebSearch,guard_minus_no_srpt,le_8KB_slowdown_p95,5,-3.582790444872902,-7.416833864542671,0.2512529747968668,3.834043419669769
paired_difference,WebSearch,guard_minus_no_srpt,le_8KB_slowdown_p99,5,-0.08618190014153422,-0.15160678542397427,-0.02075701485909416,0.06542488528244006
paired_percent,WebSearch,guard_minus_no_srpt,le_8KB_slowdown_p99,5,-7.596999492869671,-12.970417973411537,-2.223581012327804,5.373418480541867
paired_difference,WebSearch,guard_minus_no_srpt,long_to_small_slowdown_mean_ratio,5,-0.044734452885626344,-0.0908916695895934,0.0014227638183407082,0.04615721670396705
paired_percent,WebSearch,guard_minus_no_srpt,long_to_small_slowdown_mean_ratio,5,-2.861546991754687,-5.872516021779193,0.14942203826981926,3.010969030024506
paired_difference,WebSearch,guard_minus_no_srpt,max_active_flows,5,0.0,0.0,0.0,0.0
paired_percent,WebSearch,guard_minus_no_srpt,max_active_flows,5,0.0,0.0,0.0,0.0
paired_difference,WebSearch,guard_minus_no_srpt,overall_fct_us_mean,5,-6.330513340434803,-10.051764929327913,-2.6092617515416934,3.7212515888931095
paired_percent,WebSearch,guard_minus_no_srpt,overall_fct_us_mean,5,-2.5698380471799798,-3.3336746747964203,-1.8060014195635392,0.7638366276164406
paired_difference,WebSearch,guard_minus_no_srpt,overall_fct_us_p95,5,-40.24417000000055,-123.21881088908697,42.730470889085865,82.97464088908642
paired_percent,WebSearch,guard_minus_no_srpt,overall_fct_us_p95,5,-2.2698772899904607,-6.760519541068804,2.2207649610878835,4.490642251078344
paired_difference,WebSearch,guard_minus_no_srpt,overall_fct_us_p99,5,-96.88226800000021,-395.8323251725599,202.06778917255943,298.95005717255964
paired_percent,WebSearch,guard_minus_no_srpt,overall_fct_us_p99,5,-3.4830877870663137,-14.124499847653068,7.15832427352044,10.641412060586754
paired_difference,WebSearch,guard_minus_no_srpt,overall_flow_count,5,0.0,0.0,0.0,0.0
paired_percent,WebSearch,guard_minus_no_srpt,overall_flow_count,5,0.0,0.0,0.0,0.0
paired_difference,WebSearch,guard_minus_no_srpt,overall_slowdown_mean,5,-0.048208608404239905,-0.06238828489426452,-0.03402893191421529,0.014179676490024613
paired_percent,WebSearch,guard_minus_no_srpt,overall_slowdown_mean,5,-3.9401446173682153,-4.93451780597573,-2.9457714287607004,0.9943731886075151
paired_difference,WebSearch,guard_minus_no_srpt,overall_slowdown_p95,5,-0.13434314302882128,-0.20971756957225093,-0.05896871648539162,0.07537442654342966
paired_percent,WebSearch,guard_minus_no_srpt,overall_slowdown_p95,5,-6.535999215713152,-11.099339169919588,-1.972659261506716,4.563339954206436
paired_difference,WebSearch,guard_minus_no_srpt,overall_slowdown_p99,5,-0.17283029624714946,-0.4367633638044961,0.09110277131019717,0.26393306755734663
paired_percent,WebSearch,guard_minus_no_srpt,overall_slowdown_p99,5,-5.581602883760831,-13.872427043443654,2.709221275921993,8.290824159682824
paired_difference,WebSearch,guard_minus_no_srpt,pfc_pause_events,5,0.0,0.0,0.0,0.0
paired_difference,WebSearch,guard_minus_no_srpt,pfc_resume_events,5,0.0,0.0,0.0,0.0
paired_difference,WebSearch,guard_minus_no_srpt,proactive_releases,5,0.0,0.0,0.0,0.0
paired_percent,WebSearch,guard_minus_no_srpt,proactive_releases,5,0.0,0.0,0.0,0.0
paired_difference,WebSearch,guard_minus_no_srpt,queue_bytes_max,5,-10464.0,-24085.825409480203,3157.8254094802014,13621.825409480201
paired_percent,WebSearch,guard_minus_no_srpt,queue_bytes_max,5,-3.0105183198755223,-6.926161362494179,0.905124722743134,3.9156430426186564
paired_difference,WebSearch,guard_minus_no_srpt,queue_bytes_mean,5,-77.43639999999998,-199.28091242722905,44.4081124272291,121.84451242722908
paired_percent,WebSearch,guard_minus_no_srpt,queue_bytes_mean,5,-4.971803051846149,-11.728110682810499,1.7845045791182006,6.75630763096435
paired_difference,WebSearch,guard_minus_no_srpt,queue_bytes_p95,5,0.0,0.0,0.0,0.0
paired_difference,WebSearch,guard_minus_no_srpt,queue_bytes_p99,5,-5596.0,-15287.160063655869,4095.1600636558687,9691.160063655869
paired_percent,WebSearch,guard_minus_no_srpt,queue_bytes_p99,5,-8.361558272098822,-23.89031598191451,7.167199437716869,15.528757709815691
paired_difference,WebSearch,guard_minus_no_srpt,queue_sample_count,5,0.0,0.0,0.0,0.0
paired_percent,WebSearch,guard_minus_no_srpt,queue_sample_count,5,0.0,0.0,0.0,0.0
paired_difference,WebSearch,guard_minus_no_srpt,reactive_binding_rate_changes,5,-20.6,-66.97245178864759,25.77245178864758,46.37245178864758
paired_percent,WebSearch,guard_minus_no_srpt,reactive_binding_rate_changes,5,-4.489764063795391,-13.293673337824123,4.31414521023334,8.803909274028731
paired_difference,WebSearch,guard_minus_no_srpt,reactive_binding_updates,5,-20.6,-66.97245178864759,25.77245178864758,46.37245178864758
paired_percent,WebSearch,guard_minus_no_srpt,reactive_binding_updates,5,-4.489764063795391,-13.293673337824123,4.31414521023334,8.803909274028731
paired_difference,WebSearch,guard_minus_no_srpt,recovery_nacks_generated,5,0.0,0.0,0.0,0.0
paired_difference,WebSearch,guard_minus_no_srpt,recovery_nacks_received,5,0.0,0.0,0.0,0.0
paired_difference,WebSearch,guard_minus_no_srpt,registrations,5,0.0,0.0,0.0,0.0
paired_percent,WebSearch,guard_minus_no_srpt,registrations,5,0.0,0.0,0.0,0.0
paired_difference,WebSearch,guard_minus_no_srpt,selected_registrations,5,0.0,0.0,0.0,0.0
paired_percent,WebSearch,guard_minus_no_srpt,selected_registrations,5,0.0,0.0,0.0,0.0
paired_difference,WebSearch,guard_minus_no_srpt,tie_binding_rate_changes,5,-2.2,-11.631743807585131,7.23174380758513,9.43174380758513
paired_percent,WebSearch,guard_minus_no_srpt,tie_binding_rate_changes,5,-9.177734309793186,-29.223369608584733,10.86790098899836,20.045635298791545
paired_difference,WebSearch,guard_minus_no_srpt,tie_binding_updates,5,32.8,-20.94698628747978,86.54698628747977,53.74698628747978
paired_percent,WebSearch,guard_minus_no_srpt,tie_binding_updates,5,3.0432185220997785,-2.165841476603792,8.25227852080335,5.20905999870357
paired_difference,WebSearch,guard_minus_no_srpt,timeout_recoveries,5,0.0,0.0,0.0,0.0
paired_difference,WebSearch,guard_minus_no_reclaim,1BDP_to_1MB_fct_us_mean,5,0.0,0.0,0.0,0.0
paired_percent,WebSearch,guard_minus_no_reclaim,1BDP_to_1MB_fct_us_mean,5,0.0,0.0,0.0,0.0
paired_difference,WebSearch,guard_minus_no_reclaim,1BDP_to_1MB_fct_us_p95,5,0.0,0.0,0.0,0.0
paired_percent,WebSearch,guard_minus_no_reclaim,1BDP_to_1MB_fct_us_p95,5,0.0,0.0,0.0,0.0
paired_difference,WebSearch,guard_minus_no_reclaim,1BDP_to_1MB_fct_us_p99,5,0.0,0.0,0.0,0.0
paired_percent,WebSearch,guard_minus_no_reclaim,1BDP_to_1MB_fct_us_p99,5,0.0,0.0,0.0,0.0
paired_difference,WebSearch,guard_minus_no_reclaim,1BDP_to_1MB_flow_count,5,0.0,0.0,0.0,0.0
paired_percent,WebSearch,guard_minus_no_reclaim,1BDP_to_1MB_flow_count,5,0.0,0.0,0.0,0.0
paired_difference,WebSearch,guard_minus_no_reclaim,1BDP_to_1MB_slowdown_mean,5,0.0,0.0,0.0,0.0
paired_percent,WebSearch,guard_minus_no_reclaim,1BDP_to_1MB_slowdown_mean,5,0.0,0.0,0.0,0.0
paired_difference,WebSearch,guard_minus_no_reclaim,1BDP_to_1MB_slowdown_p95,5,0.0,0.0,0.0,0.0
paired_percent,WebSearch,guard_minus_no_reclaim,1BDP_to_1MB_slowdown_p95,5,0.0,0.0,0.0,0.0
paired_difference,WebSearch,guard_minus_no_reclaim,1BDP_to_1MB_slowdown_p99,5,0.0,0.0,0.0,0.0
paired_percent,WebSearch,guard_minus_no_reclaim,1BDP_to_1MB_slowdown_p99,5,0.0,0.0,0.0,0.0
paired_difference,WebSearch,guard_minus_no_reclaim,8KB_to_1BDP_fct_us_mean,5,0.0,0.0,0.0,0.0
paired_percent,WebSearch,guard_minus_no_reclaim,8KB_to_1BDP_fct_us_mean,5,0.0,0.0,0.0,0.0
paired_difference,WebSearch,guard_minus_no_reclaim,8KB_to_1BDP_fct_us_p95,5,0.0,0.0,0.0,0.0
paired_percent,WebSearch,guard_minus_no_reclaim,8KB_to_1BDP_fct_us_p95,5,0.0,0.0,0.0,0.0
paired_difference,WebSearch,guard_minus_no_reclaim,8KB_to_1BDP_fct_us_p99,5,0.0,0.0,0.0,0.0
paired_percent,WebSearch,guard_minus_no_reclaim,8KB_to_1BDP_fct_us_p99,5,0.0,0.0,0.0,0.0
paired_difference,WebSearch,guard_minus_no_reclaim,8KB_to_1BDP_flow_count,5,0.0,0.0,0.0,0.0
paired_percent,WebSearch,guard_minus_no_reclaim,8KB_to_1BDP_flow_count,5,0.0,0.0,0.0,0.0
paired_difference,WebSearch,guard_minus_no_reclaim,8KB_to_1BDP_slowdown_mean,5,0.0,0.0,0.0,0.0
paired_percent,WebSearch,guard_minus_no_reclaim,8KB_to_1BDP_slowdown_mean,5,0.0,0.0,0.0,0.0
paired_difference,WebSearch,guard_minus_no_reclaim,8KB_to_1BDP_slowdown_p95,5,0.0,0.0,0.0,0.0
paired_percent,WebSearch,guard_minus_no_reclaim,8KB_to_1BDP_slowdown_p95,5,0.0,0.0,0.0,0.0
paired_difference,WebSearch,guard_minus_no_reclaim,8KB_to_1BDP_slowdown_p99,5,0.0,0.0,0.0,0.0
paired_percent,WebSearch,guard_minus_no_reclaim,8KB_to_1BDP_slowdown_p99,5,0.0,0.0,0.0,0.0
paired_difference,WebSearch,guard_minus_no_reclaim,aggregate_goodput_gbps,5,0.0,0.0,0.0,0.0
paired_percent,WebSearch,guard_minus_no_reclaim,aggregate_goodput_gbps,5,0.0,0.0,0.0,0.0
paired_difference,WebSearch,guard_minus_no_reclaim,completion_releases,5,0.0,0.0,0.0,0.0
paired_difference,WebSearch,guard_minus_no_reclaim,completion_span_us,5,0.0,0.0,0.0,0.0
paired_percent,WebSearch,guard_minus_no_reclaim,completion_span_us,5,0.0,0.0,0.0,0.0
paired_difference,WebSearch,guard_minus_no_reclaim,grant_binding_rate_changes,5,0.0,0.0,0.0,0.0
paired_percent,WebSearch,guard_minus_no_reclaim,grant_binding_rate_changes,5,0.0,0.0,0.0,0.0
paired_difference,WebSearch,guard_minus_no_reclaim,grant_binding_updates,5,0.0,0.0,0.0,0.0
paired_percent,WebSearch,guard_minus_no_reclaim,grant_binding_updates,5,0.0,0.0,0.0,0.0
paired_difference,WebSearch,guard_minus_no_reclaim,grant_bytes_sent,5,0.0,0.0,0.0,0.0
paired_percent,WebSearch,guard_minus_no_reclaim,grant_bytes_sent,5,0.0,0.0,0.0,0.0
paired_difference,WebSearch,guard_minus_no_reclaim,grant_event_rate_changes,5,0.0,0.0,0.0,0.0
paired_percent,WebSearch,guard_minus_no_reclaim,grant_event_rate_changes,5,0.0,0.0,0.0,0.0
paired_difference,WebSearch,guard_minus_no_reclaim,grants_received,5,0.0,0.0,0.0,0.0
paired_percent,WebSearch,guard_minus_no_reclaim,grants_received,5,0.0,0.0,0.0,0.0
paired_difference,WebSearch,guard_minus_no_reclaim,grants_sent,5,0.0,0.0,0.0,0.0
paired_percent,WebSearch,guard_minus_no_reclaim,grants_sent,5,0.0,0.0,0.0,0.0
paired_difference,WebSearch,guard_minus_no_reclaim,gt_1MB_fct_us_mean,5,0.0,0.0,0.0,0.0
paired_percent,WebSearch,guard_minus_no_reclaim,gt_1MB_fct_us_mean,5,0.0,0.0,0.0,0.0
paired_difference,WebSearch,guard_minus_no_reclaim,gt_1MB_fct_us_p95,5,0.0,0.0,0.0,0.0
paired_percent,WebSearch,guard_minus_no_reclaim,gt_1MB_fct_us_p95,5,0.0,0.0,0.0,0.0
paired_difference,WebSearch,guard_minus_no_reclaim,gt_1MB_fct_us_p99,5,0.0,0.0,0.0,0.0
paired_percent,WebSearch,guard_minus_no_reclaim,gt_1MB_fct_us_p99,5,0.0,0.0,0.0,0.0
paired_difference,WebSearch,guard_minus_no_reclaim,gt_1MB_flow_count,5,0.0,0.0,0.0,0.0
paired_percent,WebSearch,guard_minus_no_reclaim,gt_1MB_flow_count,5,0.0,0.0,0.0,0.0
paired_difference,WebSearch,guard_minus_no_reclaim,gt_1MB_slowdown_mean,5,0.0,0.0,0.0,0.0
paired_percent,WebSearch,guard_minus_no_reclaim,gt_1MB_slowdown_mean,5,0.0,0.0,0.0,0.0
paired_difference,WebSearch,guard_minus_no_reclaim,gt_1MB_slowdown_p95,5,0.0,0.0,0.0,0.0
paired_percent,WebSearch,guard_minus_no_reclaim,gt_1MB_slowdown_p95,5,0.0,0.0,0.0,0.0
paired_difference,WebSearch,guard_minus_no_reclaim,gt_1MB_slowdown_p99,5,0.0,0.0,0.0,0.0
paired_percent,WebSearch,guard_minus_no_reclaim,gt_1MB_slowdown_p99,5,0.0,0.0,0.0,0.0
paired_difference,WebSearch,guard_minus_no_reclaim,guard_ack_interval_packets,5,0.0,0.0,0.0,0.0
paired_percent,WebSearch,guard_minus_no_reclaim,guard_ack_interval_packets,5,0.0,0.0,0.0,0.0
paired_difference,WebSearch,guard_minus_no_reclaim,guard_adaptive_grant_updates,5,0.0,0.0,0.0,0.0
paired_difference,WebSearch,guard_minus_no_reclaim,guard_fixed_window,5,0.0,0.0,0.0,0.0
paired_percent,WebSearch,guard_minus_no_reclaim,guard_fixed_window,5,0.0,0.0,0.0,0.0
paired_difference,WebSearch,guard_minus_no_reclaim,guard_grant_refresh_bdps,5,0.0,0.0,0.0,0.0
paired_percent,WebSearch,guard_minus_no_reclaim,guard_grant_refresh_bdps,5,0.0,0.0,0.0,0.0
paired_difference,WebSearch,guard_minus_no_reclaim,guard_long_acks_suppressed,5,0.0,0.0,0.0,0.0
paired_percent,WebSearch,guard_minus_no_reclaim,guard_long_acks_suppressed,5,0.0,0.0,0.0,0.0
paired_difference,WebSearch,guard_minus_no_reclaim,guard_min_share_fraction,5,0.0,0.0,0.0,0.0
paired_difference,WebSearch,guard_minus_no_reclaim,guard_one_rtt_acks_suppressed,5,0.0,0.0,0.0,0.0
paired_percent,WebSearch,guard_minus_no_reclaim,guard_one_rtt_acks_suppressed,5,0.0,0.0,0.0,0.0
paired_difference,WebSearch,guard_minus_no_reclaim,guard_one_rtt_bypass_enabled,5,0.0,0.0,0.0,0.0
paired_percent,WebSearch,guard_minus_no_reclaim,guard_one_rtt_bypass_enabled,5,0.0,0.0,0.0,0.0
paired_difference,WebSearch,guard_minus_no_reclaim,guard_one_rtt_bypass_feedbacks,5,0.0,0.0,0.0,0.0
paired_percent,WebSearch,guard_minus_no_reclaim,guard_one_rtt_bypass_feedbacks,5,0.0,0.0,0.0,0.0
paired_difference,WebSearch,guard_minus_no_reclaim,guard_one_rtt_bypass_flows,5,0.0,0.0,0.0,0.0
paired_percent,WebSearch,guard_minus_no_reclaim,guard_one_rtt_bypass_flows,5,0.0,0.0,0.0,0.0
paired_difference,WebSearch,guard_minus_no_reclaim,guard_rebalance_events,5,0.0,0.0,0.0,0.0
paired_difference,WebSearch,guard_minus_no_reclaim,guard_remaining_aware,5,0.0,0.0,0.0,0.0
paired_percent,WebSearch,guard_minus_no_reclaim,guard_remaining_aware,5,0.0,0.0,0.0,0.0
paired_difference,WebSearch,guard_minus_no_reclaim,guard_remaining_exponent,5,0.0,0.0,0.0,0.0
paired_percent,WebSearch,guard_minus_no_reclaim,guard_remaining_exponent,5,0.0,0.0,0.0,0.0
paired_difference,WebSearch,guard_minus_no_reclaim,guard_remaining_refresh_events,5,0.0,0.0,0.0,0.0
paired_percent,WebSearch,guard_minus_no_reclaim,guard_remaining_refresh_events,5,0.0,0.0,0.0,0.0
paired_difference,WebSearch,guard_minus_no_reclaim,guard_sender_srpt_enabled,5,0.0,0.0,0.0,0.0
paired_percent,WebSearch,guard_minus_no_reclaim,guard_sender_srpt_enabled,5,0.0,0.0,0.0,0.0
paired_difference,WebSearch,guard_minus_no_reclaim,guard_sender_srpt_forced_rr,5,0.0,0.0,0.0,0.0
paired_percent,WebSearch,guard_minus_no_reclaim,guard_sender_srpt_forced_rr,5,0.0,0.0,0.0,0.0
paired_difference,WebSearch,guard_minus_no_reclaim,guard_sender_srpt_non_rr,5,0.0,0.0,0.0,0.0
paired_percent,WebSearch,guard_minus_no_reclaim,guard_sender_srpt_non_rr,5,0.0,0.0,0.0,0.0
paired_difference,WebSearch,guard_minus_no_reclaim,guard_sender_srpt_selections,5,0.0,0.0,0.0,0.0
paired_percent,WebSearch,guard_minus_no_reclaim,guard_sender_srpt_selections,5,0.0,0.0,0.0,0.0
paired_difference,WebSearch,guard_minus_no_reclaim,guard_srpt_quantum_packets,5,0.0,0.0,0.0,0.0
paired_percent,WebSearch,guard_minus_no_reclaim,guard_srpt_quantum_packets,5,0.0,0.0,0.0,0.0
paired_difference,WebSearch,guard_minus_no_reclaim,guard_tail_bypass_bdps,5,0.0,0.0,0.0,0.0
paired_percent,WebSearch,guard_minus_no_reclaim,guard_tail_bypass_bdps,5,0.0,0.0,0.0,0.0
paired_difference,WebSearch,guard_minus_no_reclaim,guard_tail_bypass_enabled,5,0.0,0.0,0.0,0.0
paired_percent,WebSearch,guard_minus_no_reclaim,guard_tail_bypass_enabled,5,0.0,0.0,0.0,0.0
paired_difference,WebSearch,guard_minus_no_reclaim,guard_tail_bypass_feedbacks,5,0.0,0.0,0.0,0.0
paired_percent,WebSearch,guard_minus_no_reclaim,guard_tail_bypass_feedbacks,5,0.0,0.0,0.0,0.0
paired_difference,WebSearch,guard_minus_no_reclaim,guard_tail_bypass_flows,5,0.0,0.0,0.0,0.0
paired_percent,WebSearch,guard_minus_no_reclaim,guard_tail_bypass_flows,5,0.0,0.0,0.0,0.0
paired_difference,WebSearch,guard_minus_no_reclaim,hpcc_actual_rate_changes,5,0.0,0.0,0.0,0.0
paired_percent,WebSearch,guard_minus_no_reclaim,hpcc_actual_rate_changes,5,0.0,0.0,0.0,0.0
paired_difference,WebSearch,guard_minus_no_reclaim,hpcc_fast_computations,5,0.0,0.0,0.0,0.0
paired_difference,WebSearch,guard_minus_no_reclaim,hpcc_feedback_updates,5,0.0,0.0,0.0,0.0
paired_percent,WebSearch,guard_minus_no_reclaim,hpcc_feedback_updates,5,0.0,0.0,0.0,0.0
paired_difference,WebSearch,guard_minus_no_reclaim,hpcc_full_computations,5,0.0,0.0,0.0,0.0
paired_percent,WebSearch,guard_minus_no_reclaim,hpcc_full_computations,5,0.0,0.0,0.0,0.0
paired_difference,WebSearch,guard_minus_no_reclaim,hpcc_rate_updates_applied,5,0.0,0.0,0.0,0.0
paired_percent,WebSearch,guard_minus_no_reclaim,hpcc_rate_updates_applied,5,0.0,0.0,0.0,0.0
paired_difference,WebSearch,guard_minus_no_reclaim,hpcc_valid_feedback,5,0.0,0.0,0.0,0.0
paired_percent,WebSearch,guard_minus_no_reclaim,hpcc_valid_feedback,5,0.0,0.0,0.0,0.0
paired_difference,WebSearch,guard_minus_no_reclaim,int_hops_after_strip,5,0.0,0.0,0.0,0.0
paired_percent,WebSearch,guard_minus_no_reclaim,int_hops_after_strip,5,0.0,0.0,0.0,0.0
paired_difference,WebSearch,guard_minus_no_reclaim,int_hops_before_strip,5,0.0,0.0,0.0,0.0
paired_percent,WebSearch,guard_minus_no_reclaim,int_hops_before_strip,5,0.0,0.0,0.0,0.0
paired_difference,WebSearch,guard_minus_no_reclaim,int_records_stripped,5,0.0,0.0,0.0,0.0
paired_percent,WebSearch,guard_minus_no_reclaim,int_records_stripped,5,0.0,0.0,0.0,0.0
paired_difference,WebSearch,guard_minus_no_reclaim,irn_nacks_generated,5,0.0,0.0,0.0,0.0
paired_difference,WebSearch,guard_minus_no_reclaim,irn_nacks_received,5,0.0,0.0,0.0,0.0
paired_difference,WebSearch,guard_minus_no_reclaim,irn_retransmit_bytes,5,0.0,0.0,0.0,0.0
paired_difference,WebSearch,guard_minus_no_reclaim,irn_retransmit_packets,5,0.0,0.0,0.0,0.0
paired_difference,WebSearch,guard_minus_no_reclaim,le_8KB_fct_us_mean,5,0.0,0.0,0.0,0.0
paired_percent,WebSearch,guard_minus_no_reclaim,le_8KB_fct_us_mean,5,0.0,0.0,0.0,0.0
paired_difference,WebSearch,guard_minus_no_reclaim,le_8KB_fct_us_p95,5,0.0,0.0,0.0,0.0
paired_percent,WebSearch,guard_minus_no_reclaim,le_8KB_fct_us_p95,5,0.0,0.0,0.0,0.0
paired_difference,WebSearch,guard_minus_no_reclaim,le_8KB_fct_us_p99,5,0.0,0.0,0.0,0.0
paired_percent,WebSearch,guard_minus_no_reclaim,le_8KB_fct_us_p99,5,0.0,0.0,0.0,0.0
paired_difference,WebSearch,guard_minus_no_reclaim,le_8KB_flow_count,5,0.0,0.0,0.0,0.0
paired_percent,WebSearch,guard_minus_no_reclaim,le_8KB_flow_count,5,0.0,0.0,0.0,0.0
paired_difference,WebSearch,guard_minus_no_reclaim,le_8KB_slowdown_mean,5,0.0,0.0,0.0,0.0
paired_percent,WebSearch,guard_minus_no_reclaim,le_8KB_slowdown_mean,5,0.0,0.0,0.0,0.0
paired_difference,WebSearch,guard_minus_no_reclaim,le_8KB_slowdown_p95,5,0.0,0.0,0.0,0.0
paired_percent,WebSearch,guard_minus_no_reclaim,le_8KB_slowdown_p95,5,0.0,0.0,0.0,0.0
paired_difference,WebSearch,guard_minus_no_reclaim,le_8KB_slowdown_p99,5,0.0,0.0,0.0,0.0
paired_percent,WebSearch,guard_minus_no_reclaim,le_8KB_slowdown_p99,5,0.0,0.0,0.0,0.0
paired_difference,WebSearch,guard_minus_no_reclaim,long_to_small_slowdown_mean_ratio,5,0.0,0.0,0.0,0.0
paired_percent,WebSearch,guard_minus_no_reclaim,long_to_small_slowdown_mean_ratio,5,0.0,0.0,0.0,0.0
paired_difference,WebSearch,guard_minus_no_reclaim,max_active_flows,5,0.0,0.0,0.0,0.0
paired_percent,WebSearch,guard_minus_no_reclaim,max_active_flows,5,0.0,0.0,0.0,0.0
paired_difference,WebSearch,guard_minus_no_reclaim,overall_fct_us_mean,5,0.0,0.0,0.0,0.0
paired_percent,WebSearch,guard_minus_no_reclaim,overall_fct_us_mean,5,0.0,0.0,0.0,0.0
paired_difference,WebSearch,guard_minus_no_reclaim,overall_fct_us_p95,5,0.0,0.0,0.0,0.0
paired_percent,WebSearch,guard_minus_no_reclaim,overall_fct_us_p95,5,0.0,0.0,0.0,0.0
paired_difference,WebSearch,guard_minus_no_reclaim,overall_fct_us_p99,5,0.0,0.0,0.0,0.0
paired_percent,WebSearch,guard_minus_no_reclaim,overall_fct_us_p99,5,0.0,0.0,0.0,0.0
paired_difference,WebSearch,guard_minus_no_reclaim,overall_flow_count,5,0.0,0.0,0.0,0.0
paired_percent,WebSearch,guard_minus_no_reclaim,overall_flow_count,5,0.0,0.0,0.0,0.0
paired_difference,WebSearch,guard_minus_no_reclaim,overall_slowdown_mean,5,0.0,0.0,0.0,0.0
paired_percent,WebSearch,guard_minus_no_reclaim,overall_slowdown_mean,5,0.0,0.0,0.0,0.0
paired_difference,WebSearch,guard_minus_no_reclaim,overall_slowdown_p95,5,0.0,0.0,0.0,0.0
paired_percent,WebSearch,guard_minus_no_reclaim,overall_slowdown_p95,5,0.0,0.0,0.0,0.0
paired_difference,WebSearch,guard_minus_no_reclaim,overall_slowdown_p99,5,0.0,0.0,0.0,0.0
paired_percent,WebSearch,guard_minus_no_reclaim,overall_slowdown_p99,5,0.0,0.0,0.0,0.0
paired_difference,WebSearch,guard_minus_no_reclaim,pfc_pause_events,5,0.0,0.0,0.0,0.0
paired_difference,WebSearch,guard_minus_no_reclaim,pfc_resume_events,5,0.0,0.0,0.0,0.0
paired_difference,WebSearch,guard_minus_no_reclaim,proactive_releases,5,0.0,0.0,0.0,0.0
paired_percent,WebSearch,guard_minus_no_reclaim,proactive_releases,5,0.0,0.0,0.0,0.0
paired_difference,WebSearch,guard_minus_no_reclaim,queue_bytes_max,5,0.0,0.0,0.0,0.0
paired_percent,WebSearch,guard_minus_no_reclaim,queue_bytes_max,5,0.0,0.0,0.0,0.0
paired_difference,WebSearch,guard_minus_no_reclaim,queue_bytes_mean,5,0.0,0.0,0.0,0.0
paired_percent,WebSearch,guard_minus_no_reclaim,queue_bytes_mean,5,0.0,0.0,0.0,0.0
paired_difference,WebSearch,guard_minus_no_reclaim,queue_bytes_p95,5,0.0,0.0,0.0,0.0
paired_difference,WebSearch,guard_minus_no_reclaim,queue_bytes_p99,5,0.0,0.0,0.0,0.0
paired_percent,WebSearch,guard_minus_no_reclaim,queue_bytes_p99,5,0.0,0.0,0.0,0.0
paired_difference,WebSearch,guard_minus_no_reclaim,queue_sample_count,5,0.0,0.0,0.0,0.0
paired_percent,WebSearch,guard_minus_no_reclaim,queue_sample_count,5,0.0,0.0,0.0,0.0
paired_difference,WebSearch,guard_minus_no_reclaim,reactive_binding_rate_changes,5,0.0,0.0,0.0,0.0
paired_percent,WebSearch,guard_minus_no_reclaim,reactive_binding_rate_changes,5,0.0,0.0,0.0,0.0
paired_difference,WebSearch,guard_minus_no_reclaim,reactive_binding_updates,5,0.0,0.0,0.0,0.0
paired_percent,WebSearch,guard_minus_no_reclaim,reactive_binding_updates,5,0.0,0.0,0.0,0.0
paired_difference,WebSearch,guard_minus_no_reclaim,recovery_nacks_generated,5,0.0,0.0,0.0,0.0
paired_difference,WebSearch,guard_minus_no_reclaim,recovery_nacks_received,5,0.0,0.0,0.0,0.0
paired_difference,WebSearch,guard_minus_no_reclaim,registrations,5,0.0,0.0,0.0,0.0
paired_percent,WebSearch,guard_minus_no_reclaim,registrations,5,0.0,0.0,0.0,0.0
paired_difference,WebSearch,guard_minus_no_reclaim,selected_registrations,5,0.0,0.0,0.0,0.0
paired_percent,WebSearch,guard_minus_no_reclaim,selected_registrations,5,0.0,0.0,0.0,0.0
paired_difference,WebSearch,guard_minus_no_reclaim,tie_binding_rate_changes,5,0.0,0.0,0.0,0.0
paired_percent,WebSearch,guard_minus_no_reclaim,tie_binding_rate_changes,5,0.0,0.0,0.0,0.0
paired_difference,WebSearch,guard_minus_no_reclaim,tie_binding_updates,5,0.0,0.0,0.0,0.0
paired_percent,WebSearch,guard_minus_no_reclaim,tie_binding_updates,5,0.0,0.0,0.0,0.0
paired_difference,WebSearch,guard_minus_no_reclaim,timeout_recoveries,5,0.0,0.0,0.0,0.0
paired_difference,WebSearch,guard_minus_no_one_rtt,1BDP_to_1MB_fct_us_mean,5,-0.1054227232201157,-0.3925409237223848,0.1816954772821534,0.2871182005022691
paired_percent,WebSearch,guard_minus_no_one_rtt,1BDP_to_1MB_fct_us_mean,5,-0.20528470838963506,-0.7655063738956979,0.3549369571164277,0.5602216655060628
paired_difference,WebSearch,guard_minus_no_one_rtt,1BDP_to_1MB_fct_us_p95,5,-3.305540000000022,-12.58526673958414,5.974186739584097,9.279726739584119
paired_percent,WebSearch,guard_minus_no_one_rtt,1BDP_to_1MB_fct_us_p95,5,-2.212156042226604,-8.434312497325285,4.010000412872078,6.222156455098681
paired_difference,WebSearch,guard_minus_no_one_rtt,1BDP_to_1MB_fct_us_p99,5,0.21017199999998581,-0.9379563029684981,1.3583003029684697,1.148128302968484
paired_percent,WebSearch,guard_minus_no_one_rtt,1BDP_to_1MB_fct_us_p99,5,0.1611795574736769,-0.5506557425412342,0.8730148574885879,0.711835300014911
paired_difference,WebSearch,guard_minus_no_one_rtt,1BDP_to_1MB_flow_count,5,0.0,0.0,0.0,0.0
paired_percent,WebSearch,guard_minus_no_one_rtt,1BDP_to_1MB_flow_count,5,0.0,0.0,0.0,0.0
paired_difference,WebSearch,guard_minus_no_one_rtt,1BDP_to_1MB_slowdown_mean,5,-0.0007327454661933963,-0.002535390632861897,0.0010698997004751046,0.001802645166668501
paired_percent,WebSearch,guard_minus_no_one_rtt,1BDP_to_1MB_slowdown_mean,5,-0.06468252593052312,-0.22414859522605296,0.09478354336500672,0.15946606929552984
paired_difference,WebSearch,guard_minus_no_one_rtt,1BDP_to_1MB_slowdown_p95,5,-0.03392622347909171,-0.13041848136856657,0.06256603441038316,0.09649225788947487
paired_percent,WebSearch,guard_minus_no_one_rtt,1BDP_to_1MB_slowdown_p95,5,-2.1149731094958257,-8.170087761084462,3.9401415420928103,6.055114651588636
paired_difference,WebSearch,guard_minus_no_one_rtt,1BDP_to_1MB_slowdown_p99,5,0.0007744200498330134,-0.008777977476726859,0.010326817576392887,0.009552397526559873
paired_percent,WebSearch,guard_minus_no_one_rtt,1BDP_to_1MB_slowdown_p99,5,0.07654376843520368,-0.3871461866915404,0.5402337235619478,0.46368995512674405
paired_difference,WebSearch,guard_minus_no_one_rtt,8KB_to_1BDP_fct_us_mean,5,-0.00402932636992972,-0.009803790055311548,0.001745137315452108,0.005774463685381828
paired_percent,WebSearch,guard_minus_no_one_rtt,8KB_to_1BDP_fct_us_mean,5,-0.03966108793940184,-0.09663417879273115,0.01731200291392747,0.05697309085332931
paired_difference,WebSearch,guard_minus_no_one_rtt,8KB_to_1BDP_fct_us_p95,5,0.001980000000000359,-0.01639151928137656,0.02035151928137728,0.01837151928137692
paired_percent,WebSearch,guard_minus_no_one_rtt,8KB_to_1BDP_fct_us_p95,5,0.01328473528689456,-0.11016776219215264,0.13673723276594177,0.1234524974790472
paired_difference,WebSearch,guard_minus_no_one_rtt,8KB_to_1BDP_fct_us_p99,5,-0.022573999999999473,-0.05966875465124087,0.014520754651241922,0.037094754651241395
paired_percent,WebSearch,guard_minus_no_one_rtt,8KB_to_1BDP_fct_us_p99,5,-0.1470374283661598,-0.3885856403705869,0.09451078363826731,0.2415482120044271
paired_difference,WebSearch,guard_minus_no_one_rtt,8KB_to_1BDP_flow_count,5,0.0,0.0,0.0,0.0
paired_percent,WebSearch,guard_minus_no_one_rtt,8KB_to_1BDP_flow_count,5,0.0,0.0,0.0,0.0
paired_difference,WebSearch,guard_minus_no_one_rtt,8KB_to_1BDP_slowdown_mean,5,-0.000361520448509145,-0.0009558371266082007,0.00023279622958991063,0.0005943166780990556
paired_percent,WebSearch,guard_minus_no_one_rtt,8KB_to_1BDP_slowdown_mean,5,-0.03535282649311893,-0.09343531152818435,0.02272965854194648,0.05808248503506541
paired_difference,WebSearch,guard_minus_no_one_rtt,8KB_to_1BDP_slowdown_p95,5,-0.00024086840969435032,-0.0013289631869468522,0.0008472263675581516,0.001088094777252502
paired_percent,WebSearch,guard_minus_no_one_rtt,8KB_to_1BDP_slowdown_p95,5,-0.022802817958689534,-0.12645997742796614,0.08085434151058707,0.1036571594692766
paired_difference,WebSearch,guard_minus_no_one_rtt,8KB_to_1BDP_slowdown_p99,5,0.0029524292460198164,-0.0022391681937796956,0.008144026685819329,0.005191597439799512
paired_percent,WebSearch,guard_minus_no_one_rtt,8KB_to_1BDP_slowdown_p99,5,0.26377697430289343,-0.19725479721937622,0.7248087458251631,0.46103177152226965
paired_difference,WebSearch,guard_minus_no_one_rtt,aggregate_goodput_gbps,5,-0.0003072570734673263,-0.0019669615120590693,0.001352447365124417,0.0016597044385917431
paired_percent,WebSearch,guard_minus_no_one_rtt,aggregate_goodput_gbps,5,-0.00019928204096277815,-0.0012494025664103634,0.0008508384844848071,0.0010501205254475853
paired_difference,WebSearch,guard_minus_no_one_rtt,completion_releases,5,0.0,0.0,0.0,0.0
paired_difference,WebSearch,guard_minus_no_one_rtt,completion_span_us,5,0.04380000000019209,-0.17686084592202905,0.2644608459224132,0.22066084592222113
paired_percent,WebSearch,guard_minus_no_one_rtt,completion_span_us,5,0.00019928816035027523,-0.0008508470344703226,0.0012494233551708731,0.0010501351948205978
paired_difference,WebSearch,guard_minus_no_one_rtt,grant_binding_rate_changes,5,-0.6,-1.7105780420791192,0.5105780420791194,1.1105780420791194
paired_percent,WebSearch,guard_minus_no_one_rtt,grant_binding_rate_changes,5,-4.333333333333333,-12.020961721639374,3.3542950549727077,7.687628388306041
paired_difference,WebSearch,guard_minus_no_one_rtt,grant_binding_updates,5,-1.4,-5.842312168316477,3.0423121683164775,4.4423121683164775
paired_percent,WebSearch,guard_minus_no_one_rtt,grant_binding_updates,5,-0.21349596349596345,-1.6036505673544559,1.176658640362529,1.3901546038584924
paired_difference,WebSearch,guard_minus_no_one_rtt,grant_bytes_sent,5,188.0,-401.3890090373311,777.3890090373311,589.3890090373311
paired_percent,WebSearch,guard_minus_no_one_rtt,grant_bytes_sent,5,0.03571343011236795,-0.052597551115055374,0.12402441133979128,0.08831098122742333
paired_difference,WebSearch,guard_minus_no_one_rtt,grant_event_rate_changes,5,4.2,-8.625854201153746,17.02585420115375,12.825854201153748
paired_percent,WebSearch,guard_minus_no_one_rtt,grant_event_rate_changes,5,0.3645907473323999,-0.6515184311250324,1.3806999257898322,1.0161091784574323
paired_difference,WebSearch,guard_minus_no_one_rtt,grants_received,5,2.0,-4.270095840822671,8.27009584082267,6.270095840822671
paired_percent,WebSearch,guard_minus_no_one_rtt,grants_received,5,0.03571343011236795,-0.052597551115055374,0.12402441133979128,0.08831098122742333
paired_difference,WebSearch,guard_minus_no_one_rtt,grants_sent,5,2.0,-4.270095840822671,8.27009584082267,6.270095840822671
paired_percent,WebSearch,guard_minus_no_one_rtt,grants_sent,5,0.03571343011236795,-0.052597551115055374,0.12402441133979128,0.08831098122742333
paired_difference,WebSearch,guard_minus_no_one_rtt,gt_1MB_fct_us_mean,5,0.33714170353956663,-0.937136355911461,1.6114197629905944,1.2742780594510277
paired_percent,WebSearch,guard_minus_no_one_rtt,gt_1MB_fct_us_mean,5,0.03697728064526845,-0.10818670800908772,0.18214126929962463,0.14516398865435617
paired_difference,WebSearch,guard_minus_no_one_rtt,gt_1MB_fct_us_p95,5,15.501960000000008,-5.065232450468173,36.06915245046819,20.56719245046818
paired_percent,WebSearch,guard_minus_no_one_rtt,gt_1MB_fct_us_p95,5,0.5636763146734937,-0.1534629532953119,1.2808155826422993,0.7171392679688056
paired_difference,WebSearch,guard_minus_no_one_rtt,gt_1MB_fct_us_p99,5,3.7278919999997924,-4.179387936975754,11.63517193697534,7.907279936975547
paired_percent,WebSearch,guard_minus_no_one_rtt,gt_1MB_fct_us_p99,5,0.09368865612495433,-0.06835486615376168,0.25573217840367035,0.16204352227871602
paired_difference,WebSearch,guard_minus_no_one_rtt,gt_1MB_flow_count,5,0.0,0.0,0.0,0.0
paired_percent,WebSearch,guard_minus_no_one_rtt,gt_1MB_flow_count,5,0.0,0.0,0.0,0.0
paired_difference,WebSearch,guard_minus_no_one_rtt,gt_1MB_slowdown_mean,5,0.0005499311947537499,-0.002664026143939424,0.003763888533446924,0.003213957338693174
paired_percent,WebSearch,guard_minus_no_one_rtt,gt_1MB_slowdown_mean,5,0.042000921523031746,-0.16481325437785282,0.24881509742391633,0.20681417590088458
paired_difference,WebSearch,guard_minus_no_one_rtt,gt_1MB_slowdown_p95,5,0.004587668762958774,-0.006795634119530146,0.015970971645447696,0.01138330288248892
paired_percent,WebSearch,guard_minus_no_one_rtt,gt_1MB_slowdown_p95,5,0.1850882753501979,-0.25516938325342725,0.625345933953823,0.44025765860362515
paired_difference,WebSearch,guard_minus_no_one_rtt,gt_1MB_slowdown_p99,5,-0.004782956251629944,-0.0656522658094641,0.0560863533062042,0.06086930955783414
paired_percent,WebSearch,guard_minus_no_one_rtt,gt_1MB_slowdown_p99,5,-0.05973229848297681,-1.9948378011808414,1.8753732042148876,1.9351055026978645
paired_difference,WebSearch,guard_minus_no_one_rtt,guard_ack_interval_packets,5,0.0,0.0,0.0,0.0
paired_percent,WebSearch,guard_minus_no_one_rtt,guard_ack_interval_packets,5,0.0,0.0,0.0,0.0
paired_difference,WebSearch,guard_minus_no_one_rtt,guard_adaptive_grant_updates,5,0.0,0.0,0.0,0.0
paired_difference,WebSearch,guard_minus_no_one_rtt,guard_fixed_window,5,0.0,0.0,0.0,0.0
paired_percent,WebSearch,guard_minus_no_one_rtt,guard_fixed_window,5,0.0,0.0,0.0,0.0
paired_difference,WebSearch,guard_minus_no_one_rtt,guard_grant_refresh_bdps,5,0.0,0.0,0.0,0.0
paired_percent,WebSearch,guard_minus_no_one_rtt,guard_grant_refresh_bdps,5,0.0,0.0,0.0,0.0
paired_difference,WebSearch,guard_minus_no_one_rtt,guard_long_acks_suppressed,5,-2480.0,-2894.8179956165295,-2065.1820043834705,414.81799561652974
paired_percent,WebSearch,guard_minus_no_one_rtt,guard_long_acks_suppressed,5,-0.7796030925354994,-1.0270672098760694,-0.5321389751949295,0.24746411734057
paired_difference,WebSearch,guard_minus_no_one_rtt,guard_min_share_fraction,5,0.0,0.0,0.0,0.0
paired_difference,WebSearch,guard_minus_no_one_rtt,guard_one_rtt_acks_suppressed,5,2889.8,2416.563585382824,3363.0364146171764,473.2364146171763
paired_difference,WebSearch,guard_minus_no_one_rtt,guard_one_rtt_bypass_enabled,5,1.0,1.0,1.0,0.0
paired_difference,WebSearch,guard_minus_no_one_rtt,guard_one_rtt_bypass_feedbacks,5,106.8,99.22686743672108,114.37313256327892,7.573132563278918
paired_difference,WebSearch,guard_minus_no_one_rtt,guard_one_rtt_bypass_flows,5,106.8,99.22686743672108,114.37313256327892,7.573132563278918
paired_difference,WebSearch,guard_minus_no_one_rtt,guard_rebalance_events,5,0.0,0.0,0.0,0.0
paired_difference,WebSearch,guard_minus_no_one_rtt,guard_remaining_aware,5,0.0,0.0,0.0,0.0
paired_percent,WebSearch,guard_minus_no_one_rtt,guard_remaining_aware,5,0.0,0.0,0.0,0.0
paired_difference,WebSearch,guard_minus_no_one_rtt,guard_remaining_exponent,5,0.0,0.0,0.0,0.0
paired_percent,WebSearch,guard_minus_no_one_rtt,guard_remaining_exponent,5,0.0,0.0,0.0,0.0
paired_difference,WebSearch,guard_minus_no_one_rtt,guard_remaining_refresh_events,5,-0.2,-1.2388506336835696,0.8388506336835697,1.0388506336835697
paired_percent,WebSearch,guard_minus_no_one_rtt,guard_remaining_refresh_events,5,-0.005395490021852302,-0.023628560365117603,0.012837580321413,0.018233070343265302
paired_difference,WebSearch,guard_minus_no_one_rtt,guard_sender_srpt_enabled,5,0.0,0.0,0.0,0.0
paired_percent,WebSearch,guard_minus_no_one_rtt,guard_sender_srpt_enabled,5,0.0,0.0,0.0,0.0
paired_difference,WebSearch,guard_minus_no_one_rtt,guard_sender_srpt_forced_rr,5,1.6,-3.564486429523441,6.764486429523441,5.164486429523441
paired_percent,WebSearch,guard_minus_no_one_rtt,guard_sender_srpt_forced_rr,5,4.142857142857143,-8.635163242364424,16.920877528078712,12.778020385221568
paired_difference,WebSearch,guard_minus_no_one_rtt,guard_sender_srpt_non_rr,5,-167.2,-579.9952998922291,245.59529989222915,412.79529989222914
paired_percent,WebSearch,guard_minus_no_one_rtt,guard_sender_srpt_non_rr,5,-0.5737496792410054,-2.065382508434209,0.9178831499521981,1.4916328291932035
paired_difference,WebSearch,guard_minus_no_one_rtt,guard_sender_srpt_selections,5,0.0,0.0,0.0,0.0
paired_percent,WebSearch,guard_minus_no_one_rtt,guard_sender_srpt_selections,5,0.0,0.0,0.0,0.0
paired_difference,WebSearch,guard_minus_no_one_rtt,guard_srpt_quantum_packets,5,0.0,0.0,0.0,0.0
paired_percent,WebSearch,guard_minus_no_one_rtt,guard_srpt_quantum_packets,5,0.0,0.0,0.0,0.0
paired_difference,WebSearch,guard_minus_no_one_rtt,guard_tail_bypass_bdps,5,0.0,0.0,0.0,0.0
paired_percent,WebSearch,guard_minus_no_one_rtt,guard_tail_bypass_bdps,5,0.0,0.0,0.0,0.0
paired_difference,WebSearch,guard_minus_no_one_rtt,guard_tail_bypass_enabled,5,0.0,0.0,0.0,0.0
paired_percent,WebSearch,guard_minus_no_one_rtt,guard_tail_bypass_enabled,5,0.0,0.0,0.0,0.0
paired_difference,WebSearch,guard_minus_no_one_rtt,guard_tail_bypass_feedbacks,5,0.0,0.0,0.0,0.0
paired_percent,WebSearch,guard_minus_no_one_rtt,guard_tail_bypass_feedbacks,5,0.0,0.0,0.0,0.0
paired_difference,WebSearch,guard_minus_no_one_rtt,guard_tail_bypass_flows,5,0.0,0.0,0.0,0.0
paired_percent,WebSearch,guard_minus_no_one_rtt,guard_tail_bypass_flows,5,0.0,0.0,0.0,0.0
paired_difference,WebSearch,guard_minus_no_one_rtt,hpcc_actual_rate_changes,5,-2.2,-7.349538535858164,2.9495385358581636,5.149538535858164
paired_percent,WebSearch,guard_minus_no_one_rtt,hpcc_actual_rate_changes,5,-0.3318676373810298,-0.9743897274953437,0.3106544527332841,0.6425220901143139
paired_difference,WebSearch,guard_minus_no_one_rtt,hpcc_fast_computations,5,0.0,0.0,0.0,0.0
paired_difference,WebSearch,guard_minus_no_one_rtt,hpcc_feedback_updates,5,-108.2,-115.67064972653384,-100.72935027346617,7.47064972653384
paired_percent,WebSearch,guard_minus_no_one_rtt,hpcc_feedback_updates,5,-2.0209738626397176,-3.0357357006132766,-1.0062120246661586,1.014761837973559
paired_difference,WebSearch,guard_minus_no_one_rtt,hpcc_full_computations,5,-1.2,-5.261589034289213,2.8615890342892127,4.061589034289213
paired_percent,WebSearch,guard_minus_no_one_rtt,hpcc_full_computations,5,-0.07058351902248708,-0.29007240594204625,0.1489053678970721,0.21948888691955917
paired_difference,WebSearch,guard_minus_no_one_rtt,hpcc_rate_updates_applied,5,-1.2,-5.261589034289213,2.8615890342892127,4.061589034289213
paired_percent,WebSearch,guard_minus_no_one_rtt,hpcc_rate_updates_applied,5,-0.07058351902248708,-0.29007240594204625,0.1489053678970721,0.21948888691955917
paired_difference,WebSearch,guard_minus_no_one_rtt,hpcc_valid_feedback,5,-67.6,-79.06776024436927,-56.13223975563072,11.467760244369275
paired_percent,WebSearch,guard_minus_no_one_rtt,hpcc_valid_feedback,5,-3.948215582345776,-5.7824367818668385,-2.113994382824713,1.8342211995210629
paired_difference,WebSearch,guard_minus_no_one_rtt,int_hops_after_strip,5,-582.0,-708.60102574699,-455.39897425300995,126.60102574699005
paired_percent,WebSearch,guard_minus_no_one_rtt,int_hops_after_strip,5,-1.2800014987026067,-1.6166413202505387,-0.9433616771546747,0.33663982154793204
paired_difference,WebSearch,guard_minus_no_one_rtt,int_hops_before_strip,5,-991.8,-1176.7962687228935,-806.8037312771063,184.99626872289363
paired_percent,WebSearch,guard_minus_no_one_rtt,int_hops_before_strip,5,-1.0821453660331886,-1.3819796318732558,-0.7823111001931213,0.2998342658400672
paired_difference,WebSearch,guard_minus_no_one_rtt,int_records_stripped,5,-409.8,-468.266422952752,-351.333577047248,58.46642295275201
paired_percent,WebSearch,guard_minus_no_one_rtt,int_records_stripped,5,-0.8965774961965579,-1.1825215642682565,-0.6106334281248593,0.28594406807169864
paired_difference,WebSearch,guard_minus_no_one_rtt,irn_nacks_generated,5,0.0,0.0,0.0,0.0
paired_difference,WebSearch,guard_minus_no_one_rtt,irn_nacks_received,5,0.0,0.0,0.0,0.0
paired_difference,WebSearch,guard_minus_no_one_rtt,irn_retransmit_bytes,5,0.0,0.0,0.0,0.0
paired_difference,WebSearch,guard_minus_no_one_rtt,irn_retransmit_packets,5,0.0,0.0,0.0,0.0
paired_difference,WebSearch,guard_minus_no_one_rtt,le_8KB_fct_us_mean,5,-0.004026661037620727,-0.00668873957705168,-0.0013645824981897738,0.002662078539430953
paired_percent,WebSearch,guard_minus_no_one_rtt,le_8KB_fct_us_mean,5,-0.057632100685129875,-0.09331696534674003,-0.02194723602351973,0.035684864661610145
paired_difference,WebSearch,guard_minus_no_one_rtt,le_8KB_fct_us_p95,5,-0.006520000000000437,-0.01418540241023376,0.001145402410232887,0.007665402410233324
paired_percent,WebSearch,guard_minus_no_one_rtt,le_8KB_fct_us_p95,5,-0.07336197601698854,-0.1594162713752749,0.012692319341297803,0.08605429535828635
paired_difference,WebSearch,guard_minus_no_one_rtt,le_8KB_fct_us_p99,5,-0.021205999999999746,-0.036145152002877864,-0.006266847997121631,0.014939152002878115
paired_percent,WebSearch,guard_minus_no_one_rtt,le_8KB_fct_us_p99,5,-0.23581165697653877,-0.40254584672410215,-0.0690774672289754,0.16673418974756338
paired_difference,WebSearch,guard_minus_no_one_rtt,le_8KB_flow_count,5,0.0,0.0,0.0,0.0
paired_percent,WebSearch,guard_minus_no_one_rtt,le_8KB_flow_count,5,0.0,0.0,0.0,0.0
paired_difference,WebSearch,guard_minus_no_one_rtt,le_8KB_slowdown_mean,5,-0.0004709341515510168,-0.0007925749427684639,-0.00014929336033356978,0.000321640791217447
paired_percent,WebSearch,guard_minus_no_one_rtt,le_8KB_slowdown_mean,5,-0.046832017704872574,-0.0788075040746519,-0.014856531335093251,0.03197548636977932
paired_difference,WebSearch,guard_minus_no_one_rtt,le_8KB_slowdown_p95,5,-0.00106695610665688,-0.002790979281943628,0.000657067068629868,0.0017240231752867479
paired_percent,WebSearch,guard_minus_no_one_rtt,le_8KB_slowdown_p95,5,-0.10433814064878488,-0.27320218651710826,0.06452590521953847,0.16886404586832335
paired_difference,WebSearch,guard_minus_no_one_rtt,le_8KB_slowdown_p99,5,-0.0015586916758299374,-0.0036051843301682252,0.00048780097850835056,0.002046492654338288
paired_percent,WebSearch,guard_minus_no_one_rtt,le_8KB_slowdown_p99,5,-0.15158569767041913,-0.3502514802394703,0.047080084898631996,0.19866578256905112
paired_difference,WebSearch,guard_minus_no_one_rtt,long_to_small_slowdown_mean_ratio,5,0.0012525947023203088,-0.0018752967839589653,0.004380486188599583,0.003127891486279274
paired_percent,WebSearch,guard_minus_no_one_rtt,long_to_small_slowdown_mean_ratio,5,0.08887502764772473,-0.11602054820837795,0.29377060350382744,0.20489557585610269
paired_difference,WebSearch,guard_minus_no_one_rtt,max_active_flows,5,0.0,0.0,0.0,0.0
paired_percent,WebSearch,guard_minus_no_one_rtt,max_active_flows,5,0.0,0.0,0.0,0.0
paired_difference,WebSearch,guard_minus_no_one_rtt,overall_fct_us_mean,5,0.07908487082235069,-0.3062017694187612,0.46437151106346264,0.3852866402411119
paired_percent,WebSearch,guard_minus_no_one_rtt,overall_fct_us_mean,5,0.02756671899267219,-0.12204276036661132,0.1771761983519557,0.1496094793592835
paired_difference,WebSearch,guard_minus_no_one_rtt,overall_fct_us_p95,5,3.0108900000000176,-10.772266779325484,16.79404677932552,13.783156779325502
paired_percent,WebSearch,guard_minus_no_one_rtt,overall_fct_us_p95,5,0.17990343210539753,-0.6538092706364198,1.0136161348472148,0.8337127027418173
paired_difference,WebSearch,guard_minus_no_one_rtt,overall_fct_us_p99,5,6.129413999999952,-0.7335944932575158,12.992422493257418,6.8630084932574675
paired_percent,WebSearch,guard_minus_no_one_rtt,overall_fct_us_p99,5,0.2073840724337872,-0.0029736265849369115,0.41774177145251135,0.21035769901872411
paired_difference,WebSearch,guard_minus_no_one_rtt,overall_flow_count,5,0.0,0.0,0.0,0.0
paired_percent,WebSearch,guard_minus_no_one_rtt,overall_flow_count,5,0.0,0.0,0.0,0.0
paired_difference,WebSearch,guard_minus_no_one_rtt,overall_slowdown_mean,5,-0.00015982758036505728,-0.0014147760383600371,0.0010951208776299227,0.00125494845799498
paired_percent,WebSearch,guard_minus_no_one_rtt,overall_slowdown_mean,5,-0.01274323213146022,-0.11814560327204272,0.09265913900912227,0.1054023711405825
paired_difference,WebSearch,guard_minus_no_one_rtt,overall_slowdown_p95,5,0.004508323432243255,-0.02856474566614224,0.037581392530628754,0.0330730690983855
paired_percent,WebSearch,guard_minus_no_one_rtt,overall_slowdown_p95,5,0.26739791631503057,-1.3032833305849068,1.838079163214968,1.5706812468999374
paired_difference,WebSearch,guard_minus_no_one_rtt,overall_slowdown_p99,5,0.029827625301166626,-0.025690452594490657,0.08534570319682391,0.05551807789565728
paired_percent,WebSearch,guard_minus_no_one_rtt,overall_slowdown_p99,5,1.105006793850182,-1.0254048747059872,3.235418462406351,2.130411668556169
paired_difference,WebSearch,guard_minus_no_one_rtt,pfc_pause_events,5,0.0,0.0,0.0,0.0
paired_difference,WebSearch,guard_minus_no_one_rtt,pfc_resume_events,5,0.0,0.0,0.0,0.0
paired_difference,WebSearch,guard_minus_no_one_rtt,proactive_releases,5,0.0,0.0,0.0,0.0
paired_percent,WebSearch,guard_minus_no_one_rtt,proactive_releases,5,0.0,0.0,0.0,0.0
paired_difference,WebSearch,guard_minus_no_one_rtt,queue_bytes_max,5,-4578.0,-14947.304730157386,5791.304730157386,10369.304730157386
paired_percent,WebSearch,guard_minus_no_one_rtt,queue_bytes_max,5,-1.2003913502091788,-4.286415296952334,1.8856325965339762,3.086023946743155
paired_difference,WebSearch,guard_minus_no_one_rtt,queue_bytes_mean,5,-6.282600000000036,-32.51465144229279,19.94945144229272,26.232051442292754
paired_percent,WebSearch,guard_minus_no_one_rtt,queue_bytes_mean,5,-0.19695275469372822,-1.6292012004153649,1.2352956910279085,1.4322484457216367
paired_difference,WebSearch,guard_minus_no_one_rtt,queue_bytes_p95,5,0.0,0.0,0.0,0.0
paired_difference,WebSearch,guard_minus_no_one_rtt,queue_bytes_p99,5,-364.0,-2050.6212745059934,1322.6212745059934,1686.6212745059934
paired_percent,WebSearch,guard_minus_no_one_rtt,queue_bytes_p99,5,-0.06672905872627241,-2.7537184509171513,2.6202603334646066,2.686989392190879
paired_difference,WebSearch,guard_minus_no_one_rtt,queue_sample_count,5,0.0,0.0,0.0,0.0
paired_percent,WebSearch,guard_minus_no_one_rtt,queue_sample_count,5,0.0,0.0,0.0,0.0
paired_difference,WebSearch,guard_minus_no_one_rtt,reactive_binding_rate_changes,5,-1.8,-6.560611664607798,2.9606116646077982,4.760611664607798
paired_percent,WebSearch,guard_minus_no_one_rtt,reactive_binding_rate_changes,5,-0.2599002594472284,-0.9714964680676541,0.45169594917319733,0.7115962086204257
paired_difference,WebSearch,guard_minus_no_one_rtt,reactive_binding_updates,5,-1.8,-6.560611664607798,2.9606116646077982,4.760611664607798
paired_percent,WebSearch,guard_minus_no_one_rtt,reactive_binding_updates,5,-0.2599002594472284,-0.9714964680676541,0.45169594917319733,0.7115962086204257
paired_difference,WebSearch,guard_minus_no_one_rtt,recovery_nacks_generated,5,0.0,0.0,0.0,0.0
paired_difference,WebSearch,guard_minus_no_one_rtt,recovery_nacks_received,5,0.0,0.0,0.0,0.0
paired_difference,WebSearch,guard_minus_no_one_rtt,registrations,5,0.0,0.0,0.0,0.0
paired_percent,WebSearch,guard_minus_no_one_rtt,registrations,5,0.0,0.0,0.0,0.0
paired_difference,WebSearch,guard_minus_no_one_rtt,selected_registrations,5,0.0,0.0,0.0,0.0
paired_percent,WebSearch,guard_minus_no_one_rtt,selected_registrations,5,0.0,0.0,0.0,0.0
paired_difference,WebSearch,guard_minus_no_one_rtt,tie_binding_rate_changes,5,0.2,-1.4189317847087064,1.8189317847087063,1.6189317847087064
paired_percent,WebSearch,guard_minus_no_one_rtt,tie_binding_rate_changes,5,1.1484770484770486,-4.383331807874528,6.680285904828626,5.531808856351577
paired_difference,WebSearch,guard_minus_no_one_rtt,tie_binding_updates,5,2.0,-2.3899451654254227,6.389945165425423,4.389945165425423
paired_percent,WebSearch,guard_minus_no_one_rtt,tie_binding_updates,5,0.161167830419438,-0.19886555973944176,0.5212012205783177,0.36003339015887975
paired_difference,WebSearch,guard_minus_no_one_rtt,timeout_recoveries,5,0.0,0.0,0.0,0.0
paired_difference,WebSearch,guard_minus_no_tail,1BDP_to_1MB_fct_us_mean,5,-2.7595141329528303,-5.847990756719488,0.328962490813828,3.0884766237666583
paired_percent,WebSearch,guard_minus_no_tail,1BDP_to_1MB_fct_us_mean,5,-4.612727247414737,-9.811010538369743,0.5855560435402696,5.198283290955007
paired_difference,WebSearch,guard_minus_no_tail,1BDP_to_1MB_fct_us_p95,5,-14.854979999999966,-39.292738747940376,9.582778747940445,24.43775874794041
paired_percent,WebSearch,guard_minus_no_tail,1BDP_to_1MB_fct_us_p95,5,-8.829767857850337,-23.077532461049937,5.417996745349264,14.2477646031996
paired_difference,WebSearch,guard_minus_no_tail,1BDP_to_1MB_fct_us_p99,5,-21.424160000000004,-65.51753942641243,22.669219426412422,44.093379426412426
paired_percent,WebSearch,guard_minus_no_tail,1BDP_to_1MB_fct_us_p99,5,-8.206406782184775,-22.945160784876414,6.532347220506866,14.73875400269164
paired_difference,WebSearch,guard_minus_no_tail,1BDP_to_1MB_flow_count,5,0.0,0.0,0.0,0.0
paired_percent,WebSearch,guard_minus_no_tail,1BDP_to_1MB_flow_count,5,0.0,0.0,0.0,0.0
paired_difference,WebSearch,guard_minus_no_tail,1BDP_to_1MB_slowdown_mean,5,-0.041678495477212876,-0.08850208045802412,0.005145089503598363,0.04682358498081124
paired_percent,WebSearch,guard_minus_no_tail,1BDP_to_1MB_slowdown_mean,5,-3.423640700117276,-7.260494714737304,0.41321331450275167,3.8368540146200276
paired_difference,WebSearch,guard_minus_no_tail,1BDP_to_1MB_slowdown_p95,5,-0.14231482112438387,-0.3952977189686409,0.11066807671987317,0.25298289784425704
paired_percent,WebSearch,guard_minus_no_tail,1BDP_to_1MB_slowdown_p95,5,-7.611948976677951,-20.66546233975531,5.44156438639941,13.05351336307736
paired_difference,WebSearch,guard_minus_no_tail,1BDP_to_1MB_slowdown_p99,5,-0.4270338126516616,-1.0349318802332363,0.1808642549299131,0.6078980675815747
paired_percent,WebSearch,guard_minus_no_tail,1BDP_to_1MB_slowdown_p99,5,-13.981401915148771,-32.36125860234814,4.398454772050597,18.379856687199368
paired_difference,WebSearch,guard_minus_no_tail,8KB_to_1BDP_fct_us_mean,5,-0.0032128938215866044,-0.008872051769036262,0.002446264125863053,0.0056591579474496575
paired_percent,WebSearch,guard_minus_no_tail,8KB_to_1BDP_fct_us_mean,5,-0.031677732356744905,-0.08650984446179238,0.02315437974830257,0.05483211210504747
paired_difference,WebSearch,guard_minus_no_tail,8KB_to_1BDP_fct_us_p95,5,0.006909999999999528,-0.02460202203936139,0.038422022039360446,0.03151202203936092
paired_percent,WebSearch,guard_minus_no_tail,8KB_to_1BDP_fct_us_p95,5,0.045388593937006845,-0.1655758966759242,0.2563530845499379,0.21096449061293104
paired_difference,WebSearch,guard_minus_no_tail,8KB_to_1BDP_fct_us_p99,5,0.0005060000000000287,-0.006687959469224624,0.007699959469224682,0.007193959469224653
paired_percent,WebSearch,guard_minus_no_tail,8KB_to_1BDP_fct_us_p99,5,0.0028259698490964128,-0.04263688520906954,0.04828882490726237,0.045462855058165955
paired_difference,WebSearch,guard_minus_no_tail,8KB_to_1BDP_flow_count,5,0.0,0.0,0.0,0.0
paired_percent,WebSearch,guard_minus_no_tail,8KB_to_1BDP_flow_count,5,0.0,0.0,0.0,0.0
paired_difference,WebSearch,guard_minus_no_tail,8KB_to_1BDP_slowdown_mean,5,-0.00029022552955502154,-0.0007474450845020641,0.000166994025392021,0.00045721955494704256
paired_percent,WebSearch,guard_minus_no_tail,8KB_to_1BDP_slowdown_mean,5,-0.028400479233091698,-0.07312141968188798,0.01632046121570458,0.04472094044879628
paired_difference,WebSearch,guard_minus_no_tail,8KB_to_1BDP_slowdown_p95,5,-0.0011509054858156898,-0.00398653680998457,0.0016847258383531902,0.00283563132416888
paired_percent,WebSearch,guard_minus_no_tail,8KB_to_1BDP_slowdown_p95,5,-0.10948617950335131,-0.37881290792859196,0.1598405489218893,0.26932672842524064
paired_difference,WebSearch,guard_minus_no_tail,8KB_to_1BDP_slowdown_p99,5,-0.0016160946506024842,-0.008147644225043691,0.004915454923838722,0.006531549574441207
paired_percent,WebSearch,guard_minus_no_tail,8KB_to_1BDP_slowdown_p99,5,-0.15089954595436592,-0.7585697786023946,0.4567706866936627,0.6076702326480287
paired_difference,WebSearch,guard_minus_no_tail,aggregate_goodput_gbps,5,-0.002284308830064674,-0.008421930884244795,0.003853313224115447,0.006137622054180121
paired_percent,WebSearch,guard_minus_no_tail,aggregate_goodput_gbps,5,-0.0014543449885748084,-0.005339722521856141,0.0024310325447065243,0.0038853775332813325
paired_difference,WebSearch,guard_minus_no_tail,completion_releases,5,0.0,0.0,0.0,0.0
paired_difference,WebSearch,guard_minus_no_tail,completion_span_us,5,0.30720000000001163,-0.516420823106184,1.1308208231062074,0.8236208231061957
paired_percent,WebSearch,guard_minus_no_tail,completion_span_us,5,0.0014544444803993996,-0.002431208580894744,0.005340097541693543,0.0038856530612941436
paired_difference,WebSearch,guard_minus_no_tail,grant_binding_rate_changes,5,-6.6,-11.613002154028703,-1.5869978459712968,5.013002154028703
paired_percent,WebSearch,guard_minus_no_tail,grant_binding_rate_changes,5,-44.09356725146199,-65.66003758288139,-22.527096920042588,21.566470331419403
paired_difference,WebSearch,guard_minus_no_tail,grant_binding_updates,5,-44.2,-78.72629776511555,-9.673702234884459,34.526297765115544
paired_percent,WebSearch,guard_minus_no_tail,grant_binding_updates,5,-20.52593925788125,-44.11139407730632,3.0595155615438188,23.58545481942507
paired_difference,WebSearch,guard_minus_no_tail,grant_bytes_sent,5,-1428.8,-4411.812207555371,1554.2122075553714,2983.0122075553713
paired_percent,WebSearch,guard_minus_no_tail,grant_bytes_sent,5,-0.2694484414750509,-0.8942457479063031,0.35534886495620116,0.6247973064312521
paired_difference,WebSearch,guard_minus_no_tail,grant_event_rate_changes,5,-6.2,-51.264021978716684,38.86402197871668,45.06402197871668
paired_percent,WebSearch,guard_minus_no_tail,grant_event_rate_changes,5,-0.7494637849309063,-4.754199214103043,3.2552716442412297,4.004735429172136
paired_difference,WebSearch,guard_minus_no_tail,grants_received,5,-15.2,-46.93417242080183,16.534172420801827,31.734172420801826
paired_percent,WebSearch,guard_minus_no_tail,grants_received,5,-0.2694484414750509,-0.8942457479063031,0.35534886495620116,0.6247973064312521
paired_difference,WebSearch,guard_minus_no_tail,grants_sent,5,-15.2,-46.93417242080183,16.534172420801827,31.734172420801826
paired_percent,WebSearch,guard_minus_no_tail,grants_sent,5,-0.2694484414750509,-0.8942457479063031,0.35534886495620116,0.6247973064312521
paired_difference,WebSearch,guard_minus_no_tail,gt_1MB_fct_us_mean,5,-10.386099000805984,-22.100186968148407,1.327988966536438,11.714087967342422
paired_percent,WebSearch,guard_minus_no_tail,gt_1MB_fct_us_mean,5,-1.272983685895325,-2.6495468819454944,0.10357951015484423,1.3765631960501692
paired_difference,WebSearch,guard_minus_no_tail,gt_1MB_fct_us_p95,5,-50.255230000000076,-144.4152292212246,43.90476922122445,94.15999922122452
paired_percent,WebSearch,guard_minus_no_tail,gt_1MB_fct_us_p95,5,-2.084454140893732,-6.168610595848623,1.9997023140611598,4.084156454954892
paired_difference,WebSearch,guard_minus_no_tail,gt_1MB_fct_us_p99,5,-0.4015859999998611,-13.357967735350774,12.554795735351052,12.956381735350913
paired_percent,WebSearch,guard_minus_no_tail,gt_1MB_fct_us_p99,5,-0.01958389300415366,-0.28001332101750115,0.24084553500919384,0.2604294280133475
paired_difference,WebSearch,guard_minus_no_tail,gt_1MB_flow_count,5,0.0,0.0,0.0,0.0
paired_percent,WebSearch,guard_minus_no_tail,gt_1MB_flow_count,5,0.0,0.0,0.0,0.0
paired_difference,WebSearch,guard_minus_no_tail,gt_1MB_slowdown_mean,5,-0.038705686206344445,-0.07921857293615808,0.0018072005234691935,0.04051288672981364
paired_percent,WebSearch,guard_minus_no_tail,gt_1MB_slowdown_mean,5,-2.4243202156817047,-4.761458273101578,-0.08718215826183151,2.3371380574198732
paired_difference,WebSearch,guard_minus_no_tail,gt_1MB_slowdown_p95,5,-0.26697793430375844,-0.5371386792712114,0.0031828106636944686,0.2701607449674529
paired_percent,WebSearch,guard_minus_no_tail,gt_1MB_slowdown_p95,5,-8.666460318677533,-17.241858832637973,-0.0910618047170928,8.57539851396044
paired_difference,WebSearch,guard_minus_no_tail,gt_1MB_slowdown_p99,5,-0.40147256806470033,-0.8161084412789894,0.0131633051495888,0.41463587321428913
paired_percent,WebSearch,guard_minus_no_tail,gt_1MB_slowdown_p99,5,-10.812071928943308,-21.208678979186583,-0.4154648787000319,10.396607050243276
paired_difference,WebSearch,guard_minus_no_tail,guard_ack_interval_packets,5,0.0,0.0,0.0,0.0
paired_percent,WebSearch,guard_minus_no_tail,guard_ack_interval_packets,5,0.0,0.0,0.0,0.0
paired_difference,WebSearch,guard_minus_no_tail,guard_adaptive_grant_updates,5,0.0,0.0,0.0,0.0
paired_difference,WebSearch,guard_minus_no_tail,guard_fixed_window,5,0.0,0.0,0.0,0.0
paired_percent,WebSearch,guard_minus_no_tail,guard_fixed_window,5,0.0,0.0,0.0,0.0
paired_difference,WebSearch,guard_minus_no_tail,guard_grant_refresh_bdps,5,0.0,0.0,0.0,0.0
paired_percent,WebSearch,guard_minus_no_tail,guard_grant_refresh_bdps,5,0.0,0.0,0.0,0.0
paired_difference,WebSearch,guard_minus_no_tail,guard_long_acks_suppressed,5,0.0,0.0,0.0,0.0
paired_percent,WebSearch,guard_minus_no_tail,guard_long_acks_suppressed,5,0.0,0.0,0.0,0.0
paired_difference,WebSearch,guard_minus_no_tail,guard_min_share_fraction,5,0.0,0.0,0.0,0.0
paired_difference,WebSearch,guard_minus_no_tail,guard_one_rtt_acks_suppressed,5,0.0,0.0,0.0,0.0
paired_percent,WebSearch,guard_minus_no_tail,guard_one_rtt_acks_suppressed,5,0.0,0.0,0.0,0.0
paired_difference,WebSearch,guard_minus_no_tail,guard_one_rtt_bypass_enabled,5,0.0,0.0,0.0,0.0
paired_percent,WebSearch,guard_minus_no_tail,guard_one_rtt_bypass_enabled,5,0.0,0.0,0.0,0.0
paired_difference,WebSearch,guard_minus_no_tail,guard_one_rtt_bypass_feedbacks,5,0.0,0.0,0.0,0.0
paired_percent,WebSearch,guard_minus_no_tail,guard_one_rtt_bypass_feedbacks,5,0.0,0.0,0.0,0.0
paired_difference,WebSearch,guard_minus_no_tail,guard_one_rtt_bypass_flows,5,0.0,0.0,0.0,0.0
paired_percent,WebSearch,guard_minus_no_tail,guard_one_rtt_bypass_flows,5,0.0,0.0,0.0,0.0
paired_difference,WebSearch,guard_minus_no_tail,guard_rebalance_events,5,0.0,0.0,0.0,0.0
paired_difference,WebSearch,guard_minus_no_tail,guard_remaining_aware,5,0.0,0.0,0.0,0.0
paired_percent,WebSearch,guard_minus_no_tail,guard_remaining_aware,5,0.0,0.0,0.0,0.0
paired_difference,WebSearch,guard_minus_no_tail,guard_remaining_exponent,5,0.0,0.0,0.0,0.0
paired_percent,WebSearch,guard_minus_no_tail,guard_remaining_exponent,5,0.0,0.0,0.0,0.0
paired_difference,WebSearch,guard_minus_no_tail,guard_remaining_refresh_events,5,-2.8,-4.418931784708706,-1.1810682152912935,1.6189317847087064
paired_percent,WebSearch,guard_minus_no_tail,guard_remaining_refresh_events,5,-0.05167967020989326,-0.08012186023051661,-0.02323748018926991,0.02844219002062335
paired_difference,WebSearch,guard_minus_no_tail,guard_sender_srpt_enabled,5,0.0,0.0,0.0,0.0
paired_percent,WebSearch,guard_minus_no_tail,guard_sender_srpt_enabled,5,0.0,0.0,0.0,0.0
paired_difference,WebSearch,guard_minus_no_tail,guard_sender_srpt_forced_rr,5,-1.8,-3.641685332991985,0.04168533299198507,1.8416853329919851
paired_percent,WebSearch,guard_minus_no_tail,guard_sender_srpt_forced_rr,5,-3.3677885415626347,-7.3711119044692515,0.635534821343982,4.003323362906617
paired_difference,WebSearch,guard_minus_no_tail,guard_sender_srpt_non_rr,5,379.6,-109.70589547364557,868.9058954736456,489.3058954736456
paired_percent,WebSearch,guard_minus_no_tail,guard_sender_srpt_non_rr,5,1.648922810643795,-0.37570337206774296,3.673548993355333,2.024626182711538
paired_difference,WebSearch,guard_minus_no_tail,guard_sender_srpt_selections,5,0.0,0.0,0.0,0.0
paired_percent,WebSearch,guard_minus_no_tail,guard_sender_srpt_selections,5,0.0,0.0,0.0,0.0
paired_difference,WebSearch,guard_minus_no_tail,guard_srpt_quantum_packets,5,0.0,0.0,0.0,0.0
paired_percent,WebSearch,guard_minus_no_tail,guard_srpt_quantum_packets,5,0.0,0.0,0.0,0.0
paired_difference,WebSearch,guard_minus_no_tail,guard_tail_bypass_bdps,5,0.0,0.0,0.0,0.0
paired_percent,WebSearch,guard_minus_no_tail,guard_tail_bypass_bdps,5,0.0,0.0,0.0,0.0
paired_difference,WebSearch,guard_minus_no_tail,guard_tail_bypass_enabled,5,1.0,1.0,1.0,0.0
paired_difference,WebSearch,guard_minus_no_tail,guard_tail_bypass_feedbacks,5,6671.8,5626.9290848144165,7716.670915185584,1044.8709151855837
paired_difference,WebSearch,guard_minus_no_tail,guard_tail_bypass_flows,5,112.2,95.60159468898897,128.79840531101104,16.598405311011035
paired_difference,WebSearch,guard_minus_no_tail,hpcc_actual_rate_changes,5,-125.2,-207.12348132033955,-43.276518679660455,81.92348132033955
paired_percent,WebSearch,guard_minus_no_tail,hpcc_actual_rate_changes,5,-20.53851449860239,-26.01392443150579,-15.063104565698989,5.475409932903401
paired_difference,WebSearch,guard_minus_no_tail,hpcc_fast_computations,5,0.0,0.0,0.0,0.0
paired_difference,WebSearch,guard_minus_no_tail,hpcc_feedback_updates,5,-776.0,-902.4822358880627,-649.5177641119373,126.48223588806273
paired_percent,WebSearch,guard_minus_no_tail,hpcc_feedback_updates,5,-12.62520769607558,-17.947994388313493,-7.302421003837669,5.322786692237912
paired_difference,WebSearch,guard_minus_no_tail,hpcc_full_computations,5,-345.6,-416.2800258093891,-274.91997419061096,70.68002580938908
paired_percent,WebSearch,guard_minus_no_tail,hpcc_full_computations,5,-17.50748181872549,-25.65111637505118,-9.363847262399803,8.143634556325688
paired_difference,WebSearch,guard_minus_no_tail,hpcc_rate_updates_applied,5,-345.6,-416.2800258093891,-274.91997419061096,70.68002580938908
paired_percent,WebSearch,guard_minus_no_tail,hpcc_rate_updates_applied,5,-17.50748181872549,-25.65111637505118,-9.363847262399803,8.143634556325688
paired_difference,WebSearch,guard_minus_no_tail,hpcc_valid_feedback,5,-360.8,-434.7723345998894,-286.8276654001106,73.97233459988936
paired_percent,WebSearch,guard_minus_no_tail,hpcc_valid_feedback,5,-17.75066693086483,-25.636909347599975,-9.864424514129686,7.886242416735145
paired_difference,WebSearch,guard_minus_no_tail,int_hops_after_strip,5,0.0,0.0,0.0,0.0
paired_percent,WebSearch,guard_minus_no_tail,int_hops_after_strip,5,0.0,0.0,0.0,0.0
paired_difference,WebSearch,guard_minus_no_tail,int_hops_before_strip,5,0.0,0.0,0.0,0.0
paired_percent,WebSearch,guard_minus_no_tail,int_hops_before_strip,5,0.0,0.0,0.0,0.0
paired_difference,WebSearch,guard_minus_no_tail,int_records_stripped,5,0.0,0.0,0.0,0.0
paired_percent,WebSearch,guard_minus_no_tail,int_records_stripped,5,0.0,0.0,0.0,0.0
paired_difference,WebSearch,guard_minus_no_tail,irn_nacks_generated,5,0.0,0.0,0.0,0.0
paired_difference,WebSearch,guard_minus_no_tail,irn_nacks_received,5,0.0,0.0,0.0,0.0
paired_difference,WebSearch,guard_minus_no_tail,irn_retransmit_bytes,5,0.0,0.0,0.0,0.0
paired_difference,WebSearch,guard_minus_no_tail,irn_retransmit_packets,5,0.0,0.0,0.0,0.0
paired_difference,WebSearch,guard_minus_no_tail,le_8KB_fct_us_mean,5,-0.001533161835068597,-0.007940842329164513,0.00487451865902732,0.006407680494095917
paired_percent,WebSearch,guard_minus_no_tail,le_8KB_fct_us_mean,5,-0.024523472284065078,-0.12424258140418414,0.07519563683605397,0.09971910912011905
paired_difference,WebSearch,guard_minus_no_tail,le_8KB_fct_us_p95,5,-0.006200000000000472,-0.014610383388758856,0.0022103833887579137,0.008410383388758385
paired_percent,WebSearch,guard_minus_no_tail,le_8KB_fct_us_p95,5,-0.06984299826733256,-0.16462180679700678,0.02493581026234165,0.09477880852967421
paired_difference,WebSearch,guard_minus_no_tail,le_8KB_fct_us_p99,5,-0.009466000000000108,-0.019493463508325797,0.0005614635083255812,0.01002746350832569
paired_percent,WebSearch,guard_minus_no_tail,le_8KB_fct_us_p99,5,-0.10585106534806818,-0.2185334103919404,0.006831279695804049,0.11268234504387223
paired_difference,WebSearch,guard_minus_no_tail,le_8KB_flow_count,5,0.0,0.0,0.0,0.0
paired_percent,WebSearch,guard_minus_no_tail,le_8KB_flow_count,5,0.0,0.0,0.0,0.0
paired_difference,WebSearch,guard_minus_no_tail,le_8KB_slowdown_mean,5,-0.0003180123926406875,-0.0010814018838777508,0.00044537709859637586,0.0007633894912370633
paired_percent,WebSearch,guard_minus_no_tail,le_8KB_slowdown_mean,5,-0.03161362967956456,-0.10752104392594601,0.04429378456681689,0.07590741424638145
paired_difference,WebSearch,guard_minus_no_tail,le_8KB_slowdown_p95,5,5.361540214354754e-05,-0.0017742432821478099,0.001881474086434905,0.0018278586842913574
paired_percent,WebSearch,guard_minus_no_tail,le_8KB_slowdown_p95,5,0.005335902536952285,-0.17388555289508917,0.18455735796899375,0.17922145543204146
paired_difference,WebSearch,guard_minus_no_tail,le_8KB_slowdown_p99,5,-0.0009321841331760173,-0.005366015578866401,0.003501647312514367,0.004433831445690384
paired_percent,WebSearch,guard_minus_no_tail,le_8KB_slowdown_p99,5,-0.09026046006791347,-0.5235944146034808,0.3430734944676539,0.43333395453556733
paired_difference,WebSearch,guard_minus_no_tail,long_to_small_slowdown_mean_ratio,5,-0.03799364213529137,-0.07787730161817943,0.0018900173475966883,0.03988365948288806
paired_percent,WebSearch,guard_minus_no_tail,long_to_small_slowdown_mean_ratio,5,-2.393795000776003,-4.703447650327835,-0.08414235122417102,2.309652649551832
paired_difference,WebSearch,guard_minus_no_tail,max_active_flows,5,0.0,0.0,0.0,0.0
paired_percent,WebSearch,guard_minus_no_tail,max_active_flows,5,0.0,0.0,0.0,0.0
paired_difference,WebSearch,guard_minus_no_tail,overall_fct_us_mean,5,-3.444784130329944,-7.13438749793896,0.24481923727907162,3.6896033676090156
paired_percent,WebSearch,guard_minus_no_tail,overall_fct_us_mean,5,-1.3758642138973964,-2.853814754506491,0.10208632671169826,1.4779505406090947
paired_difference,WebSearch,guard_minus_no_tail,overall_fct_us_p95,5,-14.296270000000003,-37.8500687317471,9.257528731747094,23.553798731747097
paired_percent,WebSearch,guard_minus_no_tail,overall_fct_us_p95,5,-1.0279976411522878,-2.9596604100616126,0.9036651277570373,1.931662768909325
paired_difference,WebSearch,guard_minus_no_tail,overall_fct_us_p99,5,-24.2782139999998,-75.74855597404873,27.19212797404913,51.47034197404893
paired_percent,WebSearch,guard_minus_no_tail,overall_fct_us_p99,5,-0.9332314012264087,-3.116721090292742,1.2502582878399244,2.183489689066333
paired_difference,WebSearch,guard_minus_no_tail,overall_flow_count,5,0.0,0.0,0.0,0.0
paired_percent,WebSearch,guard_minus_no_tail,overall_flow_count,5,0.0,0.0,0.0,0.0
paired_difference,WebSearch,guard_minus_no_tail,overall_slowdown_mean,5,-0.018129824973657716,-0.03670620784245292,0.00044655789513748517,0.0185763828687952
paired_percent,WebSearch,guard_minus_no_tail,overall_slowdown_mean,5,-1.4902388115351677,-2.990948972400564,0.010471349330228863,1.5007101608653965
paired_difference,WebSearch,guard_minus_no_tail,overall_slowdown_p95,5,-0.04046146858547317,-0.09976951403283255,0.018846576861886205,0.059308045447359375
paired_percent,WebSearch,guard_minus_no_tail,overall_slowdown_p95,5,-1.7911098764614661,-4.327237970246912,0.7450182173239801,2.5361280937854462
paired_difference,WebSearch,guard_minus_no_tail,overall_slowdown_p99,5,-0.322731893359608,-0.6412377602811983,-0.0042260264380176715,0.31850586692159033
paired_percent,WebSearch,guard_minus_no_tail,overall_slowdown_p99,5,-9.647980777958086,-18.798021036609914,-0.49794051930625827,9.150040258651828
paired_difference,WebSearch,guard_minus_no_tail,pfc_pause_events,5,0.0,0.0,0.0,0.0
paired_difference,WebSearch,guard_minus_no_tail,pfc_resume_events,5,0.0,0.0,0.0,0.0
paired_difference,WebSearch,guard_minus_no_tail,proactive_releases,5,0.0,0.0,0.0,0.0
paired_percent,WebSearch,guard_minus_no_tail,proactive_releases,5,0.0,0.0,0.0,0.0
paired_difference,WebSearch,guard_minus_no_tail,queue_bytes_max,5,-46652.0,-118071.99153342453,24767.99153342453,71419.99153342453
paired_percent,WebSearch,guard_minus_no_tail,queue_bytes_max,5,-10.765077697330963,-26.901832412345673,5.371677017683748,16.13675471501471
paired_difference,WebSearch,guard_minus_no_tail,queue_bytes_mean,5,-166.5888,-353.6432650127914,20.46566501279139,187.05446501279138
paired_percent,WebSearch,guard_minus_no_tail,queue_bytes_mean,5,-7.407127864388168,-13.293080312882925,-1.5211754158934117,5.8859524484947565
paired_difference,WebSearch,guard_minus_no_tail,queue_bytes_p95,5,0.0,0.0,0.0,0.0
paired_difference,WebSearch,guard_minus_no_tail,queue_bytes_p99,5,-3634.0,-10541.506388642618,3273.5063886426187,6907.506388642619
paired_percent,WebSearch,guard_minus_no_tail,queue_bytes_p99,5,-3.8265401380854933,-12.954366749030019,5.301286472859033,9.127826610944526
paired_difference,WebSearch,guard_minus_no_tail,queue_sample_count,5,0.0,0.0,0.0,0.0
paired_percent,WebSearch,guard_minus_no_tail,queue_sample_count,5,0.0,0.0,0.0,0.0
paired_difference,WebSearch,guard_minus_no_tail,reactive_binding_rate_changes,5,-103.6,-176.64003378279398,-30.55996621720601,73.04003378279398
paired_percent,WebSearch,guard_minus_no_tail,reactive_binding_rate_changes,5,-18.865517881666143,-24.879515512670736,-12.851520250661551,6.013997631004592
paired_difference,WebSearch,guard_minus_no_tail,reactive_binding_updates,5,-103.6,-176.64003378279398,-30.55996621720601,73.04003378279398
paired_percent,WebSearch,guard_minus_no_tail,reactive_binding_updates,5,-18.865517881666143,-24.879515512670736,-12.851520250661551,6.013997631004592
paired_difference,WebSearch,guard_minus_no_tail,recovery_nacks_generated,5,0.0,0.0,0.0,0.0
paired_difference,WebSearch,guard_minus_no_tail,recovery_nacks_received,5,0.0,0.0,0.0,0.0
paired_difference,WebSearch,guard_minus_no_tail,registrations,5,0.0,0.0,0.0,0.0
paired_percent,WebSearch,guard_minus_no_tail,registrations,5,0.0,0.0,0.0,0.0
paired_difference,WebSearch,guard_minus_no_tail,selected_registrations,5,0.0,0.0,0.0,0.0
paired_percent,WebSearch,guard_minus_no_tail,selected_registrations,5,0.0,0.0,0.0,0.0
paired_difference,WebSearch,guard_minus_no_tail,tie_binding_rate_changes,5,-15.0,-25.351338037580344,-4.648661962419656,10.351338037580344
paired_percent,WebSearch,guard_minus_no_tail,tie_binding_rate_changes,5,-32.76164596273291,-43.91553400661834,-21.60775791884749,11.153888043885424
paired_difference,WebSearch,guard_minus_no_tail,tie_binding_updates,5,-197.8,-253.1021588934323,-142.49784110656773,55.30215889343227
paired_percent,WebSearch,guard_minus_no_tail,tie_binding_updates,5,-16.69908721036155,-25.52427882683709,-7.873895593886013,8.825191616475538
paired_difference,WebSearch,guard_minus_no_tail,timeout_recoveries,5,0.0,0.0,0.0,0.0
paired_difference,WebSearch,guard_minus_no_remaining,1BDP_to_1MB_fct_us_mean,5,-7.140890887751105,-12.981025387175464,-1.3007563883267474,5.840134499424358
paired_percent,WebSearch,guard_minus_no_remaining,1BDP_to_1MB_fct_us_mean,5,-11.966510259463599,-20.295018782376754,-3.638001736550443,8.328508522913156
paired_difference,WebSearch,guard_minus_no_remaining,1BDP_to_1MB_fct_us_p95,5,-39.45024000000002,-71.3065283764174,-7.59395162358264,31.856288376417382
paired_percent,WebSearch,guard_minus_no_remaining,1BDP_to_1MB_fct_us_p95,5,-22.629412484908382,-40.369613320014864,-4.889211649801897,17.740200835106485
paired_difference,WebSearch,guard_minus_no_remaining,1BDP_to_1MB_fct_us_p99,5,-47.940532000000005,-86.49396524165503,-9.387098758344976,38.55343324165503
paired_percent,WebSearch,guard_minus_no_remaining,1BDP_to_1MB_fct_us_p99,5,-23.35935744435019,-41.80250695794763,-4.916207930752755,18.443149513597437
paired_difference,WebSearch,guard_minus_no_remaining,1BDP_to_1MB_flow_count,5,0.0,0.0,0.0,0.0
paired_percent,WebSearch,guard_minus_no_remaining,1BDP_to_1MB_flow_count,5,0.0,0.0,0.0,0.0
paired_difference,WebSearch,guard_minus_no_remaining,1BDP_to_1MB_slowdown_mean,5,-0.11534579145497696,-0.2110825763925416,-0.01960900651741232,0.09573678493756464
paired_percent,WebSearch,guard_minus_no_remaining,1BDP_to_1MB_slowdown_mean,5,-8.915501339834858,-15.52986129424626,-2.301141385423456,6.614359954411402
paired_difference,WebSearch,guard_minus_no_remaining,1BDP_to_1MB_slowdown_p95,5,-0.5667338026610338,-0.9901308229877582,-0.14333678233430935,0.42339702032672444
paired_percent,WebSearch,guard_minus_no_remaining,1BDP_to_1MB_slowdown_p95,5,-26.970133943162494,-43.263137342553684,-10.677130543771305,16.29300339939119
paired_difference,WebSearch,guard_minus_no_remaining,1BDP_to_1MB_slowdown_p99,5,-0.6415987551479241,-1.2463920841420477,-0.03680542615380045,0.6047933289941236
paired_percent,WebSearch,guard_minus_no_remaining,1BDP_to_1MB_slowdown_p99,5,-24.108076791033778,-46.25898925749024,-1.9571643245773132,22.150912466456465
paired_difference,WebSearch,guard_minus_no_remaining,8KB_to_1BDP_fct_us_mean,5,-0.007512608537101784,-0.03258653145992795,0.017561314385724384,0.025073922922826168
paired_percent,WebSearch,guard_minus_no_remaining,8KB_to_1BDP_fct_us_mean,5,-0.07679437414625138,-0.31979999180279345,0.1662112435102907,0.24300561765654208
paired_difference,WebSearch,guard_minus_no_remaining,8KB_to_1BDP_fct_us_p95,5,-0.0026200000000002888,-0.015323685183531326,0.010083685183530748,0.012703685183531037
paired_percent,WebSearch,guard_minus_no_remaining,8KB_to_1BDP_fct_us_p95,5,-0.01802473684131481,-0.10359142412833663,0.06754195044570702,0.08556668728702183
paired_difference,WebSearch,guard_minus_no_remaining,8KB_to_1BDP_fct_us_p99,5,0.0678480000000004,-0.20631057788064322,0.34200657788064404,0.27415857788064363
paired_percent,WebSearch,guard_minus_no_remaining,8KB_to_1BDP_fct_us_p99,5,0.3963276181259653,-1.2695541055843265,2.0622093418362573,1.6658817237102919
paired_difference,WebSearch,guard_minus_no_remaining,8KB_to_1BDP_flow_count,5,0.0,0.0,0.0,0.0
paired_percent,WebSearch,guard_minus_no_remaining,8KB_to_1BDP_flow_count,5,0.0,0.0,0.0,0.0
paired_difference,WebSearch,guard_minus_no_remaining,8KB_to_1BDP_slowdown_mean,5,-0.0007790958596457731,-0.0031447879112278887,0.0015865961919363427,0.0023656920515821157
paired_percent,WebSearch,guard_minus_no_remaining,8KB_to_1BDP_slowdown_mean,5,-0.07616372565469141,-0.3074969280119075,0.15516947670252468,0.23133320235721608
paired_difference,WebSearch,guard_minus_no_remaining,8KB_to_1BDP_slowdown_p95,5,0.00016336475392524362,-0.004065689350476842,0.004392418858327329,0.004229054104402085
paired_percent,WebSearch,guard_minus_no_remaining,8KB_to_1BDP_slowdown_p95,5,0.015619048832884988,-0.38728486111058996,0.41852295877636,0.40290390994347497
paired_difference,WebSearch,guard_minus_no_remaining,8KB_to_1BDP_slowdown_p99,5,-0.032384715713024106,-0.08948721695203624,0.024717785525988023,0.05710250123901213
paired_percent,WebSearch,guard_minus_no_remaining,8KB_to_1BDP_slowdown_p99,5,-2.82095878000696,-7.78163168033651,2.1397141203225902,4.96067290032955
paired_difference,WebSearch,guard_minus_no_remaining,aggregate_goodput_gbps,5,-0.008304153070730536,-0.025227116417622188,0.008618810276161118,0.016922963346891653
paired_percent,WebSearch,guard_minus_no_remaining,aggregate_goodput_gbps,5,-0.005377701177040788,-0.016130903693288304,0.005375501339206727,0.010753202516247515
paired_difference,WebSearch,guard_minus_no_remaining,completion_releases,5,0.0,0.0,0.0,0.0
paired_difference,WebSearch,guard_minus_no_remaining,completion_span_us,5,1.1156000000009954,-1.1567363059431521,3.387936305945143,2.2723363059441475
paired_percent,WebSearch,guard_minus_no_remaining,completion_span_us,5,0.005378590546910695,-0.005376704509738027,0.01613388560355942,0.010755295056648722
paired_difference,WebSearch,guard_minus_no_remaining,grant_binding_rate_changes,5,-7.8,-18.313895759137786,2.7138957591377872,10.513895759137787
paired_percent,WebSearch,guard_minus_no_remaining,grant_binding_rate_changes,5,-34.412548236077654,-85.98612754420562,17.161031072050307,51.57357930812796
paired_difference,WebSearch,guard_minus_no_remaining,grant_binding_updates,5,-42.8,-107.30919488249666,21.70919488249666,64.50919488249666
paired_percent,WebSearch,guard_minus_no_remaining,grant_binding_updates,5,-16.21686907844594,-38.49134571228346,6.057607555391588,22.274476633837526
paired_difference,WebSearch,guard_minus_no_remaining,grant_bytes_sent,5,582574.4,328363.38564953546,836785.4143504646,254211.0143504646
paired_percent,WebSearch,guard_minus_no_remaining,grant_bytes_sent,5,4000.868850613532,2794.4160407702875,5207.321660456776,1206.4528098432445
paired_difference,WebSearch,guard_minus_no_remaining,grant_event_rate_changes,5,1529.4,185.8904061399803,2872.90959386002,1343.5095938600198
paired_percent,WebSearch,guard_minus_no_remaining,grant_event_rate_changes,5,2739.852178618483,2019.9834567446887,3459.720900492277,719.868721873794
paired_difference,WebSearch,guard_minus_no_remaining,grants_received,5,6197.6,3493.2275069099514,8901.972493090048,2704.372493090049
paired_percent,WebSearch,guard_minus_no_remaining,grants_received,5,4000.868850613532,2794.4160407702875,5207.321660456776,1206.4528098432445
paired_difference,WebSearch,guard_minus_no_remaining,grants_sent,5,6197.6,3493.2275069099514,8901.972493090048,2704.372493090049
paired_percent,WebSearch,guard_minus_no_remaining,grants_sent,5,4000.868850613532,2794.4160407702875,5207.321660456776,1206.4528098432445
paired_difference,WebSearch,guard_minus_no_remaining,gt_1MB_fct_us_mean,5,-13.118025695696236,-43.764844006688016,17.528792615295544,30.64681831099178
paired_percent,WebSearch,guard_minus_no_remaining,gt_1MB_fct_us_mean,5,-1.2275467887857405,-4.879324879423553,2.424231301852072,3.6517780906378126
paired_difference,WebSearch,guard_minus_no_remaining,gt_1MB_fct_us_p95,5,-52.07281999999973,-360.1264749907351,255.98083499073564,308.05365499073537
paired_percent,WebSearch,guard_minus_no_remaining,gt_1MB_fct_us_p95,5,-0.8842157495548566,-11.789475181965654,10.021043682855941,10.905259432410798
paired_difference,WebSearch,guard_minus_no_remaining,gt_1MB_fct_us_p99,5,-10.238000000001012,-199.12316827885343,178.64716827885138,188.8851682788524
paired_percent,WebSearch,guard_minus_no_remaining,gt_1MB_fct_us_p99,5,1.5006625789216599,-5.862576168696242,8.863901326539562,7.363238747617902
paired_difference,WebSearch,guard_minus_no_remaining,gt_1MB_flow_count,5,0.0,0.0,0.0,0.0
paired_percent,WebSearch,guard_minus_no_remaining,gt_1MB_flow_count,5,0.0,0.0,0.0,0.0
paired_difference,WebSearch,guard_minus_no_remaining,gt_1MB_slowdown_mean,5,-0.05095370266839172,-0.11707879297443304,0.015171387637649594,0.06612509030604131
paired_percent,WebSearch,guard_minus_no_remaining,gt_1MB_slowdown_mean,5,-3.178748193919368,-7.397655874926743,1.0401594870880069,4.218907681007375
paired_difference,WebSearch,guard_minus_no_remaining,gt_1MB_slowdown_p95,5,-0.0964431225233616,-0.30440753668984855,0.11152129164312535,0.20796441416648695
paired_percent,WebSearch,guard_minus_no_remaining,gt_1MB_slowdown_p95,5,-3.3266211031188213,-10.488647476795073,3.8354052705574295,7.162026373676251
paired_difference,WebSearch,guard_minus_no_remaining,gt_1MB_slowdown_p99,5,-0.025382809822295193,-0.35978270789404027,0.3090170882494499,0.3343998980717451
paired_percent,WebSearch,guard_minus_no_remaining,gt_1MB_slowdown_p99,5,-0.7031700113341548,-11.430587659399436,10.024247636731126,10.72741764806528
paired_difference,WebSearch,guard_minus_no_remaining,guard_ack_interval_packets,5,0.0,0.0,0.0,0.0
paired_percent,WebSearch,guard_minus_no_remaining,guard_ack_interval_packets,5,0.0,0.0,0.0,0.0
paired_difference,WebSearch,guard_minus_no_remaining,guard_adaptive_grant_updates,5,-2.0,-5.511956132340337,1.5119561323403379,3.511956132340338
paired_difference,WebSearch,guard_minus_no_remaining,guard_fixed_window,5,0.0,0.0,0.0,0.0
paired_percent,WebSearch,guard_minus_no_remaining,guard_fixed_window,5,0.0,0.0,0.0,0.0
paired_difference,WebSearch,guard_minus_no_remaining,guard_grant_refresh_bdps,5,0.0,0.0,0.0,0.0
paired_percent,WebSearch,guard_minus_no_remaining,guard_grant_refresh_bdps,5,0.0,0.0,0.0,0.0
paired_difference,WebSearch,guard_minus_no_remaining,guard_long_acks_suppressed,5,0.0,0.0,0.0,0.0
paired_percent,WebSearch,guard_minus_no_remaining,guard_long_acks_suppressed,5,0.0,0.0,0.0,0.0
paired_difference,WebSearch,guard_minus_no_remaining,guard_min_share_fraction,5,0.0,0.0,0.0,0.0
paired_difference,WebSearch,guard_minus_no_remaining,guard_one_rtt_acks_suppressed,5,0.0,0.0,0.0,0.0
paired_percent,WebSearch,guard_minus_no_remaining,guard_one_rtt_acks_suppressed,5,0.0,0.0,0.0,0.0
paired_difference,WebSearch,guard_minus_no_remaining,guard_one_rtt_bypass_enabled,5,0.0,0.0,0.0,0.0
paired_percent,WebSearch,guard_minus_no_remaining,guard_one_rtt_bypass_enabled,5,0.0,0.0,0.0,0.0
paired_difference,WebSearch,guard_minus_no_remaining,guard_one_rtt_bypass_feedbacks,5,0.0,0.0,0.0,0.0
paired_percent,WebSearch,guard_minus_no_remaining,guard_one_rtt_bypass_feedbacks,5,0.0,0.0,0.0,0.0
paired_difference,WebSearch,guard_minus_no_remaining,guard_one_rtt_bypass_flows,5,0.0,0.0,0.0,0.0
paired_percent,WebSearch,guard_minus_no_remaining,guard_one_rtt_bypass_flows,5,0.0,0.0,0.0,0.0
paired_difference,WebSearch,guard_minus_no_remaining,guard_rebalance_events,5,-29.0,-55.06015805580959,-2.9398419441904124,26.060158055809588
paired_percent,WebSearch,guard_minus_no_remaining,guard_rebalance_events,5,-100.0,-100.0,-100.0,0.0
paired_difference,WebSearch,guard_minus_no_remaining,guard_remaining_aware,5,1.0,1.0,1.0,0.0
paired_difference,WebSearch,guard_minus_no_remaining,guard_remaining_exponent,5,0.0,0.0,0.0,0.0
paired_percent,WebSearch,guard_minus_no_remaining,guard_remaining_exponent,5,0.0,0.0,0.0,0.0
paired_difference,WebSearch,guard_minus_no_remaining,guard_remaining_refresh_events,5,5382.2,3350.084491583755,7414.3155084162445,2032.115508416245
paired_difference,WebSearch,guard_minus_no_remaining,guard_sender_srpt_enabled,5,0.0,0.0,0.0,0.0
paired_percent,WebSearch,guard_minus_no_remaining,guard_sender_srpt_enabled,5,0.0,0.0,0.0,0.0
paired_difference,WebSearch,guard_minus_no_remaining,guard_sender_srpt_forced_rr,5,2.2,-14.58314561714641,18.98314561714641,16.78314561714641
paired_percent,WebSearch,guard_minus_no_remaining,guard_sender_srpt_forced_rr,5,1.630077868467961,-24.99710005465527,28.25725579159119,26.62717792312323
paired_difference,WebSearch,guard_minus_no_remaining,guard_sender_srpt_non_rr,5,1195.8,-487.23682440887455,2878.8368244088742,1683.0368244088745
paired_percent,WebSearch,guard_minus_no_remaining,guard_sender_srpt_non_rr,5,14.937945704178343,-15.701435588178775,45.57732699653546,30.63938129235712
paired_difference,WebSearch,guard_minus_no_remaining,guard_sender_srpt_selections,5,0.0,0.0,0.0,0.0
paired_percent,WebSearch,guard_minus_no_remaining,guard_sender_srpt_selections,5,0.0,0.0,0.0,0.0
paired_difference,WebSearch,guard_minus_no_remaining,guard_srpt_quantum_packets,5,0.0,0.0,0.0,0.0
paired_percent,WebSearch,guard_minus_no_remaining,guard_srpt_quantum_packets,5,0.0,0.0,0.0,0.0
paired_difference,WebSearch,guard_minus_no_remaining,guard_tail_bypass_bdps,5,0.0,0.0,0.0,0.0
paired_percent,WebSearch,guard_minus_no_remaining,guard_tail_bypass_bdps,5,0.0,0.0,0.0,0.0
paired_difference,WebSearch,guard_minus_no_remaining,guard_tail_bypass_enabled,5,0.0,0.0,0.0,0.0
paired_percent,WebSearch,guard_minus_no_remaining,guard_tail_bypass_enabled,5,0.0,0.0,0.0,0.0
paired_difference,WebSearch,guard_minus_no_remaining,guard_tail_bypass_feedbacks,5,0.0,0.0,0.0,0.0
paired_percent,WebSearch,guard_minus_no_remaining,guard_tail_bypass_feedbacks,5,0.0,0.0,0.0,0.0
paired_difference,WebSearch,guard_minus_no_remaining,guard_tail_bypass_flows,5,0.0,0.0,0.0,0.0
paired_percent,WebSearch,guard_minus_no_remaining,guard_tail_bypass_flows,5,0.0,0.0,0.0,0.0
paired_difference,WebSearch,guard_minus_no_remaining,hpcc_actual_rate_changes,5,-30.6,-100.86436029743217,39.664360297432175,70.26436029743218
paired_percent,WebSearch,guard_minus_no_remaining,hpcc_actual_rate_changes,5,-1.3291506549108807,-13.285016081291369,10.626714771469606,11.955865426380488
paired_difference,WebSearch,guard_minus_no_remaining,hpcc_fast_computations,5,0.0,0.0,0.0,0.0
paired_difference,WebSearch,guard_minus_no_remaining,hpcc_feedback_updates,5,94.0,-16.595256972294948,204.59525697229495,110.59525697229495
paired_percent,WebSearch,guard_minus_no_remaining,hpcc_feedback_updates,5,1.608085573607904,-0.21307742471554003,3.429248571931348,1.821162998323444
paired_difference,WebSearch,guard_minus_no_remaining,hpcc_full_computations,5,29.2,7.722442835763172,50.67755716423683,21.477557164236828
paired_percent,WebSearch,guard_minus_no_remaining,hpcc_full_computations,5,1.4622740877291784,0.301948753281293,2.622599422177064,1.1603253344478854
paired_difference,WebSearch,guard_minus_no_remaining,hpcc_rate_updates_applied,5,29.2,7.722442835763172,50.67755716423683,21.477557164236828
paired_percent,WebSearch,guard_minus_no_remaining,hpcc_rate_updates_applied,5,1.4622740877291784,0.301948753281293,2.622599422177064,1.1603253344478854
paired_difference,WebSearch,guard_minus_no_remaining,hpcc_valid_feedback,5,29.2,7.722442835763172,50.67755716423683,21.477557164236828
paired_percent,WebSearch,guard_minus_no_remaining,hpcc_valid_feedback,5,1.4367944823059724,0.29972522755450703,2.5738637370574375,1.1370692547514654
paired_difference,WebSearch,guard_minus_no_remaining,int_hops_after_strip,5,0.0,0.0,0.0,0.0
paired_percent,WebSearch,guard_minus_no_remaining,int_hops_after_strip,5,0.0,0.0,0.0,0.0
paired_difference,WebSearch,guard_minus_no_remaining,int_hops_before_strip,5,0.0,0.0,0.0,0.0
paired_percent,WebSearch,guard_minus_no_remaining,int_hops_before_strip,5,0.0,0.0,0.0,0.0
paired_difference,WebSearch,guard_minus_no_remaining,int_records_stripped,5,0.0,0.0,0.0,0.0
paired_percent,WebSearch,guard_minus_no_remaining,int_records_stripped,5,0.0,0.0,0.0,0.0
paired_difference,WebSearch,guard_minus_no_remaining,irn_nacks_generated,5,0.0,0.0,0.0,0.0
paired_difference,WebSearch,guard_minus_no_remaining,irn_nacks_received,5,0.0,0.0,0.0,0.0
paired_difference,WebSearch,guard_minus_no_remaining,irn_retransmit_bytes,5,0.0,0.0,0.0,0.0
paired_difference,WebSearch,guard_minus_no_remaining,irn_retransmit_packets,5,0.0,0.0,0.0,0.0
paired_difference,WebSearch,guard_minus_no_remaining,le_8KB_fct_us_mean,5,-0.004049036870250688,-0.008469541873367065,0.00037146813286568874,0.004420505003116377
paired_percent,WebSearch,guard_minus_no_remaining,le_8KB_fct_us_mean,5,-0.061160506943159575,-0.1303576664791344,0.008036652592815267,0.06919715953597484
paired_difference,WebSearch,guard_minus_no_remaining,le_8KB_fct_us_p95,5,-0.0036800000000003054,-0.03110411077699345,0.02374411077699284,0.027424110776993145
paired_percent,WebSearch,guard_minus_no_remaining,le_8KB_fct_us_p95,5,-0.042308044520987166,-0.35124091616648473,0.26662482712451036,0.30893287164549754
paired_difference,WebSearch,guard_minus_no_remaining,le_8KB_fct_us_p99,5,-0.004793999999999699,-0.027563723640522866,0.01797572364052347,0.022769723640523168
paired_percent,WebSearch,guard_minus_no_remaining,le_8KB_fct_us_p99,5,-0.05445227866841209,-0.31072461848639715,0.201820061149573,0.2562723398179851
paired_difference,WebSearch,guard_minus_no_remaining,le_8KB_flow_count,5,0.0,0.0,0.0,0.0
paired_percent,WebSearch,guard_minus_no_remaining,le_8KB_flow_count,5,0.0,0.0,0.0,0.0
paired_difference,WebSearch,guard_minus_no_remaining,le_8KB_slowdown_mean,5,-0.0006604521172175915,-0.0009990960354879438,-0.0003218081989472392,0.0003386439182703523
paired_percent,WebSearch,guard_minus_no_remaining,le_8KB_slowdown_mean,5,-0.0656622271706495,-0.09932849662242327,-0.03199595771887572,0.03366626945177378
paired_difference,WebSearch,guard_minus_no_remaining,le_8KB_slowdown_p95,5,0.0001570613298920165,-0.0044713341151681385,0.0047854567749521714,0.004628395445060155
paired_percent,WebSearch,guard_minus_no_remaining,le_8KB_slowdown_p95,5,0.015470084567004433,-0.43718099299248747,0.46812116212649635,0.4526510775594919
paired_difference,WebSearch,guard_minus_no_remaining,le_8KB_slowdown_p99,5,-0.0027075578575775695,-0.007995565734269917,0.0025804500191147777,0.005288007876692347
paired_percent,WebSearch,guard_minus_no_remaining,le_8KB_slowdown_p99,5,-0.26250744932838777,-0.7746055859325633,0.24959068727578781,0.5120981366041756
paired_difference,WebSearch,guard_minus_no_remaining,long_to_small_slowdown_mean_ratio,5,-0.04965145483451283,-0.1153480044169397,0.016045094747914032,0.06569654958242686
paired_percent,WebSearch,guard_minus_no_remaining,long_to_small_slowdown_mean_ratio,5,-3.1152085266996195,-7.3331994940526375,1.102782440653399,4.2179909673530185
paired_difference,WebSearch,guard_minus_no_remaining,max_active_flows,5,-0.2,-0.7552890210395597,0.35528902103955967,0.5552890210395597
paired_percent,WebSearch,guard_minus_no_remaining,max_active_flows,5,-5.0,-18.882225525988993,8.882225525988993,13.882225525988993
paired_difference,WebSearch,guard_minus_no_remaining,overall_fct_us_mean,5,-5.156890369274407,-15.329580727356412,5.015799988807597,10.172690358082004
paired_percent,WebSearch,guard_minus_no_remaining,overall_fct_us_mean,5,-1.6124834326171325,-5.131757222465913,1.9067903572316474,3.51927378984878
paired_difference,WebSearch,guard_minus_no_remaining,overall_fct_us_p95,5,6.61545999999912,-74.45099198780774,87.68191198780598,81.06645198780686
paired_percent,WebSearch,guard_minus_no_remaining,overall_fct_us_p95,5,0.4473533574696377,-5.629772291655082,6.524479006594357,6.07712564912472
paired_difference,WebSearch,guard_minus_no_remaining,overall_fct_us_p99,5,-12.307341999998062,-145.5086012545589,120.89391725456277,133.20125925456082
paired_percent,WebSearch,guard_minus_no_remaining,overall_fct_us_p99,5,1.022400363137904,-5.661520624500021,7.706321350775829,6.683920987637925
paired_difference,WebSearch,guard_minus_no_remaining,overall_flow_count,5,0.0,0.0,0.0,0.0
paired_percent,WebSearch,guard_minus_no_remaining,overall_flow_count,5,0.0,0.0,0.0,0.0
paired_difference,WebSearch,guard_minus_no_remaining,overall_slowdown_mean,5,-0.03316586633598839,-0.06670744306464264,0.0003757103926658595,0.03354157672865425
paired_percent,WebSearch,guard_minus_no_remaining,overall_slowdown_mean,5,-2.691929809956223,-5.306903338392239,-0.07695628152020673,2.6149735284360163
paired_difference,WebSearch,guard_minus_no_remaining,overall_slowdown_p95,5,-0.12925627780494003,-0.24485454426090603,-0.013658011348974056,0.11559826645596598
paired_percent,WebSearch,guard_minus_no_remaining,overall_slowdown_p95,5,-5.725905799628753,-9.974984054633019,-1.476827544624486,4.2490782550042665
paired_difference,WebSearch,guard_minus_no_remaining,overall_slowdown_p99,5,-0.15932521491389257,-0.44887556485268304,0.1302251350248979,0.2895503499387905
paired_percent,WebSearch,guard_minus_no_remaining,overall_slowdown_p99,5,-5.316986297998744,-14.78070314065372,4.146730544656233,9.463716842654977
paired_difference,WebSearch,guard_minus_no_remaining,pfc_pause_events,5,0.0,0.0,0.0,0.0
paired_difference,WebSearch,guard_minus_no_remaining,pfc_resume_events,5,0.0,0.0,0.0,0.0
paired_difference,WebSearch,guard_minus_no_remaining,proactive_releases,5,0.0,0.0,0.0,0.0
paired_percent,WebSearch,guard_minus_no_remaining,proactive_releases,5,0.0,0.0,0.0,0.0
paired_difference,WebSearch,guard_minus_no_remaining,queue_bytes_max,5,-18094.0,-63605.744940811885,27417.744940811885,45511.744940811885
paired_percent,WebSearch,guard_minus_no_remaining,queue_bytes_max,5,-4.770410727757794,-17.253859290016038,7.713037834500451,12.483448562258245
paired_difference,WebSearch,guard_minus_no_remaining,queue_bytes_mean,5,-373.88579999999996,-870.968024835309,123.19642483530919,497.08222483530915
paired_percent,WebSearch,guard_minus_no_remaining,queue_bytes_mean,5,-13.881939535111092,-30.43150325046892,2.6676241802467384,16.54956371535783
paired_difference,WebSearch,guard_minus_no_remaining,queue_bytes_p95,5,-218.0,-823.2650329331202,387.2650329331202,605.2650329331202
paired_difference,WebSearch,guard_minus_no_remaining,queue_bytes_p99,5,-5814.0,-14677.34864584276,3049.3486458427597,8863.34864584276
paired_percent,WebSearch,guard_minus_no_remaining,queue_bytes_p99,5,-7.49808075930722,-18.367495351114847,3.371333832500408,10.869414591807628
paired_difference,WebSearch,guard_minus_no_remaining,queue_sample_count,5,0.0,0.0,0.0,0.0
paired_percent,WebSearch,guard_minus_no_remaining,queue_sample_count,5,0.0,0.0,0.0,0.0
paired_difference,WebSearch,guard_minus_no_remaining,reactive_binding_rate_changes,5,-21.8,-86.00975772635375,42.40975772635376,64.20975772635376
paired_percent,WebSearch,guard_minus_no_remaining,reactive_binding_rate_changes,5,-0.26605172521708764,-11.890600156313898,11.358496705879723,11.62454843109681
paired_difference,WebSearch,guard_minus_no_remaining,reactive_binding_updates,5,-21.8,-86.00975772635375,42.40975772635376,64.20975772635376
paired_percent,WebSearch,guard_minus_no_remaining,reactive_binding_updates,5,-0.26605172521708764,-11.890600156313898,11.358496705879723,11.62454843109681
paired_difference,WebSearch,guard_minus_no_remaining,recovery_nacks_generated,5,0.0,0.0,0.0,0.0
paired_difference,WebSearch,guard_minus_no_remaining,recovery_nacks_received,5,0.0,0.0,0.0,0.0
paired_difference,WebSearch,guard_minus_no_remaining,registrations,5,0.0,0.0,0.0,0.0
paired_percent,WebSearch,guard_minus_no_remaining,registrations,5,0.0,0.0,0.0,0.0
paired_difference,WebSearch,guard_minus_no_remaining,selected_registrations,5,0.0,0.0,0.0,0.0
paired_percent,WebSearch,guard_minus_no_remaining,selected_registrations,5,0.0,0.0,0.0,0.0
paired_difference,WebSearch,guard_minus_no_remaining,tie_binding_rate_changes,5,-1.0,-4.8270654687548715,2.8270654687548715,3.8270654687548715
paired_percent,WebSearch,guard_minus_no_remaining,tie_binding_rate_changes,5,1.1043059114869815,-13.38265840057998,15.591270223553943,14.486964312066961
paired_difference,WebSearch,guard_minus_no_remaining,tie_binding_updates,5,93.8,3.625781695603308,183.9742183043967,90.17421830439669
paired_percent,WebSearch,guard_minus_no_remaining,tie_binding_updates,5,9.124852275835737,-0.0712032949232686,18.320907846594743,9.196055570759006
paired_difference,WebSearch,guard_minus_no_remaining,timeout_recoveries,5,0.0,0.0,0.0,0.0
paired_difference,WebSearch,guard_minus_no_ack_coalescing,1BDP_to_1MB_fct_us_mean,5,-0.65272578162013,-2.294201449227303,0.9887498859870432,1.6414756676071731
paired_percent,WebSearch,guard_minus_no_ack_coalescing,1BDP_to_1MB_fct_us_mean,5,-1.2232531023057576,-4.6875134594124885,2.241007254800974,3.464260357106731
paired_difference,WebSearch,guard_minus_no_ack_coalescing,1BDP_to_1MB_fct_us_p95,5,-13.774380000000017,-35.294633189721445,7.745873189721413,21.52025318972143
paired_percent,WebSearch,guard_minus_no_ack_coalescing,1BDP_to_1MB_fct_us_p95,5,-9.802249778756435,-25.92207935135154,6.31757979383867,16.119829572595105
paired_difference,WebSearch,guard_minus_no_ack_coalescing,1BDP_to_1MB_fct_us_p99,5,-6.72408000000002,-25.68266758382795,12.234507583827908,18.958587583827928
paired_percent,WebSearch,guard_minus_no_ack_coalescing,1BDP_to_1MB_fct_us_p99,5,-4.604643850229704,-16.707604773862617,7.49831707340321,12.102960923632914
paired_difference,WebSearch,guard_minus_no_ack_coalescing,1BDP_to_1MB_flow_count,5,0.0,0.0,0.0,0.0
paired_percent,WebSearch,guard_minus_no_ack_coalescing,1BDP_to_1MB_flow_count,5,0.0,0.0,0.0,0.0
paired_difference,WebSearch,guard_minus_no_ack_coalescing,1BDP_to_1MB_slowdown_mean,5,-0.004268980645296549,-0.021592872408605135,0.013054911118012035,0.017323891763308584
paired_percent,WebSearch,guard_minus_no_ack_coalescing,1BDP_to_1MB_slowdown_mean,5,-0.3823772111633157,-1.9462367522373165,1.1814823299106851,1.5638595410740008
paired_difference,WebSearch,guard_minus_no_ack_coalescing,1BDP_to_1MB_slowdown_p95,5,-0.2054345872534916,-0.46402265578223967,0.053153481275256514,0.2585880685287481
paired_percent,WebSearch,guard_minus_no_ack_coalescing,1BDP_to_1MB_slowdown_p95,5,-12.468938765862408,-28.349341865416513,3.4114643336916988,15.880403099554107
paired_difference,WebSearch,guard_minus_no_ack_coalescing,1BDP_to_1MB_slowdown_p99,5,-0.0736493222800763,-0.3532723786002509,0.20597373404009828,0.2796230563201746
paired_percent,WebSearch,guard_minus_no_ack_coalescing,1BDP_to_1MB_slowdown_p99,5,-4.363657367399377,-19.162319044011703,10.43500430921295,14.798661676612326
paired_difference,WebSearch,guard_minus_no_ack_coalescing,8KB_to_1BDP_fct_us_mean,5,-0.04061949249343222,-0.07279761974327442,-0.008441365243590022,0.032178127249842196
paired_percent,WebSearch,guard_minus_no_ack_coalescing,8KB_to_1BDP_fct_us_mean,5,-0.40283444564537624,-0.7240728475197228,-0.08159604377102969,0.32123840187434655
paired_difference,WebSearch,guard_minus_no_ack_coalescing,8KB_to_1BDP_fct_us_p95,5,-0.23299999999999949,-0.3686416549574755,-0.0973583450425235,0.135641654957476
paired_percent,WebSearch,guard_minus_no_ack_coalescing,8KB_to_1BDP_fct_us_p95,5,-1.5436568575673693,-2.425076978711159,-0.6622367364235797,0.8814201211437895
paired_difference,WebSearch,guard_minus_no_ack_coalescing,8KB_to_1BDP_fct_us_p99,5,-0.2228579999999994,-0.7762171977700152,0.33050119777001635,0.5533591977700157
paired_percent,WebSearch,guard_minus_no_ack_coalescing,8KB_to_1BDP_fct_us_p99,5,-1.4250164990781453,-4.843967592091634,1.993934593935343,3.4189510930134883
paired_difference,WebSearch,guard_minus_no_ack_coalescing,8KB_to_1BDP_flow_count,5,0.0,0.0,0.0,0.0
paired_percent,WebSearch,guard_minus_no_ack_coalescing,8KB_to_1BDP_flow_count,5,0.0,0.0,0.0,0.0
paired_difference,WebSearch,guard_minus_no_ack_coalescing,8KB_to_1BDP_slowdown_mean,5,-0.0034958978586024704,-0.006951173824093436,-4.0621893111505124e-05,0.0034552759654909652
paired_percent,WebSearch,guard_minus_no_ack_coalescing,8KB_to_1BDP_slowdown_mean,5,-0.3403407991511328,-0.6756767635669463,-0.005004834735319319,0.3353359644158135
paired_difference,WebSearch,guard_minus_no_ack_coalescing,8KB_to_1BDP_slowdown_p95,5,-0.014819622654044596,-0.018592236031757338,-0.011047009276331853,0.0037726133777127428
paired_percent,WebSearch,guard_minus_no_ack_coalescing,8KB_to_1BDP_slowdown_p95,5,-1.3936852413917284,-1.7480680360225125,-1.0393024467609444,0.3543827946307841
paired_difference,WebSearch,guard_minus_no_ack_coalescing,8KB_to_1BDP_slowdown_p99,5,-0.01141176973329614,-0.032656507956315604,0.009832968489723327,0.021244738223019467
paired_percent,WebSearch,guard_minus_no_ack_coalescing,8KB_to_1BDP_slowdown_p99,5,-0.9808736405789164,-2.7834293911770476,0.8216821100192148,1.8025557505981311
paired_difference,WebSearch,guard_minus_no_ack_coalescing,aggregate_goodput_gbps,5,-0.1650753721084186,-0.5376785977211538,0.20752785350431663,0.37260322561273523
paired_percent,WebSearch,guard_minus_no_ack_coalescing,aggregate_goodput_gbps,5,-0.09945356270118422,-0.3350775866251041,0.13617046122273566,0.23562402392391987
paired_difference,WebSearch,guard_minus_no_ack_coalescing,completion_releases,5,0.0,0.0,0.0,0.0
paired_difference,WebSearch,guard_minus_no_ack_coalescing,completion_span_us,5,21.10980000000054,-28.739245136767835,70.95884513676891,49.849045136768375
paired_percent,WebSearch,guard_minus_no_ack_coalescing,completion_span_us,5,0.09984217476155763,-0.13678815056384755,0.33647250008696283,0.23663032532540518
paired_difference,WebSearch,guard_minus_no_ack_coalescing,grant_binding_rate_changes,5,-3.6,-7.177199284470117,-0.02280071552988394,3.577199284470116
paired_percent,WebSearch,guard_minus_no_ack_coalescing,grant_binding_rate_changes,5,-29.08889871738169,-64.01667601650958,5.838878581746201,34.92777729912789
paired_difference,WebSearch,guard_minus_no_ack_coalescing,grant_binding_updates,5,-29.4,-58.328372995236265,-0.4716270047637323,28.928372995236266
paired_percent,WebSearch,guard_minus_no_ack_coalescing,grant_binding_updates,5,-10.597996874512893,-16.37151108683739,-4.824482662188394,5.773514212324499
paired_difference,WebSearch,guard_minus_no_ack_coalescing,grant_bytes_sent,5,-2406.4,-5078.925584562303,266.12558456230227,2672.5255845623024
paired_percent,WebSearch,guard_minus_no_ack_coalescing,grant_bytes_sent,5,-0.44405826910983415,-0.9761262535207968,0.08800971530112855,0.5320679844109627
paired_difference,WebSearch,guard_minus_no_ack_coalescing,grant_event_rate_changes,5,-30.0,-69.9364388954296,9.93643889542961,39.93643889542961
paired_percent,WebSearch,guard_minus_no_ack_coalescing,grant_event_rate_changes,5,-2.119257231120766,-4.758048200634161,0.5195337383926297,2.6387909695133955
paired_difference,WebSearch,guard_minus_no_ack_coalescing,grants_received,5,-25.6,-54.0311232400245,2.8311232400244926,28.431123240024494
paired_percent,WebSearch,guard_minus_no_ack_coalescing,grants_received,5,-0.44405826910983415,-0.9761262535207968,0.08800971530112855,0.5320679844109627
paired_difference,WebSearch,guard_minus_no_ack_coalescing,grants_sent,5,-25.6,-54.0311232400245,2.8311232400244926,28.431123240024494
paired_percent,WebSearch,guard_minus_no_ack_coalescing,grants_sent,5,-0.44405826910983415,-0.9761262535207968,0.08800971530112855,0.5320679844109627
paired_difference,WebSearch,guard_minus_no_ack_coalescing,gt_1MB_fct_us_mean,5,-6.847203851409143,-28.833088878603405,15.138681175785122,21.985885027194264
paired_percent,WebSearch,guard_minus_no_ack_coalescing,gt_1MB_fct_us_mean,5,-0.6064866515771359,-3.4109204127197046,2.1979471095654324,2.8044337611425685
paired_difference,WebSearch,guard_minus_no_ack_coalescing,gt_1MB_fct_us_p95,5,-29.65834999999988,-227.16189147843585,167.8451914784361,197.50354147843598
paired_percent,WebSearch,guard_minus_no_ack_coalescing,gt_1MB_fct_us_p95,5,-1.0851276769276843,-8.422291956064365,6.252036602208997,7.337164279136681
paired_difference,WebSearch,guard_minus_no_ack_coalescing,gt_1MB_fct_us_p99,5,-127.06365599999963,-352.9255638269737,98.79825182697446,225.8619078269741
paired_percent,WebSearch,guard_minus_no_ack_coalescing,gt_1MB_fct_us_p99,5,-2.2619556948099593,-6.236509191602728,1.7125978019828092,3.9745534967927685
paired_difference,WebSearch,guard_minus_no_ack_coalescing,gt_1MB_flow_count,5,0.0,0.0,0.0,0.0
paired_percent,WebSearch,guard_minus_no_ack_coalescing,gt_1MB_flow_count,5,0.0,0.0,0.0,0.0
paired_difference,WebSearch,guard_minus_no_ack_coalescing,gt_1MB_slowdown_mean,5,-0.011084277541218723,-0.04494544423042375,0.02277688914798631,0.03386116668920503
paired_percent,WebSearch,guard_minus_no_ack_coalescing,gt_1MB_slowdown_mean,5,-0.6169913194422977,-2.901915172128705,1.6679325332441097,2.2849238526864073
paired_difference,WebSearch,guard_minus_no_ack_coalescing,gt_1MB_slowdown_p95,5,-0.06437252435440843,-0.12486994804165942,-0.0038751006671574467,0.06049742368725099
paired_percent,WebSearch,guard_minus_no_ack_coalescing,gt_1MB_slowdown_p95,5,-2.296512235275139,-4.358679590379952,-0.23434488017032562,2.062167355104813
paired_difference,WebSearch,guard_minus_no_ack_coalescing,gt_1MB_slowdown_p99,5,-0.13460060998272266,-0.3462740982471061,0.07707287828166073,0.2116734882643834
paired_percent,WebSearch,guard_minus_no_ack_coalescing,gt_1MB_slowdown_p99,5,-3.9757760835529874,-10.282228027333279,2.3306758602273048,6.306451943780292
paired_difference,WebSearch,guard_minus_no_ack_coalescing,guard_ack_interval_packets,5,7.0,7.0,7.0,0.0
paired_percent,WebSearch,guard_minus_no_ack_coalescing,guard_ack_interval_packets,5,700.0,700.0,700.0,0.0
paired_difference,WebSearch,guard_minus_no_ack_coalescing,guard_adaptive_grant_updates,5,0.0,0.0,0.0,0.0
paired_difference,WebSearch,guard_minus_no_ack_coalescing,guard_fixed_window,5,0.0,0.0,0.0,0.0
paired_percent,WebSearch,guard_minus_no_ack_coalescing,guard_fixed_window,5,0.0,0.0,0.0,0.0
paired_difference,WebSearch,guard_minus_no_ack_coalescing,guard_grant_refresh_bdps,5,0.0,0.0,0.0,0.0
paired_percent,WebSearch,guard_minus_no_ack_coalescing,guard_grant_refresh_bdps,5,0.0,0.0,0.0,0.0
paired_difference,WebSearch,guard_minus_no_ack_coalescing,guard_long_acks_suppressed,5,333353.6,219985.01121650127,446722.1887834987,113368.58878349871
paired_difference,WebSearch,guard_minus_no_ack_coalescing,guard_min_share_fraction,5,0.0,0.0,0.0,0.0
paired_difference,WebSearch,guard_minus_no_ack_coalescing,guard_one_rtt_acks_suppressed,5,0.0,0.0,0.0,0.0
paired_percent,WebSearch,guard_minus_no_ack_coalescing,guard_one_rtt_acks_suppressed,5,0.0,0.0,0.0,0.0
paired_difference,WebSearch,guard_minus_no_ack_coalescing,guard_one_rtt_bypass_enabled,5,0.0,0.0,0.0,0.0
paired_percent,WebSearch,guard_minus_no_ack_coalescing,guard_one_rtt_bypass_enabled,5,0.0,0.0,0.0,0.0
paired_difference,WebSearch,guard_minus_no_ack_coalescing,guard_one_rtt_bypass_feedbacks,5,0.0,0.0,0.0,0.0
paired_percent,WebSearch,guard_minus_no_ack_coalescing,guard_one_rtt_bypass_feedbacks,5,0.0,0.0,0.0,0.0
paired_difference,WebSearch,guard_minus_no_ack_coalescing,guard_one_rtt_bypass_flows,5,0.0,0.0,0.0,0.0
paired_percent,WebSearch,guard_minus_no_ack_coalescing,guard_one_rtt_bypass_flows,5,0.0,0.0,0.0,0.0
paired_difference,WebSearch,guard_minus_no_ack_coalescing,guard_rebalance_events,5,0.0,0.0,0.0,0.0
paired_difference,WebSearch,guard_minus_no_ack_coalescing,guard_remaining_aware,5,0.0,0.0,0.0,0.0
paired_percent,WebSearch,guard_minus_no_ack_coalescing,guard_remaining_aware,5,0.0,0.0,0.0,0.0
paired_difference,WebSearch,guard_minus_no_ack_coalescing,guard_remaining_exponent,5,0.0,0.0,0.0,0.0
paired_percent,WebSearch,guard_minus_no_ack_coalescing,guard_remaining_exponent,5,0.0,0.0,0.0,0.0
paired_difference,WebSearch,guard_minus_no_ack_coalescing,guard_remaining_refresh_events,5,-3.6,-5.483076688348442,-1.7169233116515583,1.8830766883484418
paired_percent,WebSearch,guard_minus_no_ack_coalescing,guard_remaining_refresh_events,5,-0.08039049700562544,-0.15836601125247488,-0.0024149827587759964,0.07797551424684944
paired_difference,WebSearch,guard_minus_no_ack_coalescing,guard_sender_srpt_enabled,5,0.0,0.0,0.0,0.0
paired_percent,WebSearch,guard_minus_no_ack_coalescing,guard_sender_srpt_enabled,5,0.0,0.0,0.0,0.0
paired_difference,WebSearch,guard_minus_no_ack_coalescing,guard_sender_srpt_forced_rr,5,-164.4,-275.6194145483164,-53.180585451683626,111.21941454831638
paired_percent,WebSearch,guard_minus_no_ack_coalescing,guard_sender_srpt_forced_rr,5,-73.94364470967564,-91.31763722973852,-56.56965218961275,17.373992520062888
paired_difference,WebSearch,guard_minus_no_ack_coalescing,guard_sender_srpt_non_rr,5,536.8,-457.59473525742794,1531.194735257428,994.3947352574279
paired_percent,WebSearch,guard_minus_no_ack_coalescing,guard_sender_srpt_non_rr,5,5.206556794234663,-3.5661210335813056,13.979234622050631,8.772677827815968
paired_difference,WebSearch,guard_minus_no_ack_coalescing,guard_sender_srpt_selections,5,0.0,0.0,0.0,0.0
paired_percent,WebSearch,guard_minus_no_ack_coalescing,guard_sender_srpt_selections,5,0.0,0.0,0.0,0.0
paired_difference,WebSearch,guard_minus_no_ack_coalescing,guard_srpt_quantum_packets,5,0.0,0.0,0.0,0.0
paired_percent,WebSearch,guard_minus_no_ack_coalescing,guard_srpt_quantum_packets,5,0.0,0.0,0.0,0.0
paired_difference,WebSearch,guard_minus_no_ack_coalescing,guard_tail_bypass_bdps,5,0.0,0.0,0.0,0.0
paired_percent,WebSearch,guard_minus_no_ack_coalescing,guard_tail_bypass_bdps,5,0.0,0.0,0.0,0.0
paired_difference,WebSearch,guard_minus_no_ack_coalescing,guard_tail_bypass_enabled,5,0.0,0.0,0.0,0.0
paired_percent,WebSearch,guard_minus_no_ack_coalescing,guard_tail_bypass_enabled,5,0.0,0.0,0.0,0.0
paired_difference,WebSearch,guard_minus_no_ack_coalescing,guard_tail_bypass_feedbacks,5,-46295.8,-53534.72024561077,-39056.879754389236,7238.920245610769
paired_percent,WebSearch,guard_minus_no_ack_coalescing,guard_tail_bypass_feedbacks,5,-87.40433849493103,-87.41855443774851,-87.39012255211354,0.01421594281747965
paired_difference,WebSearch,guard_minus_no_ack_coalescing,guard_tail_bypass_flows,5,0.0,0.0,0.0,0.0
paired_percent,WebSearch,guard_minus_no_ack_coalescing,guard_tail_bypass_flows,5,0.0,0.0,0.0,0.0
paired_difference,WebSearch,guard_minus_no_ack_coalescing,hpcc_actual_rate_changes,5,-48.6,-96.61404063475806,-0.5859593652419406,48.01404063475806
paired_percent,WebSearch,guard_minus_no_ack_coalescing,hpcc_actual_rate_changes,5,-7.615607788635979,-11.078089157602857,-4.1531264196691025,3.462481368966877
paired_difference,WebSearch,guard_minus_no_ack_coalescing,hpcc_fast_computations,5,0.0,0.0,0.0,0.0
paired_difference,WebSearch,guard_minus_no_ack_coalescing,hpcc_feedback_updates,5,-258.2,-451.7172279742345,-64.68277202576547,193.51722797423452
paired_percent,WebSearch,guard_minus_no_ack_coalescing,hpcc_feedback_updates,5,-4.024695914528893,-5.861587106545986,-2.1878047225118,1.836891192017093
paired_difference,WebSearch,guard_minus_no_ack_coalescing,hpcc_full_computations,5,-103.8,-161.31598868795493,-46.28401131204508,57.515988687954916
paired_percent,WebSearch,guard_minus_no_ack_coalescing,hpcc_full_computations,5,-5.3393188642111635,-6.983740782573278,-3.6948969458490493,1.6444219183621143
paired_difference,WebSearch,guard_minus_no_ack_coalescing,hpcc_rate_updates_applied,5,-103.8,-161.31598868795493,-46.28401131204508,57.515988687954916
paired_percent,WebSearch,guard_minus_no_ack_coalescing,hpcc_rate_updates_applied,5,-5.3393188642111635,-6.983740782573278,-3.6948969458490493,1.6444219183621143
paired_difference,WebSearch,guard_minus_no_ack_coalescing,hpcc_valid_feedback,5,-103.8,-161.31598868795493,-46.28401131204508,57.515988687954916
paired_percent,WebSearch,guard_minus_no_ack_coalescing,hpcc_valid_feedback,5,-5.2320771241943875,-6.8805816146663865,-3.5835726337223885,1.648504490471999
paired_difference,WebSearch,guard_minus_no_ack_coalescing,int_hops_after_strip,5,-325218.8,-433956.6356189805,-216480.96438101947,108737.83561898053
paired_percent,WebSearch,guard_minus_no_ack_coalescing,int_hops_after_strip,5,-87.43016578163936,-87.45161202062177,-87.40871954265695,0.021446238982407342
paired_difference,WebSearch,guard_minus_no_ack_coalescing,int_hops_before_strip,5,-658572.4,-870009.1970144726,-447135.6029855275,211436.7970144725
paired_percent,WebSearch,guard_minus_no_ack_coalescing,int_hops_before_strip,5,-87.43168663725496,-87.45542067770533,-87.40795259680458,0.02373404045037721
paired_difference,WebSearch,guard_minus_no_ack_coalescing,int_records_stripped,5,-333353.6,-446722.1887834987,-219985.01121650127,113368.58878349871
paired_percent,WebSearch,guard_minus_no_ack_coalescing,int_records_stripped,5,-87.43254222063803,-87.46007197671914,-87.40501246455692,0.027529756081114402
paired_difference,WebSearch,guard_minus_no_ack_coalescing,irn_nacks_generated,5,0.0,0.0,0.0,0.0
paired_difference,WebSearch,guard_minus_no_ack_coalescing,irn_nacks_received,5,0.0,0.0,0.0,0.0
paired_difference,WebSearch,guard_minus_no_ack_coalescing,irn_retransmit_bytes,5,0.0,0.0,0.0,0.0
paired_difference,WebSearch,guard_minus_no_ack_coalescing,irn_retransmit_packets,5,0.0,0.0,0.0,0.0
paired_difference,WebSearch,guard_minus_no_ack_coalescing,le_8KB_fct_us_mean,5,-0.01718758382587495,-0.024203018533066833,-0.010172149118683067,0.007015434707191884
paired_percent,WebSearch,guard_minus_no_ack_coalescing,le_8KB_fct_us_mean,5,-0.248598008835499,-0.3336467390192052,-0.1635492786517928,0.0850487301837062
paired_difference,WebSearch,guard_minus_no_ack_coalescing,le_8KB_fct_us_p95,5,-0.04146000000000001,-0.07262175913379526,-0.010298240866204768,0.031161759133795243
paired_percent,WebSearch,guard_minus_no_ack_coalescing,le_8KB_fct_us_p95,5,-0.4612906337246132,-0.8086833919162665,-0.11389787553295994,0.3473927581916533
paired_difference,WebSearch,guard_minus_no_ack_coalescing,le_8KB_fct_us_p99,5,-0.07396399999999943,-0.11956990673613313,-0.028358093263865743,0.04560590673613369
paired_percent,WebSearch,guard_minus_no_ack_coalescing,le_8KB_fct_us_p99,5,-0.8109188083958865,-1.2948562624303501,-0.3269813543614229,0.4839374540344636
paired_difference,WebSearch,guard_minus_no_ack_coalescing,le_8KB_flow_count,5,0.0,0.0,0.0,0.0
paired_percent,WebSearch,guard_minus_no_ack_coalescing,le_8KB_flow_count,5,0.0,0.0,0.0,0.0
paired_difference,WebSearch,guard_minus_no_ack_coalescing,le_8KB_slowdown_mean,5,-0.0021494212561502303,-0.003453684906263324,-0.0008451576060371365,0.0013042636501130937
paired_percent,WebSearch,guard_minus_no_ack_coalescing,le_8KB_slowdown_mean,5,-0.21320992327286564,-0.3420001181669426,-0.0844197283787887,0.12879019489407695
paired_difference,WebSearch,guard_minus_no_ack_coalescing,le_8KB_slowdown_p95,5,-0.002987983099563829,-0.010091980594672612,0.004116014395544954,0.007103997495108783
paired_percent,WebSearch,guard_minus_no_ack_coalescing,le_8KB_slowdown_p95,5,-0.2897821012165379,-0.9841703046860472,0.40460610225297133,0.6943882034695092
paired_difference,WebSearch,guard_minus_no_ack_coalescing,le_8KB_slowdown_p99,5,-0.009176832845017645,-0.012823844788867854,-0.005529820901167437,0.0036470119438502084
paired_percent,WebSearch,guard_minus_no_ack_coalescing,le_8KB_slowdown_p99,5,-0.886277585050401,-1.2321171559008248,-0.5404380141999772,0.34583957085042377
paired_difference,WebSearch,guard_minus_no_ack_coalescing,long_to_small_slowdown_mean_ratio,5,-0.007886470476064745,-0.041832496227086235,0.02605955527495675,0.03394602575102149
paired_percent,WebSearch,guard_minus_no_ack_coalescing,long_to_small_slowdown_mean_ratio,5,-0.40432134984434215,-2.715933009200937,1.9072903095122526,2.3116116593565947
paired_difference,WebSearch,guard_minus_no_ack_coalescing,max_active_flows,5,0.0,0.0,0.0,0.0
paired_percent,WebSearch,guard_minus_no_ack_coalescing,max_active_flows,5,0.0,0.0,0.0,0.0
paired_difference,WebSearch,guard_minus_no_ack_coalescing,overall_fct_us_mean,5,-2.1215418652755202,-8.319148318400476,4.076064587849435,6.197606453124955
paired_percent,WebSearch,guard_minus_no_ack_coalescing,overall_fct_us_mean,5,-0.6804598348906984,-3.252438930588525,1.8915192608071285,2.571979095697827
paired_difference,WebSearch,guard_minus_no_ack_coalescing,overall_fct_us_p95,5,-25.75429000000033,-75.44869359348763,23.940113593486977,49.69440359348731
paired_percent,WebSearch,guard_minus_no_ack_coalescing,overall_fct_us_p95,5,-1.2764868390416715,-6.660749023760955,4.107775345677611,5.384262184719283
paired_difference,WebSearch,guard_minus_no_ack_coalescing,overall_fct_us_p99,5,45.015616000000364,-156.1184696816952,246.14970168169592,201.13408568169555
paired_percent,WebSearch,guard_minus_no_ack_coalescing,overall_fct_us_p99,5,1.0098101708626392,-6.694344801500783,8.713965143226062,7.704154972363423
paired_difference,WebSearch,guard_minus_no_ack_coalescing,overall_flow_count,5,0.0,0.0,0.0,0.0
paired_percent,WebSearch,guard_minus_no_ack_coalescing,overall_flow_count,5,0.0,0.0,0.0,0.0
paired_difference,WebSearch,guard_minus_no_ack_coalescing,overall_slowdown_mean,5,-0.005991971653640915,-0.01547925335023501,0.003495310042953178,0.009487281696594093
paired_percent,WebSearch,guard_minus_no_ack_coalescing,overall_slowdown_mean,5,-0.49276114937655524,-1.277492408886413,0.29197011013330254,0.7847312595098578
paired_difference,WebSearch,guard_minus_no_ack_coalescing,overall_slowdown_p95,5,-0.01939899342588123,-0.07620282946402693,0.037404842612264476,0.056803836038145705
paired_percent,WebSearch,guard_minus_no_ack_coalescing,overall_slowdown_p95,5,-0.9824436701007361,-3.8607963102772884,1.895908970075816,2.8783526401765522
paired_difference,WebSearch,guard_minus_no_ack_coalescing,overall_slowdown_p99,5,-0.05217070645012747,-0.1545480868450112,0.050206673944756273,0.10237738039488374
paired_percent,WebSearch,guard_minus_no_ack_coalescing,overall_slowdown_p99,5,-1.8607304258402266,-5.353245703804435,1.6317848521239824,3.492515277964209
paired_difference,WebSearch,guard_minus_no_ack_coalescing,pfc_pause_events,5,0.0,0.0,0.0,0.0
paired_difference,WebSearch,guard_minus_no_ack_coalescing,pfc_resume_events,5,0.0,0.0,0.0,0.0
paired_difference,WebSearch,guard_minus_no_ack_coalescing,proactive_releases,5,0.0,0.0,0.0,0.0
paired_percent,WebSearch,guard_minus_no_ack_coalescing,proactive_releases,5,0.0,0.0,0.0,0.0
paired_difference,WebSearch,guard_minus_no_ack_coalescing,queue_bytes_max,5,-20274.0,-41814.123146257174,1266.123146257174,21540.123146257174
paired_percent,WebSearch,guard_minus_no_ack_coalescing,queue_bytes_max,5,-5.930221308189167,-11.861695491174444,0.0012528747961111364,5.931474182985278
paired_difference,WebSearch,guard_minus_no_ack_coalescing,queue_bytes_mean,5,-559.7646,-938.1118075759514,-181.41739242404856,378.3472075759514
paired_percent,WebSearch,guard_minus_no_ack_coalescing,queue_bytes_mean,5,-25.193388384181947,-31.95098619309831,-18.435790575265585,6.75759780891636
paired_difference,WebSearch,guard_minus_no_ack_coalescing,queue_bytes_p95,5,-3488.0,-7243.570764014965,267.5707640149644,3755.5707640149644
paired_difference,WebSearch,guard_minus_no_ack_coalescing,queue_bytes_p99,5,-15406.0,-22024.01436516408,-8787.98563483592,6618.014365164078
paired_percent,WebSearch,guard_minus_no_ack_coalescing,queue_bytes_p99,5,-31.80908557963275,-73.93939131876317,10.321220159497678,42.13030573913043
paired_difference,WebSearch,guard_minus_no_ack_coalescing,queue_sample_count,5,0.0,0.0,0.0,0.0
paired_percent,WebSearch,guard_minus_no_ack_coalescing,queue_sample_count,5,0.0,0.0,0.0,0.0
paired_difference,WebSearch,guard_minus_no_ack_coalescing,reactive_binding_rate_changes,5,-36.0,-76.22493124810674,4.224931248106735,40.224931248106735
paired_percent,WebSearch,guard_minus_no_ack_coalescing,reactive_binding_rate_changes,5,-6.281173114202635,-9.333133611628146,-3.2292126167771236,3.0519604974255112
paired_difference,WebSearch,guard_minus_no_ack_coalescing,reactive_binding_updates,5,-36.0,-76.22493124810674,4.224931248106735,40.224931248106735
paired_percent,WebSearch,guard_minus_no_ack_coalescing,reactive_binding_updates,5,-6.281173114202635,-9.333133611628146,-3.2292126167771236,3.0519604974255112
paired_difference,WebSearch,guard_minus_no_ack_coalescing,recovery_nacks_generated,5,0.0,0.0,0.0,0.0
paired_difference,WebSearch,guard_minus_no_ack_coalescing,recovery_nacks_received,5,0.0,0.0,0.0,0.0
paired_difference,WebSearch,guard_minus_no_ack_coalescing,registrations,5,0.0,0.0,0.0,0.0
paired_percent,WebSearch,guard_minus_no_ack_coalescing,registrations,5,0.0,0.0,0.0,0.0
paired_difference,WebSearch,guard_minus_no_ack_coalescing,selected_registrations,5,0.0,0.0,0.0,0.0
paired_percent,WebSearch,guard_minus_no_ack_coalescing,selected_registrations,5,0.0,0.0,0.0,0.0
paired_difference,WebSearch,guard_minus_no_ack_coalescing,tie_binding_rate_changes,5,-9.0,-16.754189183465876,-1.2458108165341262,7.754189183465874
paired_percent,WebSearch,guard_minus_no_ack_coalescing,tie_binding_rate_changes,5,-18.216241589735567,-32.77791480204522,-3.654568377425914,14.561673212309653
paired_difference,WebSearch,guard_minus_no_ack_coalescing,tie_binding_updates,5,-38.4,-69.94168727741337,-6.858312722586639,31.54168727741336
paired_percent,WebSearch,guard_minus_no_ack_coalescing,tie_binding_updates,5,-3.6642052053777725,-6.494706982944239,-0.8337034278113058,2.8305017775664667
paired_difference,WebSearch,guard_minus_no_ack_coalescing,timeout_recoveries,5,0.0,0.0,0.0,0.0
arm_mean,FbHdp,guard,1BDP_to_1MB_fct_us_mean,5,34.98523612235313,31.151390463669625,38.81908178103664,3.8338456586835057
arm_mean,FbHdp,guard,1BDP_to_1MB_fct_us_p95,5,86.63064999999997,72.58449079695896,100.67680920304099,14.046159203041013
arm_mean,FbHdp,guard,1BDP_to_1MB_fct_us_p99,5,158.95952400000016,118.38257017126713,199.53647782873318,40.57695382873302
arm_mean,FbHdp,guard,1BDP_to_1MB_flow_count,5,264.0,249.7885059736482,278.2114940263518,14.211494026351788
arm_mean,FbHdp,guard,1BDP_to_1MB_slowdown_mean,5,1.1431620706619603,1.1261128736978157,1.160211267626105,0.01704919696414472
arm_mean,FbHdp,guard,1BDP_to_1MB_slowdown_p95,5,1.5179083967473523,1.4162794008983368,1.6195373925963679,0.10162899584901557
arm_mean,FbHdp,guard,1BDP_to_1MB_slowdown_p99,5,2.0531139024274414,1.7810671447760988,2.325160660078784,0.27204675765134245
arm_mean,FbHdp,guard,8KB_to_1BDP_fct_us_mean,5,11.49907936678977,11.317851544259714,11.680307189319826,0.18122782253005715
arm_mean,FbHdp,guard,8KB_to_1BDP_fct_us_p95,5,16.28215,15.998952265824409,16.565347734175592,0.28319773417559185
arm_mean,FbHdp,guard,8KB_to_1BDP_fct_us_p99,5,18.068588000000005,17.265625086302098,18.871550913697913,0.802962913697909
arm_mean,FbHdp,guard,8KB_to_1BDP_flow_count,5,586.8,552.71185671793,620.8881432820699,34.088143282069986
arm_mean,FbHdp,guard,8KB_to_1BDP_slowdown_mean,5,1.037617436209302,1.03081459120272,1.044420281215884,0.006802845006581988
arm_mean,FbHdp,guard,8KB_to_1BDP_slowdown_p95,5,1.0926912205308827,1.029410390852231,1.1559720502095345,0.06328082967865171
arm_mean,FbHdp,guard,8KB_to_1BDP_slowdown_p99,5,1.3778009903769979,1.27689156769612,1.4787104130578759,0.10090942268087802
arm_mean,FbHdp,guard,aggregate_goodput_gbps,5,164.4161970909219,156.93898377929517,171.89341040254865,7.477213311626744
arm_mean,FbHdp,guard,completion_releases,5,0.0,0.0,0.0,0.0
arm_mean,FbHdp,guard,completion_span_us,5,20375.8612,19750.75832741529,21000.96407258471,625.1028725847094
arm_mean,FbHdp,guard,grant_binding_rate_changes,5,4.2,-0.2249253612156119,8.624925361215613,4.424925361215612
arm_mean,FbHdp,guard,grant_binding_updates,5,122.8,71.77531401011862,173.82468598988137,51.024685989881384
arm_mean,FbHdp,guard,grant_bytes_sent,5,561386.8,529972.5815575877,592801.0184424124,31414.21844241237
arm_mean,FbHdp,guard,grant_event_rate_changes,5,1157.4,841.636764534712,1473.1632354652882,315.763235465288
arm_mean,FbHdp,guard,grants_received,5,5972.2,5638.006186782847,6306.3938132171525,334.19381321715287
arm_mean,FbHdp,guard,grants_sent,5,5972.2,5638.006186782847,6306.3938132171525,334.19381321715287
arm_mean,FbHdp,guard,gt_1MB_fct_us_mean,5,477.7760764452979,420.9328232976191,534.6193295929768,56.843253147678816
arm_mean,FbHdp,guard,gt_1MB_fct_us_p95,5,1376.01111,993.1626189154597,1758.8596010845401,382.8484910845403
arm_mean,FbHdp,guard,gt_1MB_fct_us_p99,5,2018.294251999999,1279.0193446131925,2757.5691593868055,739.2749073868065
arm_mean,FbHdp,guard,gt_1MB_flow_count,5,91.6,81.33841514253595,101.86158485746404,10.26158485746404
arm_mean,FbHdp,guard,gt_1MB_slowdown_mean,5,1.5884350487603995,1.4487184123147776,1.7281516852060215,0.13971663644562193
arm_mean,FbHdp,guard,gt_1MB_slowdown_p95,5,2.981808042643201,2.258485991504677,3.705130093781725,0.7233220511385239
arm_mean,FbHdp,guard,gt_1MB_slowdown_p99,5,3.431704942363953,2.1516594190644156,4.71175046566349,1.2800455232995371
arm_mean,FbHdp,guard,guard_ack_interval_packets,5,8.0,8.0,8.0,0.0
arm_mean,FbHdp,guard,guard_adaptive_grant_updates,5,0.0,0.0,0.0,0.0
arm_mean,FbHdp,guard,guard_fixed_window,5,1.0,1.0,1.0,0.0
arm_mean,FbHdp,guard,guard_grant_refresh_bdps,5,1.0,1.0,1.0,0.0
arm_mean,FbHdp,guard,guard_long_acks_suppressed,5,343135.0,329866.11356746504,356403.88643253496,13268.886432534977
arm_mean,FbHdp,guard,guard_min_share_fraction,5,0.0,0.0,0.0,0.0
arm_mean,FbHdp,guard,guard_one_rtt_acks_suppressed,5,24594.6,22605.06046145147,26584.139538548527,1989.5395385485267
arm_mean,FbHdp,guard,guard_one_rtt_bypass_enabled,5,1.0,1.0,1.0,0.0
arm_mean,FbHdp,guard,guard_one_rtt_bypass_feedbacks,5,2759.2,2733.732263663569,2784.6677363364306,25.46773633643079
arm_mean,FbHdp,guard,guard_one_rtt_bypass_flows,5,2759.2,2733.732263663569,2784.6677363364306,25.46773633643079
arm_mean,FbHdp,guard,guard_rebalance_events,5,0.0,0.0,0.0,0.0
arm_mean,FbHdp,guard,guard_remaining_aware,5,1.0,1.0,1.0,0.0
arm_mean,FbHdp,guard,guard_remaining_exponent,5,1.0,1.0,1.0,0.0
arm_mean,FbHdp,guard,guard_remaining_refresh_events,5,4849.0,4651.848936010733,5046.151063989267,197.1510639892667
arm_mean,FbHdp,guard,guard_sender_srpt_enabled,5,1.0,1.0,1.0,0.0
arm_mean,FbHdp,guard,guard_sender_srpt_forced_rr,5,104.8,55.27021143156828,154.32978856843172,49.52978856843172
arm_mean,FbHdp,guard,guard_sender_srpt_non_rr,5,25850.2,15792.332053846865,35908.06794615314,10057.867946153136
arm_mean,FbHdp,guard,guard_sender_srpt_selections,5,420213.4,405864.82846394205,434561.971536058,14348.571536057989
arm_mean,FbHdp,guard,guard_srpt_quantum_packets,5,64.0,64.0,64.0,0.0
arm_mean,FbHdp,guard,guard_tail_bypass_bdps,5,8.0,8.0,8.0,0.0
arm_mean,FbHdp,guard,guard_tail_bypass_enabled,5,1.0,1.0,1.0,0.0
arm_mean,FbHdp,guard,guard_tail_bypass_feedbacks,5,17320.4,16088.796177821414,18552.003822178587,1231.6038221785875
arm_mean,FbHdp,guard,guard_tail_bypass_flows,5,472.6,455.4488488540779,489.75115114592217,17.151151145922167
arm_mean,FbHdp,guard,hpcc_actual_rate_changes,5,484.0,278.21315523466876,689.7868447653312,205.78684476533127
arm_mean,FbHdp,guard,hpcc_fast_computations,5,0.0,0.0,0.0,0.0
arm_mean,FbHdp,guard,hpcc_feedback_updates,5,4406.2,4070.54925956246,4741.85074043754,335.65074043754
arm_mean,FbHdp,guard,hpcc_full_computations,5,1479.0,1131.4638142511012,1826.5361857488988,347.5361857488987
arm_mean,FbHdp,guard,hpcc_rate_updates_applied,5,1479.0,1131.4638142511012,1826.5361857488988,347.5361857488987
arm_mean,FbHdp,guard,hpcc_valid_feedback,5,1537.0,1180.4867177420513,1893.5132822579487,356.5132822579487
arm_mean,FbHdp,guard,int_hops_after_strip,5,56586.0,48212.94969663587,64959.05030336413,8373.050303364127
arm_mean,FbHdp,guard,int_hops_before_strip,5,109069.8,99111.53086293621,119028.0691370638,9958.269137063797
arm_mean,FbHdp,guard,int_records_stripped,5,52483.8,50598.10634352789,54369.493656472114,1885.6936564721125
arm_mean,FbHdp,guard,irn_nacks_generated,5,0.0,0.0,0.0,0.0
arm_mean,FbHdp,guard,irn_nacks_received,5,0.0,0.0,0.0,0.0
arm_mean,FbHdp,guard,irn_retransmit_bytes,5,0.0,0.0,0.0,0.0
arm_mean,FbHdp,guard,irn_retransmit_packets,5,0.0,0.0,0.0,0.0
arm_mean,FbHdp,guard,le_8KB_fct_us_mean,5,6.420079567176719,6.319882460021397,6.520276674332042,0.10019710715532217
arm_mean,FbHdp,guard,le_8KB_fct_us_p95,5,8.55416,8.54802374224805,8.560296257751949,0.006136257751949248
arm_mean,FbHdp,guard,le_8KB_fct_us_p99,5,8.882237999999997,8.853287573529455,8.91118842647054,0.02895042647054218
arm_mean,FbHdp,guard,le_8KB_flow_count,5,2289.4,2272.3163999284807,2306.4836000715195,17.0836000715193
arm_mean,FbHdp,guard,le_8KB_slowdown_mean,5,1.0025375570790873,1.0022321432450165,1.002842970913158,0.0003054138340708969
arm_mean,FbHdp,guard,le_8KB_slowdown_p95,5,1.0160327140033514,1.0149215450172813,1.0171438829894215,0.0011111689860701895
arm_mean,FbHdp,guard,le_8KB_slowdown_p99,5,1.024809045958818,1.0240831530325167,1.0255349388851192,0.0007258929263012949
arm_mean,FbHdp,guard,long_to_small_slowdown_mean_ratio,5,1.5844003562115643,1.4453265950223961,1.7234741174007324,0.1390737611891681
arm_mean,FbHdp,guard,max_active_flows,5,3.2,2.6447109789604406,3.7552890210395597,0.5552890210395597
arm_mean,FbHdp,guard,overall_fct_us_mean,5,23.006840099799117,21.131282093754177,24.882398105844057,1.87555800604494
arm_mean,FbHdp,guard,overall_fct_us_p95,5,35.00857999999995,30.336703012048844,39.68045698795106,4.67187698795111
arm_mean,FbHdp,guard,overall_fct_us_p99,5,455.7703379999997,366.3072464373147,545.2334295626847,89.463091562685
arm_mean,FbHdp,guard,overall_flow_count,5,3231.8,3200.053684245642,3263.546315754358,31.746315754357965
arm_mean,FbHdp,guard,overall_slowdown_mean,5,1.0371565677708372,1.0312126654643468,1.0431004700773276,0.0059439023064905405
arm_mean,FbHdp,guard,overall_slowdown_p95,5,1.1242603760722765,1.1019222818257028,1.14659847031885,0.022338094246573542
arm_mean,FbHdp,guard,overall_slowdown_p99,5,1.7794765321193975,1.6071698556083107,1.9517832086304843,0.17230667651108675
arm_mean,FbHdp,guard,pfc_pause_events,5,0.0,0.0,0.0,0.0
arm_mean,FbHdp,guard,pfc_resume_events,5,0.0,0.0,0.0,0.0
arm_mean,FbHdp,guard,proactive_releases,5,472.6,455.4488488540779,489.75115114592217,17.151151145922167
arm_mean,FbHdp,guard,queue_bytes_max,5,356824.4,248041.39591017534,465607.4040898247,108783.00408982467
arm_mean,FbHdp,guard,queue_bytes_mean,5,2491.402,1833.8331205543732,3148.970879445627,657.5688794456267
arm_mean,FbHdp,guard,queue_bytes_p95,5,0.0,0.0,0.0,0.0
arm_mean,FbHdp,guard,queue_bytes_p99,5,103114.0,89391.69258881558,116836.30741118442,13722.307411184423
arm_mean,FbHdp,guard,queue_sample_count,5,400020.0,400020.0,400020.0,0.0
arm_mean,FbHdp,guard,reactive_binding_rate_changes,5,446.4,255.98241537663543,636.8175846233645,190.41758462336455
arm_mean,FbHdp,guard,reactive_binding_updates,5,446.4,255.98241537663543,636.8175846233645,190.41758462336455
arm_mean,FbHdp,guard,recovery_nacks_generated,5,0.0,0.0,0.0,0.0
arm_mean,FbHdp,guard,recovery_nacks_received,5,0.0,0.0,0.0,0.0
arm_mean,FbHdp,guard,registrations,5,472.6,455.4488488540779,489.75115114592217,17.151151145922167
arm_mean,FbHdp,guard,selected_registrations,5,472.6,455.4488488540779,489.75115114592217,17.151151145922167
arm_mean,FbHdp,guard,tie_binding_rate_changes,5,33.4,18.35586864205476,48.44413135794524,15.04413135794524
arm_mean,FbHdp,guard,tie_binding_updates,5,909.8,663.6991885172752,1155.9008114827247,246.10081148272485
arm_mean,FbHdp,guard,timeout_recoveries,5,0.0,0.0,0.0,0.0
arm_mean,FbHdp,no_priority,1BDP_to_1MB_fct_us_mean,5,41.69597374176071,37.47991060183463,45.91203688168679,4.216063139926081
arm_mean,FbHdp,no_priority,1BDP_to_1MB_fct_us_p95,5,103.46445999999999,88.27581792236217,118.65310207763781,15.188642077637821
arm_mean,FbHdp,no_priority,1BDP_to_1MB_fct_us_p99,5,183.068886,156.91658493478505,209.22118706521493,26.152301065214942
arm_mean,FbHdp,no_priority,1BDP_to_1MB_flow_count,5,264.0,249.7885059736482,278.2114940263518,14.211494026351788
arm_mean,FbHdp,no_priority,1BDP_to_1MB_slowdown_mean,5,1.3845186030927745,1.3238113179706392,1.4452258882149098,0.06070728512213529
arm_mean,FbHdp,no_priority,1BDP_to_1MB_slowdown_p95,5,2.5876623844041804,2.285589039170608,2.889735729637753,0.30207334523357254
arm_mean,FbHdp,no_priority,1BDP_to_1MB_slowdown_p99,5,3.43888629740716,2.9890052923942014,3.8887673024201184,0.4498810050129584
arm_mean,FbHdp,no_priority,8KB_to_1BDP_fct_us_mean,5,13.701098628391415,13.166203523856268,14.235993732926563,0.5348951045351482
arm_mean,FbHdp,no_priority,8KB_to_1BDP_fct_us_p95,5,26.265499999999996,23.3341707234522,29.196829276547792,2.9313292765477974
arm_mean,FbHdp,no_priority,8KB_to_1BDP_fct_us_p99,5,35.01163400000001,29.752279721281088,40.27098827871893,5.25935427871892
arm_mean,FbHdp,no_priority,8KB_to_1BDP_flow_count,5,586.8,552.71185671793,620.8881432820699,34.088143282069986
arm_mean,FbHdp,no_priority,8KB_to_1BDP_slowdown_mean,5,1.212947096132171,1.1712867113302912,1.254607480934051,0.041660384801880015
arm_mean,FbHdp,no_priority,8KB_to_1BDP_slowdown_p95,5,1.9909861542018388,1.843048267488967,2.1389240409147106,0.14793788671287172
arm_mean,FbHdp,no_priority,8KB_to_1BDP_slowdown_p99,5,2.6614130336599153,2.2786132079803307,3.0442128593395,0.38279982567958454
arm_mean,FbHdp,no_priority,aggregate_goodput_gbps,5,164.40136739002065,156.9027613031466,171.8999734768947,7.498606086874053
arm_mean,FbHdp,no_priority,completion_releases,5,0.0,0.0,0.0,0.0
arm_mean,FbHdp,no_priority,completion_span_us,5,20377.8396,19747.932236444278,21007.74696355572,629.9073635557214
arm_mean,FbHdp,no_priority,grant_binding_rate_changes,5,4.0,-0.5621648413749147,8.562164841374916,4.562164841374915
arm_mean,FbHdp,no_priority,grant_binding_updates,5,138.8,87.30910571388867,190.29089428611135,51.49089428611135
arm_mean,FbHdp,no_priority,grant_bytes_sent,5,565861.2,535519.9376353624,596202.4623646375,30341.262364637616
arm_mean,FbHdp,no_priority,grant_event_rate_changes,5,1206.8,910.110629791036,1503.489370208964,296.689370208964
arm_mean,FbHdp,no_priority,grants_received,5,6019.8,5697.020613142153,6342.579386857848,322.779386857847
arm_mean,FbHdp,no_priority,grants_sent,5,6019.8,5697.020613142153,6342.579386857848,322.779386857847
arm_mean,FbHdp,no_priority,gt_1MB_fct_us_mean,5,480.29276556428005,415.7842415578844,544.8012895706756,64.50852400639565
arm_mean,FbHdp,no_priority,gt_1MB_fct_us_p95,5,1404.09018,1016.0792873381849,1792.101072661815,388.0108926618149
arm_mean,FbHdp,no_priority,gt_1MB_fct_us_p99,5,2088.3317259999994,1212.6919944404085,2963.9714575595904,875.639731559591
arm_mean,FbHdp,no_priority,gt_1MB_flow_count,5,91.6,81.33841514253595,101.86158485746404,10.26158485746404
arm_mean,FbHdp,no_priority,gt_1MB_slowdown_mean,5,1.606468418070122,1.401615340330302,1.8113214958099422,0.20485307773982012
arm_mean,FbHdp,no_priority,gt_1MB_slowdown_p95,5,2.8901352209371494,2.193522316641845,3.586748125232454,0.6966129042953043
arm_mean,FbHdp,no_priority,gt_1MB_slowdown_p99,5,3.6747171412707282,1.6315668991697034,5.717867383371753,2.043150242101025
arm_mean,FbHdp,no_priority,guard_ack_interval_packets,5,8.0,8.0,8.0,0.0
arm_mean,FbHdp,no_priority,guard_adaptive_grant_updates,5,0.0,0.0,0.0,0.0
arm_mean,FbHdp,no_priority,guard_fixed_window,5,1.0,1.0,1.0,0.0
arm_mean,FbHdp,no_priority,guard_grant_refresh_bdps,5,1.0,1.0,1.0,0.0
arm_mean,FbHdp,no_priority,guard_long_acks_suppressed,5,343135.0,329866.11356746504,356403.88643253496,13268.886432534977
arm_mean,FbHdp,no_priority,guard_min_share_fraction,5,0.0,0.0,0.0,0.0
arm_mean,FbHdp,no_priority,guard_one_rtt_acks_suppressed,5,24594.6,22605.06046145147,26584.139538548527,1989.5395385485267
arm_mean,FbHdp,no_priority,guard_one_rtt_bypass_enabled,5,1.0,1.0,1.0,0.0
arm_mean,FbHdp,no_priority,guard_one_rtt_bypass_feedbacks,5,2759.2,2733.732263663569,2784.6677363364306,25.46773633643079
arm_mean,FbHdp,no_priority,guard_one_rtt_bypass_flows,5,2759.2,2733.732263663569,2784.6677363364306,25.46773633643079
arm_mean,FbHdp,no_priority,guard_rebalance_events,5,0.0,0.0,0.0,0.0
arm_mean,FbHdp,no_priority,guard_remaining_aware,5,1.0,1.0,1.0,0.0
arm_mean,FbHdp,no_priority,guard_remaining_exponent,5,1.0,1.0,1.0,0.0
arm_mean,FbHdp,no_priority,guard_remaining_refresh_events,5,4859.2,4661.95042809905,5056.449571900949,197.24957190094912
arm_mean,FbHdp,no_priority,guard_sender_srpt_enabled,5,1.0,1.0,1.0,0.0
arm_mean,FbHdp,no_priority,guard_sender_srpt_forced_rr,5,90.2,45.67807733106592,134.7219226689341,44.52192266893408
arm_mean,FbHdp,no_priority,guard_sender_srpt_non_rr,5,25326.0,16254.758841537536,34397.241158462464,9071.241158462464
arm_mean,FbHdp,no_priority,guard_sender_srpt_selections,5,420213.4,405864.82846394205,434561.971536058,14348.571536057989
arm_mean,FbHdp,no_priority,guard_srpt_quantum_packets,5,64.0,64.0,64.0,0.0
arm_mean,FbHdp,no_priority,guard_tail_bypass_bdps,5,8.0,8.0,8.0,0.0
arm_mean,FbHdp,no_priority,guard_tail_bypass_enabled,5,1.0,1.0,1.0,0.0
arm_mean,FbHdp,no_priority,guard_tail_bypass_feedbacks,5,17321.6,16090.954808661636,18552.245191338363,1230.6451913383628
arm_mean,FbHdp,no_priority,guard_tail_bypass_flows,5,472.6,455.4488488540779,489.75115114592217,17.151151145922167
arm_mean,FbHdp,no_priority,hpcc_actual_rate_changes,5,528.2,319.7179960497822,736.6820039502179,208.48200395021786
arm_mean,FbHdp,no_priority,hpcc_fast_computations,5,0.0,0.0,0.0,0.0
arm_mean,FbHdp,no_priority,hpcc_feedback_updates,5,4472.6,4113.992690712295,4831.207309287705,358.60730928770516
arm_mean,FbHdp,no_priority,hpcc_full_computations,5,1521.0,1173.3329718761431,1868.6670281238569,347.6670281238569
arm_mean,FbHdp,no_priority,hpcc_rate_updates_applied,5,1521.0,1173.3329718761431,1868.6670281238569,347.6670281238569
arm_mean,FbHdp,no_priority,hpcc_valid_feedback,5,1579.0,1222.2478710163514,1935.7521289836486,356.7521289836486
arm_mean,FbHdp,no_priority,int_hops_after_strip,5,56586.0,48212.94969663587,64959.05030336413,8373.050303364127
arm_mean,FbHdp,no_priority,int_hops_before_strip,5,109069.8,99111.53086293621,119028.0691370638,9958.269137063797
arm_mean,FbHdp,no_priority,int_records_stripped,5,52483.8,50598.10634352789,54369.493656472114,1885.6936564721125
arm_mean,FbHdp,no_priority,irn_nacks_generated,5,0.0,0.0,0.0,0.0
arm_mean,FbHdp,no_priority,irn_nacks_received,5,0.0,0.0,0.0,0.0
arm_mean,FbHdp,no_priority,irn_retransmit_bytes,5,0.0,0.0,0.0,0.0
arm_mean,FbHdp,no_priority,irn_retransmit_packets,5,0.0,0.0,0.0,0.0
arm_mean,FbHdp,no_priority,le_8KB_fct_us_mean,5,7.57370715440531,7.329002180984926,7.8184121278256935,0.24470497342038394
arm_mean,FbHdp,no_priority,le_8KB_fct_us_p95,5,17.810880000000004,16.642547973425035,18.979212026574974,1.168332026574968
arm_mean,FbHdp,no_priority,le_8KB_fct_us_p99,5,26.41120799999998,24.196065961987458,28.626350038012504,2.215142038012523
arm_mean,FbHdp,no_priority,le_8KB_flow_count,5,2289.4,2272.3163999284807,2306.4836000715195,17.0836000715193
arm_mean,FbHdp,no_priority,le_8KB_slowdown_mean,5,1.140710930028544,1.113662716978373,1.167759143078715,0.02704821305017107
arm_mean,FbHdp,no_priority,le_8KB_slowdown_p95,5,2.1243427321113297,1.9853026421068347,2.2633828221158248,0.13904009000449513
arm_mean,FbHdp,no_priority,le_8KB_slowdown_p99,5,3.155789131577357,2.8954086633740004,3.4161695997807136,0.26038046820335675
arm_mean,FbHdp,no_priority,long_to_small_slowdown_mean_ratio,5,1.4072170098291195,1.2491148895243398,1.5653191301338991,0.15810212030477966
arm_mean,FbHdp,no_priority,max_active_flows,5,3.2,2.6447109789604406,3.7552890210395597,0.5552890210395597
arm_mean,FbHdp,no_priority,overall_fct_us_mean,5,24.843318494793497,22.42052273379126,27.266114255795735,2.4227957610022397
arm_mean,FbHdp,no_priority,overall_fct_us_p95,5,48.29856999999998,42.197158778653666,54.39998122134629,6.101411221346309
arm_mean,FbHdp,no_priority,overall_fct_us_p99,5,447.49769200000037,361.85653026302,533.1388537369808,85.6411617369804
arm_mean,FbHdp,no_priority,overall_flow_count,5,3231.8,3200.053684245642,3263.546315754358,31.746315754357965
arm_mean,FbHdp,no_priority,overall_slowdown_mean,5,1.187049566653024,1.1530736432748998,1.2210254900311484,0.03397592337812423
arm_mean,FbHdp,no_priority,overall_slowdown_p95,5,2.157283652481401,2.0051711999869,2.3093961049759018,0.1521124524945006
arm_mean,FbHdp,no_priority,overall_slowdown_p99,5,3.1220263697237964,2.7570705179189607,3.486982221528632,0.36495585180483575
arm_mean,FbHdp,no_priority,pfc_pause_events,5,0.0,0.0,0.0,0.0
arm_mean,FbHdp,no_priority,pfc_resume_events,5,0.0,0.0,0.0,0.0
arm_mean,FbHdp,no_priority,proactive_releases,5,472.6,455.4488488540779,489.75115114592217,17.151151145922167
arm_mean,FbHdp,no_priority,queue_bytes_max,5,423926.8,349582.4817675719,498271.1182324281,74344.31823242814
arm_mean,FbHdp,no_priority,queue_bytes_mean,5,2746.4206000000004,2080.573785054546,3412.2674149454547,665.8468149454542
arm_mean,FbHdp,no_priority,queue_bytes_p95,5,0.0,0.0,0.0,0.0
arm_mean,FbHdp,no_priority,queue_bytes_p99,5,107222.2,94126.66776895786,120317.73223104213,13095.532231042129
arm_mean,FbHdp,no_priority,queue_sample_count,5,400020.0,400020.0,400020.0,0.0
arm_mean,FbHdp,no_priority,reactive_binding_rate_changes,5,477.2,287.21851026673426,667.1814897332657,189.98148973326573
arm_mean,FbHdp,no_priority,reactive_binding_updates,5,477.2,287.21851026673426,667.1814897332657,189.98148973326573
arm_mean,FbHdp,no_priority,recovery_nacks_generated,5,0.0,0.0,0.0,0.0
arm_mean,FbHdp,no_priority,recovery_nacks_received,5,0.0,0.0,0.0,0.0
arm_mean,FbHdp,no_priority,registrations,5,472.6,455.4488488540779,489.75115114592217,17.151151145922167
arm_mean,FbHdp,no_priority,selected_registrations,5,472.6,455.4488488540779,489.75115114592217,17.151151145922167
arm_mean,FbHdp,no_priority,tie_binding_rate_changes,5,47.0,27.664297272258878,66.33570272774112,19.335702727741122
arm_mean,FbHdp,no_priority,tie_binding_updates,5,905.0,670.8203923777562,1139.1796076222438,234.17960762224382
arm_mean,FbHdp,no_priority,timeout_recoveries,5,0.0,0.0,0.0,0.0
arm_mean,FbHdp,no_srpt,1BDP_to_1MB_fct_us_mean,5,37.19211239813184,33.02257882928136,41.36164596698232,4.169533568850485
arm_mean,FbHdp,no_srpt,1BDP_to_1MB_fct_us_p95,5,90.17608,77.31623584829126,103.03592415170874,12.859844151708746
arm_mean,FbHdp,no_srpt,1BDP_to_1MB_fct_us_p99,5,160.9945220000001,120.8921075093647,201.0969364906355,40.10241449063539
arm_mean,FbHdp,no_srpt,1BDP_to_1MB_flow_count,5,264.0,249.7885059736482,278.2114940263518,14.211494026351788
arm_mean,FbHdp,no_srpt,1BDP_to_1MB_slowdown_mean,5,1.2205108743187527,1.187607782991715,1.2534139656457903,0.032903091327037615
arm_mean,FbHdp,no_srpt,1BDP_to_1MB_slowdown_p95,5,1.860488090428094,1.7512828126919022,1.9696933681642859,0.10920527773619182
arm_mean,FbHdp,no_srpt,1BDP_to_1MB_slowdown_p99,5,2.4241989878514403,2.128017808152353,2.7203801675505277,0.2961811796990875
arm_mean,FbHdp,no_srpt,8KB_to_1BDP_fct_us_mean,5,12.054364094324766,11.846942872938145,12.261785315711387,0.20742122138662056
arm_mean,FbHdp,no_srpt,8KB_to_1BDP_fct_us_p95,5,17.698800000000002,17.18369236246594,18.213907637534064,0.5151076375340597
arm_mean,FbHdp,no_srpt,8KB_to_1BDP_fct_us_p99,5,22.631776000000006,21.180537641419228,24.083014358580783,1.451238358580777
arm_mean,FbHdp,no_srpt,8KB_to_1BDP_flow_count,5,586.8,552.71185671793,620.8881432820699,34.088143282069986
arm_mean,FbHdp,no_srpt,8KB_to_1BDP_slowdown_mean,5,1.0878260785697347,1.0729634190865016,1.1026887380529677,0.01486265948323313
arm_mean,FbHdp,no_srpt,8KB_to_1BDP_slowdown_p95,5,1.4831026639603977,1.4199137555647754,1.54629157235602,0.06318890839562236
arm_mean,FbHdp,no_srpt,8KB_to_1BDP_slowdown_p99,5,1.7406778867398507,1.6181245042484957,1.8632312692312056,0.12255338249135506
arm_mean,FbHdp,no_srpt,aggregate_goodput_gbps,5,164.44668293620862,157.1014673351526,171.79189853726464,7.345215601056035
arm_mean,FbHdp,no_srpt,completion_releases,5,0.0,0.0,0.0,0.0
arm_mean,FbHdp,no_srpt,completion_span_us,5,20371.720200000003,19743.525364530164,20999.915035469843,628.1948354698385
arm_mean,FbHdp,no_srpt,grant_binding_rate_changes,5,3.8,0.1376173719028677,7.4623826280971315,3.662382628097132
arm_mean,FbHdp,no_srpt,grant_binding_updates,5,119.0,69.98178500299593,168.01821499700407,49.01821499700406
arm_mean,FbHdp,no_srpt,grant_bytes_sent,5,563642.8,534194.6908464424,593090.9091535577,29448.109153557707
arm_mean,FbHdp,no_srpt,grant_event_rate_changes,5,1172.8,864.0355855831435,1481.5644144168564,308.76441441685637
arm_mean,FbHdp,no_srpt,grants_received,5,5996.2,5682.922243047258,6309.477756952741,313.2777569527415
arm_mean,FbHdp,no_srpt,grants_sent,5,5996.2,5682.922243047258,6309.477756952741,313.2777569527415
arm_mean,FbHdp,no_srpt,gt_1MB_fct_us_mean,5,487.26790568081503,428.4996603064015,546.0361510552286,58.76824537441354
arm_mean,FbHdp,no_srpt,gt_1MB_fct_us_p95,5,1404.4480500000002,968.8451812455323,1840.050918754468,435.6028687544679
arm_mean,FbHdp,no_srpt,gt_1MB_fct_us_p99,5,2052.7661599999997,1300.1564421205612,2805.375877879438,752.6097178794384
arm_mean,FbHdp,no_srpt,gt_1MB_flow_count,5,91.6,81.33841514253595,101.86158485746404,10.26158485746404
arm_mean,FbHdp,no_srpt,gt_1MB_slowdown_mean,5,1.6240975791870813,1.4706428559464237,1.7775523024277389,0.15345472324065768
arm_mean,FbHdp,no_srpt,gt_1MB_slowdown_p95,5,3.0454821163619177,2.140358829674116,3.9506054030497193,0.9051232866878015
arm_mean,FbHdp,no_srpt,gt_1MB_slowdown_p99,5,3.5175107744700598,2.2969854572541983,4.738036091685921,1.2205253172158614
arm_mean,FbHdp,no_srpt,guard_ack_interval_packets,5,8.0,8.0,8.0,0.0
arm_mean,FbHdp,no_srpt,guard_adaptive_grant_updates,5,0.0,0.0,0.0,0.0
arm_mean,FbHdp,no_srpt,guard_fixed_window,5,1.0,1.0,1.0,0.0
arm_mean,FbHdp,no_srpt,guard_grant_refresh_bdps,5,1.0,1.0,1.0,0.0
arm_mean,FbHdp,no_srpt,guard_long_acks_suppressed,5,343135.0,329866.11356746504,356403.88643253496,13268.886432534977
arm_mean,FbHdp,no_srpt,guard_min_share_fraction,5,0.0,0.0,0.0,0.0
arm_mean,FbHdp,no_srpt,guard_one_rtt_acks_suppressed,5,24594.6,22605.06046145147,26584.139538548527,1989.5395385485267
arm_mean,FbHdp,no_srpt,guard_one_rtt_bypass_enabled,5,1.0,1.0,1.0,0.0
arm_mean,FbHdp,no_srpt,guard_one_rtt_bypass_feedbacks,5,2759.2,2733.732263663569,2784.6677363364306,25.46773633643079
arm_mean,FbHdp,no_srpt,guard_one_rtt_bypass_flows,5,2759.2,2733.732263663569,2784.6677363364306,25.46773633643079
arm_mean,FbHdp,no_srpt,guard_rebalance_events,5,0.0,0.0,0.0,0.0
arm_mean,FbHdp,no_srpt,guard_remaining_aware,5,1.0,1.0,1.0,0.0
arm_mean,FbHdp,no_srpt,guard_remaining_exponent,5,1.0,1.0,1.0,0.0
arm_mean,FbHdp,no_srpt,guard_remaining_refresh_events,5,4865.8,4668.041082848771,5063.558917151229,197.75891715122867
arm_mean,FbHdp,no_srpt,guard_sender_srpt_enabled,5,0.0,0.0,0.0,0.0
arm_mean,FbHdp,no_srpt,guard_sender_srpt_forced_rr,5,0.0,0.0,0.0,0.0
arm_mean,FbHdp,no_srpt,guard_sender_srpt_non_rr,5,0.0,0.0,0.0,0.0
arm_mean,FbHdp,no_srpt,guard_sender_srpt_selections,5,0.0,0.0,0.0,0.0
arm_mean,FbHdp,no_srpt,guard_srpt_quantum_packets,5,64.0,64.0,64.0,0.0
arm_mean,FbHdp,no_srpt,guard_tail_bypass_bdps,5,8.0,8.0,8.0,0.0
arm_mean,FbHdp,no_srpt,guard_tail_bypass_enabled,5,1.0,1.0,1.0,0.0
arm_mean,FbHdp,no_srpt,guard_tail_bypass_feedbacks,5,17323.0,16092.195903592112,18553.804096407886,1230.8040964078875
arm_mean,FbHdp,no_srpt,guard_tail_bypass_flows,5,472.6,455.4488488540779,489.75115114592217,17.151151145922167
arm_mean,FbHdp,no_srpt,hpcc_actual_rate_changes,5,493.4,291.52246358148284,695.2775364185171,201.8775364185171
arm_mean,FbHdp,no_srpt,hpcc_fast_computations,5,0.0,0.0,0.0,0.0
arm_mean,FbHdp,no_srpt,hpcc_feedback_updates,5,4543.0,4113.403097312053,4972.596902687947,429.5969026879469
arm_mean,FbHdp,no_srpt,hpcc_full_computations,5,1501.4,1154.9550507192546,1847.8449492807456,346.44494928074556
arm_mean,FbHdp,no_srpt,hpcc_rate_updates_applied,5,1501.4,1154.9550507192546,1847.8449492807456,346.44494928074556
arm_mean,FbHdp,no_srpt,hpcc_valid_feedback,5,1559.4,1203.8918431320305,1914.9081568679696,355.50815686796955
arm_mean,FbHdp,no_srpt,int_hops_after_strip,5,56586.0,48212.94969663587,64959.05030336413,8373.050303364127
arm_mean,FbHdp,no_srpt,int_hops_before_strip,5,109069.8,99111.53086293621,119028.0691370638,9958.269137063797
arm_mean,FbHdp,no_srpt,int_records_stripped,5,52483.8,50598.10634352789,54369.493656472114,1885.6936564721125
arm_mean,FbHdp,no_srpt,irn_nacks_generated,5,0.0,0.0,0.0,0.0
arm_mean,FbHdp,no_srpt,irn_nacks_received,5,0.0,0.0,0.0,0.0
arm_mean,FbHdp,no_srpt,irn_retransmit_bytes,5,0.0,0.0,0.0,0.0
arm_mean,FbHdp,no_srpt,irn_retransmit_packets,5,0.0,0.0,0.0,0.0
arm_mean,FbHdp,no_srpt,le_8KB_fct_us_mean,5,6.4233755646573965,6.322169808662096,6.524581320652697,0.10120575599530073
arm_mean,FbHdp,no_srpt,le_8KB_fct_us_p95,5,8.56035,8.547488284742842,8.573211715257157,0.012861715257157662
arm_mean,FbHdp,no_srpt,le_8KB_fct_us_p99,5,8.895462,8.850994445834012,8.939929554165989,0.044467554165988715
arm_mean,FbHdp,no_srpt,le_8KB_flow_count,5,2289.4,2272.3163999284807,2306.4836000715195,17.0836000715193
arm_mean,FbHdp,no_srpt,le_8KB_slowdown_mean,5,1.0030059031838996,1.0026336219869636,1.0033781843808356,0.0003722811969360113
arm_mean,FbHdp,no_srpt,le_8KB_slowdown_p95,5,1.017546847271306,1.0162683864198565,1.0188253081227556,0.0012784608514494818
arm_mean,FbHdp,no_srpt,le_8KB_slowdown_p99,5,1.0298481291294022,1.0240576202205582,1.035638638038246,0.005790508908843934
arm_mean,FbHdp,no_srpt,long_to_small_slowdown_mean_ratio,5,1.6192034277458216,1.4667597051509516,1.7716471503406916,0.15244372259487016
arm_mean,FbHdp,no_srpt,max_active_flows,5,3.2,2.6447109789604406,3.7552890210395597,0.5552890210395597
arm_mean,FbHdp,no_srpt,overall_fct_us_mean,5,23.558338698627022,21.520088394697126,25.596589002556918,2.038250303929896
arm_mean,FbHdp,no_srpt,overall_fct_us_p95,5,39.082159999999945,31.61682593323952,46.54749406676037,7.465334066760424
arm_mean,FbHdp,no_srpt,overall_fct_us_p99,5,463.64208599999904,373.1108037876352,554.1733682123629,90.53128221236385
arm_mean,FbHdp,no_srpt,overall_flow_count,5,3231.8,3200.053684245642,3263.546315754358,31.746315754357965
arm_mean,FbHdp,no_srpt,overall_slowdown_mean,5,1.0539110613851008,1.0446416611528557,1.063180461617346,0.009269400232245097
arm_mean,FbHdp,no_srpt,overall_slowdown_p95,5,1.3237443237172457,1.270363363671335,1.3771252837631565,0.053380960045910725
arm_mean,FbHdp,no_srpt,overall_slowdown_p99,5,1.9666498583419383,1.802572677388485,2.1307270392953916,0.1640771809534534
arm_mean,FbHdp,no_srpt,pfc_pause_events,5,0.0,0.0,0.0,0.0
arm_mean,FbHdp,no_srpt,pfc_resume_events,5,0.0,0.0,0.0,0.0
arm_mean,FbHdp,no_srpt,proactive_releases,5,472.6,455.4488488540779,489.75115114592217,17.151151145922167
arm_mean,FbHdp,no_srpt,queue_bytes_max,5,394845.4,251990.42795068436,537700.3720493157,142854.97204931566
arm_mean,FbHdp,no_srpt,queue_bytes_mean,5,2548.8748,1897.329546684068,3200.420053315932,651.5452533159321
arm_mean,FbHdp,no_srpt,queue_bytes_p95,5,0.0,0.0,0.0,0.0
arm_mean,FbHdp,no_srpt,queue_bytes_p99,5,104858.0,93160.55833978271,116555.44166021729,11697.441660217282
arm_mean,FbHdp,no_srpt,queue_sample_count,5,400020.0,400020.0,400020.0,0.0
arm_mean,FbHdp,no_srpt,reactive_binding_rate_changes,5,453.8,269.0893858715498,638.5106141284502,184.71061412845026
arm_mean,FbHdp,no_srpt,reactive_binding_updates,5,453.8,269.0893858715498,638.5106141284502,184.71061412845026
arm_mean,FbHdp,no_srpt,recovery_nacks_generated,5,0.0,0.0,0.0,0.0
arm_mean,FbHdp,no_srpt,recovery_nacks_received,5,0.0,0.0,0.0,0.0
arm_mean,FbHdp,no_srpt,registrations,5,472.6,455.4488488540779,489.75115114592217,17.151151145922167
arm_mean,FbHdp,no_srpt,selected_registrations,5,472.6,455.4488488540779,489.75115114592217,17.151151145922167
arm_mean,FbHdp,no_srpt,tie_binding_rate_changes,5,35.8,20.532076171049745,51.06792382895025,15.26792382895025
arm_mean,FbHdp,no_srpt,tie_binding_updates,5,928.6,715.6037692168233,1141.596230783177,212.9962307831768
arm_mean,FbHdp,no_srpt,timeout_recoveries,5,0.0,0.0,0.0,0.0
arm_mean,FbHdp,no_reclaim,1BDP_to_1MB_fct_us_mean,5,34.98523612235313,31.151390463669625,38.81908178103664,3.8338456586835057
arm_mean,FbHdp,no_reclaim,1BDP_to_1MB_fct_us_p95,5,86.63064999999997,72.58449079695896,100.67680920304099,14.046159203041013
arm_mean,FbHdp,no_reclaim,1BDP_to_1MB_fct_us_p99,5,158.95952400000016,118.38257017126713,199.53647782873318,40.57695382873302
arm_mean,FbHdp,no_reclaim,1BDP_to_1MB_flow_count,5,264.0,249.7885059736482,278.2114940263518,14.211494026351788
arm_mean,FbHdp,no_reclaim,1BDP_to_1MB_slowdown_mean,5,1.1431620706619603,1.1261128736978157,1.160211267626105,0.01704919696414472
arm_mean,FbHdp,no_reclaim,1BDP_to_1MB_slowdown_p95,5,1.5179083967473523,1.4162794008983368,1.6195373925963679,0.10162899584901557
arm_mean,FbHdp,no_reclaim,1BDP_to_1MB_slowdown_p99,5,2.0531139024274414,1.7810671447760988,2.325160660078784,0.27204675765134245
arm_mean,FbHdp,no_reclaim,8KB_to_1BDP_fct_us_mean,5,11.49907936678977,11.317851544259714,11.680307189319826,0.18122782253005715
arm_mean,FbHdp,no_reclaim,8KB_to_1BDP_fct_us_p95,5,16.28215,15.998952265824409,16.565347734175592,0.28319773417559185
arm_mean,FbHdp,no_reclaim,8KB_to_1BDP_fct_us_p99,5,18.068588000000005,17.265625086302098,18.871550913697913,0.802962913697909
arm_mean,FbHdp,no_reclaim,8KB_to_1BDP_flow_count,5,586.8,552.71185671793,620.8881432820699,34.088143282069986
arm_mean,FbHdp,no_reclaim,8KB_to_1BDP_slowdown_mean,5,1.037617436209302,1.03081459120272,1.044420281215884,0.006802845006581988
arm_mean,FbHdp,no_reclaim,8KB_to_1BDP_slowdown_p95,5,1.0926912205308827,1.029410390852231,1.1559720502095345,0.06328082967865171
arm_mean,FbHdp,no_reclaim,8KB_to_1BDP_slowdown_p99,5,1.3778009903769979,1.27689156769612,1.4787104130578759,0.10090942268087802
arm_mean,FbHdp,no_reclaim,aggregate_goodput_gbps,5,164.4161970909219,156.93898377929517,171.89341040254865,7.477213311626744
arm_mean,FbHdp,no_reclaim,completion_releases,5,0.0,0.0,0.0,0.0
arm_mean,FbHdp,no_reclaim,completion_span_us,5,20375.8612,19750.75832741529,21000.96407258471,625.1028725847094
arm_mean,FbHdp,no_reclaim,grant_binding_rate_changes,5,4.2,-0.2249253612156119,8.624925361215613,4.424925361215612
arm_mean,FbHdp,no_reclaim,grant_binding_updates,5,122.8,71.77531401011862,173.82468598988137,51.024685989881384
arm_mean,FbHdp,no_reclaim,grant_bytes_sent,5,561386.8,529972.5815575877,592801.0184424124,31414.21844241237
arm_mean,FbHdp,no_reclaim,grant_event_rate_changes,5,1157.4,841.636764534712,1473.1632354652882,315.763235465288
arm_mean,FbHdp,no_reclaim,grants_received,5,5972.2,5638.006186782847,6306.3938132171525,334.19381321715287
arm_mean,FbHdp,no_reclaim,grants_sent,5,5972.2,5638.006186782847,6306.3938132171525,334.19381321715287
arm_mean,FbHdp,no_reclaim,gt_1MB_fct_us_mean,5,477.7760764452979,420.9328232976191,534.6193295929768,56.843253147678816
arm_mean,FbHdp,no_reclaim,gt_1MB_fct_us_p95,5,1376.01111,993.1626189154597,1758.8596010845401,382.8484910845403
arm_mean,FbHdp,no_reclaim,gt_1MB_fct_us_p99,5,2018.294251999999,1279.0193446131925,2757.5691593868055,739.2749073868065
arm_mean,FbHdp,no_reclaim,gt_1MB_flow_count,5,91.6,81.33841514253595,101.86158485746404,10.26158485746404
arm_mean,FbHdp,no_reclaim,gt_1MB_slowdown_mean,5,1.5884350487603995,1.4487184123147776,1.7281516852060215,0.13971663644562193
arm_mean,FbHdp,no_reclaim,gt_1MB_slowdown_p95,5,2.981808042643201,2.258485991504677,3.705130093781725,0.7233220511385239
arm_mean,FbHdp,no_reclaim,gt_1MB_slowdown_p99,5,3.431704942363953,2.1516594190644156,4.71175046566349,1.2800455232995371
arm_mean,FbHdp,no_reclaim,guard_ack_interval_packets,5,8.0,8.0,8.0,0.0
arm_mean,FbHdp,no_reclaim,guard_adaptive_grant_updates,5,0.0,0.0,0.0,0.0
arm_mean,FbHdp,no_reclaim,guard_fixed_window,5,1.0,1.0,1.0,0.0
arm_mean,FbHdp,no_reclaim,guard_grant_refresh_bdps,5,1.0,1.0,1.0,0.0
arm_mean,FbHdp,no_reclaim,guard_long_acks_suppressed,5,343135.0,329866.11356746504,356403.88643253496,13268.886432534977
arm_mean,FbHdp,no_reclaim,guard_min_share_fraction,5,0.0,0.0,0.0,0.0
arm_mean,FbHdp,no_reclaim,guard_one_rtt_acks_suppressed,5,24594.6,22605.06046145147,26584.139538548527,1989.5395385485267
arm_mean,FbHdp,no_reclaim,guard_one_rtt_bypass_enabled,5,1.0,1.0,1.0,0.0
arm_mean,FbHdp,no_reclaim,guard_one_rtt_bypass_feedbacks,5,2759.2,2733.732263663569,2784.6677363364306,25.46773633643079
arm_mean,FbHdp,no_reclaim,guard_one_rtt_bypass_flows,5,2759.2,2733.732263663569,2784.6677363364306,25.46773633643079
arm_mean,FbHdp,no_reclaim,guard_rebalance_events,5,0.0,0.0,0.0,0.0
arm_mean,FbHdp,no_reclaim,guard_remaining_aware,5,1.0,1.0,1.0,0.0
arm_mean,FbHdp,no_reclaim,guard_remaining_exponent,5,1.0,1.0,1.0,0.0
arm_mean,FbHdp,no_reclaim,guard_remaining_refresh_events,5,4849.0,4651.848936010733,5046.151063989267,197.1510639892667
arm_mean,FbHdp,no_reclaim,guard_sender_srpt_enabled,5,1.0,1.0,1.0,0.0
arm_mean,FbHdp,no_reclaim,guard_sender_srpt_forced_rr,5,104.8,55.27021143156828,154.32978856843172,49.52978856843172
arm_mean,FbHdp,no_reclaim,guard_sender_srpt_non_rr,5,25850.2,15792.332053846865,35908.06794615314,10057.867946153136
arm_mean,FbHdp,no_reclaim,guard_sender_srpt_selections,5,420213.4,405864.82846394205,434561.971536058,14348.571536057989
arm_mean,FbHdp,no_reclaim,guard_srpt_quantum_packets,5,64.0,64.0,64.0,0.0
arm_mean,FbHdp,no_reclaim,guard_tail_bypass_bdps,5,8.0,8.0,8.0,0.0
arm_mean,FbHdp,no_reclaim,guard_tail_bypass_enabled,5,1.0,1.0,1.0,0.0
arm_mean,FbHdp,no_reclaim,guard_tail_bypass_feedbacks,5,17320.4,16088.796177821414,18552.003822178587,1231.6038221785875
arm_mean,FbHdp,no_reclaim,guard_tail_bypass_flows,5,472.6,455.4488488540779,489.75115114592217,17.151151145922167
arm_mean,FbHdp,no_reclaim,hpcc_actual_rate_changes,5,484.0,278.21315523466876,689.7868447653312,205.78684476533127
arm_mean,FbHdp,no_reclaim,hpcc_fast_computations,5,0.0,0.0,0.0,0.0
arm_mean,FbHdp,no_reclaim,hpcc_feedback_updates,5,4406.2,4070.54925956246,4741.85074043754,335.65074043754
arm_mean,FbHdp,no_reclaim,hpcc_full_computations,5,1479.0,1131.4638142511012,1826.5361857488988,347.5361857488987
arm_mean,FbHdp,no_reclaim,hpcc_rate_updates_applied,5,1479.0,1131.4638142511012,1826.5361857488988,347.5361857488987
arm_mean,FbHdp,no_reclaim,hpcc_valid_feedback,5,1537.0,1180.4867177420513,1893.5132822579487,356.5132822579487
arm_mean,FbHdp,no_reclaim,int_hops_after_strip,5,56586.0,48212.94969663587,64959.05030336413,8373.050303364127
arm_mean,FbHdp,no_reclaim,int_hops_before_strip,5,109069.8,99111.53086293621,119028.0691370638,9958.269137063797
arm_mean,FbHdp,no_reclaim,int_records_stripped,5,52483.8,50598.10634352789,54369.493656472114,1885.6936564721125
arm_mean,FbHdp,no_reclaim,irn_nacks_generated,5,0.0,0.0,0.0,0.0
arm_mean,FbHdp,no_reclaim,irn_nacks_received,5,0.0,0.0,0.0,0.0
arm_mean,FbHdp,no_reclaim,irn_retransmit_bytes,5,0.0,0.0,0.0,0.0
arm_mean,FbHdp,no_reclaim,irn_retransmit_packets,5,0.0,0.0,0.0,0.0
arm_mean,FbHdp,no_reclaim,le_8KB_fct_us_mean,5,6.420079567176719,6.319882460021397,6.520276674332042,0.10019710715532217
arm_mean,FbHdp,no_reclaim,le_8KB_fct_us_p95,5,8.55416,8.54802374224805,8.560296257751949,0.006136257751949248
arm_mean,FbHdp,no_reclaim,le_8KB_fct_us_p99,5,8.882237999999997,8.853287573529455,8.91118842647054,0.02895042647054218
arm_mean,FbHdp,no_reclaim,le_8KB_flow_count,5,2289.4,2272.3163999284807,2306.4836000715195,17.0836000715193
arm_mean,FbHdp,no_reclaim,le_8KB_slowdown_mean,5,1.0025375570790873,1.0022321432450165,1.002842970913158,0.0003054138340708969
arm_mean,FbHdp,no_reclaim,le_8KB_slowdown_p95,5,1.0160327140033514,1.0149215450172813,1.0171438829894215,0.0011111689860701895
arm_mean,FbHdp,no_reclaim,le_8KB_slowdown_p99,5,1.024809045958818,1.0240831530325167,1.0255349388851192,0.0007258929263012949
arm_mean,FbHdp,no_reclaim,long_to_small_slowdown_mean_ratio,5,1.5844003562115643,1.4453265950223961,1.7234741174007324,0.1390737611891681
arm_mean,FbHdp,no_reclaim,max_active_flows,5,3.2,2.6447109789604406,3.7552890210395597,0.5552890210395597
arm_mean,FbHdp,no_reclaim,overall_fct_us_mean,5,23.006840099799117,21.131282093754177,24.882398105844057,1.87555800604494
arm_mean,FbHdp,no_reclaim,overall_fct_us_p95,5,35.00857999999995,30.336703012048844,39.68045698795106,4.67187698795111
arm_mean,FbHdp,no_reclaim,overall_fct_us_p99,5,455.7703379999997,366.3072464373147,545.2334295626847,89.463091562685
arm_mean,FbHdp,no_reclaim,overall_flow_count,5,3231.8,3200.053684245642,3263.546315754358,31.746315754357965
arm_mean,FbHdp,no_reclaim,overall_slowdown_mean,5,1.0371565677708372,1.0312126654643468,1.0431004700773276,0.0059439023064905405
arm_mean,FbHdp,no_reclaim,overall_slowdown_p95,5,1.1242603760722765,1.1019222818257028,1.14659847031885,0.022338094246573542
arm_mean,FbHdp,no_reclaim,overall_slowdown_p99,5,1.7794765321193975,1.6071698556083107,1.9517832086304843,0.17230667651108675
arm_mean,FbHdp,no_reclaim,pfc_pause_events,5,0.0,0.0,0.0,0.0
arm_mean,FbHdp,no_reclaim,pfc_resume_events,5,0.0,0.0,0.0,0.0
arm_mean,FbHdp,no_reclaim,proactive_releases,5,472.6,455.4488488540779,489.75115114592217,17.151151145922167
arm_mean,FbHdp,no_reclaim,queue_bytes_max,5,356824.4,248041.39591017534,465607.4040898247,108783.00408982467
arm_mean,FbHdp,no_reclaim,queue_bytes_mean,5,2491.402,1833.8331205543732,3148.970879445627,657.5688794456267
arm_mean,FbHdp,no_reclaim,queue_bytes_p95,5,0.0,0.0,0.0,0.0
arm_mean,FbHdp,no_reclaim,queue_bytes_p99,5,103114.0,89391.69258881558,116836.30741118442,13722.307411184423
arm_mean,FbHdp,no_reclaim,queue_sample_count,5,400020.0,400020.0,400020.0,0.0
arm_mean,FbHdp,no_reclaim,reactive_binding_rate_changes,5,446.4,255.98241537663543,636.8175846233645,190.41758462336455
arm_mean,FbHdp,no_reclaim,reactive_binding_updates,5,446.4,255.98241537663543,636.8175846233645,190.41758462336455
arm_mean,FbHdp,no_reclaim,recovery_nacks_generated,5,0.0,0.0,0.0,0.0
arm_mean,FbHdp,no_reclaim,recovery_nacks_received,5,0.0,0.0,0.0,0.0
arm_mean,FbHdp,no_reclaim,registrations,5,472.6,455.4488488540779,489.75115114592217,17.151151145922167
arm_mean,FbHdp,no_reclaim,selected_registrations,5,472.6,455.4488488540779,489.75115114592217,17.151151145922167
arm_mean,FbHdp,no_reclaim,tie_binding_rate_changes,5,33.4,18.35586864205476,48.44413135794524,15.04413135794524
arm_mean,FbHdp,no_reclaim,tie_binding_updates,5,909.8,663.6991885172752,1155.9008114827247,246.10081148272485
arm_mean,FbHdp,no_reclaim,timeout_recoveries,5,0.0,0.0,0.0,0.0
arm_mean,FbHdp,no_one_rtt,1BDP_to_1MB_fct_us_mean,5,34.9988369869818,31.193496543157146,38.804177430806455,3.805340443824656
arm_mean,FbHdp,no_one_rtt,1BDP_to_1MB_fct_us_p95,5,86.63689999999997,72.58364199347709,100.69015800652285,14.053258006522876
arm_mean,FbHdp,no_one_rtt,1BDP_to_1MB_fct_us_p99,5,159.03540000000015,118.3159000341705,199.7548999658298,40.719499965829655
arm_mean,FbHdp,no_one_rtt,1BDP_to_1MB_flow_count,5,264.0,249.7885059736482,278.2114940263518,14.211494026351788
arm_mean,FbHdp,no_one_rtt,1BDP_to_1MB_slowdown_mean,5,1.1437196558736957,1.1273488276078136,1.1600904841395778,0.01637082826588206
arm_mean,FbHdp,no_one_rtt,1BDP_to_1MB_slowdown_p95,5,1.5173964337404964,1.4156017304148591,1.6191911370661336,0.10179470332563716
arm_mean,FbHdp,no_one_rtt,1BDP_to_1MB_slowdown_p99,5,2.0605680876824906,1.771834918054453,2.349301257310528,0.28873316962803763
arm_mean,FbHdp,no_one_rtt,8KB_to_1BDP_fct_us_mean,5,11.502919561340331,11.326591163829173,11.679247958851489,0.17632839751115884
arm_mean,FbHdp,no_one_rtt,8KB_to_1BDP_fct_us_p95,5,16.327270000000002,16.001138637761894,16.65340136223811,0.3261313622381066
arm_mean,FbHdp,no_one_rtt,8KB_to_1BDP_fct_us_p99,5,18.003802,17.133776546497057,18.873827453502944,0.8700254535029451
arm_mean,FbHdp,no_one_rtt,8KB_to_1BDP_flow_count,5,586.8,552.71185671793,620.8881432820699,34.088143282069986
arm_mean,FbHdp,no_one_rtt,8KB_to_1BDP_slowdown_mean,5,1.0379947947107724,1.030701343429362,1.0452882459921828,0.007293451281410432
arm_mean,FbHdp,no_one_rtt,8KB_to_1BDP_slowdown_p95,5,1.0979968560563704,1.0341113533538182,1.1618823587589227,0.06388550270255221
arm_mean,FbHdp,no_one_rtt,8KB_to_1BDP_slowdown_p99,5,1.382614041364551,1.2705220371448804,1.4947060455842214,0.11209200421967046
arm_mean,FbHdp,no_one_rtt,aggregate_goodput_gbps,5,164.4117836213765,156.9384564928305,171.88511074992246,7.473327128545983
arm_mean,FbHdp,no_one_rtt,completion_releases,5,0.0,0.0,0.0,0.0
arm_mean,FbHdp,no_one_rtt,completion_span_us,5,20376.4228,19749.550270458494,21003.295329541506,626.8725295415069
arm_mean,FbHdp,no_one_rtt,grant_binding_rate_changes,5,4.0,-0.3899451654254227,8.389945165425424,4.389945165425423
arm_mean,FbHdp,no_one_rtt,grant_binding_updates,5,118.4,67.73006699797,169.06993300203,50.66993300203001
arm_mean,FbHdp,no_one_rtt,grant_bytes_sent,5,561161.2,529966.1967429045,592356.2032570954,31195.00325709547
arm_mean,FbHdp,no_one_rtt,grant_event_rate_changes,5,1148.8,837.4400327724601,1460.1599672275397,311.35996722753987
arm_mean,FbHdp,no_one_rtt,grants_received,5,5969.8,5637.938263222389,6301.661736777612,331.8617367776114
arm_mean,FbHdp,no_one_rtt,grants_sent,5,5969.8,5637.938263222389,6301.661736777612,331.8617367776114
arm_mean,FbHdp,no_one_rtt,gt_1MB_fct_us_mean,5,477.7312498159355,420.70189776229756,534.7606018695734,57.02935205363792
arm_mean,FbHdp,no_one_rtt,gt_1MB_fct_us_p95,5,1378.901,988.8646631104166,1768.9373368895835,390.0363368895835
arm_mean,FbHdp,no_one_rtt,gt_1MB_fct_us_p99,5,1999.9526439999995,1290.2799923015664,2709.6252956984326,709.672651698433
arm_mean,FbHdp,no_one_rtt,gt_1MB_flow_count,5,91.6,81.33841514253595,101.86158485746404,10.26158485746404
arm_mean,FbHdp,no_one_rtt,gt_1MB_slowdown_mean,5,1.5877922726423788,1.4467245821452743,1.7288599631394832,0.1410676904971044
arm_mean,FbHdp,no_one_rtt,gt_1MB_slowdown_p95,5,3.0154501114431307,2.124697982451329,3.9062022404349324,0.8907521289918017
arm_mean,FbHdp,no_one_rtt,gt_1MB_slowdown_p99,5,3.3289805310769354,2.2405276317391323,4.4174334304147385,1.0884528993378029
arm_mean,FbHdp,no_one_rtt,guard_ack_interval_packets,5,8.0,8.0,8.0,0.0
arm_mean,FbHdp,no_one_rtt,guard_adaptive_grant_updates,5,0.0,0.0,0.0,0.0
arm_mean,FbHdp,no_one_rtt,guard_fixed_window,5,1.0,1.0,1.0,0.0
arm_mean,FbHdp,no_one_rtt,guard_grant_refresh_bdps,5,1.0,1.0,1.0,0.0
arm_mean,FbHdp,no_one_rtt,guard_long_acks_suppressed,5,364210.2,351630.5513495901,376789.8486504099,12579.648650409914
arm_mean,FbHdp,no_one_rtt,guard_min_share_fraction,5,0.0,0.0,0.0,0.0
arm_mean,FbHdp,no_one_rtt,guard_one_rtt_acks_suppressed,5,0.0,0.0,0.0,0.0
arm_mean,FbHdp,no_one_rtt,guard_one_rtt_bypass_enabled,5,0.0,0.0,0.0,0.0
arm_mean,FbHdp,no_one_rtt,guard_one_rtt_bypass_feedbacks,5,0.0,0.0,0.0,0.0
arm_mean,FbHdp,no_one_rtt,guard_one_rtt_bypass_flows,5,0.0,0.0,0.0,0.0
arm_mean,FbHdp,no_one_rtt,guard_rebalance_events,5,0.0,0.0,0.0,0.0
arm_mean,FbHdp,no_one_rtt,guard_remaining_aware,5,1.0,1.0,1.0,0.0
arm_mean,FbHdp,no_one_rtt,guard_remaining_exponent,5,1.0,1.0,1.0,0.0
arm_mean,FbHdp,no_one_rtt,guard_remaining_refresh_events,5,4850.2,4652.901583296613,5047.498416703386,197.29841670338652
arm_mean,FbHdp,no_one_rtt,guard_sender_srpt_enabled,5,1.0,1.0,1.0,0.0
arm_mean,FbHdp,no_one_rtt,guard_sender_srpt_forced_rr,5,103.6,53.66565215027523,153.53434784972475,49.934347849724766
arm_mean,FbHdp,no_one_rtt,guard_sender_srpt_non_rr,5,25970.4,15803.847446824024,36136.95255317598,10166.552553175978
arm_mean,FbHdp,no_one_rtt,guard_sender_srpt_selections,5,420213.4,405864.82846394205,434561.971536058,14348.571536057989
arm_mean,FbHdp,no_one_rtt,guard_srpt_quantum_packets,5,64.0,64.0,64.0,0.0
arm_mean,FbHdp,no_one_rtt,guard_tail_bypass_bdps,5,8.0,8.0,8.0,0.0
arm_mean,FbHdp,no_one_rtt,guard_tail_bypass_enabled,5,1.0,1.0,1.0,0.0
arm_mean,FbHdp,no_one_rtt,guard_tail_bypass_feedbacks,5,17320.2,16088.167258473406,18552.232741526597,1232.0327415265951
arm_mean,FbHdp,no_one_rtt,guard_tail_bypass_flows,5,472.6,455.4488488540779,489.75115114592217,17.151151145922167
arm_mean,FbHdp,no_one_rtt,hpcc_actual_rate_changes,5,483.2,274.3190464512916,692.0809535487083,208.88095354870836
arm_mean,FbHdp,no_one_rtt,hpcc_fast_computations,5,0.0,0.0,0.0,0.0
arm_mean,FbHdp,no_one_rtt,hpcc_feedback_updates,5,7205.4,6892.685991483666,7518.114008516333,312.71400851633393
arm_mean,FbHdp,no_one_rtt,hpcc_full_computations,5,1486.6,1139.9770907154386,1833.2229092845612,346.6229092845612
arm_mean,FbHdp,no_one_rtt,hpcc_rate_updates_applied,5,1486.6,1139.9770907154386,1833.2229092845612,346.6229092845612
arm_mean,FbHdp,no_one_rtt,hpcc_valid_feedback,5,3077.4,2718.751850506974,3436.0481494930264,358.64814949302627
arm_mean,FbHdp,no_one_rtt,int_hops_after_strip,5,61483.6,52994.24973407586,69972.95026592414,8489.350265924144
arm_mean,FbHdp,no_one_rtt,int_hops_before_strip,5,117486.8,107446.09294975127,127527.50705024874,10040.70705024874
arm_mean,FbHdp,no_one_rtt,int_records_stripped,5,56003.2,54233.87250095855,57772.52749904145,1769.3274990414493
arm_mean,FbHdp,no_one_rtt,irn_nacks_generated,5,0.0,0.0,0.0,0.0
arm_mean,FbHdp,no_one_rtt,irn_nacks_received,5,0.0,0.0,0.0,0.0
arm_mean,FbHdp,no_one_rtt,irn_retransmit_bytes,5,0.0,0.0,0.0,0.0
arm_mean,FbHdp,no_one_rtt,irn_retransmit_packets,5,0.0,0.0,0.0,0.0
arm_mean,FbHdp,no_one_rtt,le_8KB_fct_us_mean,5,6.419900406537375,6.319312838663811,6.520487974410938,0.10058756787356353
arm_mean,FbHdp,no_one_rtt,le_8KB_fct_us_p95,5,8.55304,8.538922220277648,8.56715777972235,0.014117779722351053
arm_mean,FbHdp,no_one_rtt,le_8KB_fct_us_p99,5,8.886213999999999,8.853315705706985,8.919112294293013,0.03289829429301444
arm_mean,FbHdp,no_one_rtt,le_8KB_flow_count,5,2289.4,2272.3163999284807,2306.4836000715195,17.0836000715193
arm_mean,FbHdp,no_one_rtt,le_8KB_slowdown_mean,5,1.0025396842402412,1.0021911746586023,1.00288819382188,0.0003485095816388365
arm_mean,FbHdp,no_one_rtt,le_8KB_slowdown_p95,5,1.0161550337860779,1.0150330295975862,1.0172770379745695,0.0011220041884916028
arm_mean,FbHdp,no_one_rtt,le_8KB_slowdown_p99,5,1.0248243630266416,1.0238619560879922,1.025786769965291,0.0009624069386493188
arm_mean,FbHdp,no_one_rtt,long_to_small_slowdown_mean_ratio,5,1.5837531420873296,1.4433896235041719,1.7241166606704874,0.1403635185831578
arm_mean,FbHdp,no_one_rtt,max_active_flows,5,3.2,2.6447109789604406,3.7552890210395597,0.5552890210395597
arm_mean,FbHdp,no_one_rtt,overall_fct_us_mean,5,23.007472170683897,21.12700236009751,24.887941981270284,1.880469810586387
arm_mean,FbHdp,no_one_rtt,overall_fct_us_p95,5,35.015859999999954,30.355288824377084,39.676431175622824,4.660571175622872
arm_mean,FbHdp,no_one_rtt,overall_fct_us_p99,5,456.01146,366.62680390979256,545.3961160902074,89.38465609020743
arm_mean,FbHdp,no_one_rtt,overall_flow_count,5,3231.8,3200.053684245642,3263.546315754358,31.746315754357965
arm_mean,FbHdp,no_one_rtt,overall_slowdown_mean,5,1.0372544631255285,1.031309868068156,1.043199058182901,0.005944595057372377
arm_mean,FbHdp,no_one_rtt,overall_slowdown_p95,5,1.1245410662200204,1.101625756747893,1.1474563756921476,0.022915309472127252
arm_mean,FbHdp,no_one_rtt,overall_slowdown_p99,5,1.7830918575426495,1.6041708742298582,1.962012840855441,0.1789209833127914
arm_mean,FbHdp,no_one_rtt,pfc_pause_events,5,0.0,0.0,0.0,0.0
arm_mean,FbHdp,no_one_rtt,pfc_resume_events,5,0.0,0.0,0.0,0.0
arm_mean,FbHdp,no_one_rtt,proactive_releases,5,472.6,455.4488488540779,489.75115114592217,17.151151145922167
arm_mean,FbHdp,no_one_rtt,queue_bytes_max,5,366894.0,233318.16423807066,500469.83576192934,133575.83576192934
arm_mean,FbHdp,no_one_rtt,queue_bytes_mean,5,2488.8574,1821.3015909197347,3156.413209080265,667.5558090802652
arm_mean,FbHdp,no_one_rtt,queue_bytes_p95,5,0.0,0.0,0.0,0.0
arm_mean,FbHdp,no_one_rtt,queue_bytes_p99,5,103233.2,89499.6074652111,116966.7925347889,13733.592534788895
arm_mean,FbHdp,no_one_rtt,queue_sample_count,5,400020.0,400020.0,400020.0,0.0
arm_mean,FbHdp,no_one_rtt,reactive_binding_rate_changes,5,445.2,251.33055789474093,639.069442105259,193.86944210525905
arm_mean,FbHdp,no_one_rtt,reactive_binding_updates,5,445.2,251.33055789474093,639.069442105259,193.86944210525905
arm_mean,FbHdp,no_one_rtt,recovery_nacks_generated,5,0.0,0.0,0.0,0.0
arm_mean,FbHdp,no_one_rtt,recovery_nacks_received,5,0.0,0.0,0.0,0.0
arm_mean,FbHdp,no_one_rtt,registrations,5,472.6,455.4488488540779,489.75115114592217,17.151151145922167
arm_mean,FbHdp,no_one_rtt,selected_registrations,5,472.6,455.4488488540779,489.75115114592217,17.151151145922167
arm_mean,FbHdp,no_one_rtt,tie_binding_rate_changes,5,34.0,20.48353064200601,47.51646935799399,13.51646935799399
arm_mean,FbHdp,no_one_rtt,tie_binding_updates,5,923.0,673.7299605920193,1172.2700394079807,249.27003940798065
arm_mean,FbHdp,no_one_rtt,timeout_recoveries,5,0.0,0.0,0.0,0.0
arm_mean,FbHdp,no_tail,1BDP_to_1MB_fct_us_mean,5,40.083458741595116,27.34565237520996,52.821265107980274,12.737806366385158
arm_mean,FbHdp,no_tail,1BDP_to_1MB_fct_us_p95,5,95.19669,74.83449766845288,115.55888233154712,20.362192331547124
arm_mean,FbHdp,no_tail,1BDP_to_1MB_fct_us_p99,5,196.97057799999948,102.69318011177334,291.2479758882256,94.27739788822613
arm_mean,FbHdp,no_tail,1BDP_to_1MB_flow_count,5,264.0,249.7885059736482,278.2114940263518,14.211494026351788
arm_mean,FbHdp,no_tail,1BDP_to_1MB_slowdown_mean,5,1.2402866968424047,1.0532996175325753,1.427273776152234,0.18698707930982944
arm_mean,FbHdp,no_tail,1BDP_to_1MB_slowdown_p95,5,1.651024026257971,1.412774829934424,1.8892732225815179,0.23824919632354688
arm_mean,FbHdp,no_tail,1BDP_to_1MB_slowdown_p99,5,2.956888586278317,1.5062836553867482,4.407493517169886,1.450604930891569
arm_mean,FbHdp,no_tail,8KB_to_1BDP_fct_us_mean,5,11.501326302041416,11.319201217872932,11.683451386209901,0.18212508416848422
arm_mean,FbHdp,no_tail,8KB_to_1BDP_fct_us_p95,5,16.294100000000004,16.003205978540354,16.584994021459654,0.2908940214596504
arm_mean,FbHdp,no_tail,8KB_to_1BDP_fct_us_p99,5,18.110236000000008,17.303341212387103,18.917130787612912,0.8068947876129062
arm_mean,FbHdp,no_tail,8KB_to_1BDP_flow_count,5,586.8,552.71185671793,620.8881432820699,34.088143282069986
arm_mean,FbHdp,no_tail,8KB_to_1BDP_slowdown_mean,5,1.0378164044257365,1.030999389316561,1.044633419534912,0.00681701510917552
arm_mean,FbHdp,no_tail,8KB_to_1BDP_slowdown_p95,5,1.0949355368284628,1.0321640010877784,1.1577070725691472,0.06277153574068438
arm_mean,FbHdp,no_tail,8KB_to_1BDP_slowdown_p99,5,1.3758003073571146,1.2723712100808862,1.479229404633343,0.10342909727622836
arm_mean,FbHdp,no_tail,aggregate_goodput_gbps,5,164.44375382998433,156.94725439996168,171.94025326000698,7.4964994300226655
arm_mean,FbHdp,no_tail,completion_releases,5,0.0,0.0,0.0,0.0
arm_mean,FbHdp,no_tail,completion_span_us,5,20372.4856,19748.510369063617,20996.460830936383,623.9752309363842
arm_mean,FbHdp,no_tail,grant_binding_rate_changes,5,7.6,0.2752347438057354,14.924765256194263,7.324765256194264
arm_mean,FbHdp,no_tail,grant_binding_updates,5,229.0,107.26625856241537,350.7337414375846,121.73374143758463
arm_mean,FbHdp,no_tail,grant_bytes_sent,5,564263.2,529006.4954782053,599519.9045217946,35256.70452179469
arm_mean,FbHdp,no_tail,grant_event_rate_changes,5,1148.2,817.6497802563531,1478.750219743647,330.55021974364695
arm_mean,FbHdp,no_tail,grants_received,5,6002.8,5627.728675300057,6377.871324699943,375.0713246999435
arm_mean,FbHdp,no_tail,grants_sent,5,6002.8,5627.728675300057,6377.871324699943,375.0713246999435
arm_mean,FbHdp,no_tail,gt_1MB_fct_us_mean,5,485.3993971060728,424.7098672891497,546.0889269229958,60.689529816923084
arm_mean,FbHdp,no_tail,gt_1MB_fct_us_p95,5,1396.70111,1007.9597841529918,1785.4424358470083,388.74132584700817
arm_mean,FbHdp,no_tail,gt_1MB_fct_us_p99,5,1946.7035179999991,1336.9731634837249,2556.4338725162734,609.7303545162742
arm_mean,FbHdp,no_tail,gt_1MB_flow_count,5,91.6,81.33841514253595,101.86158485746404,10.26158485746404
arm_mean,FbHdp,no_tail,gt_1MB_slowdown_mean,5,1.6364417747877424,1.4497842898556765,1.8230992597198084,0.1866574849320659
arm_mean,FbHdp,no_tail,gt_1MB_slowdown_p95,5,3.1458417973671025,2.154716015741565,4.13696757899264,0.9911257816255373
arm_mean,FbHdp,no_tail,gt_1MB_slowdown_p99,5,3.8044415489417367,1.9621014624940796,5.646781635389393,1.8423400864476571
arm_mean,FbHdp,no_tail,guard_ack_interval_packets,5,8.0,8.0,8.0,0.0
arm_mean,FbHdp,no_tail,guard_adaptive_grant_updates,5,0.0,0.0,0.0,0.0
arm_mean,FbHdp,no_tail,guard_fixed_window,5,1.0,1.0,1.0,0.0
arm_mean,FbHdp,no_tail,guard_grant_refresh_bdps,5,1.0,1.0,1.0,0.0
arm_mean,FbHdp,no_tail,guard_long_acks_suppressed,5,343135.0,329866.11356746504,356403.88643253496,13268.886432534977
arm_mean,FbHdp,no_tail,guard_min_share_fraction,5,0.0,0.0,0.0,0.0
arm_mean,FbHdp,no_tail,guard_one_rtt_acks_suppressed,5,24594.6,22605.06046145147,26584.139538548527,1989.5395385485267
arm_mean,FbHdp,no_tail,guard_one_rtt_bypass_enabled,5,1.0,1.0,1.0,0.0
arm_mean,FbHdp,no_tail,guard_one_rtt_bypass_feedbacks,5,2759.2,2733.732263663569,2784.6677363364306,25.46773633643079
arm_mean,FbHdp,no_tail,guard_one_rtt_bypass_flows,5,2759.2,2733.732263663569,2784.6677363364306,25.46773633643079
arm_mean,FbHdp,no_tail,guard_rebalance_events,5,0.0,0.0,0.0,0.0
arm_mean,FbHdp,no_tail,guard_remaining_aware,5,1.0,1.0,1.0,0.0
arm_mean,FbHdp,no_tail,guard_remaining_exponent,5,1.0,1.0,1.0,0.0
arm_mean,FbHdp,no_tail,guard_remaining_refresh_events,5,4855.4,4656.581326907446,5054.218673092553,198.81867309255335
arm_mean,FbHdp,no_tail,guard_sender_srpt_enabled,5,1.0,1.0,1.0,0.0
arm_mean,FbHdp,no_tail,guard_sender_srpt_forced_rr,5,99.2,57.429492970093115,140.97050702990688,41.77050702990689
arm_mean,FbHdp,no_tail,guard_sender_srpt_non_rr,5,24404.4,15132.417544750428,33676.38245524958,9271.982455249574
arm_mean,FbHdp,no_tail,guard_sender_srpt_selections,5,420213.4,405864.82846394205,434561.971536058,14348.571536057989
arm_mean,FbHdp,no_tail,guard_srpt_quantum_packets,5,64.0,64.0,64.0,0.0
arm_mean,FbHdp,no_tail,guard_tail_bypass_bdps,5,8.0,8.0,8.0,0.0
arm_mean,FbHdp,no_tail,guard_tail_bypass_enabled,5,0.0,0.0,0.0,0.0
arm_mean,FbHdp,no_tail,guard_tail_bypass_feedbacks,5,0.0,0.0,0.0,0.0
arm_mean,FbHdp,no_tail,guard_tail_bypass_flows,5,0.0,0.0,0.0,0.0
arm_mean,FbHdp,no_tail,hpcc_actual_rate_changes,5,762.8,534.169565344122,991.4304346558779,228.6304346558779
arm_mean,FbHdp,no_tail,hpcc_fast_computations,5,0.0,0.0,0.0,0.0
arm_mean,FbHdp,no_tail,hpcc_feedback_updates,5,6622.2,6192.736441245146,7051.6635587548535,429.4635587548538
arm_mean,FbHdp,no_tail,hpcc_full_computations,5,2329.8,1921.7179133165428,2737.8820866834576,408.08208668345736
arm_mean,FbHdp,no_tail,hpcc_rate_updates_applied,5,2329.8,1921.7179133165428,2737.8820866834576,408.08208668345736
arm_mean,FbHdp,no_tail,hpcc_valid_feedback,5,2524.8,2113.9364036749203,2935.66359632508,410.86359632507975
arm_mean,FbHdp,no_tail,int_hops_after_strip,5,56586.0,48212.94969663587,64959.05030336413,8373.050303364127
arm_mean,FbHdp,no_tail,int_hops_before_strip,5,109069.8,99111.53086293621,119028.0691370638,9958.269137063797
arm_mean,FbHdp,no_tail,int_records_stripped,5,52483.8,50598.10634352789,54369.493656472114,1885.6936564721125
arm_mean,FbHdp,no_tail,irn_nacks_generated,5,0.0,0.0,0.0,0.0
arm_mean,FbHdp,no_tail,irn_nacks_received,5,0.0,0.0,0.0,0.0
arm_mean,FbHdp,no_tail,irn_retransmit_bytes,5,0.0,0.0,0.0,0.0
arm_mean,FbHdp,no_tail,irn_retransmit_packets,5,0.0,0.0,0.0,0.0
arm_mean,FbHdp,no_tail,le_8KB_fct_us_mean,5,6.419765125991548,6.319019310344001,6.5205109416390945,0.10074581564754675
arm_mean,FbHdp,no_tail,le_8KB_fct_us_p95,5,8.55559,8.550068014329685,8.561111985670316,0.005521985670314951
arm_mean,FbHdp,no_tail,le_8KB_fct_us_p99,5,8.875344000000002,8.837901580855192,8.912786419144812,0.037442419144810696
arm_mean,FbHdp,no_tail,le_8KB_flow_count,5,2289.4,2272.3163999284807,2306.4836000715195,17.0836000715193
arm_mean,FbHdp,no_tail,le_8KB_slowdown_mean,5,1.0025124729306316,1.0022289944990843,1.002795951362179,0.0002834784315473008
arm_mean,FbHdp,no_tail,le_8KB_slowdown_p95,5,1.0159574211270048,1.0148621383086738,1.0170527039453359,0.0010952828183309542
arm_mean,FbHdp,no_tail,le_8KB_slowdown_p99,5,1.024226826821776,1.0231459466276145,1.0253077070159375,0.001080880194161632
arm_mean,FbHdp,no_tail,long_to_small_slowdown_mean_ratio,5,1.632322709976974,1.446414559686679,1.8182308602672688,0.1859081502902948
arm_mean,FbHdp,no_tail,max_active_flows,5,3.4,2.719912619341743,4.080087380658257,0.6800873806582569
arm_mean,FbHdp,no_tail,overall_fct_us_mean,5,23.648565491499152,20.9498570569313,26.347273926067004,2.698708434567851
arm_mean,FbHdp,no_tail,overall_fct_us_p95,5,35.81505,30.098171524832093,41.5319284751679,5.716878475167905
arm_mean,FbHdp,no_tail,overall_fct_us_p99,5,474.61013,371.6021009152894,577.6181590847107,103.00802908471067
arm_mean,FbHdp,no_tail,overall_flow_count,5,3231.8,3200.053684245642,3263.546315754358,31.746315754357965
arm_mean,FbHdp,no_tail,overall_slowdown_mean,5,1.0465530113064134,1.0261258380702878,1.066980184542539,0.020427173236125678
arm_mean,FbHdp,no_tail,overall_slowdown_p95,5,1.1337606150669313,1.1055716736340382,1.1619495564998243,0.028188941432893116
arm_mean,FbHdp,no_tail,overall_slowdown_p99,5,1.8999215528961664,1.6552667376413843,2.144576368150948,0.244654815254782
arm_mean,FbHdp,no_tail,pfc_pause_events,5,0.0,0.0,0.0,0.0
arm_mean,FbHdp,no_tail,pfc_resume_events,5,0.0,0.0,0.0,0.0
arm_mean,FbHdp,no_tail,proactive_releases,5,472.6,455.4488488540779,489.75115114592217,17.151151145922167
arm_mean,FbHdp,no_tail,queue_bytes_max,5,349174.4,253020.15221344717,445328.6477865529,96154.24778655285
arm_mean,FbHdp,no_tail,queue_bytes_mean,5,2491.883,1813.5827666185094,3170.18323338149,678.3002333814904
arm_mean,FbHdp,no_tail,queue_bytes_p95,5,0.0,0.0,0.0,0.0
arm_mean,FbHdp,no_tail,queue_bytes_p99,5,101806.0,84750.83850816195,118861.16149183805,17055.16149183805
arm_mean,FbHdp,no_tail,queue_sample_count,5,400020.0,400020.0,400020.0,0.0
arm_mean,FbHdp,no_tail,reactive_binding_rate_changes,5,702.0,498.2762710899882,905.7237289100118,203.72372891001177
arm_mean,FbHdp,no_tail,reactive_binding_updates,5,702.0,498.2762710899882,905.7237289100118,203.72372891001177
arm_mean,FbHdp,no_tail,recovery_nacks_generated,5,0.0,0.0,0.0,0.0
arm_mean,FbHdp,no_tail,recovery_nacks_received,5,0.0,0.0,0.0,0.0
arm_mean,FbHdp,no_tail,registrations,5,472.6,455.4488488540779,489.75115114592217,17.151151145922167
arm_mean,FbHdp,no_tail,selected_registrations,5,472.6,455.4488488540779,489.75115114592217,17.151151145922167
arm_mean,FbHdp,no_tail,tie_binding_rate_changes,5,53.2,29.914247710758474,76.48575228924153,23.28575228924153
arm_mean,FbHdp,no_tail,tie_binding_updates,5,1398.8,1123.8542611869138,1673.745738813086,274.9457388130862
arm_mean,FbHdp,no_tail,timeout_recoveries,5,0.0,0.0,0.0,0.0
arm_mean,FbHdp,no_remaining,1BDP_to_1MB_fct_us_mean,5,36.72634792341013,32.60021815202715,40.85247769479311,4.12612977138298
arm_mean,FbHdp,no_remaining,1BDP_to_1MB_fct_us_p95,5,90.54061999999999,75.30116771410975,105.78007228589023,15.23945228589024
arm_mean,FbHdp,no_remaining,1BDP_to_1MB_fct_us_p99,5,177.48428999999993,156.15221880126785,198.816361198732,21.332071198732066
arm_mean,FbHdp,no_remaining,1BDP_to_1MB_flow_count,5,264.0,249.7885059736482,278.2114940263518,14.211494026351788
arm_mean,FbHdp,no_remaining,1BDP_to_1MB_slowdown_mean,5,1.1959278892217178,1.1672369461177245,1.224618832325711,0.028690943103993255
arm_mean,FbHdp,no_remaining,1BDP_to_1MB_slowdown_p95,5,1.8175277507311205,1.6832029409985536,1.9518525604636874,0.1343248097325669
arm_mean,FbHdp,no_remaining,1BDP_to_1MB_slowdown_p99,5,2.273170166982502,2.07330721111394,2.473033122851064,0.1998629558685622
arm_mean,FbHdp,no_remaining,8KB_to_1BDP_fct_us_mean,5,11.546153906490565,11.351226829941988,11.741080983039142,0.19492707654857758
arm_mean,FbHdp,no_remaining,8KB_to_1BDP_fct_us_p95,5,16.32432,16.062235591057757,16.586404408942244,0.2620844089422426
arm_mean,FbHdp,no_remaining,8KB_to_1BDP_fct_us_p99,5,18.134508000000004,17.295015367480563,18.974000632519445,0.8394926325194428
arm_mean,FbHdp,no_remaining,8KB_to_1BDP_flow_count,5,586.8,552.71185671793,620.8881432820699,34.088143282069986
arm_mean,FbHdp,no_remaining,8KB_to_1BDP_slowdown_mean,5,1.041854802230218,1.0358935994447713,1.0478160050156649,0.005961202785446689
arm_mean,FbHdp,no_remaining,8KB_to_1BDP_slowdown_p95,5,1.175281112717734,1.0732736241904448,1.2772886012450233,0.10200748852728932
arm_mean,FbHdp,no_remaining,8KB_to_1BDP_slowdown_p99,5,1.40860375648449,1.3371595683646624,1.4800479446043175,0.07144418811982765
arm_mean,FbHdp,no_remaining,aggregate_goodput_gbps,5,164.49542041311813,157.13928171230654,171.8515591139297,7.356138700811571
arm_mean,FbHdp,no_remaining,completion_releases,5,0.0,0.0,0.0,0.0
arm_mean,FbHdp,no_remaining,completion_span_us,5,20365.5304,19749.713317328198,20981.3474826718,615.817082671802
arm_mean,FbHdp,no_remaining,grant_binding_rate_changes,5,7.0,2.1910560133714965,11.808943986628503,4.8089439866285035
arm_mean,FbHdp,no_remaining,grant_binding_updates,5,126.6,90.45712529194608,162.7428747080539,36.14287470805391
arm_mean,FbHdp,no_remaining,grant_bytes_sent,5,57772.4,54883.10875944363,60661.69124055637,2889.2912405563666
arm_mean,FbHdp,no_remaining,grant_event_rate_changes,5,189.4,153.08690004918932,225.7130999508107,36.313099950810674
arm_mean,FbHdp,no_remaining,grants_received,5,614.6,583.8628591430174,645.3371408569826,30.73714085698262
arm_mean,FbHdp,no_remaining,grants_sent,5,614.6,583.8628591430174,645.3371408569826,30.73714085698262
arm_mean,FbHdp,no_remaining,gt_1MB_fct_us_mean,5,485.247023101374,432.00538361848515,538.4886625842628,53.241639482888836
arm_mean,FbHdp,no_remaining,gt_1MB_fct_us_p95,5,1318.25999,989.5731373227154,1646.9468426772846,328.68685267728466
arm_mean,FbHdp,no_remaining,gt_1MB_fct_us_p99,5,2029.1281279999992,1256.414088198594,2801.8421678014042,772.714039801405
arm_mean,FbHdp,no_remaining,gt_1MB_flow_count,5,91.6,81.33841514253595,101.86158485746404,10.26158485746404
arm_mean,FbHdp,no_remaining,gt_1MB_slowdown_mean,5,1.6444321115492848,1.5004593770279722,1.7884048460705975,0.1439727345213126
arm_mean,FbHdp,no_remaining,gt_1MB_slowdown_p95,5,3.1507835300549387,2.377030503919201,3.9245365561906764,0.7737530261357375
arm_mean,FbHdp,no_remaining,gt_1MB_slowdown_p99,5,3.504440106791943,2.5653911724926566,4.4434890410912296,0.9390489342992866
arm_mean,FbHdp,no_remaining,guard_ack_interval_packets,5,8.0,8.0,8.0,0.0
arm_mean,FbHdp,no_remaining,guard_adaptive_grant_updates,5,0.0,0.0,0.0,0.0
arm_mean,FbHdp,no_remaining,guard_fixed_window,5,1.0,1.0,1.0,0.0
arm_mean,FbHdp,no_remaining,guard_grant_refresh_bdps,5,1.0,1.0,1.0,0.0
arm_mean,FbHdp,no_remaining,guard_long_acks_suppressed,5,343135.0,329866.11356746504,356403.88643253496,13268.886432534977
arm_mean,FbHdp,no_remaining,guard_min_share_fraction,5,0.0,0.0,0.0,0.0
arm_mean,FbHdp,no_remaining,guard_one_rtt_acks_suppressed,5,24594.6,22605.06046145147,26584.139538548527,1989.5395385485267
arm_mean,FbHdp,no_remaining,guard_one_rtt_bypass_enabled,5,1.0,1.0,1.0,0.0
arm_mean,FbHdp,no_remaining,guard_one_rtt_bypass_feedbacks,5,2759.2,2733.732263663569,2784.6677363364306,25.46773633643079
arm_mean,FbHdp,no_remaining,guard_one_rtt_bypass_flows,5,2759.2,2733.732263663569,2784.6677363364306,25.46773633643079
arm_mean,FbHdp,no_remaining,guard_rebalance_events,5,10.2,8.581068215291292,11.818931784708706,1.6189317847087064
arm_mean,FbHdp,no_remaining,guard_remaining_aware,5,0.0,0.0,0.0,0.0
arm_mean,FbHdp,no_remaining,guard_remaining_exponent,5,1.0,1.0,1.0,0.0
arm_mean,FbHdp,no_remaining,guard_remaining_refresh_events,5,0.0,0.0,0.0,0.0
arm_mean,FbHdp,no_remaining,guard_sender_srpt_enabled,5,1.0,1.0,1.0,0.0
arm_mean,FbHdp,no_remaining,guard_sender_srpt_forced_rr,5,101.8,61.32289631026621,142.2771036897338,40.47710368973379
arm_mean,FbHdp,no_remaining,guard_sender_srpt_non_rr,5,26046.8,16420.920101085678,35672.67989891432,9625.879898914322
arm_mean,FbHdp,no_remaining,guard_sender_srpt_selections,5,420213.4,405864.82846394205,434561.971536058,14348.571536057989
arm_mean,FbHdp,no_remaining,guard_srpt_quantum_packets,5,64.0,64.0,64.0,0.0
arm_mean,FbHdp,no_remaining,guard_tail_bypass_bdps,5,8.0,8.0,8.0,0.0
arm_mean,FbHdp,no_remaining,guard_tail_bypass_enabled,5,1.0,1.0,1.0,0.0
arm_mean,FbHdp,no_remaining,guard_tail_bypass_feedbacks,5,17320.4,16088.796177821414,18552.003822178587,1231.6038221785875
arm_mean,FbHdp,no_remaining,guard_tail_bypass_flows,5,472.6,455.4488488540779,489.75115114592217,17.151151145922167
arm_mean,FbHdp,no_remaining,hpcc_actual_rate_changes,5,508.4,312.02739400939186,704.7726059906081,196.37260599060812
arm_mean,FbHdp,no_remaining,hpcc_fast_computations,5,0.0,0.0,0.0,0.0
arm_mean,FbHdp,no_remaining,hpcc_feedback_updates,5,4365.4,4015.338164234223,4715.461835765776,350.06183576577683
arm_mean,FbHdp,no_remaining,hpcc_full_computations,5,1459.0,1115.2574821878031,1802.7425178121969,343.7425178121968
arm_mean,FbHdp,no_remaining,hpcc_rate_updates_applied,5,1459.0,1115.2574821878031,1802.7425178121969,343.7425178121968
arm_mean,FbHdp,no_remaining,hpcc_valid_feedback,5,1517.0,1164.3499367184318,1869.6500632815682,352.65006328156824
arm_mean,FbHdp,no_remaining,int_hops_after_strip,5,56586.0,48212.94969663587,64959.05030336413,8373.050303364127
arm_mean,FbHdp,no_remaining,int_hops_before_strip,5,109069.8,99111.53086293621,119028.0691370638,9958.269137063797
arm_mean,FbHdp,no_remaining,int_records_stripped,5,52483.8,50598.10634352789,54369.493656472114,1885.6936564721125
arm_mean,FbHdp,no_remaining,irn_nacks_generated,5,0.0,0.0,0.0,0.0
arm_mean,FbHdp,no_remaining,irn_nacks_received,5,0.0,0.0,0.0,0.0
arm_mean,FbHdp,no_remaining,irn_retransmit_bytes,5,0.0,0.0,0.0,0.0
arm_mean,FbHdp,no_remaining,irn_retransmit_packets,5,0.0,0.0,0.0,0.0
arm_mean,FbHdp,no_remaining,le_8KB_fct_us_mean,5,6.419953507789925,6.319289146217125,6.5206178693627255,0.10066436157279982
arm_mean,FbHdp,no_remaining,le_8KB_fct_us_p95,5,8.553370000000001,8.540772188195444,8.565967811804558,0.012597811804556842
arm_mean,FbHdp,no_remaining,le_8KB_fct_us_p99,5,8.877754,8.84977868516208,8.905729314837918,0.02797531483791831
arm_mean,FbHdp,no_remaining,le_8KB_flow_count,5,2289.4,2272.3163999284807,2306.4836000715195,17.0836000715193
arm_mean,FbHdp,no_remaining,le_8KB_slowdown_mean,5,1.0025183319939484,1.0022212088296596,1.0028154551582371,0.00029712316428867484
arm_mean,FbHdp,no_remaining,le_8KB_slowdown_p95,5,1.0160032743731524,1.0148414164062822,1.0171651323400226,0.001161857966870121
arm_mean,FbHdp,no_remaining,le_8KB_slowdown_p99,5,1.0243952608545546,1.0233074042162056,1.0254831174929036,0.0010878566383490272
arm_mean,FbHdp,no_remaining,long_to_small_slowdown_mean_ratio,5,1.6402857155545196,1.497003129904066,1.7835683012049732,0.14328258565045368
arm_mean,FbHdp,no_remaining,max_active_flows,5,3.2,2.6447109789604406,3.7552890210395597,0.5552890210395597
arm_mean,FbHdp,no_remaining,overall_fct_us_mean,5,23.370126707259587,21.552218302788862,25.18803511173031,1.817908404470723
arm_mean,FbHdp,no_remaining,overall_fct_us_p95,5,37.44359999999996,31.382759278118854,43.50444072188107,6.0608407218811085
arm_mean,FbHdp,no_remaining,overall_fct_us_p99,5,466.16152399999976,383.376231768984,548.9468162310155,82.7852922310158
arm_mean,FbHdp,no_remaining,overall_flow_count,5,3231.8,3200.053684245642,3263.546315754358,31.746315754357965
arm_mean,FbHdp,no_remaining,overall_slowdown_mean,5,1.0438180350069721,1.0373844121161626,1.0502516578977816,0.0064336228908094505
arm_mean,FbHdp,no_remaining,overall_slowdown_p95,5,1.1786286974028903,1.1360418509957801,1.2212155438100005,0.042586846407110225
arm_mean,FbHdp,no_remaining,overall_slowdown_p99,5,1.9490714168714516,1.8310171127391568,2.0671257210037464,0.11805430413229481
arm_mean,FbHdp,no_remaining,pfc_pause_events,5,0.0,0.0,0.0,0.0
arm_mean,FbHdp,no_remaining,pfc_resume_events,5,0.0,0.0,0.0,0.0
arm_mean,FbHdp,no_remaining,proactive_releases,5,472.6,455.4488488540779,489.75115114592217,17.151151145922167
arm_mean,FbHdp,no_remaining,queue_bytes_max,5,374356.0,242443.6879622746,506268.3120377254,131912.3120377254
arm_mean,FbHdp,no_remaining,queue_bytes_mean,5,2688.921,2102.522260667448,3275.3197393325518,586.3987393325519
arm_mean,FbHdp,no_remaining,queue_bytes_p95,5,0.0,0.0,0.0,0.0
arm_mean,FbHdp,no_remaining,queue_bytes_p99,5,104204.0,92381.94825443067,116026.05174556933,11822.051745569339
arm_mean,FbHdp,no_remaining,queue_sample_count,5,400020.0,400020.0,400020.0,0.0
arm_mean,FbHdp,no_remaining,reactive_binding_rate_changes,5,469.4,285.8213320695513,652.9786679304486,183.57866793044863
arm_mean,FbHdp,no_remaining,reactive_binding_updates,5,469.4,285.8213320695513,652.9786679304486,183.57866793044863
arm_mean,FbHdp,no_remaining,recovery_nacks_generated,5,0.0,0.0,0.0,0.0
arm_mean,FbHdp,no_remaining,recovery_nacks_received,5,0.0,0.0,0.0,0.0
arm_mean,FbHdp,no_remaining,registrations,5,472.6,455.4488488540779,489.75115114592217,17.151151145922167
arm_mean,FbHdp,no_remaining,selected_registrations,5,472.6,455.4488488540779,489.75115114592217,17.151151145922167
arm_mean,FbHdp,no_remaining,tie_binding_rate_changes,5,32.0,19.61444051722658,44.38555948277342,12.38555948277342
arm_mean,FbHdp,no_remaining,tie_binding_updates,5,863.0,600.5546998289128,1125.4453001710872,262.4453001710872
arm_mean,FbHdp,no_remaining,timeout_recoveries,5,0.0,0.0,0.0,0.0
arm_mean,FbHdp,no_ack_coalescing,1BDP_to_1MB_fct_us_mean,5,35.181029064740194,31.510292702300312,38.85176542718008,3.670736362439882
arm_mean,FbHdp,no_ack_coalescing,1BDP_to_1MB_fct_us_p95,5,86.48727999999998,73.5612630039299,99.41329699607007,12.926016996070091
arm_mean,FbHdp,no_ack_coalescing,1BDP_to_1MB_fct_us_p99,5,157.87642799999998,119.05580617953537,196.6970498204646,38.82062182046461
arm_mean,FbHdp,no_ack_coalescing,1BDP_to_1MB_flow_count,5,264.0,249.7885059736482,278.2114940263518,14.211494026351788
arm_mean,FbHdp,no_ack_coalescing,1BDP_to_1MB_slowdown_mean,5,1.1444988866790078,1.1277727818951744,1.1612249914628412,0.016726104783833302
arm_mean,FbHdp,no_ack_coalescing,1BDP_to_1MB_slowdown_p95,5,1.5750095284950594,1.457202047445475,1.6928170095446438,0.11780748104958437
arm_mean,FbHdp,no_ack_coalescing,1BDP_to_1MB_slowdown_p99,5,2.1226113453663227,1.871350974848249,2.373871715884396,0.25126037051807354
arm_mean,FbHdp,no_ack_coalescing,8KB_to_1BDP_fct_us_mean,5,11.58350576762167,11.39806821398951,11.768943321253829,0.18543755363215905
arm_mean,FbHdp,no_ack_coalescing,8KB_to_1BDP_fct_us_p95,5,16.63052,16.17913879638693,17.08190120361307,0.45138120361307144
arm_mean,FbHdp,no_ack_coalescing,8KB_to_1BDP_fct_us_p99,5,18.73898200000001,17.892492865989382,19.58547113401064,0.8464891340106275
arm_mean,FbHdp,no_ack_coalescing,8KB_to_1BDP_flow_count,5,586.8,552.71185671793,620.8881432820699,34.088143282069986
arm_mean,FbHdp,no_ack_coalescing,8KB_to_1BDP_slowdown_mean,5,1.0438923347405167,1.0369053435894378,1.0508793258915956,0.006986991151078972
arm_mean,FbHdp,no_ack_coalescing,8KB_to_1BDP_slowdown_p95,5,1.118796614601732,1.0463064494867156,1.1912867797167486,0.07249016511501653
arm_mean,FbHdp,no_ack_coalescing,8KB_to_1BDP_slowdown_p99,5,1.376420395002253,1.2983503233095244,1.4544904666949818,0.07807007169272877
arm_mean,FbHdp,no_ack_coalescing,aggregate_goodput_gbps,5,164.3104929752591,156.8339591909673,171.7870267595509,7.476533784291792
arm_mean,FbHdp,no_ack_coalescing,completion_releases,5,0.0,0.0,0.0,0.0
arm_mean,FbHdp,no_ack_coalescing,completion_span_us,5,20389.6668,19719.730081904887,21059.60351809511,669.9367180951137
arm_mean,FbHdp,no_ack_coalescing,grant_binding_rate_changes,5,4.4,-0.37677677619996874,9.176776776199969,4.776776776199969
arm_mean,FbHdp,no_ack_coalescing,grant_binding_updates,5,127.8,72.46300421973092,183.13699578026907,55.336995780269085
arm_mean,FbHdp,no_ack_coalescing,grant_bytes_sent,5,562364.4,530638.5035721484,594090.2964278517,31725.89642785168
arm_mean,FbHdp,no_ack_coalescing,grant_event_rate_changes,5,1156.6,829.7832797938565,1483.4167202061433,326.8167202061434
arm_mean,FbHdp,no_ack_coalescing,grants_received,5,5982.6,5645.090463533493,6320.109536466508,337.50953646650726
arm_mean,FbHdp,no_ack_coalescing,grants_sent,5,5982.6,5645.090463533493,6320.109536466508,337.50953646650726
arm_mean,FbHdp,no_ack_coalescing,gt_1MB_fct_us_mean,5,484.9280319422238,425.29742951536946,544.5586343690782,59.63060242685433
arm_mean,FbHdp,no_ack_coalescing,gt_1MB_fct_us_p95,5,1422.9762,963.5690287875022,1882.3833712124979,459.40717121249776
arm_mean,FbHdp,no_ack_coalescing,gt_1MB_fct_us_p99,5,2123.464913999999,1262.1635467074807,2984.7662812925178,861.3013672925185
arm_mean,FbHdp,no_ack_coalescing,gt_1MB_flow_count,5,91.6,81.33841514253595,101.86158485746404,10.26158485746404
arm_mean,FbHdp,no_ack_coalescing,gt_1MB_slowdown_mean,5,1.6078025602962474,1.450201535195085,1.7654035853974097,0.15760102510116236
arm_mean,FbHdp,no_ack_coalescing,gt_1MB_slowdown_p95,5,3.1478795209376913,2.218055288173879,4.0777037537015035,0.929824232763812
arm_mean,FbHdp,no_ack_coalescing,gt_1MB_slowdown_p99,5,3.5089336821433164,2.433762645762949,4.584104718523683,1.0751710363803673
arm_mean,FbHdp,no_ack_coalescing,guard_ack_interval_packets,5,1.0,1.0,1.0,0.0
arm_mean,FbHdp,no_ack_coalescing,guard_adaptive_grant_updates,5,0.0,0.0,0.0,0.0
arm_mean,FbHdp,no_ack_coalescing,guard_fixed_window,5,1.0,1.0,1.0,0.0
arm_mean,FbHdp,no_ack_coalescing,guard_grant_refresh_bdps,5,1.0,1.0,1.0,0.0
arm_mean,FbHdp,no_ack_coalescing,guard_long_acks_suppressed,5,0.0,0.0,0.0,0.0
arm_mean,FbHdp,no_ack_coalescing,guard_min_share_fraction,5,0.0,0.0,0.0,0.0
arm_mean,FbHdp,no_ack_coalescing,guard_one_rtt_acks_suppressed,5,24594.6,22605.06046145147,26584.139538548527,1989.5395385485267
arm_mean,FbHdp,no_ack_coalescing,guard_one_rtt_bypass_enabled,5,1.0,1.0,1.0,0.0
arm_mean,FbHdp,no_ack_coalescing,guard_one_rtt_bypass_feedbacks,5,2759.2,2733.732263663569,2784.6677363364306,25.46773633643079
arm_mean,FbHdp,no_ack_coalescing,guard_one_rtt_bypass_flows,5,2759.2,2733.732263663569,2784.6677363364306,25.46773633643079
arm_mean,FbHdp,no_ack_coalescing,guard_rebalance_events,5,0.0,0.0,0.0,0.0
arm_mean,FbHdp,no_ack_coalescing,guard_remaining_aware,5,1.0,1.0,1.0,0.0
arm_mean,FbHdp,no_ack_coalescing,guard_remaining_exponent,5,1.0,1.0,1.0,0.0
arm_mean,FbHdp,no_ack_coalescing,guard_remaining_refresh_events,5,4854.6,4653.353498550961,5055.846501449039,201.24650144903856
arm_mean,FbHdp,no_ack_coalescing,guard_sender_srpt_enabled,5,1.0,1.0,1.0,0.0
arm_mean,FbHdp,no_ack_coalescing,guard_sender_srpt_forced_rr,5,248.8,148.15855628074982,349.4414437192502,100.64144371925019
arm_mean,FbHdp,no_ack_coalescing,guard_sender_srpt_non_rr,5,24039.2,14237.60894294481,33840.79105705519,9801.591057055191
arm_mean,FbHdp,no_ack_coalescing,guard_sender_srpt_selections,5,420213.4,405864.82846394205,434561.971536058,14348.571536057989
arm_mean,FbHdp,no_ack_coalescing,guard_srpt_quantum_packets,5,64.0,64.0,64.0,0.0
arm_mean,FbHdp,no_ack_coalescing,guard_tail_bypass_bdps,5,8.0,8.0,8.0,0.0
arm_mean,FbHdp,no_ack_coalescing,guard_tail_bypass_enabled,5,1.0,1.0,1.0,0.0
arm_mean,FbHdp,no_ack_coalescing,guard_tail_bypass_feedbacks,5,134840.8,124963.53422355464,144718.06577644535,9877.26577644535
arm_mean,FbHdp,no_ack_coalescing,guard_tail_bypass_flows,5,472.6,455.4488488540779,489.75115114592217,17.151151145922167
arm_mean,FbHdp,no_ack_coalescing,hpcc_actual_rate_changes,5,536.0,303.6744129775202,768.3255870224798,232.32558702247982
arm_mean,FbHdp,no_ack_coalescing,hpcc_fast_computations,5,0.0,0.0,0.0,0.0
arm_mean,FbHdp,no_ack_coalescing,hpcc_feedback_updates,5,4496.0,4104.646298627398,4887.353701372602,391.3537013726019
arm_mean,FbHdp,no_ack_coalescing,hpcc_full_computations,5,1545.8,1165.8149073760076,1925.7850926239923,379.98509262399244
arm_mean,FbHdp,no_ack_coalescing,hpcc_rate_updates_applied,5,1545.8,1165.8149073760076,1925.7850926239923,379.98509262399244
arm_mean,FbHdp,no_ack_coalescing,hpcc_valid_feedback,5,1603.8,1214.5730928247694,1993.0269071752305,389.2269071752306
arm_mean,FbHdp,no_ack_coalescing,int_hops_after_strip,5,427123.2,360296.22835676867,493950.17164323136,66826.97164323136
arm_mean,FbHdp,no_ack_coalescing,int_hops_before_strip,5,822742.0,743225.0618144963,902258.9381855037,79516.93818550366
arm_mean,FbHdp,no_ack_coalescing,int_records_stripped,5,395618.8,380464.5309605596,410773.06903944036,15154.269039440394
arm_mean,FbHdp,no_ack_coalescing,irn_nacks_generated,5,0.0,0.0,0.0,0.0
arm_mean,FbHdp,no_ack_coalescing,irn_nacks_received,5,0.0,0.0,0.0,0.0
arm_mean,FbHdp,no_ack_coalescing,irn_retransmit_bytes,5,0.0,0.0,0.0,0.0
arm_mean,FbHdp,no_ack_coalescing,irn_retransmit_packets,5,0.0,0.0,0.0,0.0
arm_mean,FbHdp,no_ack_coalescing,le_8KB_fct_us_mean,5,6.422514518264637,6.321728667643334,6.52330036888594,0.10078585062130349
arm_mean,FbHdp,no_ack_coalescing,le_8KB_fct_us_p95,5,8.56318,8.548147299555964,8.578212700444034,0.015032700444034328
arm_mean,FbHdp,no_ack_coalescing,le_8KB_fct_us_p99,5,8.888914,8.859629274185185,8.918198725814815,0.029284725814815577
arm_mean,FbHdp,no_ack_coalescing,le_8KB_flow_count,5,2289.4,2272.3163999284807,2306.4836000715195,17.0836000715193
arm_mean,FbHdp,no_ack_coalescing,le_8KB_slowdown_mean,5,1.0027791042676053,1.0023527870180975,1.0032054215171131,0.00042631724950771685
arm_mean,FbHdp,no_ack_coalescing,le_8KB_slowdown_p95,5,1.0172998048160666,1.0159255868306019,1.0186740228015314,0.0013742179854648847
arm_mean,FbHdp,no_ack_coalescing,le_8KB_slowdown_p99,5,1.0261786120830316,1.024526926035133,1.0278302981309302,0.0016516860478986357
arm_mean,FbHdp,no_ack_coalescing,long_to_small_slowdown_mean_ratio,5,1.6033216220912219,1.4466194878025906,1.760023756379853,0.15670213428863122
arm_mean,FbHdp,no_ack_coalescing,max_active_flows,5,3.2,2.6447109789604406,3.7552890210395597,0.5552890210395597
arm_mean,FbHdp,no_ack_coalescing,overall_fct_us_mean,5,23.251011522122308,21.22040038802347,25.281622656221145,2.0306111340988373
arm_mean,FbHdp,no_ack_coalescing,overall_fct_us_p95,5,35.439149999999984,30.554289682049543,40.324010317950425,4.884860317950443
arm_mean,FbHdp,no_ack_coalescing,overall_fct_us_p99,5,452.798753999999,370.7545391966499,534.8429688033482,82.04421480334913
arm_mean,FbHdp,no_ack_coalescing,overall_flow_count,5,3231.8,3200.053684245642,3263.546315754358,31.746315754357965
arm_mean,FbHdp,no_ack_coalescing,overall_slowdown_mean,5,1.039157506320214,1.0327638842156583,1.0455511284247698,0.0063936221045558465
arm_mean,FbHdp,no_ack_coalescing,overall_slowdown_p95,5,1.1200689948444635,1.0995601890369633,1.1405778006519638,0.02050880580750024
arm_mean,FbHdp,no_ack_coalescing,overall_slowdown_p99,5,1.834571983883654,1.652766272212753,2.016377695554555,0.18180571167090107
arm_mean,FbHdp,no_ack_coalescing,pfc_pause_events,5,0.0,0.0,0.0,0.0
arm_mean,FbHdp,no_ack_coalescing,pfc_resume_events,5,0.0,0.0,0.0,0.0
arm_mean,FbHdp,no_ack_coalescing,proactive_releases,5,472.6,455.4488488540779,489.75115114592217,17.151151145922167
arm_mean,FbHdp,no_ack_coalescing,queue_bytes_max,5,412535.2,263508.0236449373,561562.3763550627,149027.1763550627
arm_mean,FbHdp,no_ack_coalescing,queue_bytes_mean,5,3139.5856,2337.817553114431,3941.3536468855687,801.7680468855687
arm_mean,FbHdp,no_ack_coalescing,queue_bytes_p95,5,5450.0,3535.9839078745163,7364.016092125484,1914.016092125484
arm_mean,FbHdp,no_ack_coalescing,queue_bytes_p99,5,115758.0,97972.06275061567,133543.93724938433,17785.93724938433
arm_mean,FbHdp,no_ack_coalescing,queue_sample_count,5,400020.0,400020.0,400020.0,0.0
arm_mean,FbHdp,no_ack_coalescing,reactive_binding_rate_changes,5,492.0,279.37433033242996,704.62566966757,212.62566966757
arm_mean,FbHdp,no_ack_coalescing,reactive_binding_updates,5,492.0,279.37433033242996,704.62566966757,212.62566966757
arm_mean,FbHdp,no_ack_coalescing,recovery_nacks_generated,5,0.0,0.0,0.0,0.0
arm_mean,FbHdp,no_ack_coalescing,recovery_nacks_received,5,0.0,0.0,0.0,0.0
arm_mean,FbHdp,no_ack_coalescing,registrations,5,472.6,455.4488488540779,489.75115114592217,17.151151145922167
arm_mean,FbHdp,no_ack_coalescing,selected_registrations,5,472.6,455.4488488540779,489.75115114592217,17.151151145922167
arm_mean,FbHdp,no_ack_coalescing,tie_binding_rate_changes,5,39.6,21.76579711231771,57.43420288768229,17.83420288768229
arm_mean,FbHdp,no_ack_coalescing,tie_binding_updates,5,926.0,671.3150696764592,1180.6849303235408,254.68493032354075
arm_mean,FbHdp,no_ack_coalescing,timeout_recoveries,5,0.0,0.0,0.0,0.0
paired_difference,FbHdp,guard_minus_no_priority,1BDP_to_1MB_fct_us_mean,5,-6.710737619407584,-8.328521089777617,-5.09295414903755,1.6177834703700336
paired_percent,FbHdp,guard_minus_no_priority,1BDP_to_1MB_fct_us_mean,5,-16.088520638584555,-19.80813885171349,-12.36890242545562,3.719618213128936
paired_difference,FbHdp,guard_minus_no_priority,1BDP_to_1MB_fct_us_p95,5,-16.833810000000014,-24.4454968672391,-9.222123132760927,7.6116868672390865
paired_percent,FbHdp,guard_minus_no_priority,1BDP_to_1MB_fct_us_p95,5,-16.22671760857255,-23.528360259065312,-8.925074958079787,7.301642650492762
paired_difference,FbHdp,guard_minus_no_priority,1BDP_to_1MB_fct_us_p99,5,-24.109361999999862,-55.91307240826799,7.694348408268269,31.80371040826813
paired_percent,FbHdp,guard_minus_no_priority,1BDP_to_1MB_fct_us_p99,5,-13.228292643097458,-29.82343452034173,3.366849234146816,16.595141877244274
paired_difference,FbHdp,guard_minus_no_priority,1BDP_to_1MB_flow_count,5,0.0,0.0,0.0,0.0
paired_percent,FbHdp,guard_minus_no_priority,1BDP_to_1MB_flow_count,5,0.0,0.0,0.0,0.0
paired_difference,FbHdp,guard_minus_no_priority,1BDP_to_1MB_slowdown_mean,5,-0.24135653243081437,-0.2971367572233528,-0.18557630763827593,0.05578022479253843
paired_percent,FbHdp,guard_minus_no_priority,1BDP_to_1MB_slowdown_mean,5,-17.36138781422797,-20.672831568413137,-14.049944060042803,3.3114437541851682
paired_difference,FbHdp,guard_minus_no_priority,1BDP_to_1MB_slowdown_p95,5,-1.0697539876568278,-1.4011086109250241,-0.7383993643886316,0.3313546232681962
paired_percent,FbHdp,guard_minus_no_priority,1BDP_to_1MB_slowdown_p95,5,-40.91679255537005,-49.00403434921518,-32.82955076152492,8.087241793845129
paired_difference,FbHdp,guard_minus_no_priority,1BDP_to_1MB_slowdown_p99,5,-1.385772394979719,-1.9667765097134438,-0.8047682802459941,0.5810041147337248
paired_percent,FbHdp,guard_minus_no_priority,1BDP_to_1MB_slowdown_p99,5,-39.636752857553496,-52.175226272660176,-27.098279442446817,12.538473415106678
paired_difference,FbHdp,guard_minus_no_priority,8KB_to_1BDP_fct_us_mean,5,-2.2020192616016443,-2.682278001869496,-1.7217605213337925,0.4802587402678517
paired_percent,FbHdp,guard_minus_no_priority,8KB_to_1BDP_fct_us_mean,5,-16.01531240523222,-19.04472714242744,-12.985897668036996,3.0294147371952227
paired_difference,FbHdp,guard_minus_no_priority,8KB_to_1BDP_fct_us_p95,5,-9.983349999999998,-12.932721818193603,-7.033978181806393,2.949371818193605
paired_percent,FbHdp,guard_minus_no_priority,8KB_to_1BDP_fct_us_p95,5,-37.604704577371855,-44.61915878401777,-30.590250370725943,7.014454206645912
paired_difference,FbHdp,guard_minus_no_priority,8KB_to_1BDP_fct_us_p99,5,-16.943046000000006,-22.54717443069574,-11.338917569304272,5.6041284306957335
paired_percent,FbHdp,guard_minus_no_priority,8KB_to_1BDP_fct_us_p99,5,-47.67227799463954,-57.138424166540496,-38.20613182273859,9.466146171900954
paired_difference,FbHdp,guard_minus_no_priority,8KB_to_1BDP_flow_count,5,0.0,0.0,0.0,0.0
paired_percent,FbHdp,guard_minus_no_priority,8KB_to_1BDP_flow_count,5,0.0,0.0,0.0,0.0
paired_difference,FbHdp,guard_minus_no_priority,8KB_to_1BDP_slowdown_mean,5,-0.17532965992286925,-0.21101634801870303,-0.13964297182703547,0.03568668809583377
paired_percent,FbHdp,guard_minus_no_priority,8KB_to_1BDP_slowdown_mean,5,-14.410332859514607,-16.925768575781703,-11.89489714324751,2.515435716267097
paired_difference,FbHdp,guard_minus_no_priority,8KB_to_1BDP_slowdown_p95,5,-0.8982949336709559,-1.0126268051868172,-0.7839630621550947,0.11433187151586124
paired_percent,FbHdp,guard_minus_no_priority,8KB_to_1BDP_slowdown_p95,5,-45.03967515054349,-48.0928316447217,-41.98651865636528,3.053156494178212
paired_difference,FbHdp,guard_minus_no_priority,8KB_to_1BDP_slowdown_p99,5,-1.2836120432829172,-1.6143686708369271,-0.9528554157289073,0.33075662755400986
paired_percent,FbHdp,guard_minus_no_priority,8KB_to_1BDP_slowdown_p99,5,-47.79826538802498,-54.259522278812796,-41.337008497237164,6.461256890787814
paired_difference,FbHdp,guard_minus_no_priority,aggregate_goodput_gbps,5,0.014829700901242405,-0.03150512380853397,0.061164525611018775,0.04633482470977637
paired_percent,FbHdp,guard_minus_no_priority,aggregate_goodput_gbps,5,0.009345974228889654,-0.018974134664619408,0.03766608312239872,0.028320108893509062
paired_difference,FbHdp,guard_minus_no_priority,completion_releases,5,0.0,0.0,0.0,0.0
paired_difference,FbHdp,guard_minus_no_priority,completion_span_us,5,-1.9784000000006927,-7.853200556716734,3.8964005567153492,5.874800556716042
paired_percent,FbHdp,guard_minus_no_priority,completion_span_us,5,-0.00934094023652415,-0.0376561645159028,0.018974284042854502,0.028315224279378652
paired_difference,FbHdp,guard_minus_no_priority,grant_binding_rate_changes,5,0.2,-1.1601747613165139,1.5601747613165138,1.3601747613165138
paired_difference,FbHdp,guard_minus_no_priority,grant_binding_updates,5,-16.0,-19.82706546875487,-12.17293453124513,3.8270654687548715
paired_percent,FbHdp,guard_minus_no_priority,grant_binding_updates,5,-12.225206419080227,-16.85592430456671,-7.594488533593744,4.630717885486482
paired_difference,FbHdp,guard_minus_no_priority,grant_bytes_sent,5,-4474.4,-5730.390117673593,-3218.4098823264067,1255.9901176735932
paired_percent,FbHdp,guard_minus_no_priority,grant_bytes_sent,5,-0.7970709671423396,-1.0549160875812267,-0.5392258467034526,0.25784512043888697
paired_difference,FbHdp,guard_minus_no_priority,grant_event_rate_changes,5,-49.4,-88.78835335714487,-10.011646642855126,39.38835335714487
paired_percent,FbHdp,guard_minus_no_priority,grant_event_rate_changes,5,-4.421823199360518,-8.09603239362751,-0.7476140050935269,3.674209194266991
paired_difference,FbHdp,guard_minus_no_priority,grants_received,5,-47.6,-60.96159699652759,-34.23840300347241,13.361596996527588
paired_percent,FbHdp,guard_minus_no_priority,grants_received,5,-0.7970709671423396,-1.0549160875812267,-0.5392258467034526,0.25784512043888697
paired_difference,FbHdp,guard_minus_no_priority,grants_sent,5,-47.6,-60.96159699652759,-34.23840300347241,13.361596996527588
paired_percent,FbHdp,guard_minus_no_priority,grants_sent,5,-0.7970709671423396,-1.0549160875812267,-0.5392258467034526,0.25784512043888697
paired_difference,FbHdp,guard_minus_no_priority,gt_1MB_fct_us_mean,5,-2.516689118982197,-14.263792625913243,9.230414387948851,11.747103506931047
paired_percent,FbHdp,guard_minus_no_priority,gt_1MB_fct_us_mean,5,-0.41631776993805214,-2.6060366389747616,1.773401099098657,2.1897188690367093
paired_difference,FbHdp,guard_minus_no_priority,gt_1MB_fct_us_p95,5,-28.079070000000094,-115.35787750953435,59.19973750953417,87.27880750953426
paired_percent,FbHdp,guard_minus_no_priority,gt_1MB_fct_us_p95,5,-1.8817906369339348,-7.0610036765659085,3.2974224026980394,5.179213039631974
paired_difference,FbHdp,guard_minus_no_priority,gt_1MB_fct_us_p99,5,-70.03747400000061,-239.82840141475288,99.75345341475163,169.79092741475225
paired_percent,FbHdp,guard_minus_no_priority,gt_1MB_fct_us_p99,5,-2.3318639462184834,-7.858043447154876,3.1943155547179094,5.526179500936393
paired_difference,FbHdp,guard_minus_no_priority,gt_1MB_flow_count,5,0.0,0.0,0.0,0.0
paired_percent,FbHdp,guard_minus_no_priority,gt_1MB_flow_count,5,0.0,0.0,0.0,0.0
paired_difference,FbHdp,guard_minus_no_priority,gt_1MB_slowdown_mean,5,-0.0180333693097225,-0.09665853255100941,0.0605917939315644,0.0786251632412869
paired_percent,FbHdp,guard_minus_no_priority,gt_1MB_slowdown_mean,5,-0.8651870617186945,-5.187652558026656,3.4572784345892664,4.322465496307961
paired_difference,FbHdp,guard_minus_no_priority,gt_1MB_slowdown_p95,5,0.09167282170605154,0.022872136695595,0.16047350671650806,0.06880068501045654
paired_percent,FbHdp,guard_minus_no_priority,gt_1MB_slowdown_p95,5,3.1755994192946977,0.9983872497104924,5.352811588878903,2.1772121695842053
paired_difference,FbHdp,guard_minus_no_priority,gt_1MB_slowdown_p99,5,-0.24301219890677536,-1.0588294623086776,0.5728050644951269,0.8158172634019023
paired_percent,FbHdp,guard_minus_no_priority,gt_1MB_slowdown_p99,5,-3.0046128317028336,-16.07606348238963,10.066837818983963,13.071450650686796
paired_difference,FbHdp,guard_minus_no_priority,guard_ack_interval_packets,5,0.0,0.0,0.0,0.0
paired_percent,FbHdp,guard_minus_no_priority,guard_ack_interval_packets,5,0.0,0.0,0.0,0.0
paired_difference,FbHdp,guard_minus_no_priority,guard_adaptive_grant_updates,5,0.0,0.0,0.0,0.0
paired_difference,FbHdp,guard_minus_no_priority,guard_fixed_window,5,0.0,0.0,0.0,0.0
paired_percent,FbHdp,guard_minus_no_priority,guard_fixed_window,5,0.0,0.0,0.0,0.0
paired_difference,FbHdp,guard_minus_no_priority,guard_grant_refresh_bdps,5,0.0,0.0,0.0,0.0
paired_percent,FbHdp,guard_minus_no_priority,guard_grant_refresh_bdps,5,0.0,0.0,0.0,0.0
paired_difference,FbHdp,guard_minus_no_priority,guard_long_acks_suppressed,5,0.0,0.0,0.0,0.0
paired_percent,FbHdp,guard_minus_no_priority,guard_long_acks_suppressed,5,0.0,0.0,0.0,0.0
paired_difference,FbHdp,guard_minus_no_priority,guard_min_share_fraction,5,0.0,0.0,0.0,0.0
paired_difference,FbHdp,guard_minus_no_priority,guard_one_rtt_acks_suppressed,5,0.0,0.0,0.0,0.0
paired_percent,FbHdp,guard_minus_no_priority,guard_one_rtt_acks_suppressed,5,0.0,0.0,0.0,0.0
paired_difference,FbHdp,guard_minus_no_priority,guard_one_rtt_bypass_enabled,5,0.0,0.0,0.0,0.0
paired_percent,FbHdp,guard_minus_no_priority,guard_one_rtt_bypass_enabled,5,0.0,0.0,0.0,0.0
paired_difference,FbHdp,guard_minus_no_priority,guard_one_rtt_bypass_feedbacks,5,0.0,0.0,0.0,0.0
paired_percent,FbHdp,guard_minus_no_priority,guard_one_rtt_bypass_feedbacks,5,0.0,0.0,0.0,0.0
paired_difference,FbHdp,guard_minus_no_priority,guard_one_rtt_bypass_flows,5,0.0,0.0,0.0,0.0
paired_percent,FbHdp,guard_minus_no_priority,guard_one_rtt_bypass_flows,5,0.0,0.0,0.0,0.0
paired_difference,FbHdp,guard_minus_no_priority,guard_rebalance_events,5,0.0,0.0,0.0,0.0
paired_difference,FbHdp,guard_minus_no_priority,guard_remaining_aware,5,0.0,0.0,0.0,0.0
paired_percent,FbHdp,guard_minus_no_priority,guard_remaining_aware,5,0.0,0.0,0.0,0.0
paired_difference,FbHdp,guard_minus_no_priority,guard_remaining_exponent,5,0.0,0.0,0.0,0.0
paired_percent,FbHdp,guard_minus_no_priority,guard_remaining_exponent,5,0.0,0.0,0.0,0.0
paired_difference,FbHdp,guard_minus_no_priority,guard_remaining_refresh_events,5,-10.2,-13.16443216506662,-7.235567834933379,2.9644321650666203
paired_percent,FbHdp,guard_minus_no_priority,guard_remaining_refresh_events,5,-0.21006301391685836,-0.2724182136449019,-0.14770781418881485,0.06235519972804351
paired_difference,FbHdp,guard_minus_no_priority,guard_sender_srpt_enabled,5,0.0,0.0,0.0,0.0
paired_percent,FbHdp,guard_minus_no_priority,guard_sender_srpt_enabled,5,0.0,0.0,0.0,0.0
paired_difference,FbHdp,guard_minus_no_priority,guard_sender_srpt_forced_rr,5,14.6,1.919211963501306,27.28078803649869,12.680788036498694
paired_percent,FbHdp,guard_minus_no_priority,guard_sender_srpt_forced_rr,5,16.686223580341228,-0.13448522772835503,33.50693238841081,16.820708808069583
paired_difference,FbHdp,guard_minus_no_priority,guard_sender_srpt_non_rr,5,524.2,-640.9233372522367,1689.3233372522368,1165.1233372522368
paired_percent,FbHdp,guard_minus_no_priority,guard_sender_srpt_non_rr,5,1.6401519497069597,-1.8141471744952629,5.094451073909182,3.4542991242022225
paired_difference,FbHdp,guard_minus_no_priority,guard_sender_srpt_selections,5,0.0,0.0,0.0,0.0
paired_percent,FbHdp,guard_minus_no_priority,guard_sender_srpt_selections,5,0.0,0.0,0.0,0.0
paired_difference,FbHdp,guard_minus_no_priority,guard_srpt_quantum_packets,5,0.0,0.0,0.0,0.0
paired_percent,FbHdp,guard_minus_no_priority,guard_srpt_quantum_packets,5,0.0,0.0,0.0,0.0
paired_difference,FbHdp,guard_minus_no_priority,guard_tail_bypass_bdps,5,0.0,0.0,0.0,0.0
paired_percent,FbHdp,guard_minus_no_priority,guard_tail_bypass_bdps,5,0.0,0.0,0.0,0.0
paired_difference,FbHdp,guard_minus_no_priority,guard_tail_bypass_enabled,5,0.0,0.0,0.0,0.0
paired_percent,FbHdp,guard_minus_no_priority,guard_tail_bypass_enabled,5,0.0,0.0,0.0,0.0
paired_difference,FbHdp,guard_minus_no_priority,guard_tail_bypass_feedbacks,5,-1.2,-3.4211560841582385,1.0211560841582388,2.2211560841582387
paired_percent,FbHdp,guard_minus_no_priority,guard_tail_bypass_feedbacks,5,-0.007173194578863474,-0.02088562635418302,0.0065392371964560735,0.013712431775319547
paired_difference,FbHdp,guard_minus_no_priority,guard_tail_bypass_flows,5,0.0,0.0,0.0,0.0
paired_percent,FbHdp,guard_minus_no_priority,guard_tail_bypass_flows,5,0.0,0.0,0.0,0.0
paired_difference,FbHdp,guard_minus_no_priority,hpcc_actual_rate_changes,5,-44.2,-66.7285895314403,-21.6714104685597,22.528589531440304
paired_percent,FbHdp,guard_minus_no_priority,hpcc_actual_rate_changes,5,-8.89756201771058,-14.387550326490114,-3.4075737089310465,5.489988308779534
paired_difference,FbHdp,guard_minus_no_priority,hpcc_fast_computations,5,0.0,0.0,0.0,0.0
paired_difference,FbHdp,guard_minus_no_priority,hpcc_feedback_updates,5,-66.4,-108.33810911144973,-24.461890888550286,41.93810911144972
paired_percent,FbHdp,guard_minus_no_priority,hpcc_feedback_updates,5,-1.4678959243330578,-2.284781576544574,-0.6510102721215416,0.8168856522115162
paired_difference,FbHdp,guard_minus_no_priority,hpcc_full_computations,5,-42.0,-72.2364942456987,-11.763505754301306,30.236494245698694
paired_percent,FbHdp,guard_minus_no_priority,hpcc_full_computations,5,-2.8145858965199215,-4.859998640298132,-0.7691731527417107,2.045412743778211
paired_difference,FbHdp,guard_minus_no_priority,hpcc_rate_updates_applied,5,-42.0,-72.2364942456987,-11.763505754301306,30.236494245698694
paired_percent,FbHdp,guard_minus_no_priority,hpcc_rate_updates_applied,5,-2.8145858965199215,-4.859998640298132,-0.7691731527417107,2.045412743778211
paired_difference,FbHdp,guard_minus_no_priority,hpcc_valid_feedback,5,-42.0,-72.2364942456987,-11.763505754301306,30.236494245698694
paired_percent,FbHdp,guard_minus_no_priority,hpcc_valid_feedback,5,-2.709344462357289,-4.6831162263568,-0.7355726983577777,1.9737717639995114
paired_difference,FbHdp,guard_minus_no_priority,int_hops_after_strip,5,0.0,0.0,0.0,0.0
paired_percent,FbHdp,guard_minus_no_priority,int_hops_after_strip,5,0.0,0.0,0.0,0.0
paired_difference,FbHdp,guard_minus_no_priority,int_hops_before_strip,5,0.0,0.0,0.0,0.0
paired_percent,FbHdp,guard_minus_no_priority,int_hops_before_strip,5,0.0,0.0,0.0,0.0
paired_difference,FbHdp,guard_minus_no_priority,int_records_stripped,5,0.0,0.0,0.0,0.0
paired_percent,FbHdp,guard_minus_no_priority,int_records_stripped,5,0.0,0.0,0.0,0.0
paired_difference,FbHdp,guard_minus_no_priority,irn_nacks_generated,5,0.0,0.0,0.0,0.0
paired_difference,FbHdp,guard_minus_no_priority,irn_nacks_received,5,0.0,0.0,0.0,0.0
paired_difference,FbHdp,guard_minus_no_priority,irn_retransmit_bytes,5,0.0,0.0,0.0,0.0
paired_difference,FbHdp,guard_minus_no_priority,irn_retransmit_packets,5,0.0,0.0,0.0,0.0
paired_difference,FbHdp,guard_minus_no_priority,le_8KB_fct_us_mean,5,-1.15362758722859,-1.3821861139078384,-0.9250690605493416,0.2285585266792484
paired_percent,FbHdp,guard_minus_no_priority,le_8KB_fct_us_mean,5,-15.193724651860904,-17.794111215304138,-12.593338088417669,2.600386563443235
paired_difference,FbHdp,guard_minus_no_priority,le_8KB_fct_us_p95,5,-9.256720000000001,-10.421689362815076,-8.091750637184926,1.1649693628150757
paired_percent,FbHdp,guard_minus_no_priority,le_8KB_fct_us_p95,5,-51.87187558535372,-54.82245658433083,-48.92129458637661,2.9505809989771095
paired_difference,FbHdp,guard_minus_no_priority,le_8KB_fct_us_p99,5,-17.528969999999987,-19.727450254857466,-15.33048974514251,2.1984802548574773
paired_percent,FbHdp,guard_minus_no_priority,le_8KB_fct_us_p99,5,-66.24686402604837,-69.06439098217021,-63.42933706992653,2.8175269561218377
paired_difference,FbHdp,guard_minus_no_priority,le_8KB_flow_count,5,0.0,0.0,0.0,0.0
paired_percent,FbHdp,guard_minus_no_priority,le_8KB_flow_count,5,0.0,0.0,0.0,0.0
paired_difference,FbHdp,guard_minus_no_priority,le_8KB_slowdown_mean,5,-0.13817337294945684,-0.16508757167788446,-0.11125917422102921,0.026914198728427628
paired_percent,FbHdp,guard_minus_no_priority,le_8KB_slowdown_mean,5,-12.087268291164236,-14.171915516831703,-10.002621065496768,2.0846472256674677
paired_difference,FbHdp,guard_minus_no_priority,le_8KB_slowdown_p95,5,-1.1083100181079786,-1.2472777961082162,-0.969342240107741,0.1389677780002376
paired_percent,FbHdp,guard_minus_no_priority,le_8KB_slowdown_p95,5,-52.07205707994491,-55.01237983215788,-49.13173432773194,2.9403227522129725
paired_difference,FbHdp,guard_minus_no_priority,le_8KB_slowdown_p99,5,-2.130980085618539,-2.3907548767930416,-1.8712052944440365,0.2597747911745024
paired_percent,FbHdp,guard_minus_no_priority,le_8KB_slowdown_p99,5,-67.40952667803604,-70.136042795792,-64.6830105602801,2.7265161177559505
paired_difference,FbHdp,guard_minus_no_priority,long_to_small_slowdown_mean_ratio,5,0.17718334638244482,0.13267485897543566,0.22169183378945398,0.04450848740700917
paired_percent,FbHdp,guard_minus_no_priority,long_to_small_slowdown_mean_ratio,5,12.758738467093952,8.90146832496303,16.616008609224874,3.857270142130922
paired_difference,FbHdp,guard_minus_no_priority,max_active_flows,5,0.0,0.0,0.0,0.0
paired_percent,FbHdp,guard_minus_no_priority,max_active_flows,5,0.0,0.0,0.0,0.0
paired_difference,FbHdp,guard_minus_no_priority,overall_fct_us_mean,5,-1.8364783949943786,-2.3955448414823106,-1.2774119485064463,0.5590664464879322
paired_percent,FbHdp,guard_minus_no_priority,overall_fct_us_mean,5,-7.315381005216684,-8.8722404369827,-5.758521573450667,1.5568594317660167
paired_difference,FbHdp,guard_minus_no_priority,overall_fct_us_p95,5,-13.289990000000023,-15.600598890465527,-10.979381109534518,2.3106088904655047
paired_percent,FbHdp,guard_minus_no_priority,overall_fct_us_p95,5,-27.515365170504232,-30.704736246918962,-24.325994094089502,3.18937107641473
paired_difference,FbHdp,guard_minus_no_priority,overall_fct_us_p99,5,8.27264599999935,-2.012720187531748,18.558012187530448,10.285366187531098
paired_percent,FbHdp,guard_minus_no_priority,overall_fct_us_p99,5,1.8067268046851193,-0.3021934145379279,3.9156470239081664,2.108920219223047
paired_difference,FbHdp,guard_minus_no_priority,overall_flow_count,5,0.0,0.0,0.0,0.0
paired_percent,FbHdp,guard_minus_no_priority,overall_flow_count,5,0.0,0.0,0.0,0.0
paired_difference,FbHdp,guard_minus_no_priority,overall_slowdown_mean,5,-0.14989299888218688,-0.1793022696618057,-0.12048372810256805,0.029409270779618836
paired_percent,FbHdp,guard_minus_no_priority,overall_slowdown_mean,5,-12.59575023738806,-14.741855809510007,-10.449644665266113,2.146105572121946
paired_difference,FbHdp,guard_minus_no_priority,overall_slowdown_p95,5,-1.0330232764091245,-1.166028653335736,-0.9000178994825129,0.13300537692661163
paired_percent,FbHdp,guard_minus_no_priority,overall_slowdown_p95,5,-47.7886465437946,-50.462796087668046,-45.11449699992115,2.6741495438734466
paired_difference,FbHdp,guard_minus_no_priority,overall_slowdown_p99,5,-1.342549837604399,-1.6546280828828228,-1.030471592325975,0.3120782452784238
paired_percent,FbHdp,guard_minus_no_priority,overall_slowdown_p99,5,-42.76410633676086,-48.679184052098435,-36.84902862142329,5.915077715337573
paired_difference,FbHdp,guard_minus_no_priority,pfc_pause_events,5,0.0,0.0,0.0,0.0
paired_difference,FbHdp,guard_minus_no_priority,pfc_resume_events,5,0.0,0.0,0.0,0.0
paired_difference,FbHdp,guard_minus_no_priority,proactive_releases,5,0.0,0.0,0.0,0.0
paired_percent,FbHdp,guard_minus_no_priority,proactive_releases,5,0.0,0.0,0.0,0.0
paired_difference,FbHdp,guard_minus_no_priority,queue_bytes_max,5,-67102.4,-162196.7453022263,27991.94530222632,95094.34530222631
paired_percent,FbHdp,guard_minus_no_priority,queue_bytes_max,5,-15.912637296017763,-38.04715651518863,6.221881923153109,22.134519219170873
paired_difference,FbHdp,guard_minus_no_priority,queue_bytes_mean,5,-255.0186000000001,-461.0774350861124,-48.959764913887796,206.0588350861123
paired_percent,FbHdp,guard_minus_no_priority,queue_bytes_mean,5,-9.420203807780762,-16.169679303465735,-2.6707283120957914,6.749475495684971
paired_difference,FbHdp,guard_minus_no_priority,queue_bytes_p95,5,0.0,0.0,0.0,0.0
paired_difference,FbHdp,guard_minus_no_priority,queue_bytes_p99,5,-4108.2,-5639.564500537514,-2576.835499462486,1531.364500537514
paired_percent,FbHdp,guard_minus_no_priority,queue_bytes_p99,5,-3.9019466713788136,-5.5923189270228475,-2.2115744157347796,1.6903722556440337
paired_difference,FbHdp,guard_minus_no_priority,queue_sample_count,5,0.0,0.0,0.0,0.0
paired_percent,FbHdp,guard_minus_no_priority,queue_sample_count,5,0.0,0.0,0.0,0.0
paired_difference,FbHdp,guard_minus_no_priority,reactive_binding_rate_changes,5,-30.8,-53.379856963735946,-8.220143036264059,22.579856963735942
paired_percent,FbHdp,guard_minus_no_priority,reactive_binding_rate_changes,5,-6.97275795459251,-12.642900559578809,-1.30261534960621,5.6701426049862995
paired_difference,FbHdp,guard_minus_no_priority,reactive_binding_updates,5,-30.8,-53.379856963735946,-8.220143036264059,22.579856963735942
paired_percent,FbHdp,guard_minus_no_priority,reactive_binding_updates,5,-6.97275795459251,-12.642900559578809,-1.30261534960621,5.6701426049862995
paired_difference,FbHdp,guard_minus_no_priority,recovery_nacks_generated,5,0.0,0.0,0.0,0.0
paired_difference,FbHdp,guard_minus_no_priority,recovery_nacks_received,5,0.0,0.0,0.0,0.0
paired_difference,FbHdp,guard_minus_no_priority,registrations,5,0.0,0.0,0.0,0.0
paired_percent,FbHdp,guard_minus_no_priority,registrations,5,0.0,0.0,0.0,0.0
paired_difference,FbHdp,guard_minus_no_priority,selected_registrations,5,0.0,0.0,0.0,0.0
paired_percent,FbHdp,guard_minus_no_priority,selected_registrations,5,0.0,0.0,0.0,0.0
paired_difference,FbHdp,guard_minus_no_priority,tie_binding_rate_changes,5,-13.6,-18.76448642952344,-8.435513570476559,5.164486429523441
paired_percent,FbHdp,guard_minus_no_priority,tie_binding_rate_changes,5,-29.200648534180395,-35.247755425791496,-23.15354164256929,6.0471068916111035
paired_difference,FbHdp,guard_minus_no_priority,tie_binding_updates,5,4.8,-17.15674861592531,26.75674861592531,21.95674861592531
paired_percent,FbHdp,guard_minus_no_priority,tie_binding_updates,5,0.357328122420157,-2.144443902864886,2.8591001477052,2.501772025285043
paired_difference,FbHdp,guard_minus_no_priority,timeout_recoveries,5,0.0,0.0,0.0,0.0
paired_difference,FbHdp,guard_minus_no_srpt,1BDP_to_1MB_fct_us_mean,5,-2.206876275778705,-3.0020662459539027,-1.4116863056035074,0.7951899701751978
paired_percent,FbHdp,guard_minus_no_srpt,1BDP_to_1MB_fct_us_mean,5,-5.908060563635255,-7.882302048289091,-3.9338190789814185,1.974241484653836
paired_difference,FbHdp,guard_minus_no_srpt,1BDP_to_1MB_fct_us_p95,5,-3.545430000000027,-7.129201517613872,0.0383415176138171,3.5837715176138443
paired_percent,FbHdp,guard_minus_no_srpt,1BDP_to_1MB_fct_us_p95,5,-4.047337233105951,-8.59270432591,0.4980298596980983,4.5453670928040495
paired_difference,FbHdp,guard_minus_no_srpt,1BDP_to_1MB_fct_us_p99,5,-2.0349979999999563,-5.501822401045972,1.4318264010460595,3.466824401046016
paired_percent,FbHdp,guard_minus_no_srpt,1BDP_to_1MB_fct_us_p99,5,-1.3105954249072291,-3.7463073380683984,1.1251164882539402,2.4357119131611693
paired_difference,FbHdp,guard_minus_no_srpt,1BDP_to_1MB_flow_count,5,0.0,0.0,0.0,0.0
paired_percent,FbHdp,guard_minus_no_srpt,1BDP_to_1MB_flow_count,5,0.0,0.0,0.0,0.0
paired_difference,FbHdp,guard_minus_no_srpt,1BDP_to_1MB_slowdown_mean,5,-0.07734880365679246,-0.09941196686915021,-0.055285640444434715,0.022063163212357746
paired_percent,FbHdp,guard_minus_no_srpt,1BDP_to_1MB_slowdown_mean,5,-6.317308806067869,-8.000468599711324,-4.634149012424414,1.6831597936434544
paired_difference,FbHdp,guard_minus_no_srpt,1BDP_to_1MB_slowdown_p95,5,-0.3425796936807416,-0.4531704004292709,-0.2319889869322123,0.1105907067485293
paired_percent,FbHdp,guard_minus_no_srpt,1BDP_to_1MB_slowdown_p95,5,-18.339341498057546,-23.69043700330625,-12.988245992808842,5.351095505248703
paired_difference,FbHdp,guard_minus_no_srpt,1BDP_to_1MB_slowdown_p99,5,-0.37108508542399915,-0.6157467847599237,-0.1264233860880746,0.24466169933592455
paired_percent,FbHdp,guard_minus_no_srpt,1BDP_to_1MB_slowdown_p99,5,-15.08074968487513,-24.551576693763096,-5.609922675987162,9.470827008887968
paired_difference,FbHdp,guard_minus_no_srpt,8KB_to_1BDP_fct_us_mean,5,-0.5552847275349958,-0.6444660094845014,-0.4661034455854902,0.08918128194950559
paired_percent,FbHdp,guard_minus_no_srpt,8KB_to_1BDP_fct_us_mean,5,-4.603931325088552,-5.318262760667053,-3.889599889510051,0.7143314355785007
paired_difference,FbHdp,guard_minus_no_srpt,8KB_to_1BDP_fct_us_p95,5,-1.4166500000000006,-1.75891968387287,-1.0743803161271313,0.34226968387286943
paired_percent,FbHdp,guard_minus_no_srpt,8KB_to_1BDP_fct_us_p95,5,-7.983408157816664,-9.6816179289591,-6.285198386674227,1.6982097711424364
paired_difference,FbHdp,guard_minus_no_srpt,8KB_to_1BDP_fct_us_p99,5,-4.563188,-6.419308019427246,-2.707067980572755,1.8561200194272451
paired_percent,FbHdp,guard_minus_no_srpt,8KB_to_1BDP_fct_us_p99,5,-19.951993565564944,-27.120121961725644,-12.783865169404246,7.168128396160698
paired_difference,FbHdp,guard_minus_no_srpt,8KB_to_1BDP_flow_count,5,0.0,0.0,0.0,0.0
paired_percent,FbHdp,guard_minus_no_srpt,8KB_to_1BDP_flow_count,5,0.0,0.0,0.0,0.0
paired_difference,FbHdp,guard_minus_no_srpt,8KB_to_1BDP_slowdown_mean,5,-0.050208642360432695,-0.059677431142918146,-0.040739853577947245,0.009468788782485452
paired_percent,FbHdp,guard_minus_no_srpt,8KB_to_1BDP_slowdown_mean,5,-4.610106047004484,-5.429512026371073,-3.7907000676378946,0.8194059793665892
paired_difference,FbHdp,guard_minus_no_srpt,8KB_to_1BDP_slowdown_p95,5,-0.390411443429515,-0.4504094532429449,-0.3304134336160851,0.059998009813429926
paired_percent,FbHdp,guard_minus_no_srpt,8KB_to_1BDP_slowdown_p95,5,-26.304683046762516,-29.91283626505899,-22.696529828466044,3.608153218296472
paired_difference,FbHdp,guard_minus_no_srpt,8KB_to_1BDP_slowdown_p99,5,-0.36287689636285275,-0.5224577343392585,-0.203296058386447,0.15958083797640576
paired_percent,FbHdp,guard_minus_no_srpt,8KB_to_1BDP_slowdown_p99,5,-20.656513448935268,-28.36646781508756,-12.946559082782976,7.709954366152292
paired_difference,FbHdp,guard_minus_no_srpt,aggregate_goodput_gbps,5,-0.030485845286699488,-0.23578647982638998,0.17481478925299102,0.2053006345396905
paired_percent,FbHdp,guard_minus_no_srpt,aggregate_goodput_gbps,5,-0.020503015430005177,-0.1511105876357571,0.11010455677574674,0.13060757220575192
paired_difference,FbHdp,guard_minus_no_srpt,completion_releases,5,0.0,0.0,0.0,0.0
paired_difference,FbHdp,guard_minus_no_srpt,completion_span_us,5,4.140999999998167,-23.045471378818718,31.327471378815055,27.186471378816886
paired_percent,FbHdp,guard_minus_no_srpt,completion_span_us,5,0.02059584829942116,-0.11015161741319787,0.15134331401204018,0.13074746571261903
paired_difference,FbHdp,guard_minus_no_srpt,grant_binding_rate_changes,5,0.4,-1.015714776982275,1.8157147769822748,1.4157147769822749
paired_percent,FbHdp,guard_minus_no_srpt,grant_binding_rate_changes,5,-7.0,-74.95204048359338,60.95204048359338,67.95204048359338
paired_difference,FbHdp,guard_minus_no_srpt,grant_binding_updates,5,3.8,-1.849230065045325,9.449230065045324,5.649230065045325
paired_percent,FbHdp,guard_minus_no_srpt,grant_binding_updates,5,3.0395057503623537,-2.2098357977795207,8.288847298504228,5.249341548141874
paired_difference,FbHdp,guard_minus_no_srpt,grant_bytes_sent,5,-2256.0,-4858.017043960708,346.0170439607077,2602.0170439607077
paired_percent,FbHdp,guard_minus_no_srpt,grant_bytes_sent,5,-0.4097697587365869,-0.8696602396080073,0.05012072213483354,0.4598904808714204
paired_difference,FbHdp,guard_minus_no_srpt,grant_event_rate_changes,5,-15.4,-37.74305276948901,6.943052769489013,22.343052769489013
paired_percent,FbHdp,guard_minus_no_srpt,grant_event_rate_changes,5,-1.4428806181327194,-3.2916691590518212,0.4059079227863822,1.8487885409191016
paired_difference,FbHdp,guard_minus_no_srpt,grants_received,5,-24.0,-51.68103238256073,3.6810323825607263,27.681032382560726
paired_percent,FbHdp,guard_minus_no_srpt,grants_received,5,-0.4097697587365869,-0.8696602396080073,0.05012072213483354,0.4598904808714204
paired_difference,FbHdp,guard_minus_no_srpt,grants_sent,5,-24.0,-51.68103238256073,3.6810323825607263,27.681032382560726
paired_percent,FbHdp,guard_minus_no_srpt,grants_sent,5,-0.4097697587365869,-0.8696602396080073,0.05012072213483354,0.4598904808714204
paired_difference,FbHdp,guard_minus_no_srpt,gt_1MB_fct_us_mean,5,-9.491829235517207,-17.651274320298995,-1.3323841507354182,8.159445084781789
paired_percent,FbHdp,guard_minus_no_srpt,gt_1MB_fct_us_mean,5,-1.9330433894343773,-3.4751970009376265,-0.3908897779311278,1.5421536115032495
paired_difference,FbHdp,guard_minus_no_srpt,gt_1MB_fct_us_p95,5,-28.436940000000323,-112.19309357572637,55.319213575725726,83.75615357572605
paired_percent,FbHdp,guard_minus_no_srpt,gt_1MB_fct_us_p95,5,-1.4092980055540416,-7.8179513965617655,4.999355385453683,6.408653391007724
paired_difference,FbHdp,guard_minus_no_srpt,gt_1MB_fct_us_p99,5,-34.47190800000053,-95.74341609002327,26.79960009002221,61.27150809002274
paired_percent,FbHdp,guard_minus_no_srpt,gt_1MB_fct_us_p99,5,-1.6946110163851127,-5.1568962465055215,1.7676742137352963,3.462285230120409
paired_difference,FbHdp,guard_minus_no_srpt,gt_1MB_flow_count,5,0.0,0.0,0.0,0.0
paired_percent,FbHdp,guard_minus_no_srpt,gt_1MB_flow_count,5,0.0,0.0,0.0,0.0
paired_difference,FbHdp,guard_minus_no_srpt,gt_1MB_slowdown_mean,5,-0.03566253042668186,-0.05379560931878221,-0.017529451534581512,0.01813307889210035
paired_percent,FbHdp,guard_minus_no_srpt,gt_1MB_slowdown_mean,5,-2.1639379846147824,-3.1184398518296703,-1.2094361173998942,0.9545018672148882
paired_difference,FbHdp,guard_minus_no_srpt,gt_1MB_slowdown_p95,5,-0.06367407371871678,-0.29686549559697506,0.16951734815954153,0.2331914218782583
paired_percent,FbHdp,guard_minus_no_srpt,gt_1MB_slowdown_p95,5,-1.3551686698244207,-7.275266204081694,4.5649288644328525,5.920097534257273
paired_difference,FbHdp,guard_minus_no_srpt,gt_1MB_slowdown_p99,5,-0.08580583210610673,-0.24536533595851856,0.0737536717463051,0.15955950385241183
paired_percent,FbHdp,guard_minus_no_srpt,gt_1MB_slowdown_p99,5,-2.7788190095828944,-7.460567171203772,1.9029291520379839,4.681748161620878
paired_difference,FbHdp,guard_minus_no_srpt,guard_ack_interval_packets,5,0.0,0.0,0.0,0.0
paired_percent,FbHdp,guard_minus_no_srpt,guard_ack_interval_packets,5,0.0,0.0,0.0,0.0
paired_difference,FbHdp,guard_minus_no_srpt,guard_adaptive_grant_updates,5,0.0,0.0,0.0,0.0
paired_difference,FbHdp,guard_minus_no_srpt,guard_fixed_window,5,0.0,0.0,0.0,0.0
paired_percent,FbHdp,guard_minus_no_srpt,guard_fixed_window,5,0.0,0.0,0.0,0.0
paired_difference,FbHdp,guard_minus_no_srpt,guard_grant_refresh_bdps,5,0.0,0.0,0.0,0.0
paired_percent,FbHdp,guard_minus_no_srpt,guard_grant_refresh_bdps,5,0.0,0.0,0.0,0.0
paired_difference,FbHdp,guard_minus_no_srpt,guard_long_acks_suppressed,5,0.0,0.0,0.0,0.0
paired_percent,FbHdp,guard_minus_no_srpt,guard_long_acks_suppressed,5,0.0,0.0,0.0,0.0
paired_difference,FbHdp,guard_minus_no_srpt,guard_min_share_fraction,5,0.0,0.0,0.0,0.0
paired_difference,FbHdp,guard_minus_no_srpt,guard_one_rtt_acks_suppressed,5,0.0,0.0,0.0,0.0
paired_percent,FbHdp,guard_minus_no_srpt,guard_one_rtt_acks_suppressed,5,0.0,0.0,0.0,0.0
paired_difference,FbHdp,guard_minus_no_srpt,guard_one_rtt_bypass_enabled,5,0.0,0.0,0.0,0.0
paired_percent,FbHdp,guard_minus_no_srpt,guard_one_rtt_bypass_enabled,5,0.0,0.0,0.0,0.0
paired_difference,FbHdp,guard_minus_no_srpt,guard_one_rtt_bypass_feedbacks,5,0.0,0.0,0.0,0.0
paired_percent,FbHdp,guard_minus_no_srpt,guard_one_rtt_bypass_feedbacks,5,0.0,0.0,0.0,0.0
paired_difference,FbHdp,guard_minus_no_srpt,guard_one_rtt_bypass_flows,5,0.0,0.0,0.0,0.0
paired_percent,FbHdp,guard_minus_no_srpt,guard_one_rtt_bypass_flows,5,0.0,0.0,0.0,0.0
paired_difference,FbHdp,guard_minus_no_srpt,guard_rebalance_events,5,0.0,0.0,0.0,0.0
paired_difference,FbHdp,guard_minus_no_srpt,guard_remaining_aware,5,0.0,0.0,0.0,0.0
paired_percent,FbHdp,guard_minus_no_srpt,guard_remaining_aware,5,0.0,0.0,0.0,0.0
paired_difference,FbHdp,guard_minus_no_srpt,guard_remaining_exponent,5,0.0,0.0,0.0,0.0
paired_percent,FbHdp,guard_minus_no_srpt,guard_remaining_exponent,5,0.0,0.0,0.0,0.0
paired_difference,FbHdp,guard_minus_no_srpt,guard_remaining_refresh_events,5,-16.8,-19.764432165066623,-13.83556783493338,2.9644321650666203
paired_percent,FbHdp,guard_minus_no_srpt,guard_remaining_refresh_events,5,-0.34530702277020386,-0.4061492471524327,-0.284464798387975,0.060842224382228846
paired_difference,FbHdp,guard_minus_no_srpt,guard_sender_srpt_enabled,5,1.0,1.0,1.0,0.0
paired_difference,FbHdp,guard_minus_no_srpt,guard_sender_srpt_forced_rr,5,104.8,55.27021143156828,154.32978856843172,49.52978856843172
paired_difference,FbHdp,guard_minus_no_srpt,guard_sender_srpt_non_rr,5,25850.2,15792.332053846865,35908.06794615314,10057.867946153136
paired_difference,FbHdp,guard_minus_no_srpt,guard_sender_srpt_selections,5,420213.4,405864.82846394205,434561.971536058,14348.571536057989
paired_difference,FbHdp,guard_minus_no_srpt,guard_srpt_quantum_packets,5,0.0,0.0,0.0,0.0
paired_percent,FbHdp,guard_minus_no_srpt,guard_srpt_quantum_packets,5,0.0,0.0,0.0,0.0
paired_difference,FbHdp,guard_minus_no_srpt,guard_tail_bypass_bdps,5,0.0,0.0,0.0,0.0
paired_percent,FbHdp,guard_minus_no_srpt,guard_tail_bypass_bdps,5,0.0,0.0,0.0,0.0
paired_difference,FbHdp,guard_minus_no_srpt,guard_tail_bypass_enabled,5,0.0,0.0,0.0,0.0
paired_percent,FbHdp,guard_minus_no_srpt,guard_tail_bypass_enabled,5,0.0,0.0,0.0,0.0
paired_difference,FbHdp,guard_minus_no_srpt,guard_tail_bypass_feedbacks,5,-2.6,-5.590322893890408,0.3903228938904082,2.9903228938904083
paired_percent,FbHdp,guard_minus_no_srpt,guard_tail_bypass_feedbacks,5,-0.015222090504770483,-0.03275522895631372,0.0023110479467727575,0.01753313845154324
paired_difference,FbHdp,guard_minus_no_srpt,guard_tail_bypass_flows,5,0.0,0.0,0.0,0.0
paired_percent,FbHdp,guard_minus_no_srpt,guard_tail_bypass_flows,5,0.0,0.0,0.0,0.0
paired_difference,FbHdp,guard_minus_no_srpt,hpcc_actual_rate_changes,5,-9.4,-58.83787770197443,40.03787770197443,49.43787770197443
paired_percent,FbHdp,guard_minus_no_srpt,hpcc_actual_rate_changes,5,-2.149531308871267,-10.810866501640763,6.511803883898229,8.661335192769496
paired_difference,FbHdp,guard_minus_no_srpt,hpcc_fast_computations,5,0.0,0.0,0.0,0.0
paired_difference,FbHdp,guard_minus_no_srpt,hpcc_feedback_updates,5,-136.8,-282.7454419915663,9.145441991566287,145.9454419915663
paired_percent,FbHdp,guard_minus_no_srpt,hpcc_feedback_updates,5,-2.9169089699114,-5.709025890814747,-0.12479204900805341,2.7921169209033465
paired_difference,FbHdp,guard_minus_no_srpt,hpcc_full_computations,5,-22.4,-55.2583803305958,10.458380330595801,32.8583803305958
paired_percent,FbHdp,guard_minus_no_srpt,hpcc_full_computations,5,-1.5416361144353172,-3.76826269301153,0.6849904641408955,2.2266265785762127
paired_difference,FbHdp,guard_minus_no_srpt,hpcc_rate_updates_applied,5,-22.4,-55.2583803305958,10.458380330595801,32.8583803305958
paired_percent,FbHdp,guard_minus_no_srpt,hpcc_rate_updates_applied,5,-1.5416361144353172,-3.76826269301153,0.6849904641408955,2.2266265785762127
paired_difference,FbHdp,guard_minus_no_srpt,hpcc_valid_feedback,5,-22.4,-55.2583803305958,10.458380330595801,32.8583803305958
paired_percent,FbHdp,guard_minus_no_srpt,hpcc_valid_feedback,5,-1.4829025144343535,-3.625596679238466,0.6597916503697592,2.1426941648041127
paired_difference,FbHdp,guard_minus_no_srpt,int_hops_after_strip,5,0.0,0.0,0.0,0.0
paired_percent,FbHdp,guard_minus_no_srpt,int_hops_after_strip,5,0.0,0.0,0.0,0.0
paired_difference,FbHdp,guard_minus_no_srpt,int_hops_before_strip,5,0.0,0.0,0.0,0.0
paired_percent,FbHdp,guard_minus_no_srpt,int_hops_before_strip,5,0.0,0.0,0.0,0.0
paired_difference,FbHdp,guard_minus_no_srpt,int_records_stripped,5,0.0,0.0,0.0,0.0
paired_percent,FbHdp,guard_minus_no_srpt,int_records_stripped,5,0.0,0.0,0.0,0.0
paired_difference,FbHdp,guard_minus_no_srpt,irn_nacks_generated,5,0.0,0.0,0.0,0.0
paired_difference,FbHdp,guard_minus_no_srpt,irn_nacks_received,5,0.0,0.0,0.0,0.0
paired_difference,FbHdp,guard_minus_no_srpt,irn_retransmit_bytes,5,0.0,0.0,0.0,0.0
paired_difference,FbHdp,guard_minus_no_srpt,irn_retransmit_packets,5,0.0,0.0,0.0,0.0
paired_difference,FbHdp,guard_minus_no_srpt,le_8KB_fct_us_mean,5,-0.0032959974806770374,-0.005391886999147574,-0.0012001079622065008,0.0020958895184705366
paired_percent,FbHdp,guard_minus_no_srpt,le_8KB_fct_us_mean,5,-0.05118767959274003,-0.08326477910086344,-0.019110580084616628,0.0320770995081234
paired_difference,FbHdp,guard_minus_no_srpt,le_8KB_fct_us_p95,5,-0.00619000000000014,-0.013648308833990127,0.001268308833989847,0.007458308833989987
paired_percent,FbHdp,guard_minus_no_srpt,le_8KB_fct_us_p95,5,-0.07224524708416051,-0.15931217112881496,0.014821676960493954,0.08706692404465446
paired_difference,FbHdp,guard_minus_no_srpt,le_8KB_fct_us_p99,5,-0.013224000000001013,-0.050925052117648695,0.02447705211764667,0.03770105211764768
paired_percent,FbHdp,guard_minus_no_srpt,le_8KB_fct_us_p99,5,-0.14782574307548224,-0.569328737509195,0.2736772513582305,0.42150299443371275
paired_difference,FbHdp,guard_minus_no_srpt,le_8KB_flow_count,5,0.0,0.0,0.0,0.0
paired_percent,FbHdp,guard_minus_no_srpt,le_8KB_flow_count,5,0.0,0.0,0.0,0.0
paired_difference,FbHdp,guard_minus_no_srpt,le_8KB_slowdown_mean,5,-0.000468346104812456,-0.0007493987635607993,-0.00018729344606411262,0.00028105265874834337
paired_percent,FbHdp,guard_minus_no_srpt,le_8KB_slowdown_mean,5,-0.04669105045479145,-0.07469483615388063,-0.018687264755702277,0.028003785699089175
paired_difference,FbHdp,guard_minus_no_srpt,le_8KB_slowdown_p95,5,-0.001514133267954687,-0.00243248631975104,-0.0005957802161583343,0.0009183530517963528
paired_percent,FbHdp,guard_minus_no_srpt,le_8KB_slowdown_p95,5,-0.14877127661410244,-0.2388907571480825,-0.05865179608012237,0.09011948053398007
paired_difference,FbHdp,guard_minus_no_srpt,le_8KB_slowdown_p99,5,-0.005039083170584125,-0.010690416909628634,0.0006122505684603855,0.00565133373904451
paired_percent,FbHdp,guard_minus_no_srpt,le_8KB_slowdown_p99,5,-0.487729222215021,-1.0316553828820365,0.05619693845199458,0.5439261606670156
paired_difference,FbHdp,guard_minus_no_srpt,long_to_small_slowdown_mean_ratio,5,-0.0348030715342571,-0.05252244388940497,-0.01708369917910924,0.017719372355147863
paired_percent,FbHdp,guard_minus_no_srpt,long_to_small_slowdown_mean_ratio,5,-2.118316803136577,-3.0567798066482275,-1.1798537996249263,0.9384630035116507
paired_difference,FbHdp,guard_minus_no_srpt,max_active_flows,5,0.0,0.0,0.0,0.0
paired_percent,FbHdp,guard_minus_no_srpt,max_active_flows,5,0.0,0.0,0.0,0.0
paired_difference,FbHdp,guard_minus_no_srpt,overall_fct_us_mean,5,-0.5514985988279036,-0.8139278041968421,-0.2890693934589652,0.26242920536893843
paired_percent,FbHdp,guard_minus_no_srpt,overall_fct_us_mean,5,-2.3186008172454557,-3.278874979572035,-1.3583266549188766,0.9602741623265791
paired_difference,FbHdp,guard_minus_no_srpt,overall_fct_us_p95,5,-4.073579999999985,-6.913401886314308,-1.2337581136856612,2.8398218863143234
paired_percent,FbHdp,guard_minus_no_srpt,overall_fct_us_p95,5,-9.897414889527294,-15.246548802558143,-4.548280976496445,5.349133913030849
paired_difference,FbHdp,guard_minus_no_srpt,overall_fct_us_p99,5,-7.871747999999229,-29.735592528041554,13.992096528043096,21.863844528042325
paired_percent,FbHdp,guard_minus_no_srpt,overall_fct_us_p99,5,-1.683637220644945,-6.005333278702266,2.638058837412376,4.321696058057321
paired_difference,FbHdp,guard_minus_no_srpt,overall_flow_count,5,0.0,0.0,0.0,0.0
paired_percent,FbHdp,guard_minus_no_srpt,overall_flow_count,5,0.0,0.0,0.0,0.0
paired_difference,FbHdp,guard_minus_no_srpt,overall_slowdown_mean,5,-0.01675449361426371,-0.02023908794319073,-0.013269899285336692,0.00348459432892702
paired_percent,FbHdp,guard_minus_no_srpt,overall_slowdown_mean,5,-1.5883364313986654,-1.9068037896064718,-1.269869073190859,0.3184673582078063
paired_difference,FbHdp,guard_minus_no_srpt,overall_slowdown_p95,5,-0.1994839476449693,-0.2371608096096744,-0.1618070856802642,0.0376768619647051
paired_percent,FbHdp,guard_minus_no_srpt,overall_slowdown_p95,5,-15.024611957907473,-17.39157356590115,-12.657650349913796,2.366961607993677
paired_difference,FbHdp,guard_minus_no_srpt,overall_slowdown_p99,5,-0.18717332622254088,-0.249186070262424,-0.12516058218265774,0.06201274403988312
paired_percent,FbHdp,guard_minus_no_srpt,overall_slowdown_p99,5,-9.541499857299645,-12.63806702142627,-6.444932693173019,3.096567164126626
paired_difference,FbHdp,guard_minus_no_srpt,pfc_pause_events,5,0.0,0.0,0.0,0.0
paired_difference,FbHdp,guard_minus_no_srpt,pfc_resume_events,5,0.0,0.0,0.0,0.0
paired_difference,FbHdp,guard_minus_no_srpt,proactive_releases,5,0.0,0.0,0.0,0.0
paired_percent,FbHdp,guard_minus_no_srpt,proactive_releases,5,0.0,0.0,0.0,0.0
paired_difference,FbHdp,guard_minus_no_srpt,queue_bytes_max,5,-38021.0,-81872.6084922771,5830.608492277104,43851.608492277104
paired_percent,FbHdp,guard_minus_no_srpt,queue_bytes_max,5,-8.8288202513367,-15.878098145074773,-1.7795423575986247,7.049277893738075
paired_difference,FbHdp,guard_minus_no_srpt,queue_bytes_mean,5,-57.47280000000001,-71.48897780399567,-43.45662219600434,14.016177803995665
paired_percent,FbHdp,guard_minus_no_srpt,queue_bytes_mean,5,-2.386288227885596,-3.4880862141706634,-1.2844902416005288,1.1017979862850673
paired_difference,FbHdp,guard_minus_no_srpt,queue_bytes_p95,5,0.0,0.0,0.0,0.0
paired_difference,FbHdp,guard_minus_no_srpt,queue_bytes_p99,5,-1744.0,-4202.598186265958,714.5981862659582,2458.5981862659582
paired_percent,FbHdp,guard_minus_no_srpt,queue_bytes_p99,5,-1.795977650319387,-4.472844546475611,0.8808892458368369,2.676866896156224
paired_difference,FbHdp,guard_minus_no_srpt,queue_sample_count,5,0.0,0.0,0.0,0.0
paired_percent,FbHdp,guard_minus_no_srpt,queue_sample_count,5,0.0,0.0,0.0,0.0
paired_difference,FbHdp,guard_minus_no_srpt,reactive_binding_rate_changes,5,-7.4,-54.41629222709319,39.61629222709319,47.01629222709319
paired_percent,FbHdp,guard_minus_no_srpt,reactive_binding_rate_changes,5,-1.9909339141036682,-11.247572352625838,7.265704524418502,9.25663843852217
paired_difference,FbHdp,guard_minus_no_srpt,reactive_binding_updates,5,-7.4,-54.41629222709319,39.61629222709319,47.01629222709319
paired_percent,FbHdp,guard_minus_no_srpt,reactive_binding_updates,5,-1.9909339141036682,-11.247572352625838,7.265704524418502,9.25663843852217
paired_difference,FbHdp,guard_minus_no_srpt,recovery_nacks_generated,5,0.0,0.0,0.0,0.0
paired_difference,FbHdp,guard_minus_no_srpt,recovery_nacks_received,5,0.0,0.0,0.0,0.0
paired_difference,FbHdp,guard_minus_no_srpt,registrations,5,0.0,0.0,0.0,0.0
paired_percent,FbHdp,guard_minus_no_srpt,registrations,5,0.0,0.0,0.0,0.0
paired_difference,FbHdp,guard_minus_no_srpt,selected_registrations,5,0.0,0.0,0.0,0.0
paired_percent,FbHdp,guard_minus_no_srpt,selected_registrations,5,0.0,0.0,0.0,0.0
paired_difference,FbHdp,guard_minus_no_srpt,tie_binding_rate_changes,5,-2.4,-8.393521251096384,3.593521251096384,5.993521251096384
paired_percent,FbHdp,guard_minus_no_srpt,tie_binding_rate_changes,5,-5.5413017965153015,-22.183957530092258,11.101353937061653,16.642655733576955
paired_difference,FbHdp,guard_minus_no_srpt,tie_binding_updates,5,-18.8,-78.56390797623098,40.963907976230985,59.76390797623098
paired_percent,FbHdp,guard_minus_no_srpt,tie_binding_updates,5,-2.4096574053258992,-9.615988987521899,4.796674176870101,7.206331582196
paired_difference,FbHdp,guard_minus_no_srpt,timeout_recoveries,5,0.0,0.0,0.0,0.0
paired_difference,FbHdp,guard_minus_no_reclaim,1BDP_to_1MB_fct_us_mean,5,0.0,0.0,0.0,0.0
paired_percent,FbHdp,guard_minus_no_reclaim,1BDP_to_1MB_fct_us_mean,5,0.0,0.0,0.0,0.0
paired_difference,FbHdp,guard_minus_no_reclaim,1BDP_to_1MB_fct_us_p95,5,0.0,0.0,0.0,0.0
paired_percent,FbHdp,guard_minus_no_reclaim,1BDP_to_1MB_fct_us_p95,5,0.0,0.0,0.0,0.0
paired_difference,FbHdp,guard_minus_no_reclaim,1BDP_to_1MB_fct_us_p99,5,0.0,0.0,0.0,0.0
paired_percent,FbHdp,guard_minus_no_reclaim,1BDP_to_1MB_fct_us_p99,5,0.0,0.0,0.0,0.0
paired_difference,FbHdp,guard_minus_no_reclaim,1BDP_to_1MB_flow_count,5,0.0,0.0,0.0,0.0
paired_percent,FbHdp,guard_minus_no_reclaim,1BDP_to_1MB_flow_count,5,0.0,0.0,0.0,0.0
paired_difference,FbHdp,guard_minus_no_reclaim,1BDP_to_1MB_slowdown_mean,5,0.0,0.0,0.0,0.0
paired_percent,FbHdp,guard_minus_no_reclaim,1BDP_to_1MB_slowdown_mean,5,0.0,0.0,0.0,0.0
paired_difference,FbHdp,guard_minus_no_reclaim,1BDP_to_1MB_slowdown_p95,5,0.0,0.0,0.0,0.0
paired_percent,FbHdp,guard_minus_no_reclaim,1BDP_to_1MB_slowdown_p95,5,0.0,0.0,0.0,0.0
paired_difference,FbHdp,guard_minus_no_reclaim,1BDP_to_1MB_slowdown_p99,5,0.0,0.0,0.0,0.0
paired_percent,FbHdp,guard_minus_no_reclaim,1BDP_to_1MB_slowdown_p99,5,0.0,0.0,0.0,0.0
paired_difference,FbHdp,guard_minus_no_reclaim,8KB_to_1BDP_fct_us_mean,5,0.0,0.0,0.0,0.0
paired_percent,FbHdp,guard_minus_no_reclaim,8KB_to_1BDP_fct_us_mean,5,0.0,0.0,0.0,0.0
paired_difference,FbHdp,guard_minus_no_reclaim,8KB_to_1BDP_fct_us_p95,5,0.0,0.0,0.0,0.0
paired_percent,FbHdp,guard_minus_no_reclaim,8KB_to_1BDP_fct_us_p95,5,0.0,0.0,0.0,0.0
paired_difference,FbHdp,guard_minus_no_reclaim,8KB_to_1BDP_fct_us_p99,5,0.0,0.0,0.0,0.0
paired_percent,FbHdp,guard_minus_no_reclaim,8KB_to_1BDP_fct_us_p99,5,0.0,0.0,0.0,0.0
paired_difference,FbHdp,guard_minus_no_reclaim,8KB_to_1BDP_flow_count,5,0.0,0.0,0.0,0.0
paired_percent,FbHdp,guard_minus_no_reclaim,8KB_to_1BDP_flow_count,5,0.0,0.0,0.0,0.0
paired_difference,FbHdp,guard_minus_no_reclaim,8KB_to_1BDP_slowdown_mean,5,0.0,0.0,0.0,0.0
paired_percent,FbHdp,guard_minus_no_reclaim,8KB_to_1BDP_slowdown_mean,5,0.0,0.0,0.0,0.0
paired_difference,FbHdp,guard_minus_no_reclaim,8KB_to_1BDP_slowdown_p95,5,0.0,0.0,0.0,0.0
paired_percent,FbHdp,guard_minus_no_reclaim,8KB_to_1BDP_slowdown_p95,5,0.0,0.0,0.0,0.0
paired_difference,FbHdp,guard_minus_no_reclaim,8KB_to_1BDP_slowdown_p99,5,0.0,0.0,0.0,0.0
paired_percent,FbHdp,guard_minus_no_reclaim,8KB_to_1BDP_slowdown_p99,5,0.0,0.0,0.0,0.0
paired_difference,FbHdp,guard_minus_no_reclaim,aggregate_goodput_gbps,5,0.0,0.0,0.0,0.0
paired_percent,FbHdp,guard_minus_no_reclaim,aggregate_goodput_gbps,5,0.0,0.0,0.0,0.0
paired_difference,FbHdp,guard_minus_no_reclaim,completion_releases,5,0.0,0.0,0.0,0.0
paired_difference,FbHdp,guard_minus_no_reclaim,completion_span_us,5,0.0,0.0,0.0,0.0
paired_percent,FbHdp,guard_minus_no_reclaim,completion_span_us,5,0.0,0.0,0.0,0.0
paired_difference,FbHdp,guard_minus_no_reclaim,grant_binding_rate_changes,5,0.0,0.0,0.0,0.0
paired_difference,FbHdp,guard_minus_no_reclaim,grant_binding_updates,5,0.0,0.0,0.0,0.0
paired_percent,FbHdp,guard_minus_no_reclaim,grant_binding_updates,5,0.0,0.0,0.0,0.0
paired_difference,FbHdp,guard_minus_no_reclaim,grant_bytes_sent,5,0.0,0.0,0.0,0.0
paired_percent,FbHdp,guard_minus_no_reclaim,grant_bytes_sent,5,0.0,0.0,0.0,0.0
paired_difference,FbHdp,guard_minus_no_reclaim,grant_event_rate_changes,5,0.0,0.0,0.0,0.0
paired_percent,FbHdp,guard_minus_no_reclaim,grant_event_rate_changes,5,0.0,0.0,0.0,0.0
paired_difference,FbHdp,guard_minus_no_reclaim,grants_received,5,0.0,0.0,0.0,0.0
paired_percent,FbHdp,guard_minus_no_reclaim,grants_received,5,0.0,0.0,0.0,0.0
paired_difference,FbHdp,guard_minus_no_reclaim,grants_sent,5,0.0,0.0,0.0,0.0
paired_percent,FbHdp,guard_minus_no_reclaim,grants_sent,5,0.0,0.0,0.0,0.0
paired_difference,FbHdp,guard_minus_no_reclaim,gt_1MB_fct_us_mean,5,0.0,0.0,0.0,0.0
paired_percent,FbHdp,guard_minus_no_reclaim,gt_1MB_fct_us_mean,5,0.0,0.0,0.0,0.0
paired_difference,FbHdp,guard_minus_no_reclaim,gt_1MB_fct_us_p95,5,0.0,0.0,0.0,0.0
paired_percent,FbHdp,guard_minus_no_reclaim,gt_1MB_fct_us_p95,5,0.0,0.0,0.0,0.0
paired_difference,FbHdp,guard_minus_no_reclaim,gt_1MB_fct_us_p99,5,0.0,0.0,0.0,0.0
paired_percent,FbHdp,guard_minus_no_reclaim,gt_1MB_fct_us_p99,5,0.0,0.0,0.0,0.0
paired_difference,FbHdp,guard_minus_no_reclaim,gt_1MB_flow_count,5,0.0,0.0,0.0,0.0
paired_percent,FbHdp,guard_minus_no_reclaim,gt_1MB_flow_count,5,0.0,0.0,0.0,0.0
paired_difference,FbHdp,guard_minus_no_reclaim,gt_1MB_slowdown_mean,5,0.0,0.0,0.0,0.0
paired_percent,FbHdp,guard_minus_no_reclaim,gt_1MB_slowdown_mean,5,0.0,0.0,0.0,0.0
paired_difference,FbHdp,guard_minus_no_reclaim,gt_1MB_slowdown_p95,5,0.0,0.0,0.0,0.0
paired_percent,FbHdp,guard_minus_no_reclaim,gt_1MB_slowdown_p95,5,0.0,0.0,0.0,0.0
paired_difference,FbHdp,guard_minus_no_reclaim,gt_1MB_slowdown_p99,5,0.0,0.0,0.0,0.0
paired_percent,FbHdp,guard_minus_no_reclaim,gt_1MB_slowdown_p99,5,0.0,0.0,0.0,0.0
paired_difference,FbHdp,guard_minus_no_reclaim,guard_ack_interval_packets,5,0.0,0.0,0.0,0.0
paired_percent,FbHdp,guard_minus_no_reclaim,guard_ack_interval_packets,5,0.0,0.0,0.0,0.0
paired_difference,FbHdp,guard_minus_no_reclaim,guard_adaptive_grant_updates,5,0.0,0.0,0.0,0.0
paired_difference,FbHdp,guard_minus_no_reclaim,guard_fixed_window,5,0.0,0.0,0.0,0.0
paired_percent,FbHdp,guard_minus_no_reclaim,guard_fixed_window,5,0.0,0.0,0.0,0.0
paired_difference,FbHdp,guard_minus_no_reclaim,guard_grant_refresh_bdps,5,0.0,0.0,0.0,0.0
paired_percent,FbHdp,guard_minus_no_reclaim,guard_grant_refresh_bdps,5,0.0,0.0,0.0,0.0
paired_difference,FbHdp,guard_minus_no_reclaim,guard_long_acks_suppressed,5,0.0,0.0,0.0,0.0
paired_percent,FbHdp,guard_minus_no_reclaim,guard_long_acks_suppressed,5,0.0,0.0,0.0,0.0
paired_difference,FbHdp,guard_minus_no_reclaim,guard_min_share_fraction,5,0.0,0.0,0.0,0.0
paired_difference,FbHdp,guard_minus_no_reclaim,guard_one_rtt_acks_suppressed,5,0.0,0.0,0.0,0.0
paired_percent,FbHdp,guard_minus_no_reclaim,guard_one_rtt_acks_suppressed,5,0.0,0.0,0.0,0.0
paired_difference,FbHdp,guard_minus_no_reclaim,guard_one_rtt_bypass_enabled,5,0.0,0.0,0.0,0.0
paired_percent,FbHdp,guard_minus_no_reclaim,guard_one_rtt_bypass_enabled,5,0.0,0.0,0.0,0.0
paired_difference,FbHdp,guard_minus_no_reclaim,guard_one_rtt_bypass_feedbacks,5,0.0,0.0,0.0,0.0
paired_percent,FbHdp,guard_minus_no_reclaim,guard_one_rtt_bypass_feedbacks,5,0.0,0.0,0.0,0.0
paired_difference,FbHdp,guard_minus_no_reclaim,guard_one_rtt_bypass_flows,5,0.0,0.0,0.0,0.0
paired_percent,FbHdp,guard_minus_no_reclaim,guard_one_rtt_bypass_flows,5,0.0,0.0,0.0,0.0
paired_difference,FbHdp,guard_minus_no_reclaim,guard_rebalance_events,5,0.0,0.0,0.0,0.0
paired_difference,FbHdp,guard_minus_no_reclaim,guard_remaining_aware,5,0.0,0.0,0.0,0.0
paired_percent,FbHdp,guard_minus_no_reclaim,guard_remaining_aware,5,0.0,0.0,0.0,0.0
paired_difference,FbHdp,guard_minus_no_reclaim,guard_remaining_exponent,5,0.0,0.0,0.0,0.0
paired_percent,FbHdp,guard_minus_no_reclaim,guard_remaining_exponent,5,0.0,0.0,0.0,0.0
paired_difference,FbHdp,guard_minus_no_reclaim,guard_remaining_refresh_events,5,0.0,0.0,0.0,0.0
paired_percent,FbHdp,guard_minus_no_reclaim,guard_remaining_refresh_events,5,0.0,0.0,0.0,0.0
paired_difference,FbHdp,guard_minus_no_reclaim,guard_sender_srpt_enabled,5,0.0,0.0,0.0,0.0
paired_percent,FbHdp,guard_minus_no_reclaim,guard_sender_srpt_enabled,5,0.0,0.0,0.0,0.0
paired_difference,FbHdp,guard_minus_no_reclaim,guard_sender_srpt_forced_rr,5,0.0,0.0,0.0,0.0
paired_percent,FbHdp,guard_minus_no_reclaim,guard_sender_srpt_forced_rr,5,0.0,0.0,0.0,0.0
paired_difference,FbHdp,guard_minus_no_reclaim,guard_sender_srpt_non_rr,5,0.0,0.0,0.0,0.0
paired_percent,FbHdp,guard_minus_no_reclaim,guard_sender_srpt_non_rr,5,0.0,0.0,0.0,0.0
paired_difference,FbHdp,guard_minus_no_reclaim,guard_sender_srpt_selections,5,0.0,0.0,0.0,0.0
paired_percent,FbHdp,guard_minus_no_reclaim,guard_sender_srpt_selections,5,0.0,0.0,0.0,0.0
paired_difference,FbHdp,guard_minus_no_reclaim,guard_srpt_quantum_packets,5,0.0,0.0,0.0,0.0
paired_percent,FbHdp,guard_minus_no_reclaim,guard_srpt_quantum_packets,5,0.0,0.0,0.0,0.0
paired_difference,FbHdp,guard_minus_no_reclaim,guard_tail_bypass_bdps,5,0.0,0.0,0.0,0.0
paired_percent,FbHdp,guard_minus_no_reclaim,guard_tail_bypass_bdps,5,0.0,0.0,0.0,0.0
paired_difference,FbHdp,guard_minus_no_reclaim,guard_tail_bypass_enabled,5,0.0,0.0,0.0,0.0
paired_percent,FbHdp,guard_minus_no_reclaim,guard_tail_bypass_enabled,5,0.0,0.0,0.0,0.0
paired_difference,FbHdp,guard_minus_no_reclaim,guard_tail_bypass_feedbacks,5,0.0,0.0,0.0,0.0
paired_percent,FbHdp,guard_minus_no_reclaim,guard_tail_bypass_feedbacks,5,0.0,0.0,0.0,0.0
paired_difference,FbHdp,guard_minus_no_reclaim,guard_tail_bypass_flows,5,0.0,0.0,0.0,0.0
paired_percent,FbHdp,guard_minus_no_reclaim,guard_tail_bypass_flows,5,0.0,0.0,0.0,0.0
paired_difference,FbHdp,guard_minus_no_reclaim,hpcc_actual_rate_changes,5,0.0,0.0,0.0,0.0
paired_percent,FbHdp,guard_minus_no_reclaim,hpcc_actual_rate_changes,5,0.0,0.0,0.0,0.0
paired_difference,FbHdp,guard_minus_no_reclaim,hpcc_fast_computations,5,0.0,0.0,0.0,0.0
paired_difference,FbHdp,guard_minus_no_reclaim,hpcc_feedback_updates,5,0.0,0.0,0.0,0.0
paired_percent,FbHdp,guard_minus_no_reclaim,hpcc_feedback_updates,5,0.0,0.0,0.0,0.0
paired_difference,FbHdp,guard_minus_no_reclaim,hpcc_full_computations,5,0.0,0.0,0.0,0.0
paired_percent,FbHdp,guard_minus_no_reclaim,hpcc_full_computations,5,0.0,0.0,0.0,0.0
paired_difference,FbHdp,guard_minus_no_reclaim,hpcc_rate_updates_applied,5,0.0,0.0,0.0,0.0
paired_percent,FbHdp,guard_minus_no_reclaim,hpcc_rate_updates_applied,5,0.0,0.0,0.0,0.0
paired_difference,FbHdp,guard_minus_no_reclaim,hpcc_valid_feedback,5,0.0,0.0,0.0,0.0
paired_percent,FbHdp,guard_minus_no_reclaim,hpcc_valid_feedback,5,0.0,0.0,0.0,0.0
paired_difference,FbHdp,guard_minus_no_reclaim,int_hops_after_strip,5,0.0,0.0,0.0,0.0
paired_percent,FbHdp,guard_minus_no_reclaim,int_hops_after_strip,5,0.0,0.0,0.0,0.0
paired_difference,FbHdp,guard_minus_no_reclaim,int_hops_before_strip,5,0.0,0.0,0.0,0.0
paired_percent,FbHdp,guard_minus_no_reclaim,int_hops_before_strip,5,0.0,0.0,0.0,0.0
paired_difference,FbHdp,guard_minus_no_reclaim,int_records_stripped,5,0.0,0.0,0.0,0.0
paired_percent,FbHdp,guard_minus_no_reclaim,int_records_stripped,5,0.0,0.0,0.0,0.0
paired_difference,FbHdp,guard_minus_no_reclaim,irn_nacks_generated,5,0.0,0.0,0.0,0.0
paired_difference,FbHdp,guard_minus_no_reclaim,irn_nacks_received,5,0.0,0.0,0.0,0.0
paired_difference,FbHdp,guard_minus_no_reclaim,irn_retransmit_bytes,5,0.0,0.0,0.0,0.0
paired_difference,FbHdp,guard_minus_no_reclaim,irn_retransmit_packets,5,0.0,0.0,0.0,0.0
paired_difference,FbHdp,guard_minus_no_reclaim,le_8KB_fct_us_mean,5,0.0,0.0,0.0,0.0
paired_percent,FbHdp,guard_minus_no_reclaim,le_8KB_fct_us_mean,5,0.0,0.0,0.0,0.0
paired_difference,FbHdp,guard_minus_no_reclaim,le_8KB_fct_us_p95,5,0.0,0.0,0.0,0.0
paired_percent,FbHdp,guard_minus_no_reclaim,le_8KB_fct_us_p95,5,0.0,0.0,0.0,0.0
paired_difference,FbHdp,guard_minus_no_reclaim,le_8KB_fct_us_p99,5,0.0,0.0,0.0,0.0
paired_percent,FbHdp,guard_minus_no_reclaim,le_8KB_fct_us_p99,5,0.0,0.0,0.0,0.0
paired_difference,FbHdp,guard_minus_no_reclaim,le_8KB_flow_count,5,0.0,0.0,0.0,0.0
paired_percent,FbHdp,guard_minus_no_reclaim,le_8KB_flow_count,5,0.0,0.0,0.0,0.0
paired_difference,FbHdp,guard_minus_no_reclaim,le_8KB_slowdown_mean,5,0.0,0.0,0.0,0.0
paired_percent,FbHdp,guard_minus_no_reclaim,le_8KB_slowdown_mean,5,0.0,0.0,0.0,0.0
paired_difference,FbHdp,guard_minus_no_reclaim,le_8KB_slowdown_p95,5,0.0,0.0,0.0,0.0
paired_percent,FbHdp,guard_minus_no_reclaim,le_8KB_slowdown_p95,5,0.0,0.0,0.0,0.0
paired_difference,FbHdp,guard_minus_no_reclaim,le_8KB_slowdown_p99,5,0.0,0.0,0.0,0.0
paired_percent,FbHdp,guard_minus_no_reclaim,le_8KB_slowdown_p99,5,0.0,0.0,0.0,0.0
paired_difference,FbHdp,guard_minus_no_reclaim,long_to_small_slowdown_mean_ratio,5,0.0,0.0,0.0,0.0
paired_percent,FbHdp,guard_minus_no_reclaim,long_to_small_slowdown_mean_ratio,5,0.0,0.0,0.0,0.0
paired_difference,FbHdp,guard_minus_no_reclaim,max_active_flows,5,0.0,0.0,0.0,0.0
paired_percent,FbHdp,guard_minus_no_reclaim,max_active_flows,5,0.0,0.0,0.0,0.0
paired_difference,FbHdp,guard_minus_no_reclaim,overall_fct_us_mean,5,0.0,0.0,0.0,0.0
paired_percent,FbHdp,guard_minus_no_reclaim,overall_fct_us_mean,5,0.0,0.0,0.0,0.0
paired_difference,FbHdp,guard_minus_no_reclaim,overall_fct_us_p95,5,0.0,0.0,0.0,0.0
paired_percent,FbHdp,guard_minus_no_reclaim,overall_fct_us_p95,5,0.0,0.0,0.0,0.0
paired_difference,FbHdp,guard_minus_no_reclaim,overall_fct_us_p99,5,0.0,0.0,0.0,0.0
paired_percent,FbHdp,guard_minus_no_reclaim,overall_fct_us_p99,5,0.0,0.0,0.0,0.0
paired_difference,FbHdp,guard_minus_no_reclaim,overall_flow_count,5,0.0,0.0,0.0,0.0
paired_percent,FbHdp,guard_minus_no_reclaim,overall_flow_count,5,0.0,0.0,0.0,0.0
paired_difference,FbHdp,guard_minus_no_reclaim,overall_slowdown_mean,5,0.0,0.0,0.0,0.0
paired_percent,FbHdp,guard_minus_no_reclaim,overall_slowdown_mean,5,0.0,0.0,0.0,0.0
paired_difference,FbHdp,guard_minus_no_reclaim,overall_slowdown_p95,5,0.0,0.0,0.0,0.0
paired_percent,FbHdp,guard_minus_no_reclaim,overall_slowdown_p95,5,0.0,0.0,0.0,0.0
paired_difference,FbHdp,guard_minus_no_reclaim,overall_slowdown_p99,5,0.0,0.0,0.0,0.0
paired_percent,FbHdp,guard_minus_no_reclaim,overall_slowdown_p99,5,0.0,0.0,0.0,0.0
paired_difference,FbHdp,guard_minus_no_reclaim,pfc_pause_events,5,0.0,0.0,0.0,0.0
paired_difference,FbHdp,guard_minus_no_reclaim,pfc_resume_events,5,0.0,0.0,0.0,0.0
paired_difference,FbHdp,guard_minus_no_reclaim,proactive_releases,5,0.0,0.0,0.0,0.0
paired_percent,FbHdp,guard_minus_no_reclaim,proactive_releases,5,0.0,0.0,0.0,0.0
paired_difference,FbHdp,guard_minus_no_reclaim,queue_bytes_max,5,0.0,0.0,0.0,0.0
paired_percent,FbHdp,guard_minus_no_reclaim,queue_bytes_max,5,0.0,0.0,0.0,0.0
paired_difference,FbHdp,guard_minus_no_reclaim,queue_bytes_mean,5,0.0,0.0,0.0,0.0
paired_percent,FbHdp,guard_minus_no_reclaim,queue_bytes_mean,5,0.0,0.0,0.0,0.0
paired_difference,FbHdp,guard_minus_no_reclaim,queue_bytes_p95,5,0.0,0.0,0.0,0.0
paired_difference,FbHdp,guard_minus_no_reclaim,queue_bytes_p99,5,0.0,0.0,0.0,0.0
paired_percent,FbHdp,guard_minus_no_reclaim,queue_bytes_p99,5,0.0,0.0,0.0,0.0
paired_difference,FbHdp,guard_minus_no_reclaim,queue_sample_count,5,0.0,0.0,0.0,0.0
paired_percent,FbHdp,guard_minus_no_reclaim,queue_sample_count,5,0.0,0.0,0.0,0.0
paired_difference,FbHdp,guard_minus_no_reclaim,reactive_binding_rate_changes,5,0.0,0.0,0.0,0.0
paired_percent,FbHdp,guard_minus_no_reclaim,reactive_binding_rate_changes,5,0.0,0.0,0.0,0.0
paired_difference,FbHdp,guard_minus_no_reclaim,reactive_binding_updates,5,0.0,0.0,0.0,0.0
paired_percent,FbHdp,guard_minus_no_reclaim,reactive_binding_updates,5,0.0,0.0,0.0,0.0
paired_difference,FbHdp,guard_minus_no_reclaim,recovery_nacks_generated,5,0.0,0.0,0.0,0.0
paired_difference,FbHdp,guard_minus_no_reclaim,recovery_nacks_received,5,0.0,0.0,0.0,0.0
paired_difference,FbHdp,guard_minus_no_reclaim,registrations,5,0.0,0.0,0.0,0.0
paired_percent,FbHdp,guard_minus_no_reclaim,registrations,5,0.0,0.0,0.0,0.0
paired_difference,FbHdp,guard_minus_no_reclaim,selected_registrations,5,0.0,0.0,0.0,0.0
paired_percent,FbHdp,guard_minus_no_reclaim,selected_registrations,5,0.0,0.0,0.0,0.0
paired_difference,FbHdp,guard_minus_no_reclaim,tie_binding_rate_changes,5,0.0,0.0,0.0,0.0
paired_percent,FbHdp,guard_minus_no_reclaim,tie_binding_rate_changes,5,0.0,0.0,0.0,0.0
paired_difference,FbHdp,guard_minus_no_reclaim,tie_binding_updates,5,0.0,0.0,0.0,0.0
paired_percent,FbHdp,guard_minus_no_reclaim,tie_binding_updates,5,0.0,0.0,0.0,0.0
paired_difference,FbHdp,guard_minus_no_reclaim,timeout_recoveries,5,0.0,0.0,0.0,0.0
paired_difference,FbHdp,guard_minus_no_one_rtt,1BDP_to_1MB_fct_us_mean,5,-0.013600864628674002,-0.04500098313672719,0.017799253879379185,0.03140011850805319
paired_percent,FbHdp,guard_minus_no_one_rtt,1BDP_to_1MB_fct_us_mean,5,-0.043587957916228035,-0.13574434568929858,0.04856842985684251,0.09215638777307054
paired_difference,FbHdp,guard_minus_no_one_rtt,1BDP_to_1MB_fct_us_p95,5,-0.00625,-0.022285623043248458,0.009785623043248455,0.016035623043248456
paired_percent,FbHdp,guard_minus_no_one_rtt,1BDP_to_1MB_fct_us_p95,5,-0.00654049982395921,-0.023968989131140997,0.010887989483222575,0.017428489307181785
paired_difference,FbHdp,guard_minus_no_one_rtt,1BDP_to_1MB_fct_us_p99,5,-0.0758760000000052,-0.26589078119270526,0.11413878119269484,0.19001478119270004
paired_percent,FbHdp,guard_minus_no_one_rtt,1BDP_to_1MB_fct_us_p99,5,-0.0388509027199461,-0.13375805503345317,0.05605624959356096,0.09490715231350706
paired_difference,FbHdp,guard_minus_no_one_rtt,1BDP_to_1MB_flow_count,5,0.0,0.0,0.0,0.0
paired_percent,FbHdp,guard_minus_no_one_rtt,1BDP_to_1MB_flow_count,5,0.0,0.0,0.0,0.0
paired_difference,FbHdp,guard_minus_no_one_rtt,1BDP_to_1MB_slowdown_mean,5,-0.0005575852117354785,-0.0017466335234856305,0.0006314631000146735,0.001189048311750152
paired_percent,FbHdp,guard_minus_no_one_rtt,1BDP_to_1MB_slowdown_mean,5,-0.0491704119306317,-0.1524428629991674,0.054102039137904005,0.1032724510685357
paired_difference,FbHdp,guard_minus_no_one_rtt,1BDP_to_1MB_slowdown_p95,5,0.00051196300685592,-0.0037755632159705357,0.004799489229682376,0.004287526222826456
paired_percent,FbHdp,guard_minus_no_one_rtt,1BDP_to_1MB_slowdown_p95,5,0.03430924716078101,-0.2542468328351371,0.3228653271566991,0.2885560799959181
paired_difference,FbHdp,guard_minus_no_one_rtt,1BDP_to_1MB_slowdown_p99,5,-0.007454185255049195,-0.02699573564234727,0.012087365132248878,0.019541550387298073
paired_percent,FbHdp,guard_minus_no_one_rtt,1BDP_to_1MB_slowdown_p99,5,-0.3117063900479609,-1.1146696789507593,0.49125689885483753,0.8029632889027984
paired_difference,FbHdp,guard_minus_no_one_rtt,8KB_to_1BDP_fct_us_mean,5,-0.003840194550560483,-0.010502738415965501,0.0028223493148445355,0.006662543865405018
paired_percent,FbHdp,guard_minus_no_one_rtt,8KB_to_1BDP_fct_us_mean,5,-0.033726857335126974,-0.09266876093088555,0.02521504626063161,0.058941903595758585
paired_difference,FbHdp,guard_minus_no_one_rtt,8KB_to_1BDP_fct_us_p95,5,-0.04511999999999929,-0.12746027187749057,0.03722027187749199,0.08234027187749128
paired_percent,FbHdp,guard_minus_no_one_rtt,8KB_to_1BDP_fct_us_p95,5,-0.27318813859237656,-0.7723996634851051,0.22602338630035196,0.4992115248927285
paired_difference,FbHdp,guard_minus_no_one_rtt,8KB_to_1BDP_fct_us_p99,5,0.06478600000000227,-0.08656741743271963,0.2161394174327242,0.1513534174327219
paired_percent,FbHdp,guard_minus_no_one_rtt,8KB_to_1BDP_fct_us_p99,5,0.37082459025643966,-0.48865399326323844,1.2303031737761176,0.8594785835196781
paired_difference,FbHdp,guard_minus_no_one_rtt,8KB_to_1BDP_flow_count,5,0.0,0.0,0.0,0.0
paired_percent,FbHdp,guard_minus_no_one_rtt,8KB_to_1BDP_flow_count,5,0.0,0.0,0.0,0.0
paired_difference,FbHdp,guard_minus_no_one_rtt,8KB_to_1BDP_slowdown_mean,5,-0.00037735850147044834,-0.0009874227169921856,0.00023270571405128884,0.0006100642155217372
paired_percent,FbHdp,guard_minus_no_one_rtt,8KB_to_1BDP_slowdown_mean,5,-0.03618089392097978,-0.09441538801207469,0.022053600170115137,0.058234494091094914
paired_difference,FbHdp,guard_minus_no_one_rtt,8KB_to_1BDP_slowdown_p95,5,-0.005305635525487773,-0.016598064720666085,0.0059867936696905415,0.011292429195178314
paired_percent,FbHdp,guard_minus_no_one_rtt,8KB_to_1BDP_slowdown_p95,5,-0.4790397028890654,-1.496508431892992,0.5384290261148612,1.0174687290039266
paired_difference,FbHdp,guard_minus_no_one_rtt,8KB_to_1BDP_slowdown_p99,5,-0.004813050987553113,-0.0192469949012517,0.009620892926145475,0.014433943913698588
paired_percent,FbHdp,guard_minus_no_one_rtt,8KB_to_1BDP_slowdown_p99,5,-0.3157847440255405,-1.274944109202649,0.6433746211515681,0.9591593651771085
paired_difference,FbHdp,guard_minus_no_one_rtt,aggregate_goodput_gbps,5,0.00441346954544315,-0.01827379213684986,0.027100731227736156,0.022687261682293007
paired_percent,FbHdp,guard_minus_no_one_rtt,aggregate_goodput_gbps,5,0.002623402985568446,-0.011401410839319216,0.016648216810456105,0.01402481382488766
paired_difference,FbHdp,guard_minus_no_one_rtt,completion_releases,5,0.0,0.0,0.0,0.0
paired_difference,FbHdp,guard_minus_no_one_rtt,completion_span_us,5,-0.561600000000908,-3.510882991710824,2.387682991709008,2.949282991709916
paired_percent,FbHdp,guard_minus_no_one_rtt,completion_span_us,5,-0.0026223137130745523,-0.016644799492798994,0.01140017206664989,0.014022485779724442
paired_difference,FbHdp,guard_minus_no_one_rtt,grant_binding_rate_changes,5,0.2,-0.8388506336835697,1.2388506336835696,1.0388506336835697
paired_difference,FbHdp,guard_minus_no_one_rtt,grant_binding_updates,5,4.4,-1.1943818723821362,9.994381872382137,5.594381872382137
paired_percent,FbHdp,guard_minus_no_one_rtt,grant_binding_updates,5,3.850077160819012,-0.8511362374925167,8.55129055913054,4.701213398311529
paired_difference,FbHdp,guard_minus_no_one_rtt,grant_bytes_sent,5,225.6,-238.3385770192426,689.5385770192426,463.9385770192426
paired_percent,FbHdp,guard_minus_no_one_rtt,grant_bytes_sent,5,0.03921995271166394,-0.03986837547023088,0.11830828089355876,0.07908832818189482
paired_difference,FbHdp,guard_minus_no_one_rtt,grant_event_rate_changes,5,8.6,-9.104056150659636,26.304056150659633,17.704056150659635
paired_percent,FbHdp,guard_minus_no_one_rtt,grant_event_rate_changes,5,0.7271479837919592,-0.58018456600778,2.0344805335916982,1.3073325497997392
paired_difference,FbHdp,guard_minus_no_one_rtt,grants_received,5,2.4,-2.535516776800454,7.335516776800453,4.935516776800454
paired_percent,FbHdp,guard_minus_no_one_rtt,grants_received,5,0.03921995271166394,-0.03986837547023088,0.11830828089355876,0.07908832818189482
paired_difference,FbHdp,guard_minus_no_one_rtt,grants_sent,5,2.4,-2.535516776800454,7.335516776800453,4.935516776800454
paired_percent,FbHdp,guard_minus_no_one_rtt,grants_sent,5,0.03921995271166394,-0.03986837547023088,0.11830828089355876,0.07908832818189482
paired_difference,FbHdp,guard_minus_no_one_rtt,gt_1MB_fct_us_mean,5,0.0448266293624215,-0.24640936750622278,0.33606262623106575,0.29123599686864426
paired_percent,FbHdp,guard_minus_no_one_rtt,gt_1MB_fct_us_mean,5,0.011781682857405721,-0.05096620324558679,0.07452956896039822,0.0627478861029925
paired_difference,FbHdp,guard_minus_no_one_rtt,gt_1MB_fct_us_p95,5,-2.8898900000001504,-10.823010484645357,5.043230484645056,7.933120484645206
paired_percent,FbHdp,guard_minus_no_one_rtt,gt_1MB_fct_us_p95,5,-0.15203579142600296,-0.5927022445024234,0.2886306616504175,0.44066645307642044
paired_difference,FbHdp,guard_minus_no_one_rtt,gt_1MB_fct_us_p99,5,18.34160799999986,-33.437773314925174,70.12098931492488,51.77938131492503
paired_percent,FbHdp,guard_minus_no_one_rtt,gt_1MB_fct_us_p99,5,0.7351226019638804,-1.2070075289566164,2.6772527328843774,1.9421301309204968
paired_difference,FbHdp,guard_minus_no_one_rtt,gt_1MB_flow_count,5,0.0,0.0,0.0,0.0
paired_percent,FbHdp,guard_minus_no_one_rtt,gt_1MB_flow_count,5,0.0,0.0,0.0,0.0
paired_difference,FbHdp,guard_minus_no_one_rtt,gt_1MB_slowdown_mean,5,0.0006427761180206381,-0.001414190061762505,0.0026997422978037814,0.002056966179783143
paired_percent,FbHdp,guard_minus_no_one_rtt,gt_1MB_slowdown_mean,5,0.04443874860265765,-0.08418638911079099,0.17306388631610628,0.12862513771344863
paired_difference,FbHdp,guard_minus_no_one_rtt,gt_1MB_slowdown_p95,5,-0.0336420687999297,-0.28491638129717534,0.21763224369731593,0.25127431249724563
paired_percent,FbHdp,guard_minus_no_one_rtt,gt_1MB_slowdown_p95,5,-0.42163967723945983,-7.008916120402471,6.165636765923551,6.587276443163011
paired_difference,FbHdp,guard_minus_no_one_rtt,gt_1MB_slowdown_p99,5,0.10272441128701812,-0.10470594108749001,0.3101547636615263,0.20743035237450813
paired_percent,FbHdp,guard_minus_no_one_rtt,gt_1MB_slowdown_p99,5,2.41677112760975,-1.8882760190254961,6.721818274244996,4.305047146635246
paired_difference,FbHdp,guard_minus_no_one_rtt,guard_ack_interval_packets,5,0.0,0.0,0.0,0.0
paired_percent,FbHdp,guard_minus_no_one_rtt,guard_ack_interval_packets,5,0.0,0.0,0.0,0.0
paired_difference,FbHdp,guard_minus_no_one_rtt,guard_adaptive_grant_updates,5,0.0,0.0,0.0,0.0
paired_difference,FbHdp,guard_minus_no_one_rtt,guard_fixed_window,5,0.0,0.0,0.0,0.0
paired_percent,FbHdp,guard_minus_no_one_rtt,guard_fixed_window,5,0.0,0.0,0.0,0.0
paired_difference,FbHdp,guard_minus_no_one_rtt,guard_grant_refresh_bdps,5,0.0,0.0,0.0,0.0
paired_percent,FbHdp,guard_minus_no_one_rtt,guard_grant_refresh_bdps,5,0.0,0.0,0.0,0.0
paired_difference,FbHdp,guard_minus_no_one_rtt,guard_long_acks_suppressed,5,-21075.2,-22804.68605514321,-19345.71394485679,1729.4860551432091
paired_percent,FbHdp,guard_minus_no_one_rtt,guard_long_acks_suppressed,5,-5.793300500117291,-6.377169143328764,-5.209431856905818,0.5838686432114736
paired_difference,FbHdp,guard_minus_no_one_rtt,guard_min_share_fraction,5,0.0,0.0,0.0,0.0
paired_difference,FbHdp,guard_minus_no_one_rtt,guard_one_rtt_acks_suppressed,5,24594.6,22605.06046145147,26584.139538548527,1989.5395385485267
paired_difference,FbHdp,guard_minus_no_one_rtt,guard_one_rtt_bypass_enabled,5,1.0,1.0,1.0,0.0
paired_difference,FbHdp,guard_minus_no_one_rtt,guard_one_rtt_bypass_feedbacks,5,2759.2,2733.732263663569,2784.6677363364306,25.46773633643079
paired_difference,FbHdp,guard_minus_no_one_rtt,guard_one_rtt_bypass_flows,5,2759.2,2733.732263663569,2784.6677363364306,25.46773633643079
paired_difference,FbHdp,guard_minus_no_one_rtt,guard_rebalance_events,5,0.0,0.0,0.0,0.0
paired_difference,FbHdp,guard_minus_no_one_rtt,guard_remaining_aware,5,0.0,0.0,0.0,0.0
paired_percent,FbHdp,guard_minus_no_one_rtt,guard_remaining_aware,5,0.0,0.0,0.0,0.0
paired_difference,FbHdp,guard_minus_no_one_rtt,guard_remaining_exponent,5,0.0,0.0,0.0,0.0
paired_percent,FbHdp,guard_minus_no_one_rtt,guard_remaining_exponent,5,0.0,0.0,0.0,0.0
paired_difference,FbHdp,guard_minus_no_one_rtt,guard_remaining_refresh_events,5,-1.2,-2.23885063368357,-0.1611493663164303,1.0388506336835697
paired_percent,FbHdp,guard_minus_no_one_rtt,guard_remaining_refresh_events,5,-0.024701733722153462,-0.04569370622764639,-0.003709761216660532,0.02099197250549293
paired_difference,FbHdp,guard_minus_no_one_rtt,guard_sender_srpt_enabled,5,0.0,0.0,0.0,0.0
paired_percent,FbHdp,guard_minus_no_one_rtt,guard_sender_srpt_enabled,5,0.0,0.0,0.0,0.0
paired_difference,FbHdp,guard_minus_no_one_rtt,guard_sender_srpt_forced_rr,5,1.2,-0.4189317847087064,2.818931784708706,1.6189317847087064
paired_percent,FbHdp,guard_minus_no_one_rtt,guard_sender_srpt_forced_rr,5,1.275659824046921,-0.4094946990333488,2.960814347127191,1.6851545230802698
paired_difference,FbHdp,guard_minus_no_one_rtt,guard_sender_srpt_non_rr,5,-120.2,-251.95511935365874,11.555119353658725,131.75511935365873
paired_percent,FbHdp,guard_minus_no_one_rtt,guard_sender_srpt_non_rr,5,-0.41947482740070924,-0.8208373179746817,-0.018112336826736686,0.40136249057397255
paired_difference,FbHdp,guard_minus_no_one_rtt,guard_sender_srpt_selections,5,0.0,0.0,0.0,0.0
paired_percent,FbHdp,guard_minus_no_one_rtt,guard_sender_srpt_selections,5,0.0,0.0,0.0,0.0
paired_difference,FbHdp,guard_minus_no_one_rtt,guard_srpt_quantum_packets,5,0.0,0.0,0.0,0.0
paired_percent,FbHdp,guard_minus_no_one_rtt,guard_srpt_quantum_packets,5,0.0,0.0,0.0,0.0
paired_difference,FbHdp,guard_minus_no_one_rtt,guard_tail_bypass_bdps,5,0.0,0.0,0.0,0.0
paired_percent,FbHdp,guard_minus_no_one_rtt,guard_tail_bypass_bdps,5,0.0,0.0,0.0,0.0
paired_difference,FbHdp,guard_minus_no_one_rtt,guard_tail_bypass_enabled,5,0.0,0.0,0.0,0.0
paired_percent,FbHdp,guard_minus_no_one_rtt,guard_tail_bypass_enabled,5,0.0,0.0,0.0,0.0
paired_difference,FbHdp,guard_minus_no_one_rtt,guard_tail_bypass_feedbacks,5,0.2,-0.35528902103955967,0.7552890210395597,0.5552890210395597
paired_percent,FbHdp,guard_minus_no_one_rtt,guard_tail_bypass_feedbacks,5,0.0012539971158066336,-0.0022276570383068513,0.004735651269920118,0.003481654154113485
paired_difference,FbHdp,guard_minus_no_one_rtt,guard_tail_bypass_flows,5,0.0,0.0,0.0,0.0
paired_percent,FbHdp,guard_minus_no_one_rtt,guard_tail_bypass_flows,5,0.0,0.0,0.0,0.0
paired_difference,FbHdp,guard_minus_no_one_rtt,hpcc_actual_rate_changes,5,0.8,-8.873829629739534,10.473829629739535,9.673829629739535
paired_percent,FbHdp,guard_minus_no_one_rtt,hpcc_actual_rate_changes,5,0.34863936018685904,-1.5735919073722169,2.270870627745935,1.922231267559076
paired_difference,FbHdp,guard_minus_no_one_rtt,hpcc_fast_computations,5,0.0,0.0,0.0,0.0
paired_difference,FbHdp,guard_minus_no_one_rtt,hpcc_feedback_updates,5,-2799.2,-2828.771421399245,-2769.6285786007547,29.57142139924522
paired_percent,FbHdp,guard_minus_no_one_rtt,hpcc_feedback_updates,5,-38.89347066316974,-40.89788222297118,-36.8890591033683,2.004411559801439
paired_difference,FbHdp,guard_minus_no_one_rtt,hpcc_full_computations,5,-7.6,-12.613002154028703,-2.586997845971297,5.013002154028703
paired_percent,FbHdp,guard_minus_no_one_rtt,hpcc_full_computations,5,-0.542767519677593,-1.0150951413306533,-0.0704398980245326,0.47232762165306036
paired_difference,FbHdp,guard_minus_no_one_rtt,hpcc_rate_updates_applied,5,-7.6,-12.613002154028703,-2.586997845971297,5.013002154028703
paired_percent,FbHdp,guard_minus_no_one_rtt,hpcc_rate_updates_applied,5,-0.542767519677593,-1.0150951413306533,-0.0704398980245326,0.47232762165306036
paired_difference,FbHdp,guard_minus_no_one_rtt,hpcc_valid_feedback,5,-1540.4,-1614.425462555317,-1466.3745374446833,74.02546255531682
paired_percent,FbHdp,guard_minus_no_one_rtt,hpcc_valid_feedback,5,-50.412085715642114,-56.87936886720253,-43.9448025640817,6.467283151560419
paired_difference,FbHdp,guard_minus_no_one_rtt,int_hops_after_strip,5,-4897.6,-5335.213550479463,-4459.9864495205375,437.61355047946324
paired_percent,FbHdp,guard_minus_no_one_rtt,int_hops_after_strip,5,-8.032148629086494,-9.223453812753737,-6.840843445419251,1.1913051836672428
paired_difference,FbHdp,guard_minus_no_one_rtt,int_hops_before_strip,5,-8417.0,-9091.340161316004,-7742.659838683996,674.3401613160044
paired_percent,FbHdp,guard_minus_no_one_rtt,int_hops_before_strip,5,-7.188586310771728,-8.000520808704678,-6.376651812838778,0.8119344979329499
paired_difference,FbHdp,guard_minus_no_one_rtt,int_records_stripped,5,-3519.4,-3780.107456174388,-3258.692543825612,260.70745617438814
paired_percent,FbHdp,guard_minus_no_one_rtt,int_records_stripped,5,-6.290718144824046,-6.872765790355916,-5.708670499292176,0.5820476455318699
paired_difference,FbHdp,guard_minus_no_one_rtt,irn_nacks_generated,5,0.0,0.0,0.0,0.0
paired_difference,FbHdp,guard_minus_no_one_rtt,irn_nacks_received,5,0.0,0.0,0.0,0.0
paired_difference,FbHdp,guard_minus_no_one_rtt,irn_retransmit_bytes,5,0.0,0.0,0.0,0.0
paired_difference,FbHdp,guard_minus_no_one_rtt,irn_retransmit_packets,5,0.0,0.0,0.0,0.0
paired_difference,FbHdp,guard_minus_no_one_rtt,le_8KB_fct_us_mean,5,0.00017916063934571015,-0.00037656600843083025,0.0007348872871222505,0.0005557266477765404
paired_percent,FbHdp,guard_minus_no_one_rtt,le_8KB_fct_us_mean,5,0.0028406475711921526,-0.00581140688614055,0.011492702028524855,0.008652054457332702
paired_difference,FbHdp,guard_minus_no_one_rtt,le_8KB_fct_us_p95,5,0.0011199999999998767,-0.007008585394424458,0.00924858539442421,0.008128585394424334
paired_percent,FbHdp,guard_minus_no_one_rtt,le_8KB_fct_us_p95,5,0.013175605547256424,-0.08195990728351592,0.10831111837802877,0.09513551283077235
paired_difference,FbHdp,guard_minus_no_one_rtt,le_8KB_fct_us_p99,5,-0.003976000000000113,-0.013780392318837592,0.005828392318837366,0.00980439231883748
paired_percent,FbHdp,guard_minus_no_one_rtt,le_8KB_fct_us_p99,5,-0.04463171370431155,-0.15484012954217363,0.06557670213355052,0.11020841583786208
paired_difference,FbHdp,guard_minus_no_one_rtt,le_8KB_flow_count,5,0.0,0.0,0.0,0.0
paired_percent,FbHdp,guard_minus_no_one_rtt,le_8KB_flow_count,5,0.0,0.0,0.0,0.0
paired_difference,FbHdp,guard_minus_no_one_rtt,le_8KB_slowdown_mean,5,-2.1271611538864477e-06,-7.948859770274432e-05,7.523427539497143e-05,7.736143654885787e-05
paired_percent,FbHdp,guard_minus_no_one_rtt,le_8KB_slowdown_mean,5,-0.00021129551876257341,-0.007926778425993873,0.007504187388468727,0.0077154829072313
paired_difference,FbHdp,guard_minus_no_one_rtt,le_8KB_slowdown_p95,5,-0.00012231978272638777,-0.0004729848987090566,0.00022834533325628107,0.00035066511598266884
paired_percent,FbHdp,guard_minus_no_one_rtt,le_8KB_slowdown_p95,5,-0.012033812713854668,-0.046533035919193035,0.0224654104914837,0.03449922320533837
paired_difference,FbHdp,guard_minus_no_one_rtt,le_8KB_slowdown_p99,5,-1.531706782347264e-05,-0.0008619445045006473,0.000831310368853702,0.0008466274366771746
paired_percent,FbHdp,guard_minus_no_one_rtt,le_8KB_slowdown_p99,5,-0.0014670408824059601,-0.08405392125348855,0.08111983948867664,0.0825868803710826
paired_difference,FbHdp,guard_minus_no_one_rtt,long_to_small_slowdown_mean_ratio,5,0.0006472141242346741,-0.0013549575879079191,0.0026493858363772676,0.0020021717121425932
paired_percent,FbHdp,guard_minus_no_one_rtt,long_to_small_slowdown_mean_ratio,5,0.04464831639543005,-0.08098070488368972,0.1702773376745498,0.12562902127911976
paired_difference,FbHdp,guard_minus_no_one_rtt,max_active_flows,5,0.0,0.0,0.0,0.0
paired_percent,FbHdp,guard_minus_no_one_rtt,max_active_flows,5,0.0,0.0,0.0,0.0
paired_difference,FbHdp,guard_minus_no_one_rtt,overall_fct_us_mean,5,-0.0006320708847795231,-0.009582695883489476,0.008318554113930432,0.008950624998709954
paired_percent,FbHdp,guard_minus_no_one_rtt,overall_fct_us_mean,5,-0.0017612957520594542,-0.04185943193281814,0.03833684042869923,0.040098136180758685
paired_difference,FbHdp,guard_minus_no_one_rtt,overall_fct_us_p95,5,-0.007279999999996534,-0.038816481222957805,0.02425648122296474,0.03153648122296127
paired_percent,FbHdp,guard_minus_no_one_rtt,overall_fct_us_p95,5,-0.023042712592013025,-0.11003245675617256,0.0639470315721465,0.08698974416415953
paired_difference,FbHdp,guard_minus_no_one_rtt,overall_fct_us_p99,5,-0.24112200000023448,-6.022737364180845,5.540493364180376,5.7816153641806105
paired_percent,FbHdp,guard_minus_no_one_rtt,overall_fct_us_p99,5,-0.04885156081601415,-1.202389739374282,1.1046866177422539,1.153538178558268
paired_difference,FbHdp,guard_minus_no_one_rtt,overall_flow_count,5,0.0,0.0,0.0,0.0
paired_percent,FbHdp,guard_minus_no_one_rtt,overall_flow_count,5,0.0,0.0,0.0,0.0
paired_difference,FbHdp,guard_minus_no_one_rtt,overall_slowdown_mean,5,-9.789535469124644e-05,-0.00023578426196902645,3.999355258653356e-05,0.00013788890727778
paired_percent,FbHdp,guard_minus_no_one_rtt,overall_slowdown_mean,5,-0.009437352432659652,-0.022734242219073685,0.003859537353754378,0.01329688978641403
paired_difference,FbHdp,guard_minus_no_one_rtt,overall_slowdown_p95,5,-0.0002806901477440782,-0.002575252275284907,0.0020138719797967502,0.0022945621275408286
paired_percent,FbHdp,guard_minus_no_one_rtt,overall_slowdown_p95,5,-0.024305748390824777,-0.22680780274870074,0.1781963059670512,0.20250205435787597
paired_difference,FbHdp,guard_minus_no_one_rtt,overall_slowdown_p99,5,-0.0036153254232521802,-0.018223021614179366,0.010992370767675006,0.014607696190927187
paired_percent,FbHdp,guard_minus_no_one_rtt,overall_slowdown_p99,5,-0.18295753682811328,-0.9661554347156294,0.6002403610594027,0.783197897887516
paired_difference,FbHdp,guard_minus_no_one_rtt,pfc_pause_events,5,0.0,0.0,0.0,0.0
paired_difference,FbHdp,guard_minus_no_one_rtt,pfc_resume_events,5,0.0,0.0,0.0,0.0
paired_difference,FbHdp,guard_minus_no_one_rtt,proactive_releases,5,0.0,0.0,0.0,0.0
paired_percent,FbHdp,guard_minus_no_one_rtt,proactive_releases,5,0.0,0.0,0.0,0.0
paired_difference,FbHdp,guard_minus_no_one_rtt,queue_bytes_max,5,-10069.6,-43438.49214543905,23299.292145439053,33368.89214543905
paired_percent,FbHdp,guard_minus_no_one_rtt,queue_bytes_max,5,-1.792069127234902,-8.216473160503192,4.632334906033388,6.42440403326829
paired_difference,FbHdp,guard_minus_no_one_rtt,queue_bytes_mean,5,2.544600000000037,-48.06538647349828,53.154586473498355,50.60998647349832
paired_percent,FbHdp,guard_minus_no_one_rtt,queue_bytes_mean,5,0.14289290948890637,-1.598697742137025,1.8844835611148378,1.7415906516259314
paired_difference,FbHdp,guard_minus_no_one_rtt,queue_bytes_p95,5,0.0,0.0,0.0,0.0
paired_difference,FbHdp,guard_minus_no_one_rtt,queue_bytes_p99,5,-119.2,-450.1522565395776,211.75225653957762,330.9522565395776
paired_percent,FbHdp,guard_minus_no_one_rtt,queue_bytes_p99,5,-0.1144547078140303,-0.43223192109113895,0.20332250546307837,0.31777721327710867
paired_difference,FbHdp,guard_minus_no_one_rtt,queue_sample_count,5,0.0,0.0,0.0,0.0
paired_percent,FbHdp,guard_minus_no_one_rtt,queue_sample_count,5,0.0,0.0,0.0,0.0
paired_difference,FbHdp,guard_minus_no_one_rtt,reactive_binding_rate_changes,5,1.2,-5.2159315172797935,7.615931517279794,6.415931517279794
paired_percent,FbHdp,guard_minus_no_one_rtt,reactive_binding_rate_changes,5,0.48582070027397206,-1.2225437358841893,2.194185136432133,1.7083644361581614
paired_difference,FbHdp,guard_minus_no_one_rtt,reactive_binding_updates,5,1.2,-5.2159315172797935,7.615931517279794,6.415931517279794
paired_percent,FbHdp,guard_minus_no_one_rtt,reactive_binding_updates,5,0.48582070027397206,-1.2225437358841893,2.194185136432133,1.7083644361581614
paired_difference,FbHdp,guard_minus_no_one_rtt,recovery_nacks_generated,5,0.0,0.0,0.0,0.0
paired_difference,FbHdp,guard_minus_no_one_rtt,recovery_nacks_received,5,0.0,0.0,0.0,0.0
paired_difference,FbHdp,guard_minus_no_one_rtt,registrations,5,0.0,0.0,0.0,0.0
paired_percent,FbHdp,guard_minus_no_one_rtt,registrations,5,0.0,0.0,0.0,0.0
paired_difference,FbHdp,guard_minus_no_one_rtt,selected_registrations,5,0.0,0.0,0.0,0.0
paired_percent,FbHdp,guard_minus_no_one_rtt,selected_registrations,5,0.0,0.0,0.0,0.0
paired_difference,FbHdp,guard_minus_no_one_rtt,tie_binding_rate_changes,5,-0.6,-6.46349447879919,5.263494478799191,5.863494478799191
paired_percent,FbHdp,guard_minus_no_one_rtt,tie_binding_rate_changes,5,-1.795162509448224,-15.358523884706933,11.768198865810486,13.56336137525871
paired_difference,FbHdp,guard_minus_no_one_rtt,tie_binding_updates,5,-13.2,-19.96678399889713,-6.433216001102866,6.766783998897133
paired_percent,FbHdp,guard_minus_no_one_rtt,tie_binding_updates,5,-1.4421756154995038,-2.0601411586685012,-0.8242100723305061,0.6179655431689977
paired_difference,FbHdp,guard_minus_no_one_rtt,timeout_recoveries,5,0.0,0.0,0.0,0.0
paired_difference,FbHdp,guard_minus_no_tail,1BDP_to_1MB_fct_us_mean,5,-5.098222619241984,-14.445239700210134,4.248794461726167,9.34701708096815
paired_percent,FbHdp,guard_minus_no_tail,1BDP_to_1MB_fct_us_mean,5,-10.19402856720002,-25.68762946909255,5.299572334692511,15.493600901892531
paired_difference,FbHdp,guard_minus_no_tail,1BDP_to_1MB_fct_us_p95,5,-8.566040000000026,-16.75466096955172,-0.37741903044833336,8.188620969551692
paired_percent,FbHdp,guard_minus_no_tail,1BDP_to_1MB_fct_us_p95,5,-8.495594237717416,-14.51727320623252,-2.473915269202311,6.021678968515105
paired_difference,FbHdp,guard_minus_no_tail,1BDP_to_1MB_fct_us_p99,5,-38.01105399999935,-93.2838299283942,17.26172192839551,55.27277592839486
paired_percent,FbHdp,guard_minus_no_tail,1BDP_to_1MB_fct_us_p99,5,-15.359412408604546,-31.90900312646282,1.1901783092537261,16.549590717858273
paired_difference,FbHdp,guard_minus_no_tail,1BDP_to_1MB_flow_count,5,0.0,0.0,0.0,0.0
paired_percent,FbHdp,guard_minus_no_tail,1BDP_to_1MB_flow_count,5,0.0,0.0,0.0,0.0
paired_difference,FbHdp,guard_minus_no_tail,1BDP_to_1MB_slowdown_mean,5,-0.09712462618044429,-0.2689411244869319,0.07469187212604333,0.17181649830648763
paired_percent,FbHdp,guard_minus_no_tail,1BDP_to_1MB_slowdown_mean,5,-6.9615151451616955,-18.109229526020748,4.186199235697356,11.147714380859052
paired_difference,FbHdp,guard_minus_no_tail,1BDP_to_1MB_slowdown_p95,5,-0.13311562951061875,-0.27832021970128196,0.012088960680044447,0.1452045901906632
paired_percent,FbHdp,guard_minus_no_tail,1BDP_to_1MB_slowdown_p95,5,-7.568998117004371,-14.525488520978168,-0.612507713030574,6.956490403973797
paired_difference,FbHdp,guard_minus_no_tail,1BDP_to_1MB_slowdown_p99,5,-0.903774683850876,-2.138533706457552,0.3309843387557998,1.2347590226066758
paired_percent,FbHdp,guard_minus_no_tail,1BDP_to_1MB_slowdown_p99,5,-24.830134426741033,-49.48590828587611,-0.1743605676059552,24.655773859135078
paired_difference,FbHdp,guard_minus_no_tail,8KB_to_1BDP_fct_us_mean,5,-0.0022469352516466755,-0.004259318451361405,-0.00023455205193194644,0.002012383199714729
paired_percent,FbHdp,guard_minus_no_tail,8KB_to_1BDP_fct_us_mean,5,-0.01947363553262966,-0.03681571670044036,-0.0021315543648189605,0.017342081167810698
paired_difference,FbHdp,guard_minus_no_tail,8KB_to_1BDP_fct_us_p95,5,-0.011950000000000216,-0.047247725298210745,0.02334772529821031,0.03529772529821053
paired_percent,FbHdp,guard_minus_no_tail,8KB_to_1BDP_fct_us_p95,5,-0.07279004988686547,-0.28780167386229044,0.1422215740885595,0.21501162397542498
paired_difference,FbHdp,guard_minus_no_tail,8KB_to_1BDP_fct_us_p99,5,-0.04164800000000639,-0.2135579444848183,0.1302619444848055,0.1719099444848119
paired_percent,FbHdp,guard_minus_no_tail,8KB_to_1BDP_fct_us_p99,5,-0.22704166370597273,-1.1786464909722085,0.724563163560263,0.9516048272662357
paired_difference,FbHdp,guard_minus_no_tail,8KB_to_1BDP_flow_count,5,0.0,0.0,0.0,0.0
paired_percent,FbHdp,guard_minus_no_tail,8KB_to_1BDP_flow_count,5,0.0,0.0,0.0,0.0
paired_difference,FbHdp,guard_minus_no_tail,8KB_to_1BDP_slowdown_mean,5,-0.00019896821643468067,-0.000361021143901163,-3.691528896819832e-05,0.00016205292746648234
paired_percent,FbHdp,guard_minus_no_tail,8KB_to_1BDP_slowdown_mean,5,-0.019166819634066613,-0.0348252910587063,-0.003508348209426925,0.015658471424639688
paired_difference,FbHdp,guard_minus_no_tail,8KB_to_1BDP_slowdown_p95,5,-0.00224431629758004,-0.006638107766738651,0.0021494751715785704,0.004393791469158611
paired_percent,FbHdp,guard_minus_no_tail,8KB_to_1BDP_slowdown_p95,5,-0.20596969605679055,-0.6067384563257985,0.19479906421221732,0.4007687602690079
paired_difference,FbHdp,guard_minus_no_tail,8KB_to_1BDP_slowdown_p99,5,0.0020006830198832314,-0.00466952459023369,0.008670890630000153,0.0066702076101169214
paired_percent,FbHdp,guard_minus_no_tail,8KB_to_1BDP_slowdown_p99,5,0.1533343587306534,-0.35181485781893296,0.6584835752802397,0.5051492165495863
paired_difference,FbHdp,guard_minus_no_tail,aggregate_goodput_gbps,5,-0.027556739062413273,-0.07497283123109036,0.019859353106263807,0.04741609216867708
paired_percent,FbHdp,guard_minus_no_tail,aggregate_goodput_gbps,5,-0.016489919140197023,-0.04475891088631803,0.011779072605923983,0.028268991746121006
paired_difference,FbHdp,guard_minus_no_tail,completion_releases,5,0.0,0.0,0.0,0.0
paired_difference,FbHdp,guard_minus_no_tail,completion_span_us,5,3.3755999999993946,-2.3885109159701354,9.139710915968925,5.76411091596953
paired_percent,FbHdp,guard_minus_no_tail,completion_span_us,5,0.016496787900587572,-0.011784168311047654,0.044777744112222795,0.028280956211635226
paired_difference,FbHdp,guard_minus_no_tail,grant_binding_rate_changes,5,-3.4,-7.384948392348919,0.5849483923489194,3.9849483923489193
paired_percent,FbHdp,guard_minus_no_tail,grant_binding_rate_changes,5,-48.57142857142857,-106.78023529959475,9.637378156737604,58.208806728166174
paired_difference,FbHdp,guard_minus_no_tail,grant_binding_updates,5,-106.2,-207.02892722955886,-5.37107277044116,100.82892722955884
paired_percent,FbHdp,guard_minus_no_tail,grant_binding_updates,5,-43.104026818530635,-60.464091297220634,-25.74396233984064,17.360064478689996
paired_difference,FbHdp,guard_minus_no_tail,grant_bytes_sent,5,-2876.4,-7975.718702304259,2222.918702304259,5099.318702304259
paired_percent,FbHdp,guard_minus_no_tail,grant_bytes_sent,5,-0.4889230428304864,-1.321655813639187,0.3438097279782143,0.8327327708087007
paired_difference,FbHdp,guard_minus_no_tail,grant_event_rate_changes,5,9.2,-17.66703825531644,36.06703825531644,26.86703825531644
paired_percent,FbHdp,guard_minus_no_tail,grant_event_rate_changes,5,1.0376872875716476,-1.385975893947464,3.4613504690907595,2.4236631815191116
paired_difference,FbHdp,guard_minus_no_tail,grants_received,5,-30.6,-84.84807130110914,23.648071301109134,54.248071301109135
paired_percent,FbHdp,guard_minus_no_tail,grants_received,5,-0.4889230428304864,-1.321655813639187,0.3438097279782143,0.8327327708087007
paired_difference,FbHdp,guard_minus_no_tail,grants_sent,5,-30.6,-84.84807130110914,23.648071301109134,54.248071301109135
paired_percent,FbHdp,guard_minus_no_tail,grants_sent,5,-0.4889230428304864,-1.321655813639187,0.3438097279782143,0.8327327708087007
paired_difference,FbHdp,guard_minus_no_tail,gt_1MB_fct_us_mean,5,-7.623320660774868,-14.8067805973598,-0.4398607241899368,7.183459936584931
paired_percent,FbHdp,guard_minus_no_tail,gt_1MB_fct_us_mean,5,-1.5293449912080532,-2.9271978052084506,-0.1314921772076556,1.3978528140003976
paired_difference,FbHdp,guard_minus_no_tail,gt_1MB_fct_us_p95,5,-20.690000000000055,-73.66381629754657,32.283816297546466,52.97381629754652
paired_percent,FbHdp,guard_minus_no_tail,gt_1MB_fct_us_p95,5,-1.4182728459374259,-4.9237360522657365,2.0871903603908843,3.50546320632831
paired_difference,FbHdp,guard_minus_no_tail,gt_1MB_fct_us_p99,5,71.59073399999988,-153.13964135282922,296.321109352829,224.7303753528291
paired_percent,FbHdp,guard_minus_no_tail,gt_1MB_fct_us_p99,5,2.935167506283891,-6.888050350010966,12.758385362578748,9.823217856294857
paired_difference,FbHdp,guard_minus_no_tail,gt_1MB_flow_count,5,0.0,0.0,0.0,0.0
paired_percent,FbHdp,guard_minus_no_tail,gt_1MB_flow_count,5,0.0,0.0,0.0,0.0
paired_difference,FbHdp,guard_minus_no_tail,gt_1MB_slowdown_mean,5,-0.048006726027342995,-0.10241976812177708,0.006406316067091099,0.054413042094434094
paired_percent,FbHdp,guard_minus_no_tail,gt_1MB_slowdown_mean,5,-2.7787618609967315,-5.7194035214308805,0.16187979943741748,2.940641660434149
paired_difference,FbHdp,guard_minus_no_tail,gt_1MB_slowdown_p95,5,-0.16403375472390183,-0.4896115860465854,0.1615440765987817,0.32557783132268353
paired_percent,FbHdp,guard_minus_no_tail,gt_1MB_slowdown_p95,5,-4.2390524817352375,-11.40711619569506,2.9290112322245863,7.168063713959824
paired_difference,FbHdp,guard_minus_no_tail,gt_1MB_slowdown_p99,5,-0.37273660657778374,-0.9847548078788618,0.23928159472329436,0.6120182013010781
paired_percent,FbHdp,guard_minus_no_tail,gt_1MB_slowdown_p99,5,-7.467745050041155,-18.439482073836388,3.5039919737540766,10.971737023795232
paired_difference,FbHdp,guard_minus_no_tail,guard_ack_interval_packets,5,0.0,0.0,0.0,0.0
paired_percent,FbHdp,guard_minus_no_tail,guard_ack_interval_packets,5,0.0,0.0,0.0,0.0
paired_difference,FbHdp,guard_minus_no_tail,guard_adaptive_grant_updates,5,0.0,0.0,0.0,0.0
paired_difference,FbHdp,guard_minus_no_tail,guard_fixed_window,5,0.0,0.0,0.0,0.0
paired_percent,FbHdp,guard_minus_no_tail,guard_fixed_window,5,0.0,0.0,0.0,0.0
paired_difference,FbHdp,guard_minus_no_tail,guard_grant_refresh_bdps,5,0.0,0.0,0.0,0.0
paired_percent,FbHdp,guard_minus_no_tail,guard_grant_refresh_bdps,5,0.0,0.0,0.0,0.0
paired_difference,FbHdp,guard_minus_no_tail,guard_long_acks_suppressed,5,0.0,0.0,0.0,0.0
paired_percent,FbHdp,guard_minus_no_tail,guard_long_acks_suppressed,5,0.0,0.0,0.0,0.0
paired_difference,FbHdp,guard_minus_no_tail,guard_min_share_fraction,5,0.0,0.0,0.0,0.0
paired_difference,FbHdp,guard_minus_no_tail,guard_one_rtt_acks_suppressed,5,0.0,0.0,0.0,0.0
paired_percent,FbHdp,guard_minus_no_tail,guard_one_rtt_acks_suppressed,5,0.0,0.0,0.0,0.0
paired_difference,FbHdp,guard_minus_no_tail,guard_one_rtt_bypass_enabled,5,0.0,0.0,0.0,0.0
paired_percent,FbHdp,guard_minus_no_tail,guard_one_rtt_bypass_enabled,5,0.0,0.0,0.0,0.0
paired_difference,FbHdp,guard_minus_no_tail,guard_one_rtt_bypass_feedbacks,5,0.0,0.0,0.0,0.0
paired_percent,FbHdp,guard_minus_no_tail,guard_one_rtt_bypass_feedbacks,5,0.0,0.0,0.0,0.0
paired_difference,FbHdp,guard_minus_no_tail,guard_one_rtt_bypass_flows,5,0.0,0.0,0.0,0.0
paired_percent,FbHdp,guard_minus_no_tail,guard_one_rtt_bypass_flows,5,0.0,0.0,0.0,0.0
paired_difference,FbHdp,guard_minus_no_tail,guard_rebalance_events,5,0.0,0.0,0.0,0.0
paired_difference,FbHdp,guard_minus_no_tail,guard_remaining_aware,5,0.0,0.0,0.0,0.0
paired_percent,FbHdp,guard_minus_no_tail,guard_remaining_aware,5,0.0,0.0,0.0,0.0
paired_difference,FbHdp,guard_minus_no_tail,guard_remaining_exponent,5,0.0,0.0,0.0,0.0
paired_percent,FbHdp,guard_minus_no_tail,guard_remaining_exponent,5,0.0,0.0,0.0,0.0
paired_difference,FbHdp,guard_minus_no_tail,guard_remaining_refresh_events,5,-6.4,-10.480524283949542,-2.3194757160504578,4.080524283949543
paired_percent,FbHdp,guard_minus_no_tail,guard_remaining_refresh_events,5,-0.13120934828140202,-0.21092798203243263,-0.051490714530371406,0.07971863375103061
paired_difference,FbHdp,guard_minus_no_tail,guard_sender_srpt_enabled,5,0.0,0.0,0.0,0.0
paired_percent,FbHdp,guard_minus_no_tail,guard_sender_srpt_enabled,5,0.0,0.0,0.0,0.0
paired_difference,FbHdp,guard_minus_no_tail,guard_sender_srpt_forced_rr,5,5.6,-3.8806555122829813,15.08065551228298,9.480655512282981
paired_percent,FbHdp,guard_minus_no_tail,guard_sender_srpt_forced_rr,5,4.62260747409926,-4.440458301774472,13.685673249972991,9.063065775873731
paired_difference,FbHdp,guard_minus_no_tail,guard_sender_srpt_non_rr,5,1445.8,346.49903591280713,2545.1009640871926,1099.3009640871928
paired_percent,FbHdp,guard_minus_no_tail,guard_sender_srpt_non_rr,5,5.853639193653517,2.6914594192455192,9.015818968061513,3.1621797744079974
paired_difference,FbHdp,guard_minus_no_tail,guard_sender_srpt_selections,5,0.0,0.0,0.0,0.0
paired_percent,FbHdp,guard_minus_no_tail,guard_sender_srpt_selections,5,0.0,0.0,0.0,0.0
paired_difference,FbHdp,guard_minus_no_tail,guard_srpt_quantum_packets,5,0.0,0.0,0.0,0.0
paired_percent,FbHdp,guard_minus_no_tail,guard_srpt_quantum_packets,5,0.0,0.0,0.0,0.0
paired_difference,FbHdp,guard_minus_no_tail,guard_tail_bypass_bdps,5,0.0,0.0,0.0,0.0
paired_percent,FbHdp,guard_minus_no_tail,guard_tail_bypass_bdps,5,0.0,0.0,0.0,0.0
paired_difference,FbHdp,guard_minus_no_tail,guard_tail_bypass_enabled,5,1.0,1.0,1.0,0.0
paired_difference,FbHdp,guard_minus_no_tail,guard_tail_bypass_feedbacks,5,17320.4,16088.796177821414,18552.003822178587,1231.6038221785875
paired_difference,FbHdp,guard_minus_no_tail,guard_tail_bypass_flows,5,472.6,455.4488488540779,489.75115114592217,17.151151145922167
paired_difference,FbHdp,guard_minus_no_tail,hpcc_actual_rate_changes,5,-278.8,-361.3048121001376,-196.2951878998624,82.50481210013761
paired_percent,FbHdp,guard_minus_no_tail,hpcc_actual_rate_changes,5,-37.681912732592615,-49.253952174870214,-26.109873290315015,11.572039442277598
paired_difference,FbHdp,guard_minus_no_tail,hpcc_fast_computations,5,0.0,0.0,0.0,0.0
paired_difference,FbHdp,guard_minus_no_tail,hpcc_feedback_updates,5,-2216.0,-2413.020034753756,-2018.9799652462436,197.02003475375633
paired_percent,FbHdp,guard_minus_no_tail,hpcc_feedback_updates,5,-33.47225004733426,-35.76369696489531,-31.18080312977322,2.2914469175610437
paired_difference,FbHdp,guard_minus_no_tail,hpcc_full_computations,5,-850.8,-1004.0170106112632,-697.5829893887367,153.21701061126322
paired_percent,FbHdp,guard_minus_no_tail,hpcc_full_computations,5,-36.816522007106315,-43.21178550088014,-30.42125851333249,6.395263493773825
paired_difference,FbHdp,guard_minus_no_tail,hpcc_rate_updates_applied,5,-850.8,-1004.0170106112632,-697.5829893887367,153.21701061126322
paired_percent,FbHdp,guard_minus_no_tail,hpcc_rate_updates_applied,5,-36.816522007106315,-43.21178550088014,-30.42125851333249,6.395263493773825
paired_difference,FbHdp,guard_minus_no_tail,hpcc_valid_feedback,5,-987.8,-1143.001542988376,-832.5984570116237,155.2015429883762
paired_percent,FbHdp,guard_minus_no_tail,hpcc_valid_feedback,5,-39.43704942177729,-45.9247151819691,-32.94938366158548,6.487665760191811
paired_difference,FbHdp,guard_minus_no_tail,int_hops_after_strip,5,0.0,0.0,0.0,0.0
paired_percent,FbHdp,guard_minus_no_tail,int_hops_after_strip,5,0.0,0.0,0.0,0.0
paired_difference,FbHdp,guard_minus_no_tail,int_hops_before_strip,5,0.0,0.0,0.0,0.0
paired_percent,FbHdp,guard_minus_no_tail,int_hops_before_strip,5,0.0,0.0,0.0,0.0
paired_difference,FbHdp,guard_minus_no_tail,int_records_stripped,5,0.0,0.0,0.0,0.0
paired_percent,FbHdp,guard_minus_no_tail,int_records_stripped,5,0.0,0.0,0.0,0.0
paired_difference,FbHdp,guard_minus_no_tail,irn_nacks_generated,5,0.0,0.0,0.0,0.0
paired_difference,FbHdp,guard_minus_no_tail,irn_nacks_received,5,0.0,0.0,0.0,0.0
paired_difference,FbHdp,guard_minus_no_tail,irn_retransmit_bytes,5,0.0,0.0,0.0,0.0
paired_difference,FbHdp,guard_minus_no_tail,irn_retransmit_packets,5,0.0,0.0,0.0,0.0
paired_difference,FbHdp,guard_minus_no_tail,le_8KB_fct_us_mean,5,0.00031444118517285344,-0.0003946342719201542,0.001023516642265861,0.0007090754570930076
paired_percent,FbHdp,guard_minus_no_tail,le_8KB_fct_us_mean,5,0.004968758948839495,-0.0061833780759965856,0.016120895973675574,0.01115213702483608
paired_difference,FbHdp,guard_minus_no_tail,le_8KB_fct_us_p95,5,-0.0014300000000005753,-0.00854355362235711,0.005683553622355958,0.007113553622356533
paired_percent,FbHdp,guard_minus_no_tail,le_8KB_fct_us_p95,5,-0.016698831896548465,-0.09984196777053181,0.06644430397743487,0.08314313587398334
paired_difference,FbHdp,guard_minus_no_tail,le_8KB_fct_us_p99,5,0.0068939999999980016,-0.009887592162701707,0.02367559216269771,0.01678159216269971
paired_percent,FbHdp,guard_minus_no_tail,le_8KB_fct_us_p99,5,0.07795544547179295,-0.11126171799747778,0.26717260894106365,0.18921716346927073
paired_difference,FbHdp,guard_minus_no_tail,le_8KB_flow_count,5,0.0,0.0,0.0,0.0
paired_percent,FbHdp,guard_minus_no_tail,le_8KB_flow_count,5,0.0,0.0,0.0,0.0
paired_difference,FbHdp,guard_minus_no_tail,le_8KB_slowdown_mean,5,2.50841484555675e-05,-1.7522851774577045e-05,6.769114868571204e-05,4.2607000230144544e-05
paired_percent,FbHdp,guard_minus_no_tail,le_8KB_slowdown_mean,5,0.002501841760884151,-0.0017482834463125327,0.006751966968080835,0.004250125207196684
paired_difference,FbHdp,guard_minus_no_tail,le_8KB_slowdown_p95,5,7.529287634668868e-05,-0.00014766418300412028,0.00029824993569749767,0.00022295705935080896
paired_percent,FbHdp,guard_minus_no_tail,le_8KB_slowdown_p95,5,0.00741139996962664,-0.014531403230860234,0.029354203170113516,0.021942803200486874
paired_difference,FbHdp,guard_minus_no_tail,le_8KB_slowdown_p99,5,0.0005822191370420615,-0.0002721129981576142,0.0014365512722417373,0.0008543321351996757
paired_percent,FbHdp,guard_minus_no_tail,le_8KB_slowdown_p99,5,0.056878674009176046,-0.026574246519205015,0.1403315945375571,0.08345292052838106
paired_difference,FbHdp,guard_minus_no_tail,long_to_small_slowdown_mean_ratio,5,-0.04792235376540934,-0.1021763121179714,0.006331604587152727,0.05425395835256207
paired_percent,FbHdp,guard_minus_no_tail,long_to_small_slowdown_mean_ratio,5,-2.7812081071713566,-5.7209344249761145,0.15851821063340088,2.9397263178047575
paired_difference,FbHdp,guard_minus_no_tail,max_active_flows,5,-0.2,-0.7552890210395597,0.35528902103955967,0.5552890210395597
paired_percent,FbHdp,guard_minus_no_tail,max_active_flows,5,-5.0,-18.882225525988993,8.882225525988993,13.882225525988993
paired_difference,FbHdp,guard_minus_no_tail,overall_fct_us_mean,5,-0.6417253917000358,-1.5814040109246812,0.2979532275246096,0.9396786192246455
paired_percent,FbHdp,guard_minus_no_tail,overall_fct_us_mean,5,-2.5259645269217907,-5.958634162220861,0.9067051083772792,3.43266963529907
paired_difference,FbHdp,guard_minus_no_tail,overall_fct_us_p95,5,-0.8064700000000435,-2.163061267710499,0.5501212677104117,1.3565912677104552
paired_percent,FbHdp,guard_minus_no_tail,overall_fct_us_p95,5,-2.0247271628108487,-5.4140758472213175,1.36462152159962,3.3893486844104688
paired_difference,FbHdp,guard_minus_no_tail,overall_fct_us_p99,5,-18.839792000000237,-43.61829265560787,5.9387086556073925,24.77850065560763
paired_percent,FbHdp,guard_minus_no_tail,overall_fct_us_p99,5,-3.6766875539815986,-8.005852980434392,0.652477872471195,4.329165426452794
paired_difference,FbHdp,guard_minus_no_tail,overall_flow_count,5,0.0,0.0,0.0,0.0
paired_percent,FbHdp,guard_minus_no_tail,overall_flow_count,5,0.0,0.0,0.0,0.0
paired_difference,FbHdp,guard_minus_no_tail,overall_slowdown_mean,5,-0.009396443535576227,-0.025071989694296748,0.006279102623144295,0.01567554615872052
paired_percent,FbHdp,guard_minus_no_tail,overall_slowdown_mean,5,-0.8833871075590334,-2.3386524179967694,0.5718782028787026,1.455265310437736
paired_difference,FbHdp,guard_minus_no_tail,overall_slowdown_p95,5,-0.009500238994654886,-0.015846304388045775,-0.0031541736012639975,0.006346065393390888
paired_percent,FbHdp,guard_minus_no_tail,overall_slowdown_p95,5,-0.8313409839345909,-1.3794626412355848,-0.28321932663359706,0.5481216573009938
paired_difference,FbHdp,guard_minus_no_tail,overall_slowdown_p99,5,-0.12044502077676893,-0.22405093753041153,-0.016839104023126328,0.1036059167536426
paired_percent,FbHdp,guard_minus_no_tail,overall_slowdown_p99,5,-6.093705037957899,-10.83718564239124,-1.3502244335245575,4.7434806044333415
paired_difference,FbHdp,guard_minus_no_tail,pfc_pause_events,5,0.0,0.0,0.0,0.0
paired_difference,FbHdp,guard_minus_no_tail,pfc_resume_events,5,0.0,0.0,0.0,0.0
paired_difference,FbHdp,guard_minus_no_tail,proactive_releases,5,0.0,0.0,0.0,0.0
paired_percent,FbHdp,guard_minus_no_tail,proactive_releases,5,0.0,0.0,0.0,0.0
paired_difference,FbHdp,guard_minus_no_tail,queue_bytes_max,5,7650.0,-15087.359814277392,30387.35981427739,22737.35981427739
paired_percent,FbHdp,guard_minus_no_tail,queue_bytes_max,5,1.8740422572113733,-3.559874435237794,7.307958949660541,5.433916692449167
paired_difference,FbHdp,guard_minus_no_tail,queue_bytes_mean,5,-0.4809999999999491,-207.37661546401097,206.4146154640111,206.89561546401103
paired_percent,FbHdp,guard_minus_no_tail,queue_bytes_mean,5,0.275789769472068,-7.114128364967006,7.665707903911142,7.389918134439074
paired_difference,FbHdp,guard_minus_no_tail,queue_bytes_p95,5,0.0,0.0,0.0,0.0
paired_difference,FbHdp,guard_minus_no_tail,queue_bytes_p99,5,1308.0,-2567.587202444652,5183.587202444653,3875.587202444652
paired_percent,FbHdp,guard_minus_no_tail,queue_bytes_p99,5,1.648944766599422,-2.7910171146529126,6.088906647851756,4.4399618812523345
paired_difference,FbHdp,guard_minus_no_tail,queue_sample_count,5,0.0,0.0,0.0,0.0
paired_percent,FbHdp,guard_minus_no_tail,queue_sample_count,5,0.0,0.0,0.0,0.0
paired_difference,FbHdp,guard_minus_no_tail,reactive_binding_rate_changes,5,-255.6,-324.4793448172451,-186.72065518275494,68.87934481724506
paired_percent,FbHdp,guard_minus_no_tail,reactive_binding_rate_changes,5,-37.66899311045464,-49.657834962899244,-25.680151258010042,11.9888418524446
paired_difference,FbHdp,guard_minus_no_tail,reactive_binding_updates,5,-255.6,-324.4793448172451,-186.72065518275494,68.87934481724506
paired_percent,FbHdp,guard_minus_no_tail,reactive_binding_updates,5,-37.66899311045464,-49.657834962899244,-25.680151258010042,11.9888418524446
paired_difference,FbHdp,guard_minus_no_tail,recovery_nacks_generated,5,0.0,0.0,0.0,0.0
paired_difference,FbHdp,guard_minus_no_tail,recovery_nacks_received,5,0.0,0.0,0.0,0.0
paired_difference,FbHdp,guard_minus_no_tail,registrations,5,0.0,0.0,0.0,0.0
paired_percent,FbHdp,guard_minus_no_tail,registrations,5,0.0,0.0,0.0,0.0
paired_difference,FbHdp,guard_minus_no_tail,selected_registrations,5,0.0,0.0,0.0,0.0
paired_percent,FbHdp,guard_minus_no_tail,selected_registrations,5,0.0,0.0,0.0,0.0
paired_difference,FbHdp,guard_minus_no_tail,tie_binding_rate_changes,5,-19.8,-35.44200975513991,-4.157990244860091,15.64200975513991
paired_percent,FbHdp,guard_minus_no_tail,tie_binding_rate_changes,5,-34.77217553688142,-54.780277945182036,-14.764073128580801,20.00810240830062
paired_difference,FbHdp,guard_minus_no_tail,tie_binding_updates,5,-489.0,-528.4313857866175,-449.5686142133825,39.43138578661754
paired_percent,FbHdp,guard_minus_no_tail,tie_binding_updates,5,-35.47116615182511,-40.92683864468912,-30.0154936589611,5.45567249286401
paired_difference,FbHdp,guard_minus_no_tail,timeout_recoveries,5,0.0,0.0,0.0,0.0
paired_difference,FbHdp,guard_minus_no_remaining,1BDP_to_1MB_fct_us_mean,5,-1.7411118010569986,-2.2190285028842114,-1.2631950992297858,0.47791670182721274
paired_percent,FbHdp,guard_minus_no_remaining,1BDP_to_1MB_fct_us_mean,5,-4.725510851333017,-5.73311694944502,-3.7179047532210143,1.0076060981120032
paired_difference,FbHdp,guard_minus_no_remaining,1BDP_to_1MB_fct_us_p95,5,-3.909970000000013,-6.88538076828736,-0.9345592317126661,2.9754107682873467
paired_percent,FbHdp,guard_minus_no_remaining,1BDP_to_1MB_fct_us_p95,5,-4.257212586553463,-7.064544928891832,-1.4498802442150938,2.807332342338369
paired_difference,FbHdp,guard_minus_no_remaining,1BDP_to_1MB_fct_us_p99,5,-18.52476599999979,-41.242468323449685,4.192936323450102,22.717702323449892
paired_percent,FbHdp,guard_minus_no_remaining,1BDP_to_1MB_fct_us_p99,5,-11.03187189840932,-24.346803412984606,2.283059616165966,13.314931514575285
paired_difference,FbHdp,guard_minus_no_remaining,1BDP_to_1MB_flow_count,5,0.0,0.0,0.0,0.0
paired_percent,FbHdp,guard_minus_no_remaining,1BDP_to_1MB_flow_count,5,0.0,0.0,0.0,0.0
paired_difference,FbHdp,guard_minus_no_remaining,1BDP_to_1MB_slowdown_mean,5,-0.05276581855975748,-0.06480385915180331,-0.04072777796771166,0.012038040592045822
paired_percent,FbHdp,guard_minus_no_remaining,1BDP_to_1MB_slowdown_mean,5,-4.401269258559754,-5.296835766925663,-3.5057027501938447,0.8955665083659093
paired_difference,FbHdp,guard_minus_no_remaining,1BDP_to_1MB_slowdown_p95,5,-0.2996193539837681,-0.34497046112304375,-0.25426824684449245,0.045351107139275655
paired_percent,FbHdp,guard_minus_no_remaining,1BDP_to_1MB_slowdown_p95,5,-16.452497529706243,-18.235877639558975,-14.66911741985351,1.7833801098527315
paired_difference,FbHdp,guard_minus_no_remaining,1BDP_to_1MB_slowdown_p99,5,-0.2200562645550604,-0.41808436661740245,-0.0220281624927183,0.1980281020623421
paired_percent,FbHdp,guard_minus_no_remaining,1BDP_to_1MB_slowdown_p99,5,-9.684839834651337,-18.29438932165298,-1.0752903476496964,8.60954948700164
paired_difference,FbHdp,guard_minus_no_remaining,8KB_to_1BDP_fct_us_mean,5,-0.04707453970079349,-0.06290974109830873,-0.03123933830327826,0.015835201397515233
paired_percent,FbHdp,guard_minus_no_remaining,8KB_to_1BDP_fct_us_mean,5,-0.40670604897139084,-0.5394736105092834,-0.27393848743349825,0.13276756153789263
paired_difference,FbHdp,guard_minus_no_remaining,8KB_to_1BDP_fct_us_p95,5,-0.042169999999999416,-0.09742721477007224,0.0130872147700734,0.05525721477007282
paired_percent,FbHdp,guard_minus_no_remaining,8KB_to_1BDP_fct_us_p95,5,-0.25918702050413445,-0.5981886152817484,0.07981457427347949,0.33900159477761393
paired_difference,FbHdp,guard_minus_no_remaining,8KB_to_1BDP_fct_us_p99,5,-0.06592000000000127,-0.3899861470994973,0.2581461470994948,0.32406614709949605
paired_percent,FbHdp,guard_minus_no_remaining,8KB_to_1BDP_fct_us_p99,5,-0.3503323948357374,-2.15514138499329,1.4544765953218155,1.8048089901575528
paired_difference,FbHdp,guard_minus_no_remaining,8KB_to_1BDP_flow_count,5,0.0,0.0,0.0,0.0
paired_percent,FbHdp,guard_minus_no_remaining,8KB_to_1BDP_flow_count,5,0.0,0.0,0.0,0.0
paired_difference,FbHdp,guard_minus_no_remaining,8KB_to_1BDP_slowdown_mean,5,-0.004237366020916245,-0.0058877351756150414,-0.002586996866217448,0.0016503691546987968
paired_percent,FbHdp,guard_minus_no_remaining,8KB_to_1BDP_slowdown_mean,5,-0.40691138767920376,-0.5656267168039859,-0.24819605855442167,0.1587153291247821
paired_difference,FbHdp,guard_minus_no_remaining,8KB_to_1BDP_slowdown_p95,5,-0.08258989218685123,-0.16799302040281613,0.0028132360291136804,0.08540312821596491
paired_percent,FbHdp,guard_minus_no_remaining,8KB_to_1BDP_slowdown_p95,5,-6.789872482869489,-13.5877448872029,0.007999921463921922,6.797872404333411
paired_difference,FbHdp,guard_minus_no_remaining,8KB_to_1BDP_slowdown_p99,5,-0.030802766107492108,-0.0788444122189149,0.017238880003930687,0.048041646111422795
paired_percent,FbHdp,guard_minus_no_remaining,8KB_to_1BDP_slowdown_p99,5,-2.2240536667149744,-5.696017416491527,1.2479100830615781,3.4719637497765525
paired_difference,FbHdp,guard_minus_no_remaining,aggregate_goodput_gbps,5,-0.07922332219621353,-0.207381248996855,0.048934604604427945,0.12815792680064148
paired_percent,FbHdp,guard_minus_no_remaining,aggregate_goodput_gbps,5,-0.049983229929120264,-0.13290627440746478,0.03293981454922424,0.0829230444783445
paired_difference,FbHdp,guard_minus_no_remaining,completion_releases,5,0.0,0.0,0.0,0.0
paired_difference,FbHdp,guard_minus_no_remaining,completion_span_us,5,10.330799999998998,-6.83545192514751,27.497051925145506,17.166251925146508
paired_percent,FbHdp,guard_minus_no_remaining,completion_span_us,5,0.05004398372506045,-0.03301754643802044,0.13310551388814135,0.08306153016308089
paired_difference,FbHdp,guard_minus_no_remaining,grant_binding_rate_changes,5,-2.8,-4.840262141974771,-0.7597378580252285,2.0402621419747713
paired_percent,FbHdp,guard_minus_no_remaining,grant_binding_rate_changes,5,-49.0,-92.25080085325867,-5.749199146741333,43.25080085325867
paired_difference,FbHdp,guard_minus_no_remaining,grant_binding_updates,5,-3.8,-20.35189805986504,12.751898059865038,16.55189805986504
paired_percent,FbHdp,guard_minus_no_remaining,grant_binding_updates,5,-4.681386289269163,-18.561117839422643,9.198345260884315,13.879731550153478
paired_difference,FbHdp,guard_minus_no_remaining,grant_bytes_sent,5,503614.4,472909.0415971834,534319.7584028166,30705.358402816626
paired_percent,FbHdp,guard_minus_no_remaining,grant_bytes_sent,5,872.5801984080593,811.5451598813079,933.6152369348108,61.03503852675147
paired_difference,FbHdp,guard_minus_no_remaining,grant_event_rate_changes,5,968.0,664.7046644711163,1271.2953355288837,303.2953355288837
paired_percent,FbHdp,guard_minus_no_remaining,grant_event_rate_changes,5,516.1718747348757,350.69417642655026,681.6495730432011,165.47769830832547
paired_difference,FbHdp,guard_minus_no_remaining,grants_received,5,5357.6,5030.9472510338655,5684.252748966135,326.65274896613437
paired_percent,FbHdp,guard_minus_no_remaining,grants_received,5,872.5801984080593,811.5451598813079,933.6152369348108,61.03503852675147
paired_difference,FbHdp,guard_minus_no_remaining,grants_sent,5,5357.6,5030.9472510338655,5684.252748966135,326.65274896613437
paired_percent,FbHdp,guard_minus_no_remaining,grants_sent,5,872.5801984080593,811.5451598813079,933.6152369348108,61.03503852675147
paired_difference,FbHdp,guard_minus_no_remaining,gt_1MB_fct_us_mean,5,-7.470946656076114,-13.388559150259546,-1.553334161892681,5.917612494183433
paired_percent,FbHdp,guard_minus_no_remaining,gt_1MB_fct_us_mean,5,-1.5868420653895734,-2.9183469802305053,-0.2553371505486415,1.331504914840932
paired_difference,FbHdp,guard_minus_no_remaining,gt_1MB_fct_us_p95,5,57.75111999999986,-15.731525479621155,131.23376547962087,73.48264547962101
paired_percent,FbHdp,guard_minus_no_remaining,gt_1MB_fct_us_p95,5,4.020933386195143,-1.0200356694037298,9.061902441794015,5.040969055598873
paired_difference,FbHdp,guard_minus_no_remaining,gt_1MB_fct_us_p99,5,-10.8338760000001,-63.16500015292674,41.49724815292653,52.331124152926634
paired_percent,FbHdp,guard_minus_no_remaining,gt_1MB_fct_us_p99,5,-0.2541590202165386,-2.3949498530838285,1.886631812650751,2.1407908328672898
paired_difference,FbHdp,guard_minus_no_remaining,gt_1MB_flow_count,5,0.0,0.0,0.0,0.0
paired_percent,FbHdp,guard_minus_no_remaining,gt_1MB_flow_count,5,0.0,0.0,0.0,0.0
paired_difference,FbHdp,guard_minus_no_remaining,gt_1MB_slowdown_mean,5,-0.05599706278888532,-0.08204957426231173,-0.029944551315458912,0.026052511473426406
paired_percent,FbHdp,guard_minus_no_remaining,gt_1MB_slowdown_mean,5,-3.4012900348660735,-4.954029654108789,-1.8485504156233583,1.5527396192427152
paired_difference,FbHdp,guard_minus_no_remaining,gt_1MB_slowdown_p95,5,-0.1689754874117381,-0.37105322401997143,0.03310224919649521,0.2020777366082333
paired_percent,FbHdp,guard_minus_no_remaining,gt_1MB_slowdown_p95,5,-5.301957692217377,-11.348126588808508,0.7442112043737561,6.046168896591133
paired_difference,FbHdp,guard_minus_no_remaining,gt_1MB_slowdown_p99,5,-0.07273516442799029,-0.5194276950904679,0.3739573662344874,0.44669253066247766
paired_percent,FbHdp,guard_minus_no_remaining,gt_1MB_slowdown_p99,5,-3.2155918397072734,-15.530778088464896,9.099594409050347,12.315186248757621
paired_difference,FbHdp,guard_minus_no_remaining,guard_ack_interval_packets,5,0.0,0.0,0.0,0.0
paired_percent,FbHdp,guard_minus_no_remaining,guard_ack_interval_packets,5,0.0,0.0,0.0,0.0
paired_difference,FbHdp,guard_minus_no_remaining,guard_adaptive_grant_updates,5,0.0,0.0,0.0,0.0
paired_difference,FbHdp,guard_minus_no_remaining,guard_fixed_window,5,0.0,0.0,0.0,0.0
paired_percent,FbHdp,guard_minus_no_remaining,guard_fixed_window,5,0.0,0.0,0.0,0.0
paired_difference,FbHdp,guard_minus_no_remaining,guard_grant_refresh_bdps,5,0.0,0.0,0.0,0.0
paired_percent,FbHdp,guard_minus_no_remaining,guard_grant_refresh_bdps,5,0.0,0.0,0.0,0.0
paired_difference,FbHdp,guard_minus_no_remaining,guard_long_acks_suppressed,5,0.0,0.0,0.0,0.0
paired_percent,FbHdp,guard_minus_no_remaining,guard_long_acks_suppressed,5,0.0,0.0,0.0,0.0
paired_difference,FbHdp,guard_minus_no_remaining,guard_min_share_fraction,5,0.0,0.0,0.0,0.0
paired_difference,FbHdp,guard_minus_no_remaining,guard_one_rtt_acks_suppressed,5,0.0,0.0,0.0,0.0
paired_percent,FbHdp,guard_minus_no_remaining,guard_one_rtt_acks_suppressed,5,0.0,0.0,0.0,0.0
paired_difference,FbHdp,guard_minus_no_remaining,guard_one_rtt_bypass_enabled,5,0.0,0.0,0.0,0.0
paired_percent,FbHdp,guard_minus_no_remaining,guard_one_rtt_bypass_enabled,5,0.0,0.0,0.0,0.0
paired_difference,FbHdp,guard_minus_no_remaining,guard_one_rtt_bypass_feedbacks,5,0.0,0.0,0.0,0.0
paired_percent,FbHdp,guard_minus_no_remaining,guard_one_rtt_bypass_feedbacks,5,0.0,0.0,0.0,0.0
paired_difference,FbHdp,guard_minus_no_remaining,guard_one_rtt_bypass_flows,5,0.0,0.0,0.0,0.0
paired_percent,FbHdp,guard_minus_no_remaining,guard_one_rtt_bypass_flows,5,0.0,0.0,0.0,0.0
paired_difference,FbHdp,guard_minus_no_remaining,guard_rebalance_events,5,-10.2,-11.818931784708706,-8.581068215291292,1.6189317847087064
paired_percent,FbHdp,guard_minus_no_remaining,guard_rebalance_events,5,-100.0,-100.0,-100.0,0.0
paired_difference,FbHdp,guard_minus_no_remaining,guard_remaining_aware,5,1.0,1.0,1.0,0.0
paired_difference,FbHdp,guard_minus_no_remaining,guard_remaining_exponent,5,0.0,0.0,0.0,0.0
paired_percent,FbHdp,guard_minus_no_remaining,guard_remaining_exponent,5,0.0,0.0,0.0,0.0
paired_difference,FbHdp,guard_minus_no_remaining,guard_remaining_refresh_events,5,4849.0,4651.848936010733,5046.151063989267,197.1510639892667
paired_difference,FbHdp,guard_minus_no_remaining,guard_sender_srpt_enabled,5,0.0,0.0,0.0,0.0
paired_percent,FbHdp,guard_minus_no_remaining,guard_sender_srpt_enabled,5,0.0,0.0,0.0,0.0
paired_difference,FbHdp,guard_minus_no_remaining,guard_sender_srpt_forced_rr,5,3.0,-7.499221787214919,13.49922178721492,10.49922178721492
paired_percent,FbHdp,guard_minus_no_remaining,guard_sender_srpt_forced_rr,5,1.7799936878277893,-5.768271239988326,9.328258615643904,7.548264927816115
paired_difference,FbHdp,guard_minus_no_remaining,guard_sender_srpt_non_rr,5,-196.6,-1563.9366653494951,1170.7366653494953,1367.3366653494952
paired_percent,FbHdp,guard_minus_no_remaining,guard_sender_srpt_non_rr,5,-0.9691628115869255,-7.063096988461586,5.124771365287735,6.093934176874661
paired_difference,FbHdp,guard_minus_no_remaining,guard_sender_srpt_selections,5,0.0,0.0,0.0,0.0
paired_percent,FbHdp,guard_minus_no_remaining,guard_sender_srpt_selections,5,0.0,0.0,0.0,0.0
paired_difference,FbHdp,guard_minus_no_remaining,guard_srpt_quantum_packets,5,0.0,0.0,0.0,0.0
paired_percent,FbHdp,guard_minus_no_remaining,guard_srpt_quantum_packets,5,0.0,0.0,0.0,0.0
paired_difference,FbHdp,guard_minus_no_remaining,guard_tail_bypass_bdps,5,0.0,0.0,0.0,0.0
paired_percent,FbHdp,guard_minus_no_remaining,guard_tail_bypass_bdps,5,0.0,0.0,0.0,0.0
paired_difference,FbHdp,guard_minus_no_remaining,guard_tail_bypass_enabled,5,0.0,0.0,0.0,0.0
paired_percent,FbHdp,guard_minus_no_remaining,guard_tail_bypass_enabled,5,0.0,0.0,0.0,0.0
paired_difference,FbHdp,guard_minus_no_remaining,guard_tail_bypass_feedbacks,5,0.0,0.0,0.0,0.0
paired_percent,FbHdp,guard_minus_no_remaining,guard_tail_bypass_feedbacks,5,0.0,0.0,0.0,0.0
paired_difference,FbHdp,guard_minus_no_remaining,guard_tail_bypass_flows,5,0.0,0.0,0.0,0.0
paired_percent,FbHdp,guard_minus_no_remaining,guard_tail_bypass_flows,5,0.0,0.0,0.0,0.0
paired_difference,FbHdp,guard_minus_no_remaining,hpcc_actual_rate_changes,5,-24.4,-43.62775936940131,-5.1722406305986866,19.227759369401312
paired_percent,FbHdp,guard_minus_no_remaining,hpcc_actual_rate_changes,5,-5.6813527189677915,-11.329763829052183,-0.03294160888339981,5.648411110084392
paired_difference,FbHdp,guard_minus_no_remaining,hpcc_fast_computations,5,0.0,0.0,0.0,0.0
paired_difference,FbHdp,guard_minus_no_remaining,hpcc_feedback_updates,5,40.8,16.210036523094438,65.38996347690556,24.58996347690556
paired_percent,FbHdp,guard_minus_no_remaining,hpcc_feedback_updates,5,0.9513932738797092,0.34694218346924766,1.5558443642901707,0.6044510904104615
paired_difference,FbHdp,guard_minus_no_remaining,hpcc_full_computations,5,20.0,0.05592300996800503,39.944076990031995,19.944076990031995
paired_percent,FbHdp,guard_minus_no_remaining,hpcc_full_computations,5,1.3603718511510137,-0.011235027415456456,2.7319787297174836,1.3716068785664701
paired_difference,FbHdp,guard_minus_no_remaining,hpcc_rate_updates_applied,5,20.0,0.05592300996800503,39.944076990031995,19.944076990031995
paired_percent,FbHdp,guard_minus_no_remaining,hpcc_rate_updates_applied,5,1.3603718511510137,-0.011235027415456456,2.7319787297174836,1.3716068785664701
paired_difference,FbHdp,guard_minus_no_remaining,hpcc_valid_feedback,5,20.0,0.05592300996800503,39.944076990031995,19.944076990031995
paired_percent,FbHdp,guard_minus_no_remaining,hpcc_valid_feedback,5,1.3077520067135002,-0.009871068293608731,2.625375081720609,1.317623075007109
paired_difference,FbHdp,guard_minus_no_remaining,int_hops_after_strip,5,0.0,0.0,0.0,0.0
paired_percent,FbHdp,guard_minus_no_remaining,int_hops_after_strip,5,0.0,0.0,0.0,0.0
paired_difference,FbHdp,guard_minus_no_remaining,int_hops_before_strip,5,0.0,0.0,0.0,0.0
paired_percent,FbHdp,guard_minus_no_remaining,int_hops_before_strip,5,0.0,0.0,0.0,0.0
paired_difference,FbHdp,guard_minus_no_remaining,int_records_stripped,5,0.0,0.0,0.0,0.0
paired_percent,FbHdp,guard_minus_no_remaining,int_records_stripped,5,0.0,0.0,0.0,0.0
paired_difference,FbHdp,guard_minus_no_remaining,irn_nacks_generated,5,0.0,0.0,0.0,0.0
paired_difference,FbHdp,guard_minus_no_remaining,irn_nacks_received,5,0.0,0.0,0.0,0.0
paired_difference,FbHdp,guard_minus_no_remaining,irn_retransmit_bytes,5,0.0,0.0,0.0,0.0
paired_difference,FbHdp,guard_minus_no_remaining,irn_retransmit_packets,5,0.0,0.0,0.0,0.0
paired_difference,FbHdp,guard_minus_no_remaining,le_8KB_fct_us_mean,5,0.00012605938679524086,-0.0004220824488240729,0.0006742012224145547,0.0005481418356193138
paired_percent,FbHdp,guard_minus_no_remaining,le_8KB_fct_us_mean,5,0.002023458931503825,-0.006599548155160363,0.010646466018168012,0.008623007086664188
paired_difference,FbHdp,guard_minus_no_remaining,le_8KB_fct_us_p95,5,0.0007899999999995799,-0.006673991277113038,0.008253991277112198,0.007463991277112618
paired_percent,FbHdp,guard_minus_no_remaining,le_8KB_fct_us_p95,5,0.009298785078166862,-0.07790497649144151,0.09650254664777524,0.08720376156960838
paired_difference,FbHdp,guard_minus_no_remaining,le_8KB_fct_us_p99,5,0.004484000000000066,-0.003378241536553866,0.012346241536553998,0.007862241536553932
paired_percent,FbHdp,guard_minus_no_remaining,le_8KB_fct_us_p99,5,0.05051051322426177,-0.03798511236613457,0.13900613881465812,0.08849562559039634
paired_difference,FbHdp,guard_minus_no_remaining,le_8KB_flow_count,5,0.0,0.0,0.0,0.0
paired_percent,FbHdp,guard_minus_no_remaining,le_8KB_flow_count,5,0.0,0.0,0.0,0.0
paired_difference,FbHdp,guard_minus_no_remaining,le_8KB_slowdown_mean,5,1.9225085138874222e-05,-5.668427133749633e-05,9.513444161524478e-05,7.590935647637055e-05
paired_percent,FbHdp,guard_minus_no_remaining,le_8KB_slowdown_mean,5,0.0019176991033792719,-0.005653490889233224,0.009488889095991767,0.0075711899926124955
paired_difference,FbHdp,guard_minus_no_remaining,le_8KB_slowdown_p95,5,2.9439630198968558e-05,-0.00040093181407331764,0.00045981107447125476,0.0004303714442722862
paired_percent,FbHdp,guard_minus_no_remaining,le_8KB_slowdown_p95,5,0.0029051482046628906,-0.03945628339754882,0.045266579806874596,0.04236143160221171
paired_difference,FbHdp,guard_minus_no_remaining,le_8KB_slowdown_p99,5,0.00041378510426341996,-0.0005908412496741201,0.00141841145820096,0.00100462635393754
paired_percent,FbHdp,guard_minus_no_remaining,le_8KB_slowdown_p99,5,0.040434318747127204,-0.05766642465986735,0.13853506215412176,0.09810074340699455
paired_difference,FbHdp,guard_minus_no_remaining,long_to_small_slowdown_mean_ratio,5,-0.055885359342955264,-0.0818982787484159,-0.02987243993749463,0.026012919405460633
paired_percent,FbHdp,guard_minus_no_remaining,long_to_small_slowdown_mean_ratio,5,-3.403128149946915,-4.9574927987024395,-1.84876350119139,1.554364648755525
paired_difference,FbHdp,guard_minus_no_remaining,max_active_flows,5,0.0,0.0,0.0,0.0
paired_percent,FbHdp,guard_minus_no_remaining,max_active_flows,5,0.0,0.0,0.0,0.0
paired_difference,FbHdp,guard_minus_no_remaining,overall_fct_us_mean,5,-0.3632866074604685,-0.5202115716766469,-0.2063616432442901,0.15692496421617838
paired_percent,FbHdp,guard_minus_no_remaining,overall_fct_us_mean,5,-1.5683148739290216,-2.2891383281800954,-0.8474914196779478,0.7208234542510737
paired_difference,FbHdp,guard_minus_no_remaining,overall_fct_us_p95,5,-2.4350200000000064,-4.0576342718089276,-0.8124057281910848,1.6226142718089216
paired_percent,FbHdp,guard_minus_no_remaining,overall_fct_us_p95,5,-6.277458579240766,-9.475709808159484,-3.0792073503220467,3.198251228918719
paired_difference,FbHdp,guard_minus_no_remaining,overall_fct_us_p99,5,-10.391185999999982,-37.833473379587645,17.051101379587685,27.442287379587665
paired_percent,FbHdp,guard_minus_no_remaining,overall_fct_us_p99,5,-2.3215842154145867,-8.056795017016048,3.4136265861868753,5.735210801601462
paired_difference,FbHdp,guard_minus_no_remaining,overall_flow_count,5,0.0,0.0,0.0,0.0
paired_percent,FbHdp,guard_minus_no_remaining,overall_flow_count,5,0.0,0.0,0.0,0.0
paired_difference,FbHdp,guard_minus_no_remaining,overall_slowdown_mean,5,-0.006661467236134966,-0.007869428147735122,-0.005453506324534809,0.0012079609116001568
paired_percent,FbHdp,guard_minus_no_remaining,overall_slowdown_mean,5,-0.6380174653512426,-0.7515650176347037,-0.5244699130677815,0.11354755228346113
paired_difference,FbHdp,guard_minus_no_remaining,overall_slowdown_p95,5,-0.05436832133061405,-0.0792707935661493,-0.029465849095078787,0.02490247223553526
paired_percent,FbHdp,guard_minus_no_remaining,overall_slowdown_p95,5,-4.579189571257915,-6.569840941672993,-2.5885382008428373,1.9906513704150777
paired_difference,FbHdp,guard_minus_no_remaining,overall_slowdown_p99,5,-0.16959488475205417,-0.2560527822342292,-0.0831369872698791,0.08645789748217507
paired_percent,FbHdp,guard_minus_no_remaining,overall_slowdown_p99,5,-8.776042576586983,-13.400606395340793,-4.151478757833173,4.62456381875381
paired_difference,FbHdp,guard_minus_no_remaining,pfc_pause_events,5,0.0,0.0,0.0,0.0
paired_difference,FbHdp,guard_minus_no_remaining,pfc_resume_events,5,0.0,0.0,0.0,0.0
paired_difference,FbHdp,guard_minus_no_remaining,proactive_releases,5,0.0,0.0,0.0,0.0
paired_percent,FbHdp,guard_minus_no_remaining,proactive_releases,5,0.0,0.0,0.0,0.0
paired_difference,FbHdp,guard_minus_no_remaining,queue_bytes_max,5,-17531.6,-72177.77711296057,37114.57711296057,54646.17711296057
paired_percent,FbHdp,guard_minus_no_remaining,queue_bytes_max,5,-4.011343834865473,-16.850839892075967,8.82815222234502,12.839496057210493
paired_difference,FbHdp,guard_minus_no_remaining,queue_bytes_mean,5,-197.519,-331.2833454339409,-63.754654566059116,133.7643454339409
paired_percent,FbHdp,guard_minus_no_remaining,queue_bytes_mean,5,-7.852203018387297,-14.0463546042492,-1.6580514325253946,6.194151585861903
paired_difference,FbHdp,guard_minus_no_remaining,queue_bytes_p95,5,0.0,0.0,0.0,0.0
paired_difference,FbHdp,guard_minus_no_remaining,queue_bytes_p99,5,-1090.0,-4264.036610141273,2084.036610141273,3174.036610141273
paired_percent,FbHdp,guard_minus_no_remaining,queue_bytes_p99,5,-1.158080808080808,-4.304272705958523,1.9881110897969068,3.146191897877715
paired_difference,FbHdp,guard_minus_no_remaining,queue_sample_count,5,0.0,0.0,0.0,0.0
paired_percent,FbHdp,guard_minus_no_remaining,queue_sample_count,5,0.0,0.0,0.0,0.0
paired_difference,FbHdp,guard_minus_no_remaining,reactive_binding_rate_changes,5,-23.0,-38.80380259553152,-7.19619740446848,15.80380259553152
paired_percent,FbHdp,guard_minus_no_remaining,reactive_binding_rate_changes,5,-5.7414654543080195,-11.117745982063548,-0.3651849265524909,5.376280527755529
paired_difference,FbHdp,guard_minus_no_remaining,reactive_binding_updates,5,-23.0,-38.80380259553152,-7.19619740446848,15.80380259553152
paired_percent,FbHdp,guard_minus_no_remaining,reactive_binding_updates,5,-5.7414654543080195,-11.117745982063548,-0.3651849265524909,5.376280527755529
paired_difference,FbHdp,guard_minus_no_remaining,recovery_nacks_generated,5,0.0,0.0,0.0,0.0
paired_difference,FbHdp,guard_minus_no_remaining,recovery_nacks_received,5,0.0,0.0,0.0,0.0
paired_difference,FbHdp,guard_minus_no_remaining,registrations,5,0.0,0.0,0.0,0.0
paired_percent,FbHdp,guard_minus_no_remaining,registrations,5,0.0,0.0,0.0,0.0
paired_difference,FbHdp,guard_minus_no_remaining,selected_registrations,5,0.0,0.0,0.0,0.0
paired_percent,FbHdp,guard_minus_no_remaining,selected_registrations,5,0.0,0.0,0.0,0.0
paired_difference,FbHdp,guard_minus_no_remaining,tie_binding_rate_changes,5,1.4,-1.8378635694174128,4.637863569417412,3.2378635694174127
paired_percent,FbHdp,guard_minus_no_remaining,tie_binding_rate_changes,5,3.41902145473574,-5.649234315563037,12.487277225034516,9.068255770298776
paired_difference,FbHdp,guard_minus_no_remaining,tie_binding_updates,5,46.8,27.100931209004298,66.4990687909957,19.6990687909957
paired_percent,FbHdp,guard_minus_no_remaining,tie_binding_updates,5,6.0455826159011306,1.83732420388647,10.25384102791579,4.20825841201466
paired_difference,FbHdp,guard_minus_no_remaining,timeout_recoveries,5,0.0,0.0,0.0,0.0
paired_difference,FbHdp,guard_minus_no_ack_coalescing,1BDP_to_1MB_fct_us_mean,5,-0.1957929423870631,-0.41786822219604114,0.026282337421914936,0.22207527980897804
paired_percent,FbHdp,guard_minus_no_ack_coalescing,1BDP_to_1MB_fct_us_mean,5,-0.5829457731589611,-1.2393566699179173,0.07346512359999502,0.6564108967589561
paired_difference,FbHdp,guard_minus_no_ack_coalescing,1BDP_to_1MB_fct_us_p95,5,0.14336999999999023,-3.7034752958849246,3.990215295884905,3.846845295884915
paired_percent,FbHdp,guard_minus_no_ack_coalescing,1BDP_to_1MB_fct_us_p95,5,0.11989454123776624,-4.3388777725659,4.5786668550414324,4.458772313803666
paired_difference,FbHdp,guard_minus_no_ack_coalescing,1BDP_to_1MB_fct_us_p99,5,1.0830960000001766,-3.9001486383535524,6.066340638353905,4.983244638353729
paired_percent,FbHdp,guard_minus_no_ack_coalescing,1BDP_to_1MB_fct_us_p99,5,0.6151804055869704,-2.2312293057151584,3.461590116889099,2.8464097113021287
paired_difference,FbHdp,guard_minus_no_ack_coalescing,1BDP_to_1MB_flow_count,5,0.0,0.0,0.0,0.0
paired_percent,FbHdp,guard_minus_no_ack_coalescing,1BDP_to_1MB_flow_count,5,0.0,0.0,0.0,0.0
paired_difference,FbHdp,guard_minus_no_ack_coalescing,1BDP_to_1MB_slowdown_mean,5,-0.0013368160170475819,-0.004608802600353109,0.001935170566257945,0.003271986583305527
paired_percent,FbHdp,guard_minus_no_ack_coalescing,1BDP_to_1MB_slowdown_mean,5,-0.11679980962766431,-0.4022434111161819,0.1686437918608533,0.2854436014885176
paired_difference,FbHdp,guard_minus_no_ack_coalescing,1BDP_to_1MB_slowdown_p95,5,-0.057101131747706854,-0.0907535195718219,-0.0234487439235918,0.03365238782411505
paired_percent,FbHdp,guard_minus_no_ack_coalescing,1BDP_to_1MB_slowdown_p95,5,-3.584681363939596,-5.657716482613491,-1.5116462452657005,2.0730351186738956
paired_difference,FbHdp,guard_minus_no_ack_coalescing,1BDP_to_1MB_slowdown_p99,5,-0.06949744293888153,-0.24710678955470977,0.10811190367694669,0.17760934661582822
paired_percent,FbHdp,guard_minus_no_ack_coalescing,1BDP_to_1MB_slowdown_p99,5,-3.151973489586466,-11.235454374358431,4.9315073951855,8.083480884771966
paired_difference,FbHdp,guard_minus_no_ack_coalescing,8KB_to_1BDP_fct_us_mean,5,-0.08442640083189908,-0.09773427485885319,-0.07111852680494496,0.013307874026954112
paired_percent,FbHdp,guard_minus_no_ack_coalescing,8KB_to_1BDP_fct_us_mean,5,-0.7286160412747746,-0.8392468661114302,-0.6179852164381191,0.11063082483665557
paired_difference,FbHdp,guard_minus_no_ack_coalescing,8KB_to_1BDP_fct_us_p95,5,-0.34836999999999846,-0.5718996219655852,-0.12484037803441173,0.22352962196558673
paired_percent,FbHdp,guard_minus_no_ack_coalescing,8KB_to_1BDP_fct_us_p95,5,-2.0792976546561386,-3.3653731860664573,-0.7932221232458201,1.2860755314103185
paired_difference,FbHdp,guard_minus_no_ack_coalescing,8KB_to_1BDP_fct_us_p99,5,-0.6703940000000074,-0.8908527126196208,-0.4499352873803939,0.22045871261961345
paired_percent,FbHdp,guard_minus_no_ack_coalescing,8KB_to_1BDP_fct_us_p99,5,-3.5721816364304124,-4.709145444289412,-2.4352178285714134,1.136963807858999
paired_difference,FbHdp,guard_minus_no_ack_coalescing,8KB_to_1BDP_flow_count,5,0.0,0.0,0.0,0.0
paired_percent,FbHdp,guard_minus_no_ack_coalescing,8KB_to_1BDP_flow_count,5,0.0,0.0,0.0,0.0
paired_difference,FbHdp,guard_minus_no_ack_coalescing,8KB_to_1BDP_slowdown_mean,5,-0.006274898531214745,-0.007629281233727728,-0.004920515828701762,0.0013543827025129828
paired_percent,FbHdp,guard_minus_no_ack_coalescing,8KB_to_1BDP_slowdown_mean,5,-0.6010154520483661,-0.7301743756220853,-0.471856528474647,0.12915892357371914
paired_difference,FbHdp,guard_minus_no_ack_coalescing,8KB_to_1BDP_slowdown_p95,5,-0.02610539407084933,-0.052039264032547654,-0.00017152410915100696,0.025933869961698323
paired_percent,FbHdp,guard_minus_no_ack_coalescing,8KB_to_1BDP_slowdown_p95,5,-2.2980437129459923,-4.513928267512389,-0.08215915837959553,2.2158845545663968
paired_difference,FbHdp,guard_minus_no_ack_coalescing,8KB_to_1BDP_slowdown_p99,5,0.0013805953747449084,-0.021636068811374344,0.024397259560864158,0.02301666418611925
paired_percent,FbHdp,guard_minus_no_ack_coalescing,8KB_to_1BDP_slowdown_p99,5,0.05231409053834983,-1.597797194065252,1.7024253751419518,1.650111284603602
paired_difference,FbHdp,guard_minus_no_ack_coalescing,aggregate_goodput_gbps,5,0.10570411566282019,-0.3690264509963832,0.5804346823220236,0.4747305666592034
paired_percent,FbHdp,guard_minus_no_ack_coalescing,aggregate_goodput_gbps,5,0.06447923381897894,-0.2284907433361502,0.3574492109741081,0.2929699771551291
paired_difference,FbHdp,guard_minus_no_ack_coalescing,completion_releases,5,0.0,0.0,0.0,0.0
paired_difference,FbHdp,guard_minus_no_ack_coalescing,completion_span_us,5,-13.805600000000414,-75.46215473772665,47.85095473772583,61.65655473772624
paired_percent,FbHdp,guard_minus_no_ack_coalescing,completion_span_us,5,-0.06399446966541066,-0.3557303567720131,0.22774141744119175,0.2917358871066024
paired_difference,FbHdp,guard_minus_no_ack_coalescing,grant_binding_rate_changes,5,-0.2,-1.5601747613165138,1.1601747613165139,1.3601747613165138
paired_difference,FbHdp,guard_minus_no_ack_coalescing,grant_binding_updates,5,-5.0,-14.972038495015997,4.9720384950159975,9.972038495015997
paired_percent,FbHdp,guard_minus_no_ack_coalescing,grant_binding_updates,5,-3.7480184955153333,-10.965469801725188,3.469432810694522,7.217451306209855
paired_difference,FbHdp,guard_minus_no_ack_coalescing,grant_bytes_sent,5,-977.6,-1821.6784004995188,-133.5215995004811,844.0784004995189
paired_percent,FbHdp,guard_minus_no_ack_coalescing,grant_bytes_sent,5,-0.1723562754137889,-0.32024072829072686,-0.02447182253685093,0.14788445287693797
paired_difference,FbHdp,guard_minus_no_ack_coalescing,grant_event_rate_changes,5,0.8,-29.211303950464046,30.811303950464048,30.011303950464047
paired_percent,FbHdp,guard_minus_no_ack_coalescing,grant_event_rate_changes,5,0.23790203823449932,-2.375159737088528,2.8509638135575264,2.613061775323027
paired_difference,FbHdp,guard_minus_no_ack_coalescing,grants_received,5,-10.4,-19.379557452122544,-1.4204425478774567,8.979557452122544
paired_percent,FbHdp,guard_minus_no_ack_coalescing,grants_received,5,-0.1723562754137889,-0.32024072829072686,-0.02447182253685093,0.14788445287693797
paired_difference,FbHdp,guard_minus_no_ack_coalescing,grants_sent,5,-10.4,-19.379557452122544,-1.4204425478774567,8.979557452122544
paired_percent,FbHdp,guard_minus_no_ack_coalescing,grants_sent,5,-0.1723562754137889,-0.32024072829072686,-0.02447182253685093,0.14788445287693797
paired_difference,FbHdp,guard_minus_no_ack_coalescing,gt_1MB_fct_us_mean,5,-7.151955496925882,-14.263776179683367,-0.040134814168396815,7.111820682757485
paired_percent,FbHdp,guard_minus_no_ack_coalescing,gt_1MB_fct_us_mean,5,-1.4447525624594229,-2.947051446715215,0.057546321796369426,1.5022988842557923
paired_difference,FbHdp,guard_minus_no_ack_coalescing,gt_1MB_fct_us_p95,5,-46.96509000000024,-131.16308123020707,37.232901230206586,84.19799123020682
paired_percent,FbHdp,guard_minus_no_ack_coalescing,gt_1MB_fct_us_p95,5,-2.6944899119551176,-6.862414277633187,1.4734344537229518,4.167924365678069
paired_difference,FbHdp,guard_minus_no_ack_coalescing,gt_1MB_fct_us_p99,5,-105.17066200000026,-230.1322975696111,19.79097356961057,124.96163556961083
paired_percent,FbHdp,guard_minus_no_ack_coalescing,gt_1MB_fct_us_p99,5,-4.158812224384194,-8.113702656495981,-0.20392179227240748,3.9548904321117866
paired_difference,FbHdp,guard_minus_no_ack_coalescing,gt_1MB_flow_count,5,0.0,0.0,0.0,0.0
paired_percent,FbHdp,guard_minus_no_ack_coalescing,gt_1MB_flow_count,5,0.0,0.0,0.0,0.0
paired_difference,FbHdp,guard_minus_no_ack_coalescing,gt_1MB_slowdown_mean,5,-0.019367511535847905,-0.0416463255455844,0.0029113024738885926,0.022278814009736497
paired_percent,FbHdp,guard_minus_no_ack_coalescing,gt_1MB_slowdown_mean,5,-1.1489458070574066,-2.4941079737289638,0.19621635961415063,1.3451621666715572
paired_difference,FbHdp,guard_minus_no_ack_coalescing,gt_1MB_slowdown_p95,5,-0.16607147829449048,-0.4159409265046482,0.08379796991566721,0.2498694482101577
paired_percent,FbHdp,guard_minus_no_ack_coalescing,gt_1MB_slowdown_p95,5,-4.491262304989817,-10.672632418334771,1.690107808355136,6.181370113344953
paired_difference,FbHdp,guard_minus_no_ack_coalescing,gt_1MB_slowdown_p99,5,-0.07722873977936322,-0.48832934594426197,0.3338718663855355,0.41110060616489874
paired_percent,FbHdp,guard_minus_no_ack_coalescing,gt_1MB_slowdown_p99,5,-2.754782548806689,-12.827042419344725,7.317477321731346,10.072259870538035
paired_difference,FbHdp,guard_minus_no_ack_coalescing,guard_ack_interval_packets,5,7.0,7.0,7.0,0.0
paired_percent,FbHdp,guard_minus_no_ack_coalescing,guard_ack_interval_packets,5,700.0,700.0,700.0,0.0
paired_difference,FbHdp,guard_minus_no_ack_coalescing,guard_adaptive_grant_updates,5,0.0,0.0,0.0,0.0
paired_difference,FbHdp,guard_minus_no_ack_coalescing,guard_fixed_window,5,0.0,0.0,0.0,0.0
paired_percent,FbHdp,guard_minus_no_ack_coalescing,guard_fixed_window,5,0.0,0.0,0.0,0.0
paired_difference,FbHdp,guard_minus_no_ack_coalescing,guard_grant_refresh_bdps,5,0.0,0.0,0.0,0.0
paired_percent,FbHdp,guard_minus_no_ack_coalescing,guard_grant_refresh_bdps,5,0.0,0.0,0.0,0.0
paired_difference,FbHdp,guard_minus_no_ack_coalescing,guard_long_acks_suppressed,5,343135.0,329866.11356746504,356403.88643253496,13268.886432534977
paired_difference,FbHdp,guard_minus_no_ack_coalescing,guard_min_share_fraction,5,0.0,0.0,0.0,0.0
paired_difference,FbHdp,guard_minus_no_ack_coalescing,guard_one_rtt_acks_suppressed,5,0.0,0.0,0.0,0.0
paired_percent,FbHdp,guard_minus_no_ack_coalescing,guard_one_rtt_acks_suppressed,5,0.0,0.0,0.0,0.0
paired_difference,FbHdp,guard_minus_no_ack_coalescing,guard_one_rtt_bypass_enabled,5,0.0,0.0,0.0,0.0
paired_percent,FbHdp,guard_minus_no_ack_coalescing,guard_one_rtt_bypass_enabled,5,0.0,0.0,0.0,0.0
paired_difference,FbHdp,guard_minus_no_ack_coalescing,guard_one_rtt_bypass_feedbacks,5,0.0,0.0,0.0,0.0
paired_percent,FbHdp,guard_minus_no_ack_coalescing,guard_one_rtt_bypass_feedbacks,5,0.0,0.0,0.0,0.0
paired_difference,FbHdp,guard_minus_no_ack_coalescing,guard_one_rtt_bypass_flows,5,0.0,0.0,0.0,0.0
paired_percent,FbHdp,guard_minus_no_ack_coalescing,guard_one_rtt_bypass_flows,5,0.0,0.0,0.0,0.0
paired_difference,FbHdp,guard_minus_no_ack_coalescing,guard_rebalance_events,5,0.0,0.0,0.0,0.0
paired_difference,FbHdp,guard_minus_no_ack_coalescing,guard_remaining_aware,5,0.0,0.0,0.0,0.0
paired_percent,FbHdp,guard_minus_no_ack_coalescing,guard_remaining_aware,5,0.0,0.0,0.0,0.0
paired_difference,FbHdp,guard_minus_no_ack_coalescing,guard_remaining_exponent,5,0.0,0.0,0.0,0.0
paired_percent,FbHdp,guard_minus_no_ack_coalescing,guard_remaining_exponent,5,0.0,0.0,0.0,0.0
paired_difference,FbHdp,guard_minus_no_ack_coalescing,guard_remaining_refresh_events,5,-5.6,-10.456795354126118,-0.743204645873881,4.856795354126119
paired_percent,FbHdp,guard_minus_no_ack_coalescing,guard_remaining_refresh_events,5,-0.11367341190124533,-0.2074595083830004,-0.019887315419490265,0.09378609648175507
paired_difference,FbHdp,guard_minus_no_ack_coalescing,guard_sender_srpt_enabled,5,0.0,0.0,0.0,0.0
paired_percent,FbHdp,guard_minus_no_ack_coalescing,guard_sender_srpt_enabled,5,0.0,0.0,0.0,0.0
paired_difference,FbHdp,guard_minus_no_ack_coalescing,guard_sender_srpt_forced_rr,5,-144.0,-203.78712076746453,-84.21287923253547,59.78712076746453
paired_percent,FbHdp,guard_minus_no_ack_coalescing,guard_sender_srpt_forced_rr,5,-57.732050588654104,-65.01710870529963,-50.44699247200858,7.285058116645525
paired_difference,FbHdp,guard_minus_no_ack_coalescing,guard_sender_srpt_non_rr,5,1811.0,633.1859749940515,2988.8140250059487,1177.8140250059485
paired_percent,FbHdp,guard_minus_no_ack_coalescing,guard_sender_srpt_non_rr,5,8.23205436568649,1.594315567978823,14.869793163394158,6.637738797707668
paired_difference,FbHdp,guard_minus_no_ack_coalescing,guard_sender_srpt_selections,5,0.0,0.0,0.0,0.0
paired_percent,FbHdp,guard_minus_no_ack_coalescing,guard_sender_srpt_selections,5,0.0,0.0,0.0,0.0
paired_difference,FbHdp,guard_minus_no_ack_coalescing,guard_srpt_quantum_packets,5,0.0,0.0,0.0,0.0
paired_percent,FbHdp,guard_minus_no_ack_coalescing,guard_srpt_quantum_packets,5,0.0,0.0,0.0,0.0
paired_difference,FbHdp,guard_minus_no_ack_coalescing,guard_tail_bypass_bdps,5,0.0,0.0,0.0,0.0
paired_percent,FbHdp,guard_minus_no_ack_coalescing,guard_tail_bypass_bdps,5,0.0,0.0,0.0,0.0
paired_difference,FbHdp,guard_minus_no_ack_coalescing,guard_tail_bypass_enabled,5,0.0,0.0,0.0,0.0
paired_percent,FbHdp,guard_minus_no_ack_coalescing,guard_tail_bypass_enabled,5,0.0,0.0,0.0,0.0
paired_difference,FbHdp,guard_minus_no_ack_coalescing,guard_tail_bypass_feedbacks,5,-117520.4,-126166.46669605088,-108874.33330394911,8646.066696050879
paired_percent,FbHdp,guard_minus_no_ack_coalescing,guard_tail_bypass_feedbacks,5,-87.15383761825666,-87.1900469837469,-87.11762825276642,0.03620936549023545
paired_difference,FbHdp,guard_minus_no_ack_coalescing,guard_tail_bypass_flows,5,0.0,0.0,0.0,0.0
paired_percent,FbHdp,guard_minus_no_ack_coalescing,guard_tail_bypass_flows,5,0.0,0.0,0.0,0.0
paired_difference,FbHdp,guard_minus_no_ack_coalescing,hpcc_actual_rate_changes,5,-52.0,-87.32746831645917,-16.672531683540832,35.32746831645917
paired_percent,FbHdp,guard_minus_no_ack_coalescing,hpcc_actual_rate_changes,5,-9.209113825354766,-14.708162625876307,-3.7100650248332254,5.499048800521541
paired_difference,FbHdp,guard_minus_no_ack_coalescing,hpcc_fast_computations,5,0.0,0.0,0.0,0.0
paired_difference,FbHdp,guard_minus_no_ack_coalescing,hpcc_feedback_updates,5,-89.8,-153.38847316006752,-26.21152683993249,63.58847316006751
paired_percent,FbHdp,guard_minus_no_ack_coalescing,hpcc_feedback_updates,5,-1.9500384255788403,-3.1443345593442187,-0.7557422918134618,1.1942961337653786
paired_difference,FbHdp,guard_minus_no_ack_coalescing,hpcc_full_computations,5,-66.8,-102.2189960541664,-31.381003945833598,35.4189960541664
paired_percent,FbHdp,guard_minus_no_ack_coalescing,hpcc_full_computations,5,-4.173671255889462,-5.519046191645687,-2.828296320133237,1.3453749357562248
paired_difference,FbHdp,guard_minus_no_ack_coalescing,hpcc_rate_updates_applied,5,-66.8,-102.2189960541664,-31.381003945833598,35.4189960541664
paired_percent,FbHdp,guard_minus_no_ack_coalescing,hpcc_rate_updates_applied,5,-4.173671255889462,-5.519046191645687,-2.828296320133237,1.3453749357562248
paired_difference,FbHdp,guard_minus_no_ack_coalescing,hpcc_valid_feedback,5,-66.8,-102.2189960541664,-31.381003945833598,35.4189960541664
paired_percent,FbHdp,guard_minus_no_ack_coalescing,hpcc_valid_feedback,5,-4.021794094365723,-5.320267193278195,-2.7233209954532516,1.2984730989124715
paired_difference,FbHdp,guard_minus_no_ack_coalescing,int_hops_after_strip,5,-370537.2,-428992.9734731083,-312081.4265268917,58455.77347310831
paired_percent,FbHdp,guard_minus_no_ack_coalescing,int_hops_after_strip,5,-86.74232074965519,-86.86866601879686,-86.61597548051353,0.12634526914166305
paired_difference,FbHdp,guard_minus_no_ack_coalescing,int_hops_before_strip,5,-713672.2,-783232.9255167728,-644111.4744832271,69560.72551677286
paired_percent,FbHdp,guard_minus_no_ack_coalescing,int_hops_before_strip,5,-86.73944550040895,-86.81766985850156,-86.66122114231634,0.07822435809261136
paired_difference,FbHdp,guard_minus_no_ack_coalescing,int_records_stripped,5,-343135.0,-356403.88643253496,-329866.11356746504,13268.886432534977
paired_percent,FbHdp,guard_minus_no_ack_coalescing,int_records_stripped,5,-86.73309538047901,-86.76685885114267,-86.69933190981536,0.03376347066366486
paired_difference,FbHdp,guard_minus_no_ack_coalescing,irn_nacks_generated,5,0.0,0.0,0.0,0.0
paired_difference,FbHdp,guard_minus_no_ack_coalescing,irn_nacks_received,5,0.0,0.0,0.0,0.0
paired_difference,FbHdp,guard_minus_no_ack_coalescing,irn_retransmit_bytes,5,0.0,0.0,0.0,0.0
paired_difference,FbHdp,guard_minus_no_ack_coalescing,irn_retransmit_packets,5,0.0,0.0,0.0,0.0
paired_difference,FbHdp,guard_minus_no_ack_coalescing,le_8KB_fct_us_mean,5,-0.0024349510879174475,-0.004313711857994338,-0.0005561903178405562,0.0018787607700768913
paired_percent,FbHdp,guard_minus_no_ack_coalescing,le_8KB_fct_us_mean,5,-0.03784233591888839,-0.06684528304072432,-0.008839388797052459,0.029002947121835928
paired_difference,FbHdp,guard_minus_no_ack_coalescing,le_8KB_fct_us_p95,5,-0.009020000000000295,-0.019183988762467217,0.0011439887624666266,0.010163988762466922
paired_percent,FbHdp,guard_minus_no_ack_coalescing,le_8KB_fct_us_p95,5,-0.10523171504095061,-0.22368609476812945,0.01322266468622825,0.11845437972717886
paired_difference,FbHdp,guard_minus_no_ack_coalescing,le_8KB_fct_us_p99,5,-0.00667600000000057,-0.018952376595810297,0.005600376595809154,0.012276376595809725
paired_percent,FbHdp,guard_minus_no_ack_coalescing,le_8KB_fct_us_p99,5,-0.0750498838983486,-0.2128864744655606,0.0627867066688634,0.137836590567212
paired_difference,FbHdp,guard_minus_no_ack_coalescing,le_8KB_flow_count,5,0.0,0.0,0.0,0.0
paired_percent,FbHdp,guard_minus_no_ack_coalescing,le_8KB_flow_count,5,0.0,0.0,0.0,0.0
paired_difference,FbHdp,guard_minus_no_ack_coalescing,le_8KB_slowdown_mean,5,-0.00024154718851803202,-0.00039449409397717056,-8.860028305889348e-05,0.00015294690545913854
paired_percent,FbHdp,guard_minus_no_ack_coalescing,le_8KB_slowdown_mean,5,-0.024084891958366147,-0.03933098719233516,-0.008838796724397135,0.015246095233969012
paired_difference,FbHdp,guard_minus_no_ack_coalescing,le_8KB_slowdown_p95,5,-0.0012670908127152992,-0.0018157596327744345,-0.0007184219926561637,0.0005486688200591355
paired_percent,FbHdp,guard_minus_no_ack_coalescing,le_8KB_slowdown_p95,5,-0.12453045436158036,-0.17838892907363335,-0.07067197964952736,0.053858474712053
paired_difference,FbHdp,guard_minus_no_ack_coalescing,le_8KB_slowdown_p99,5,-0.0013695661242135947,-0.002670018587169954,-6.911366125723559e-05,0.0013004524629563591
paired_percent,FbHdp,guard_minus_no_ack_coalescing,le_8KB_slowdown_p99,5,-0.1333669403218669,-0.25997425245630745,-0.0067596281874263975,0.12660731213444051
paired_difference,FbHdp,guard_minus_no_ack_coalescing,long_to_small_slowdown_mean_ratio,5,-0.018921265879657412,-0.04104485077841336,0.0032023190190985373,0.02212358489875595
paired_percent,FbHdp,guard_minus_no_ack_coalescing,long_to_small_slowdown_mean_ratio,5,-1.1251660249282185,-2.465575355918517,0.21524330606208042,1.340409330990299
paired_difference,FbHdp,guard_minus_no_ack_coalescing,max_active_flows,5,0.0,0.0,0.0,0.0
paired_percent,FbHdp,guard_minus_no_ack_coalescing,max_active_flows,5,0.0,0.0,0.0,0.0
paired_difference,FbHdp,guard_minus_no_ack_coalescing,overall_fct_us_mean,5,-0.24417142232319264,-0.45010504672956503,-0.03823779791682025,0.2059336244063724
paired_percent,FbHdp,guard_minus_no_ack_coalescing,overall_fct_us_mean,5,-1.0203848565683373,-1.9018195604228527,-0.13895015271382205,0.8814347038545153
paired_difference,FbHdp,guard_minus_no_ack_coalescing,overall_fct_us_p95,5,-0.43057000000003,-1.219445532477402,0.3583055324773422,0.7888755324773722
paired_percent,FbHdp,guard_minus_no_ack_coalescing,overall_fct_us_p95,5,-1.178839031613104,-3.29624297264038,0.9385649094141719,2.117403941027276
paired_difference,FbHdp,guard_minus_no_ack_coalescing,overall_fct_us_p99,5,2.9715840000007345,-25.506507015740016,31.449675015741487,28.478091015740752
paired_percent,FbHdp,guard_minus_no_ack_coalescing,overall_fct_us_p99,5,0.5629399321098447,-5.3997018981735785,6.5255817623932675,5.962641830283423
paired_difference,FbHdp,guard_minus_no_ack_coalescing,overall_flow_count,5,0.0,0.0,0.0,0.0
paired_percent,FbHdp,guard_minus_no_ack_coalescing,overall_flow_count,5,0.0,0.0,0.0,0.0
paired_difference,FbHdp,guard_minus_no_ack_coalescing,overall_slowdown_mean,5,-0.002000938549376796,-0.002763150168238417,-0.0012387269305151752,0.0007622116188616207
paired_percent,FbHdp,guard_minus_no_ack_coalescing,overall_slowdown_mean,5,-0.19240976679476704,-0.2650467221035978,-0.11977281148593628,0.07263695530883076
paired_difference,FbHdp,guard_minus_no_ack_coalescing,overall_slowdown_p95,5,0.004191381227812841,-0.010244388867778785,0.018627151323404464,0.014435770095591625
paired_percent,FbHdp,guard_minus_no_ack_coalescing,overall_slowdown_p95,5,0.3769063834325669,-0.9103018793568777,1.6641146462220116,1.2872082627894446
paired_difference,FbHdp,guard_minus_no_ack_coalescing,overall_slowdown_p99,5,-0.055095451764256696,-0.11025598520287594,6.508167436254653e-05,0.05516053343861924
paired_percent,FbHdp,guard_minus_no_ack_coalescing,overall_slowdown_p99,5,-2.965133984872172,-5.898582658340397,-0.03168531140394748,2.9334486734682246
paired_difference,FbHdp,guard_minus_no_ack_coalescing,pfc_pause_events,5,0.0,0.0,0.0,0.0
paired_difference,FbHdp,guard_minus_no_ack_coalescing,pfc_resume_events,5,0.0,0.0,0.0,0.0
paired_difference,FbHdp,guard_minus_no_ack_coalescing,proactive_releases,5,0.0,0.0,0.0,0.0
paired_percent,FbHdp,guard_minus_no_ack_coalescing,proactive_releases,5,0.0,0.0,0.0,0.0
paired_difference,FbHdp,guard_minus_no_ack_coalescing,queue_bytes_max,5,-55710.8,-124590.14659893542,13168.546598935412,68879.34659893542
paired_percent,FbHdp,guard_minus_no_ack_coalescing,queue_bytes_max,5,-12.026783388016304,-24.98770835608074,0.9341415800481343,12.960924968064438
paired_difference,FbHdp,guard_minus_no_ack_coalescing,queue_bytes_mean,5,-648.1836000000001,-801.8387943873677,-494.52840561263247,153.65519438736757
paired_percent,FbHdp,guard_minus_no_ack_coalescing,queue_bytes_mean,5,-20.727682027727663,-22.397414037662784,-19.057950017792542,1.6697320099351225
paired_difference,FbHdp,guard_minus_no_ack_coalescing,queue_bytes_p95,5,-5450.0,-7364.016092125484,-3535.9839078745163,1914.016092125484
paired_percent,FbHdp,guard_minus_no_ack_coalescing,queue_bytes_p95,5,-100.0,-100.0,-100.0,0.0
paired_difference,FbHdp,guard_minus_no_ack_coalescing,queue_bytes_p99,5,-12644.0,-17193.564313774616,-8094.435686225383,4549.564313774617
paired_percent,FbHdp,guard_minus_no_ack_coalescing,queue_bytes_p99,5,-10.751793683209613,-13.285245607900919,-8.218341758518307,2.5334519246913056
paired_difference,FbHdp,guard_minus_no_ack_coalescing,queue_sample_count,5,0.0,0.0,0.0,0.0
paired_percent,FbHdp,guard_minus_no_ack_coalescing,queue_sample_count,5,0.0,0.0,0.0,0.0
paired_difference,FbHdp,guard_minus_no_ack_coalescing,reactive_binding_rate_changes,5,-45.6,-75.86961897018091,-15.33038102981909,30.26961897018091
paired_percent,FbHdp,guard_minus_no_ack_coalescing,reactive_binding_rate_changes,5,-8.853851883185849,-14.305054078877843,-3.402649687493854,5.4512021956919945
paired_difference,FbHdp,guard_minus_no_ack_coalescing,reactive_binding_updates,5,-45.6,-75.86961897018091,-15.33038102981909,30.26961897018091
paired_percent,FbHdp,guard_minus_no_ack_coalescing,reactive_binding_updates,5,-8.853851883185849,-14.305054078877843,-3.402649687493854,5.4512021956919945
paired_difference,FbHdp,guard_minus_no_ack_coalescing,recovery_nacks_generated,5,0.0,0.0,0.0,0.0
paired_difference,FbHdp,guard_minus_no_ack_coalescing,recovery_nacks_received,5,0.0,0.0,0.0,0.0
paired_difference,FbHdp,guard_minus_no_ack_coalescing,registrations,5,0.0,0.0,0.0,0.0
paired_percent,FbHdp,guard_minus_no_ack_coalescing,registrations,5,0.0,0.0,0.0,0.0
paired_difference,FbHdp,guard_minus_no_ack_coalescing,selected_registrations,5,0.0,0.0,0.0,0.0
paired_percent,FbHdp,guard_minus_no_ack_coalescing,selected_registrations,5,0.0,0.0,0.0,0.0
paired_difference,FbHdp,guard_minus_no_ack_coalescing,tie_binding_rate_changes,5,-6.2,-13.079759819366199,0.6797598193661987,6.879759819366199
paired_percent,FbHdp,guard_minus_no_ack_coalescing,tie_binding_rate_changes,5,-14.341835213966359,-28.999971050336136,0.31630062240341594,14.658135836369775
paired_difference,FbHdp,guard_minus_no_ack_coalescing,tie_binding_updates,5,-16.2,-37.909599337433434,5.509599337433439,21.70959933743344
paired_percent,FbHdp,guard_minus_no_ack_coalescing,tie_binding_updates,5,-1.6890397195237798,-3.78959092127123,0.4115114822236703,2.10055120174745
paired_difference,FbHdp,guard_minus_no_ack_coalescing,timeout_recoveries,5,0.0,0.0,0.0,0.0
