workload,seed,arm,metric,value
AliStorage2019,11,guard,1BDP_to_1MB_fct_us_mean,49.6136
AliStorage2019,11,guard,1BDP_to_1MB_fct_us_p95,148.0478
AliStorage2019,11,guard,1BDP_to_1MB_fct_us_p99,288.3660900000001
AliStorage2019,11,guard,1BDP_to_1MB_flow_count,290.0
AliStorage2019,11,guard,1BDP_to_1MB_slowdown_mean,1.2869286654950116
AliStorage2019,11,guard,1BDP_to_1MB_slowdown_p95,2.101847876008401
AliStorage2019,11,guard,1BDP_to_1MB_slowdown_p99,3.2584301489343765
AliStorage2019,11,guard,8KB_to_1BDP_fct_us_mean,8.867630242400924
AliStorage2019,11,guard,8KB_to_1BDP_fct_us_p95,14.447399999999998
AliStorage2019,11,guard,8KB_to_1BDP_fct_us_p99,17.52974
AliStorage2019,11,guard,8KB_to_1BDP_flow_count,2599.0
AliStorage2019,11,guard,8KB_to_1BDP_slowdown_mean,1.030766567375654
AliStorage2019,11,guard,8KB_to_1BDP_slowdown_p95,1.1224261725499203
AliStorage2019,11,guard,8KB_to_1BDP_slowdown_p99,1.2969605715313597
AliStorage2019,11,guard,aggregate_goodput_gbps,171.8319123637815
AliStorage2019,11,guard,completion_releases,0.0
AliStorage2019,11,guard,completion_span_us,20053.444
AliStorage2019,11,guard,grant_binding_rate_changes,3.0
AliStorage2019,11,guard,grant_binding_updates,78.0
AliStorage2019,11,guard,grant_bytes_sent,515966.0
AliStorage2019,11,guard,grant_event_rate_changes,1601.0
AliStorage2019,11,guard,grants_received,5489.0
AliStorage2019,11,guard,grants_sent,5489.0
AliStorage2019,11,guard,gt_1MB_fct_us_mean,243.33788079470196
AliStorage2019,11,guard,gt_1MB_fct_us_p95,497.62699999999995
AliStorage2019,11,guard,gt_1MB_fct_us_p99,629.2535
AliStorage2019,11,guard,gt_1MB_flow_count,151.0
AliStorage2019,11,guard,gt_1MB_slowdown_mean,1.7622781385075361
AliStorage2019,11,guard,gt_1MB_slowdown_p95,3.563130246430773
AliStorage2019,11,guard,gt_1MB_slowdown_p99,4.097881232373073
AliStorage2019,11,guard,guard_ack_interval_packets,8.0
AliStorage2019,11,guard,guard_adaptive_grant_updates,0.0
AliStorage2019,11,guard,guard_fixed_window,1.0
AliStorage2019,11,guard,guard_grant_refresh_bdps,1.0
AliStorage2019,11,guard,guard_long_acks_suppressed,299146.0
AliStorage2019,11,guard,guard_min_share_fraction,0.0
AliStorage2019,11,guard,guard_one_rtt_acks_suppressed,83733.0
AliStorage2019,11,guard,guard_one_rtt_bypass_enabled,1.0
AliStorage2019,11,guard,guard_one_rtt_bypass_feedbacks,9130.0
AliStorage2019,11,guard,guard_one_rtt_bypass_flows,9130.0
AliStorage2019,11,guard,guard_rebalance_events,0.0
AliStorage2019,11,guard,guard_remaining_aware,1.0
AliStorage2019,11,guard,guard_remaining_exponent,1.0
AliStorage2019,11,guard,guard_remaining_refresh_events,3942.0
AliStorage2019,11,guard,guard_sender_srpt_enabled,1.0
AliStorage2019,11,guard,guard_sender_srpt_forced_rr,76.0
AliStorage2019,11,guard,guard_sender_srpt_non_rr,28647.0
AliStorage2019,11,guard,guard_sender_srpt_selections,435617.0
AliStorage2019,11,guard,guard_srpt_quantum_packets,64.0
AliStorage2019,11,guard,guard_tail_bypass_bdps,8.0
AliStorage2019,11,guard,guard_tail_bypass_enabled,1.0
AliStorage2019,11,guard,guard_tail_bypass_feedbacks,24903.0
AliStorage2019,11,guard,guard_tail_bypass_flows,593.0
AliStorage2019,11,guard,hpcc_actual_rate_changes,201.0
AliStorage2019,11,guard,hpcc_fast_computations,0.0
AliStorage2019,11,guard,hpcc_feedback_updates,2837.0
AliStorage2019,11,guard,hpcc_full_computations,690.0
AliStorage2019,11,guard,hpcc_rate_updates_applied,690.0
AliStorage2019,11,guard,hpcc_valid_feedback,795.0
AliStorage2019,11,guard,int_hops_after_strip,58126.0
AliStorage2019,11,guard,int_hops_before_strip,110864.0
AliStorage2019,11,guard,int_records_stripped,52738.0
AliStorage2019,11,guard,irn_nacks_generated,0.0
AliStorage2019,11,guard,irn_nacks_received,0.0
AliStorage2019,11,guard,irn_retransmit_bytes,0.0
AliStorage2019,11,guard,irn_retransmit_packets,0.0
AliStorage2019,11,guard,le_8KB_fct_us_mean,6.823107736046685
AliStorage2019,11,guard,le_8KB_fct_us_p95,9.122
AliStorage2019,11,guard,le_8KB_fct_us_p99,9.38936
AliStorage2019,11,guard,le_8KB_flow_count,6683.0
AliStorage2019,11,guard,le_8KB_slowdown_mean,1.0085737863380322
AliStorage2019,11,guard,le_8KB_slowdown_p95,1.0310817754297998
AliStorage2019,11,guard,le_8KB_slowdown_p99,1.066878080388945
AliStorage2019,11,guard,long_to_small_slowdown_mean_ratio,1.7472971857677189
AliStorage2019,11,guard,max_active_flows,4.0
AliStorage2019,11,guard,overall_fct_us_mean,12.319013061812198
AliStorage2019,11,guard,overall_fct_us_p95,15.606999999999992
AliStorage2019,11,guard,overall_fct_us_p99,176.29850000000062
AliStorage2019,11,guard,overall_flow_count,9723.0
AliStorage2019,11,guard,overall_slowdown_mean,1.0345134459132557
AliStorage2019,11,guard,overall_slowdown_p95,1.1090224794152816
AliStorage2019,11,guard,overall_slowdown_p99,1.6076772767248442
AliStorage2019,11,guard,pfc_pause_events,0.0
AliStorage2019,11,guard,pfc_resume_events,0.0
AliStorage2019,11,guard,proactive_releases,593.0
AliStorage2019,11,guard,queue_bytes_max,432730.0
AliStorage2019,11,guard,queue_bytes_mean,3216.23
AliStorage2019,11,guard,queue_bytes_p95,1090.0
AliStorage2019,11,guard,queue_bytes_p99,117720.0
AliStorage2019,11,guard,queue_sample_count,400020.0
AliStorage2019,11,guard,reactive_binding_rate_changes,186.0
AliStorage2019,11,guard,reactive_binding_updates,186.0
AliStorage2019,11,guard,recovery_nacks_generated,0.0
AliStorage2019,11,guard,recovery_nacks_received,0.0
AliStorage2019,11,guard,registrations,593.0
AliStorage2019,11,guard,selected_registrations,593.0
AliStorage2019,11,guard,tie_binding_rate_changes,12.0
AliStorage2019,11,guard,tie_binding_updates,426.0
AliStorage2019,11,guard,timeout_recoveries,0.0
AliStorage2019,11,no_priority,1BDP_to_1MB_fct_us_mean,57.50109655172414
AliStorage2019,11,no_priority,1BDP_to_1MB_fct_us_p95,169.60690000000017
AliStorage2019,11,no_priority,1BDP_to_1MB_fct_us_p99,248.7851100000005
AliStorage2019,11,no_priority,1BDP_to_1MB_flow_count,290.0
AliStorage2019,11,no_priority,1BDP_to_1MB_slowdown_mean,1.56046289647943
AliStorage2019,11,no_priority,1BDP_to_1MB_slowdown_p95,2.9866527281243602
AliStorage2019,11,no_priority,1BDP_to_1MB_slowdown_p99,3.837105310775561
AliStorage2019,11,no_priority,8KB_to_1BDP_fct_us_mean,10.854800307810697
AliStorage2019,11,no_priority,8KB_to_1BDP_fct_us_p95,25.6493
AliStorage2019,11,no_priority,8KB_to_1BDP_fct_us_p99,35.38049999999999
AliStorage2019,11,no_priority,8KB_to_1BDP_flow_count,2599.0
AliStorage2019,11,no_priority,8KB_to_1BDP_slowdown_mean,1.2245030205891192
AliStorage2019,11,no_priority,8KB_to_1BDP_slowdown_p95,2.3531883145594286
AliStorage2019,11,no_priority,8KB_to_1BDP_slowdown_p99,3.2983607926887784
AliStorage2019,11,no_priority,aggregate_goodput_gbps,171.83396030709307
AliStorage2019,11,no_priority,completion_releases,0.0
AliStorage2019,11,no_priority,completion_span_us,20053.205
AliStorage2019,11,no_priority,grant_binding_rate_changes,3.0
AliStorage2019,11,no_priority,grant_binding_updates,85.0
AliStorage2019,11,no_priority,grant_bytes_sent,517094.0
AliStorage2019,11,no_priority,grant_event_rate_changes,1611.0
AliStorage2019,11,no_priority,grants_received,5501.0
AliStorage2019,11,no_priority,grants_sent,5501.0
AliStorage2019,11,no_priority,gt_1MB_fct_us_mean,239.37974172185432
AliStorage2019,11,no_priority,gt_1MB_fct_us_p95,505.1565
AliStorage2019,11,no_priority,gt_1MB_fct_us_p99,615.5350000000001
AliStorage2019,11,no_priority,gt_1MB_flow_count,151.0
AliStorage2019,11,no_priority,gt_1MB_slowdown_mean,1.7292411511065775
AliStorage2019,11,no_priority,gt_1MB_slowdown_p95,3.3782827988606776
AliStorage2019,11,no_priority,gt_1MB_slowdown_p99,3.79406311076644
AliStorage2019,11,no_priority,guard_ack_interval_packets,8.0
AliStorage2019,11,no_priority,guard_adaptive_grant_updates,0.0
AliStorage2019,11,no_priority,guard_fixed_window,1.0
AliStorage2019,11,no_priority,guard_grant_refresh_bdps,1.0
AliStorage2019,11,no_priority,guard_long_acks_suppressed,299146.0
AliStorage2019,11,no_priority,guard_min_share_fraction,0.0
AliStorage2019,11,no_priority,guard_one_rtt_acks_suppressed,83733.0
AliStorage2019,11,no_priority,guard_one_rtt_bypass_enabled,1.0
AliStorage2019,11,no_priority,guard_one_rtt_bypass_feedbacks,9130.0
AliStorage2019,11,no_priority,guard_one_rtt_bypass_flows,9130.0
AliStorage2019,11,no_priority,guard_rebalance_events,0.0
AliStorage2019,11,no_priority,guard_remaining_aware,1.0
AliStorage2019,11,no_priority,guard_remaining_exponent,1.0
AliStorage2019,11,no_priority,guard_remaining_refresh_events,3947.0
AliStorage2019,11,no_priority,guard_sender_srpt_enabled,1.0
AliStorage2019,11,no_priority,guard_sender_srpt_forced_rr,68.0
AliStorage2019,11,no_priority,guard_sender_srpt_non_rr,27679.0
AliStorage2019,11,no_priority,guard_sender_srpt_selections,435617.0
AliStorage2019,11,no_priority,guard_srpt_quantum_packets,64.0
AliStorage2019,11,no_priority,guard_tail_bypass_bdps,8.0
AliStorage2019,11,no_priority,guard_tail_bypass_enabled,1.0
AliStorage2019,11,no_priority,guard_tail_bypass_feedbacks,24903.0
AliStorage2019,11,no_priority,guard_tail_bypass_flows,593.0
AliStorage2019,11,no_priority,hpcc_actual_rate_changes,236.0
AliStorage2019,11,no_priority,hpcc_fast_computations,0.0
AliStorage2019,11,no_priority,hpcc_feedback_updates,2885.0
AliStorage2019,11,no_priority,hpcc_full_computations,721.0
AliStorage2019,11,no_priority,hpcc_rate_updates_applied,721.0
AliStorage2019,11,no_priority,hpcc_valid_feedback,826.0
AliStorage2019,11,no_priority,int_hops_after_strip,58126.0
AliStorage2019,11,no_priority,int_hops_before_strip,110864.0
AliStorage2019,11,no_priority,int_records_stripped,52738.0
AliStorage2019,11,no_priority,irn_nacks_generated,0.0
AliStorage2019,11,no_priority,irn_nacks_received,0.0
AliStorage2019,11,no_priority,irn_retransmit_bytes,0.0
AliStorage2019,11,no_priority,irn_retransmit_packets,0.0
AliStorage2019,11,no_priority,le_8KB_fct_us_mean,8.424412838545564
AliStorage2019,11,no_priority,le_8KB_fct_us_p95,20.554899999999986
AliStorage2019,11,no_priority,le_8KB_fct_us_p99,32.34806000000002
AliStorage2019,11,no_priority,le_8KB_flow_count,6683.0
AliStorage2019,11,no_priority,le_8KB_slowdown_mean,1.1948941289295398
AliStorage2019,11,no_priority,le_8KB_slowdown_p95,2.3667399052097324
AliStorage2019,11,no_priority,le_8KB_slowdown_p99,3.6924049790729354
AliStorage2019,11,no_priority,long_to_small_slowdown_mean_ratio,1.4471919388002508
AliStorage2019,11,no_priority,max_active_flows,4.0
AliStorage2019,11,no_priority,overall_fct_us_mean,14.124615447907024
AliStorage2019,11,no_priority,overall_fct_us_p95,29.1055
AliStorage2019,11,no_priority,overall_fct_us_p99,182.47804000000292
AliStorage2019,11,no_priority,overall_flow_count,9723.0
AliStorage2019,11,no_priority,overall_slowdown_mean,1.2220107444146213
AliStorage2019,11,no_priority,overall_slowdown_p95,2.4316589777374773
AliStorage2019,11,no_priority,overall_slowdown_p99,3.6238324557921624
AliStorage2019,11,no_priority,pfc_pause_events,0.0
AliStorage2019,11,no_priority,pfc_resume_events,0.0
AliStorage2019,11,no_priority,proactive_releases,593.0
AliStorage2019,11,no_priority,queue_bytes_max,548052.0
AliStorage2019,11,no_priority,queue_bytes_mean,3833.141
AliStorage2019,11,no_priority,queue_bytes_p95,2180.0
AliStorage2019,11,no_priority,queue_bytes_p99,136880.0
AliStorage2019,11,no_priority,queue_sample_count,400020.0
AliStorage2019,11,no_priority,reactive_binding_rate_changes,220.0
AliStorage2019,11,no_priority,reactive_binding_updates,220.0
AliStorage2019,11,no_priority,recovery_nacks_generated,0.0
AliStorage2019,11,no_priority,recovery_nacks_received,0.0
AliStorage2019,11,no_priority,registrations,593.0
AliStorage2019,11,no_priority,selected_registrations,593.0
AliStorage2019,11,no_priority,tie_binding_rate_changes,13.0
AliStorage2019,11,no_priority,tie_binding_updates,416.0
AliStorage2019,11,no_priority,timeout_recoveries,0.0
AliStorage2019,11,no_srpt,1BDP_to_1MB_fct_us_mean,51.7300724137931
AliStorage2019,11,no_srpt,1BDP_to_1MB_fct_us_p95,158.61890000000022
AliStorage2019,11,no_srpt,1BDP_to_1MB_fct_us_p99,304.01251000000013
AliStorage2019,11,no_srpt,1BDP_to_1MB_flow_count,290.0
AliStorage2019,11,no_srpt,1BDP_to_1MB_slowdown_mean,1.3480621478837835
AliStorage2019,11,no_srpt,1BDP_to_1MB_slowdown_p95,2.2865941429202783
AliStorage2019,11,no_srpt,1BDP_to_1MB_slowdown_p99,3.7120173490186144
AliStorage2019,11,no_srpt,8KB_to_1BDP_fct_us_mean,9.11483262793382
AliStorage2019,11,no_srpt,8KB_to_1BDP_fct_us_p95,15.045599999999999
AliStorage2019,11,no_srpt,8KB_to_1BDP_fct_us_p99,19.429579999999998
AliStorage2019,11,no_srpt,8KB_to_1BDP_flow_count,2599.0
AliStorage2019,11,no_srpt,8KB_to_1BDP_slowdown_mean,1.059671171912565
AliStorage2019,11,no_srpt,8KB_to_1BDP_slowdown_p95,1.2955517033834514
AliStorage2019,11,no_srpt,8KB_to_1BDP_slowdown_p99,1.5631101648278287
AliStorage2019,11,no_srpt,aggregate_goodput_gbps,171.8319123637815
AliStorage2019,11,no_srpt,completion_releases,0.0
AliStorage2019,11,no_srpt,completion_span_us,20053.444
AliStorage2019,11,no_srpt,grant_binding_rate_changes,2.0
AliStorage2019,11,no_srpt,grant_binding_updates,84.0
AliStorage2019,11,no_srpt,grant_bytes_sent,521136.0
AliStorage2019,11,no_srpt,grant_event_rate_changes,1681.0
AliStorage2019,11,no_srpt,grants_received,5544.0
AliStorage2019,11,no_srpt,grants_sent,5544.0
AliStorage2019,11,no_srpt,gt_1MB_fct_us_mean,245.23001324503315
AliStorage2019,11,no_srpt,gt_1MB_fct_us_p95,519.4635
AliStorage2019,11,no_srpt,gt_1MB_fct_us_p99,635.418
AliStorage2019,11,no_srpt,gt_1MB_flow_count,151.0
AliStorage2019,11,no_srpt,gt_1MB_slowdown_mean,1.774727414420599
AliStorage2019,11,no_srpt,gt_1MB_slowdown_p95,3.561163356808433
AliStorage2019,11,no_srpt,gt_1MB_slowdown_p99,4.006852132090349
AliStorage2019,11,no_srpt,guard_ack_interval_packets,8.0
AliStorage2019,11,no_srpt,guard_adaptive_grant_updates,0.0
AliStorage2019,11,no_srpt,guard_fixed_window,1.0
AliStorage2019,11,no_srpt,guard_grant_refresh_bdps,1.0
AliStorage2019,11,no_srpt,guard_long_acks_suppressed,299146.0
AliStorage2019,11,no_srpt,guard_min_share_fraction,0.0
AliStorage2019,11,no_srpt,guard_one_rtt_acks_suppressed,83733.0
AliStorage2019,11,no_srpt,guard_one_rtt_bypass_enabled,1.0
AliStorage2019,11,no_srpt,guard_one_rtt_bypass_feedbacks,9130.0
AliStorage2019,11,no_srpt,guard_one_rtt_bypass_flows,9130.0
AliStorage2019,11,no_srpt,guard_rebalance_events,0.0
AliStorage2019,11,no_srpt,guard_remaining_aware,1.0
AliStorage2019,11,no_srpt,guard_remaining_exponent,1.0
AliStorage2019,11,no_srpt,guard_remaining_refresh_events,3958.0
AliStorage2019,11,no_srpt,guard_sender_srpt_enabled,0.0
AliStorage2019,11,no_srpt,guard_sender_srpt_forced_rr,0.0
AliStorage2019,11,no_srpt,guard_sender_srpt_non_rr,0.0
AliStorage2019,11,no_srpt,guard_sender_srpt_selections,0.0
AliStorage2019,11,no_srpt,guard_srpt_quantum_packets,64.0
AliStorage2019,11,no_srpt,guard_tail_bypass_bdps,8.0
AliStorage2019,11,no_srpt,guard_tail_bypass_enabled,1.0
AliStorage2019,11,no_srpt,guard_tail_bypass_feedbacks,24904.0
AliStorage2019,11,no_srpt,guard_tail_bypass_flows,593.0
AliStorage2019,11,no_srpt,hpcc_actual_rate_changes,199.0
AliStorage2019,11,no_srpt,hpcc_fast_computations,0.0
AliStorage2019,11,no_srpt,hpcc_feedback_updates,2802.0
AliStorage2019,11,no_srpt,hpcc_full_computations,683.0
AliStorage2019,11,no_srpt,hpcc_rate_updates_applied,683.0
AliStorage2019,11,no_srpt,hpcc_valid_feedback,788.0
AliStorage2019,11,no_srpt,int_hops_after_strip,58126.0
AliStorage2019,11,no_srpt,int_hops_before_strip,110864.0
AliStorage2019,11,no_srpt,int_records_stripped,52738.0
AliStorage2019,11,no_srpt,irn_nacks_generated,0.0
AliStorage2019,11,no_srpt,irn_nacks_received,0.0
AliStorage2019,11,no_srpt,irn_retransmit_bytes,0.0
AliStorage2019,11,no_srpt,irn_retransmit_packets,0.0
AliStorage2019,11,no_srpt,le_8KB_fct_us_mean,6.865005985335927
AliStorage2019,11,no_srpt,le_8KB_fct_us_p95,9.233899999999998
AliStorage2019,11,no_srpt,le_8KB_fct_us_p99,9.669620000000002
AliStorage2019,11,no_srpt,le_8KB_flow_count,6683.0
AliStorage2019,11,no_srpt,le_8KB_slowdown_mean,1.0150543105617649
AliStorage2019,11,no_srpt,le_8KB_slowdown_p95,1.0734043544136573
AliStorage2019,11,no_srpt,le_8KB_slowdown_p99,1.1234288412745825
AliStorage2019,11,no_srpt,long_to_small_slowdown_mean_ratio,1.7484063620580121
AliStorage2019,11,no_srpt,max_active_flows,4.0
AliStorage2019,11,no_srpt,overall_fct_us_mean,12.506401110768282
AliStorage2019,11,no_srpt,overall_fct_us_p95,16.58969999999998
AliStorage2019,11,no_srpt,overall_fct_us_p99,184.5230200000029
AliStorage2019,11,no_srpt,overall_flow_count,9723.0
AliStorage2019,11,no_srpt,overall_slowdown_mean,1.0487108089837331
AliStorage2019,11,no_srpt,overall_slowdown_p95,1.1899138850372657
AliStorage2019,11,no_srpt,overall_slowdown_p99,1.7934718427690213
AliStorage2019,11,no_srpt,pfc_pause_events,0.0
AliStorage2019,11,no_srpt,pfc_resume_events,0.0
AliStorage2019,11,no_srpt,proactive_releases,593.0
AliStorage2019,11,no_srpt,queue_bytes_max,436000.0
AliStorage2019,11,no_srpt,queue_bytes_mean,3355.628
AliStorage2019,11,no_srpt,queue_bytes_p95,2180.0
AliStorage2019,11,no_srpt,queue_bytes_p99,119900.0
AliStorage2019,11,no_srpt,queue_sample_count,400020.0
AliStorage2019,11,no_srpt,reactive_binding_rate_changes,186.0
AliStorage2019,11,no_srpt,reactive_binding_updates,186.0
AliStorage2019,11,no_srpt,recovery_nacks_generated,0.0
AliStorage2019,11,no_srpt,recovery_nacks_received,0.0
AliStorage2019,11,no_srpt,registrations,593.0
AliStorage2019,11,no_srpt,selected_registrations,593.0
AliStorage2019,11,no_srpt,tie_binding_rate_changes,11.0
AliStorage2019,11,no_srpt,tie_binding_updates,413.0
AliStorage2019,11,no_srpt,timeout_recoveries,0.0
AliStorage2019,11,no_reclaim,1BDP_to_1MB_fct_us_mean,49.6136
AliStorage2019,11,no_reclaim,1BDP_to_1MB_fct_us_p95,148.0478
AliStorage2019,11,no_reclaim,1BDP_to_1MB_fct_us_p99,288.3660900000001
AliStorage2019,11,no_reclaim,1BDP_to_1MB_flow_count,290.0
AliStorage2019,11,no_reclaim,1BDP_to_1MB_slowdown_mean,1.2869286654950116
AliStorage2019,11,no_reclaim,1BDP_to_1MB_slowdown_p95,2.101847876008401
AliStorage2019,11,no_reclaim,1BDP_to_1MB_slowdown_p99,3.2584301489343765
AliStorage2019,11,no_reclaim,8KB_to_1BDP_fct_us_mean,8.867628703347442
AliStorage2019,11,no_reclaim,8KB_to_1BDP_fct_us_p95,14.447399999999998
AliStorage2019,11,no_reclaim,8KB_to_1BDP_fct_us_p99,17.52974
AliStorage2019,11,no_reclaim,8KB_to_1BDP_flow_count,2599.0
AliStorage2019,11,no_reclaim,8KB_to_1BDP_slowdown_mean,1.03076642659557
AliStorage2019,11,no_reclaim,8KB_to_1BDP_slowdown_p95,1.1224261725499203
AliStorage2019,11,no_reclaim,8KB_to_1BDP_slowdown_p99,1.2969605715313597
AliStorage2019,11,no_reclaim,aggregate_goodput_gbps,171.8319123637815
AliStorage2019,11,no_reclaim,completion_releases,0.0
AliStorage2019,11,no_reclaim,completion_span_us,20053.444
AliStorage2019,11,no_reclaim,grant_binding_rate_changes,3.0
AliStorage2019,11,no_reclaim,grant_binding_updates,78.0
AliStorage2019,11,no_reclaim,grant_bytes_sent,515966.0
AliStorage2019,11,no_reclaim,grant_event_rate_changes,1601.0
AliStorage2019,11,no_reclaim,grants_received,5489.0
AliStorage2019,11,no_reclaim,grants_sent,5489.0
AliStorage2019,11,no_reclaim,gt_1MB_fct_us_mean,243.33788079470196
AliStorage2019,11,no_reclaim,gt_1MB_fct_us_p95,497.62699999999995
AliStorage2019,11,no_reclaim,gt_1MB_fct_us_p99,629.2535
AliStorage2019,11,no_reclaim,gt_1MB_flow_count,151.0
AliStorage2019,11,no_reclaim,gt_1MB_slowdown_mean,1.7622781385075361
AliStorage2019,11,no_reclaim,gt_1MB_slowdown_p95,3.563130246430773
AliStorage2019,11,no_reclaim,gt_1MB_slowdown_p99,4.097881232373073
AliStorage2019,11,no_reclaim,guard_ack_interval_packets,8.0
AliStorage2019,11,no_reclaim,guard_adaptive_grant_updates,0.0
AliStorage2019,11,no_reclaim,guard_fixed_window,1.0
AliStorage2019,11,no_reclaim,guard_grant_refresh_bdps,1.0
AliStorage2019,11,no_reclaim,guard_long_acks_suppressed,299146.0
AliStorage2019,11,no_reclaim,guard_min_share_fraction,0.0
AliStorage2019,11,no_reclaim,guard_one_rtt_acks_suppressed,83733.0
AliStorage2019,11,no_reclaim,guard_one_rtt_bypass_enabled,1.0
AliStorage2019,11,no_reclaim,guard_one_rtt_bypass_feedbacks,9130.0
AliStorage2019,11,no_reclaim,guard_one_rtt_bypass_flows,9130.0
AliStorage2019,11,no_reclaim,guard_rebalance_events,0.0
AliStorage2019,11,no_reclaim,guard_remaining_aware,1.0
AliStorage2019,11,no_reclaim,guard_remaining_exponent,1.0
AliStorage2019,11,no_reclaim,guard_remaining_refresh_events,3942.0
AliStorage2019,11,no_reclaim,guard_sender_srpt_enabled,1.0
AliStorage2019,11,no_reclaim,guard_sender_srpt_forced_rr,76.0
AliStorage2019,11,no_reclaim,guard_sender_srpt_non_rr,28646.0
AliStorage2019,11,no_reclaim,guard_sender_srpt_selections,435617.0
AliStorage2019,11,no_reclaim,guard_srpt_quantum_packets,64.0
AliStorage2019,11,no_reclaim,guard_tail_bypass_bdps,8.0
AliStorage2019,11,no_reclaim,guard_tail_bypass_enabled,1.0
AliStorage2019,11,no_reclaim,guard_tail_bypass_feedbacks,24903.0
AliStorage2019,11,no_reclaim,guard_tail_bypass_flows,593.0
AliStorage2019,11,no_reclaim,hpcc_actual_rate_changes,201.0
AliStorage2019,11,no_reclaim,hpcc_fast_computations,0.0
AliStorage2019,11,no_reclaim,hpcc_feedback_updates,2837.0
AliStorage2019,11,no_reclaim,hpcc_full_computations,690.0
AliStorage2019,11,no_reclaim,hpcc_rate_updates_applied,690.0
AliStorage2019,11,no_reclaim,hpcc_valid_feedback,795.0
AliStorage2019,11,no_reclaim,int_hops_after_strip,58126.0
AliStorage2019,11,no_reclaim,int_hops_before_strip,110864.0
AliStorage2019,11,no_reclaim,int_records_stripped,52738.0
AliStorage2019,11,no_reclaim,irn_nacks_generated,0.0
AliStorage2019,11,no_reclaim,irn_nacks_received,0.0
AliStorage2019,11,no_reclaim,irn_retransmit_bytes,0.0
AliStorage2019,11,no_reclaim,irn_retransmit_packets,0.0
AliStorage2019,11,no_reclaim,le_8KB_fct_us_mean,6.823093071973664
AliStorage2019,11,no_reclaim,le_8KB_fct_us_p95,9.122
AliStorage2019,11,no_reclaim,le_8KB_fct_us_p99,9.38936
AliStorage2019,11,no_reclaim,le_8KB_flow_count,6683.0
AliStorage2019,11,no_reclaim,le_8KB_slowdown_mean,1.0085736859947303
AliStorage2019,11,no_reclaim,le_8KB_slowdown_p95,1.0310817754297998
AliStorage2019,11,no_reclaim,le_8KB_slowdown_p99,1.066878080388945
AliStorage2019,11,no_reclaim,long_to_small_slowdown_mean_ratio,1.7472973596068457
AliStorage2019,11,no_reclaim,max_active_flows,4.0
AliStorage2019,11,no_reclaim,overall_fct_us_mean,12.319002571222873
AliStorage2019,11,no_reclaim,overall_fct_us_p95,15.606999999999992
AliStorage2019,11,no_reclaim,overall_fct_us_p99,176.29850000000062
AliStorage2019,11,no_reclaim,overall_flow_count,9723.0
AliStorage2019,11,no_reclaim,overall_slowdown_mean,1.0345133393122348
AliStorage2019,11,no_reclaim,overall_slowdown_p95,1.1090224794152816
AliStorage2019,11,no_reclaim,overall_slowdown_p99,1.6076772767248442
AliStorage2019,11,no_reclaim,pfc_pause_events,0.0
AliStorage2019,11,no_reclaim,pfc_resume_events,0.0
AliStorage2019,11,no_reclaim,proactive_releases,593.0
AliStorage2019,11,no_reclaim,queue_bytes_max,432730.0
AliStorage2019,11,no_reclaim,queue_bytes_mean,3216.235
AliStorage2019,11,no_reclaim,queue_bytes_p95,1090.0
AliStorage2019,11,no_reclaim,queue_bytes_p99,117720.0
AliStorage2019,11,no_reclaim,queue_sample_count,400020.0
AliStorage2019,11,no_reclaim,reactive_binding_rate_changes,186.0
AliStorage2019,11,no_reclaim,reactive_binding_updates,186.0
AliStorage2019,11,no_reclaim,recovery_nacks_generated,0.0
AliStorage2019,11,no_reclaim,recovery_nacks_received,0.0
AliStorage2019,11,no_reclaim,registrations,593.0
AliStorage2019,11,no_reclaim,selected_registrations,593.0
AliStorage2019,11,no_reclaim,tie_binding_rate_changes,12.0
AliStorage2019,11,no_reclaim,tie_binding_updates,426.0
AliStorage2019,11,no_reclaim,timeout_recoveries,0.0
AliStorage2019,11,no_one_rtt,1BDP_to_1MB_fct_us_mean,49.7002551724138
AliStorage2019,11,no_one_rtt,1BDP_to_1MB_fct_us_p95,148.22205000000002
AliStorage2019,11,no_one_rtt,1BDP_to_1MB_fct_us_p99,287.76377000000014
AliStorage2019,11,no_one_rtt,1BDP_to_1MB_flow_count,290.0
AliStorage2019,11,no_one_rtt,1BDP_to_1MB_slowdown_mean,1.288585579020085
AliStorage2019,11,no_one_rtt,1BDP_to_1MB_slowdown_p95,2.103538485920101
AliStorage2019,11,no_one_rtt,1BDP_to_1MB_slowdown_p99,3.268737622880175
AliStorage2019,11,no_one_rtt,8KB_to_1BDP_fct_us_mean,8.8702989611389
AliStorage2019,11,no_one_rtt,8KB_to_1BDP_fct_us_p95,14.4592
AliStorage2019,11,no_one_rtt,8KB_to_1BDP_fct_us_p99,17.50126
AliStorage2019,11,no_one_rtt,8KB_to_1BDP_flow_count,2599.0
AliStorage2019,11,no_one_rtt,8KB_to_1BDP_slowdown_mean,1.0309115096500336
AliStorage2019,11,no_one_rtt,8KB_to_1BDP_slowdown_p95,1.121282738422072
AliStorage2019,11,no_one_rtt,8KB_to_1BDP_slowdown_p99,1.2919993603278483
AliStorage2019,11,no_one_rtt,aggregate_goodput_gbps,171.8319123637815
AliStorage2019,11,no_one_rtt,completion_releases,0.0
AliStorage2019,11,no_one_rtt,completion_span_us,20053.444
AliStorage2019,11,no_one_rtt,grant_binding_rate_changes,2.0
AliStorage2019,11,no_one_rtt,grant_binding_updates,77.0
AliStorage2019,11,no_one_rtt,grant_bytes_sent,516248.0
AliStorage2019,11,no_one_rtt,grant_event_rate_changes,1606.0
AliStorage2019,11,no_one_rtt,grants_received,5492.0
AliStorage2019,11,no_one_rtt,grants_sent,5492.0
AliStorage2019,11,no_one_rtt,gt_1MB_fct_us_mean,243.75845033112583
AliStorage2019,11,no_one_rtt,gt_1MB_fct_us_p95,507.6465
AliStorage2019,11,no_one_rtt,gt_1MB_fct_us_p99,631.0195
AliStorage2019,11,no_one_rtt,gt_1MB_flow_count,151.0
AliStorage2019,11,no_one_rtt,gt_1MB_slowdown_mean,1.765610508367849
AliStorage2019,11,no_one_rtt,gt_1MB_slowdown_p95,3.574860065588905
AliStorage2019,11,no_one_rtt,gt_1MB_slowdown_p99,4.222681421351208
AliStorage2019,11,no_one_rtt,guard_ack_interval_packets,8.0
AliStorage2019,11,no_one_rtt,guard_adaptive_grant_updates,0.0
AliStorage2019,11,no_one_rtt,guard_fixed_window,1.0
AliStorage2019,11,no_one_rtt,guard_grant_refresh_bdps,1.0
AliStorage2019,11,no_one_rtt,guard_long_acks_suppressed,368656.0
AliStorage2019,11,no_one_rtt,guard_min_share_fraction,0.0
AliStorage2019,11,no_one_rtt,guard_one_rtt_acks_suppressed,0.0
AliStorage2019,11,no_one_rtt,guard_one_rtt_bypass_enabled,0.0
AliStorage2019,11,no_one_rtt,guard_one_rtt_bypass_feedbacks,0.0
AliStorage2019,11,no_one_rtt,guard_one_rtt_bypass_flows,0.0
AliStorage2019,11,no_one_rtt,guard_rebalance_events,0.0
AliStorage2019,11,no_one_rtt,guard_remaining_aware,1.0
AliStorage2019,11,no_one_rtt,guard_remaining_exponent,1.0
AliStorage2019,11,no_one_rtt,guard_remaining_refresh_events,3942.0
AliStorage2019,11,no_one_rtt,guard_sender_srpt_enabled,1.0
AliStorage2019,11,no_one_rtt,guard_sender_srpt_forced_rr,76.0
AliStorage2019,11,no_one_rtt,guard_sender_srpt_non_rr,28490.0
AliStorage2019,11,no_one_rtt,guard_sender_srpt_selections,435617.0
AliStorage2019,11,no_one_rtt,guard_srpt_quantum_packets,64.0
AliStorage2019,11,no_one_rtt,guard_tail_bypass_bdps,8.0
AliStorage2019,11,no_one_rtt,guard_tail_bypass_enabled,1.0
AliStorage2019,11,no_one_rtt,guard_tail_bypass_feedbacks,24903.0
AliStorage2019,11,no_one_rtt,guard_tail_bypass_flows,593.0
AliStorage2019,11,no_one_rtt,hpcc_actual_rate_changes,209.0
AliStorage2019,11,no_one_rtt,hpcc_fast_computations,0.0
AliStorage2019,11,no_one_rtt,hpcc_feedback_updates,12010.0
AliStorage2019,11,no_one_rtt,hpcc_full_computations,718.0
AliStorage2019,11,no_one_rtt,hpcc_rate_updates_applied,718.0
AliStorage2019,11,no_one_rtt,hpcc_valid_feedback,5757.0
AliStorage2019,11,no_one_rtt,int_hops_after_strip,74748.0
AliStorage2019,11,no_one_rtt,int_hops_before_strip,141709.0
AliStorage2019,11,no_one_rtt,int_records_stripped,66961.0
AliStorage2019,11,no_one_rtt,irn_nacks_generated,0.0
AliStorage2019,11,no_one_rtt,irn_nacks_received,0.0
AliStorage2019,11,no_one_rtt,irn_retransmit_bytes,0.0
AliStorage2019,11,no_one_rtt,irn_retransmit_packets,0.0
AliStorage2019,11,no_one_rtt,le_8KB_fct_us_mean,6.82355244650606
AliStorage2019,11,no_one_rtt,le_8KB_fct_us_p95,9.118
AliStorage2019,11,no_one_rtt,le_8KB_fct_us_p99,9.386
AliStorage2019,11,no_one_rtt,le_8KB_flow_count,6683.0
AliStorage2019,11,no_one_rtt,le_8KB_slowdown_mean,1.0086023701481635
AliStorage2019,11,no_one_rtt,le_8KB_slowdown_p95,1.0316649703694747
AliStorage2019,11,no_one_rtt,le_8KB_slowdown_p99,1.0681097775015664
AliStorage2019,11,no_one_rtt,long_to_small_slowdown_mean_ratio,1.7505516154086385
AliStorage2019,11,no_one_rtt,max_active_flows,4.0
AliStorage2019,11,no_one_rtt,overall_fct_us_mean,12.329148205286435
AliStorage2019,11,no_one_rtt,overall_fct_us_p95,15.60639999999999
AliStorage2019,11,no_one_rtt,overall_fct_us_p99,176.91156000000092
AliStorage2019,11,no_one_rtt,overall_flow_count,9723.0
AliStorage2019,11,no_one_rtt,overall_slowdown_mean,1.0346730081209485
AliStorage2019,11,no_one_rtt,overall_slowdown_p95,1.1087532106961289
AliStorage2019,11,no_one_rtt,overall_slowdown_p99,1.6123246985658937
AliStorage2019,11,no_one_rtt,pfc_pause_events,0.0
AliStorage2019,11,no_one_rtt,pfc_resume_events,0.0
AliStorage2019,11,no_one_rtt,proactive_releases,593.0
AliStorage2019,11,no_one_rtt,queue_bytes_max,427280.0
AliStorage2019,11,no_one_rtt,queue_bytes_mean,3239.492
AliStorage2019,11,no_one_rtt,queue_bytes_p95,1090.0
AliStorage2019,11,no_one_rtt,queue_bytes_p99,118810.0
AliStorage2019,11,no_one_rtt,queue_sample_count,400020.0
AliStorage2019,11,no_one_rtt,reactive_binding_rate_changes,194.0
AliStorage2019,11,no_one_rtt,reactive_binding_updates,194.0
AliStorage2019,11,no_one_rtt,recovery_nacks_generated,0.0
AliStorage2019,11,no_one_rtt,recovery_nacks_received,0.0
AliStorage2019,11,no_one_rtt,registrations,593.0
AliStorage2019,11,no_one_rtt,selected_registrations,593.0
AliStorage2019,11,no_one_rtt,tie_binding_rate_changes,13.0
AliStorage2019,11,no_one_rtt,tie_binding_updates,447.0
AliStorage2019,11,no_one_rtt,timeout_recoveries,0.0
AliStorage2019,11,no_tail,1BDP_to_1MB_fct_us_mean,58.484003448275864
AliStorage2019,11,no_tail,1BDP_to_1MB_fct_us_p95,208.7890500000001
AliStorage2019,11,no_tail,1BDP_to_1MB_fct_us_p99,361.98505000000006
AliStorage2019,11,no_tail,1BDP_to_1MB_flow_count,290.0
AliStorage2019,11,no_tail,1BDP_to_1MB_slowdown_mean,1.4765093398994908
AliStorage2019,11,no_tail,1BDP_to_1MB_slowdown_p95,2.742478610427928
AliStorage2019,11,no_tail,1BDP_to_1MB_slowdown_p99,6.259179479836336
AliStorage2019,11,no_tail,8KB_to_1BDP_fct_us_mean,8.86718237783763
AliStorage2019,11,no_tail,8KB_to_1BDP_fct_us_p95,14.4297
AliStorage2019,11,no_tail,8KB_to_1BDP_fct_us_p99,17.52974
AliStorage2019,11,no_tail,8KB_to_1BDP_flow_count,2599.0
AliStorage2019,11,no_tail,8KB_to_1BDP_slowdown_mean,1.030757642064187
AliStorage2019,11,no_tail,8KB_to_1BDP_slowdown_p95,1.122559674085811
AliStorage2019,11,no_tail,8KB_to_1BDP_slowdown_p99,1.296176780113093
AliStorage2019,11,no_tail,aggregate_goodput_gbps,171.8319123637815
AliStorage2019,11,no_tail,completion_releases,1.0
AliStorage2019,11,no_tail,completion_span_us,20053.444
AliStorage2019,11,no_tail,grant_binding_rate_changes,20.0
AliStorage2019,11,no_tail,grant_binding_updates,250.0
AliStorage2019,11,no_tail,grant_bytes_sent,520478.0
AliStorage2019,11,no_tail,grant_event_rate_changes,1552.0
AliStorage2019,11,no_tail,grants_received,5537.0
AliStorage2019,11,no_tail,grants_sent,5537.0
AliStorage2019,11,no_tail,gt_1MB_fct_us_mean,247.20418543046358
AliStorage2019,11,no_tail,gt_1MB_fct_us_p95,524.9415
AliStorage2019,11,no_tail,gt_1MB_fct_us_p99,611.279
AliStorage2019,11,no_tail,gt_1MB_flow_count,151.0
AliStorage2019,11,no_tail,gt_1MB_slowdown_mean,1.7932248944906106
AliStorage2019,11,no_tail,gt_1MB_slowdown_p95,3.513389982266994
AliStorage2019,11,no_tail,gt_1MB_slowdown_p99,4.555200700153724
AliStorage2019,11,no_tail,guard_ack_interval_packets,8.0
AliStorage2019,11,no_tail,guard_adaptive_grant_updates,0.0
AliStorage2019,11,no_tail,guard_fixed_window,1.0
AliStorage2019,11,no_tail,guard_grant_refresh_bdps,1.0
AliStorage2019,11,no_tail,guard_long_acks_suppressed,299146.0
AliStorage2019,11,no_tail,guard_min_share_fraction,0.0
AliStorage2019,11,no_tail,guard_one_rtt_acks_suppressed,83733.0
AliStorage2019,11,no_tail,guard_one_rtt_bypass_enabled,1.0
AliStorage2019,11,no_tail,guard_one_rtt_bypass_feedbacks,9130.0
AliStorage2019,11,no_tail,guard_one_rtt_bypass_flows,9130.0
AliStorage2019,11,no_tail,guard_rebalance_events,0.0
AliStorage2019,11,no_tail,guard_remaining_aware,1.0
AliStorage2019,11,no_tail,guard_remaining_exponent,1.0
AliStorage2019,11,no_tail,guard_remaining_refresh_events,3947.0
AliStorage2019,11,no_tail,guard_sender_srpt_enabled,1.0
AliStorage2019,11,no_tail,guard_sender_srpt_forced_rr,68.0
AliStorage2019,11,no_tail,guard_sender_srpt_non_rr,28321.0
AliStorage2019,11,no_tail,guard_sender_srpt_selections,435617.0
AliStorage2019,11,no_tail,guard_srpt_quantum_packets,64.0
AliStorage2019,11,no_tail,guard_tail_bypass_bdps,8.0
AliStorage2019,11,no_tail,guard_tail_bypass_enabled,0.0
AliStorage2019,11,no_tail,guard_tail_bypass_feedbacks,0.0
AliStorage2019,11,no_tail,guard_tail_bypass_flows,0.0
AliStorage2019,11,no_tail,hpcc_actual_rate_changes,761.0
AliStorage2019,11,no_tail,hpcc_fast_computations,0.0
AliStorage2019,11,no_tail,hpcc_feedback_updates,6039.0
AliStorage2019,11,no_tail,hpcc_full_computations,2137.0
AliStorage2019,11,no_tail,hpcc_rate_updates_applied,2137.0
AliStorage2019,11,no_tail,hpcc_valid_feedback,2389.0
AliStorage2019,11,no_tail,int_hops_after_strip,58126.0
AliStorage2019,11,no_tail,int_hops_before_strip,110864.0
AliStorage2019,11,no_tail,int_records_stripped,52738.0
AliStorage2019,11,no_tail,irn_nacks_generated,0.0
AliStorage2019,11,no_tail,irn_nacks_received,0.0
AliStorage2019,11,no_tail,irn_retransmit_bytes,0.0
AliStorage2019,11,no_tail,irn_retransmit_packets,0.0
AliStorage2019,11,no_tail,le_8KB_fct_us_mean,6.822963190184049
AliStorage2019,11,no_tail,le_8KB_fct_us_p95,9.121
AliStorage2019,11,no_tail,le_8KB_fct_us_p99,9.38936
AliStorage2019,11,no_tail,le_8KB_flow_count,6683.0
AliStorage2019,11,no_tail,le_8KB_slowdown_mean,1.0085497163614623
AliStorage2019,11,no_tail,le_8KB_slowdown_p95,1.0315662006890325
AliStorage2019,11,no_tail,le_8KB_slowdown_p99,1.0673842850277497
AliStorage2019,11,no_tail,long_to_small_slowdown_mean_ratio,1.778023299595002
AliStorage2019,11,no_tail,max_active_flows,4.0
AliStorage2019,11,no_tail,overall_fct_us_mean,12.643408721587987
AliStorage2019,11,no_tail,overall_fct_us_p95,15.68189999999997
AliStorage2019,11,no_tail,overall_fct_us_p99,186.67552000000032
AliStorage2019,11,no_tail,overall_flow_count,9723.0
AliStorage2019,11,no_tail,overall_slowdown_mean,1.0406295931098848
AliStorage2019,11,no_tail,overall_slowdown_p95,1.1094072067322542
AliStorage2019,11,no_tail,overall_slowdown_p99,1.7344295216462153
AliStorage2019,11,no_tail,pfc_pause_events,0.0
AliStorage2019,11,no_tail,pfc_resume_events,0.0
AliStorage2019,11,no_tail,proactive_releases,592.0
AliStorage2019,11,no_tail,queue_bytes_max,407660.0
AliStorage2019,11,no_tail,queue_bytes_mean,3145.251
AliStorage2019,11,no_tail,queue_bytes_p95,1090.0
AliStorage2019,11,no_tail,queue_bytes_p99,115540.0
AliStorage2019,11,no_tail,queue_sample_count,400020.0
AliStorage2019,11,no_tail,reactive_binding_rate_changes,700.0
AliStorage2019,11,no_tail,reactive_binding_updates,700.0
AliStorage2019,11,no_tail,recovery_nacks_generated,0.0
AliStorage2019,11,no_tail,recovery_nacks_received,0.0
AliStorage2019,11,no_tail,registrations,593.0
AliStorage2019,11,no_tail,selected_registrations,593.0
AliStorage2019,11,no_tail,tie_binding_rate_changes,41.0
AliStorage2019,11,no_tail,tie_binding_updates,1187.0
AliStorage2019,11,no_tail,timeout_recoveries,0.0
AliStorage2019,11,no_remaining,1BDP_to_1MB_fct_us_mean,51.17715862068965
AliStorage2019,11,no_remaining,1BDP_to_1MB_fct_us_p95,154.05260000000013
AliStorage2019,11,no_remaining,1BDP_to_1MB_fct_us_p99,293.46923000000004
AliStorage2019,11,no_remaining,1BDP_to_1MB_flow_count,290.0
AliStorage2019,11,no_remaining,1BDP_to_1MB_slowdown_mean,1.3309615554609493
AliStorage2019,11,no_remaining,1BDP_to_1MB_slowdown_p95,2.26129470395165
AliStorage2019,11,no_remaining,1BDP_to_1MB_slowdown_p99,3.2592865733582825
AliStorage2019,11,no_remaining,8KB_to_1BDP_fct_us_mean,8.875054636398614
AliStorage2019,11,no_remaining,8KB_to_1BDP_fct_us_p95,14.5078
AliStorage2019,11,no_remaining,8KB_to_1BDP_fct_us_p99,17.570879999999995
AliStorage2019,11,no_remaining,8KB_to_1BDP_flow_count,2599.0
AliStorage2019,11,no_remaining,8KB_to_1BDP_slowdown_mean,1.0313024842891219
AliStorage2019,11,no_remaining,8KB_to_1BDP_slowdown_p95,1.127533189310169
AliStorage2019,11,no_remaining,8KB_to_1BDP_slowdown_p99,1.2968866201276443
AliStorage2019,11,no_remaining,aggregate_goodput_gbps,171.83396030709307
AliStorage2019,11,no_remaining,completion_releases,0.0
AliStorage2019,11,no_remaining,completion_span_us,20053.205
AliStorage2019,11,no_remaining,grant_binding_rate_changes,2.0
AliStorage2019,11,no_remaining,grant_binding_updates,76.0
AliStorage2019,11,no_remaining,grant_bytes_sent,73602.0
AliStorage2019,11,no_remaining,grant_event_rate_changes,260.0
AliStorage2019,11,no_remaining,grants_received,783.0
AliStorage2019,11,no_remaining,grants_sent,783.0
AliStorage2019,11,no_remaining,gt_1MB_fct_us_mean,248.0917880794702
AliStorage2019,11,no_remaining,gt_1MB_fct_us_p95,497.595
AliStorage2019,11,no_remaining,gt_1MB_fct_us_p99,637.2065
AliStorage2019,11,no_remaining,gt_1MB_flow_count,151.0
AliStorage2019,11,no_remaining,gt_1MB_slowdown_mean,1.7988511207401638
AliStorage2019,11,no_remaining,gt_1MB_slowdown_p95,3.620689906075202
AliStorage2019,11,no_remaining,gt_1MB_slowdown_p99,4.002166221411459
AliStorage2019,11,no_remaining,guard_ack_interval_packets,8.0
AliStorage2019,11,no_remaining,guard_adaptive_grant_updates,0.0
AliStorage2019,11,no_remaining,guard_fixed_window,1.0
AliStorage2019,11,no_remaining,guard_grant_refresh_bdps,1.0
AliStorage2019,11,no_remaining,guard_long_acks_suppressed,299146.0
AliStorage2019,11,no_remaining,guard_min_share_fraction,0.0
AliStorage2019,11,no_remaining,guard_one_rtt_acks_suppressed,83733.0
AliStorage2019,11,no_remaining,guard_one_rtt_bypass_enabled,1.0
AliStorage2019,11,no_remaining,guard_one_rtt_bypass_feedbacks,9130.0
AliStorage2019,11,no_remaining,guard_one_rtt_bypass_flows,9130.0
AliStorage2019,11,no_remaining,guard_rebalance_events,7.0
AliStorage2019,11,no_remaining,guard_remaining_aware,0.0
AliStorage2019,11,no_remaining,guard_remaining_exponent,1.0
AliStorage2019,11,no_remaining,guard_remaining_refresh_events,0.0
AliStorage2019,11,no_remaining,guard_sender_srpt_enabled,1.0
AliStorage2019,11,no_remaining,guard_sender_srpt_forced_rr,80.0
AliStorage2019,11,no_remaining,guard_sender_srpt_non_rr,28412.0
AliStorage2019,11,no_remaining,guard_sender_srpt_selections,435617.0
AliStorage2019,11,no_remaining,guard_srpt_quantum_packets,64.0
AliStorage2019,11,no_remaining,guard_tail_bypass_bdps,8.0
AliStorage2019,11,no_remaining,guard_tail_bypass_enabled,1.0
AliStorage2019,11,no_remaining,guard_tail_bypass_feedbacks,24902.0
AliStorage2019,11,no_remaining,guard_tail_bypass_flows,593.0
AliStorage2019,11,no_remaining,hpcc_actual_rate_changes,217.0
AliStorage2019,11,no_remaining,hpcc_fast_computations,0.0
AliStorage2019,11,no_remaining,hpcc_feedback_updates,2762.0
AliStorage2019,11,no_remaining,hpcc_full_computations,679.0
AliStorage2019,11,no_remaining,hpcc_rate_updates_applied,679.0
AliStorage2019,11,no_remaining,hpcc_valid_feedback,784.0
AliStorage2019,11,no_remaining,int_hops_after_strip,58126.0
AliStorage2019,11,no_remaining,int_hops_before_strip,110864.0
AliStorage2019,11,no_remaining,int_records_stripped,52738.0
AliStorage2019,11,no_remaining,irn_nacks_generated,0.0
AliStorage2019,11,no_remaining,irn_nacks_received,0.0
AliStorage2019,11,no_remaining,irn_retransmit_bytes,0.0
AliStorage2019,11,no_remaining,irn_retransmit_packets,0.0
AliStorage2019,11,no_remaining,le_8KB_fct_us_mean,6.8234016160407
AliStorage2019,11,no_remaining,le_8KB_fct_us_p95,9.119
AliStorage2019,11,no_remaining,le_8KB_fct_us_p99,9.385720000000001
AliStorage2019,11,no_remaining,le_8KB_flow_count,6683.0
AliStorage2019,11,no_remaining,le_8KB_slowdown_mean,1.0086101104575576
AliStorage2019,11,no_remaining,le_8KB_slowdown_p95,1.0318605391982134
AliStorage2019,11,no_remaining,le_8KB_slowdown_p99,1.0671612373539552
AliStorage2019,11,no_remaining,long_to_small_slowdown_mean_ratio,1.7834950315182863
AliStorage2019,11,no_remaining,max_active_flows,4.0
AliStorage2019,11,no_remaining,overall_fct_us_mean,12.441663684048134
AliStorage2019,11,no_remaining,overall_fct_us_p95,15.792
AliStorage2019,11,no_remaining,overall_fct_us_p99,180.69130000000084
AliStorage2019,11,no_remaining,overall_flow_count,9723.0
AliStorage2019,11,no_remaining,overall_slowdown_mean,1.036562984178826
AliStorage2019,11,no_remaining,overall_slowdown_p95,1.109952118691549
AliStorage2019,11,no_remaining,overall_slowdown_p99,1.805700691473513
AliStorage2019,11,no_remaining,pfc_pause_events,0.0
AliStorage2019,11,no_remaining,pfc_resume_events,0.0
AliStorage2019,11,no_remaining,proactive_releases,593.0
AliStorage2019,11,no_remaining,queue_bytes_max,428370.0
AliStorage2019,11,no_remaining,queue_bytes_mean,3393.241
AliStorage2019,11,no_remaining,queue_bytes_p95,2180.0
AliStorage2019,11,no_remaining,queue_bytes_p99,120990.0
AliStorage2019,11,no_remaining,queue_sample_count,400020.0
AliStorage2019,11,no_remaining,reactive_binding_rate_changes,207.0
AliStorage2019,11,no_remaining,reactive_binding_updates,207.0
AliStorage2019,11,no_remaining,recovery_nacks_generated,0.0
AliStorage2019,11,no_remaining,recovery_nacks_received,0.0
AliStorage2019,11,no_remaining,registrations,593.0
AliStorage2019,11,no_remaining,selected_registrations,593.0
AliStorage2019,11,no_remaining,tie_binding_rate_changes,8.0
AliStorage2019,11,no_remaining,tie_binding_updates,396.0
AliStorage2019,11,no_remaining,timeout_recoveries,0.0
AliStorage2019,11,no_ack_coalescing,1BDP_to_1MB_fct_us_mean,50.291989655172415
AliStorage2019,11,no_ack_coalescing,1BDP_to_1MB_fct_us_p95,151.1867
AliStorage2019,11,no_ack_coalescing,1BDP_to_1MB_fct_us_p99,311.0003600000001
AliStorage2019,11,no_ack_coalescing,1BDP_to_1MB_flow_count,290.0
AliStorage2019,11,no_ack_coalescing,1BDP_to_1MB_slowdown_mean,1.2940046609714542
AliStorage2019,11,no_ack_coalescing,1BDP_to_1MB_slowdown_p95,2.1125789316654777
AliStorage2019,11,no_ack_coalescing,1BDP_to_1MB_slowdown_p99,3.4375086936118486
AliStorage2019,11,no_ack_coalescing,8KB_to_1BDP_fct_us_mean,8.908222777991536
AliStorage2019,11,no_ack_coalescing,8KB_to_1BDP_fct_us_p95,14.7153
AliStorage2019,11,no_ack_coalescing,8KB_to_1BDP_fct_us_p99,18.12948
AliStorage2019,11,no_ack_coalescing,8KB_to_1BDP_flow_count,2599.0
AliStorage2019,11,no_ack_coalescing,8KB_to_1BDP_slowdown_mean,1.0349365156252612
AliStorage2019,11,no_ack_coalescing,8KB_to_1BDP_slowdown_p95,1.1371484639790086
AliStorage2019,11,no_ack_coalescing,8KB_to_1BDP_slowdown_p99,1.278360174065735
AliStorage2019,11,no_ack_coalescing,aggregate_goodput_gbps,171.90445129858435
AliStorage2019,11,no_ack_coalescing,completion_releases,0.0
AliStorage2019,11,no_ack_coalescing,completion_span_us,20044.982
AliStorage2019,11,no_ack_coalescing,grant_binding_rate_changes,1.0
AliStorage2019,11,no_ack_coalescing,grant_binding_updates,80.0
AliStorage2019,11,no_ack_coalescing,grant_bytes_sent,515026.0
AliStorage2019,11,no_ack_coalescing,grant_event_rate_changes,1562.0
AliStorage2019,11,no_ack_coalescing,grants_received,5479.0
AliStorage2019,11,no_ack_coalescing,grants_sent,5479.0
AliStorage2019,11,no_ack_coalescing,gt_1MB_fct_us_mean,247.86913907284767
AliStorage2019,11,no_ack_coalescing,gt_1MB_fct_us_p95,534.6105
AliStorage2019,11,no_ack_coalescing,gt_1MB_fct_us_p99,663.5705
AliStorage2019,11,no_ack_coalescing,gt_1MB_flow_count,151.0
AliStorage2019,11,no_ack_coalescing,gt_1MB_slowdown_mean,1.7935155599228887
AliStorage2019,11,no_ack_coalescing,gt_1MB_slowdown_p95,3.6592889440395537
AliStorage2019,11,no_ack_coalescing,gt_1MB_slowdown_p99,4.264974413607094
AliStorage2019,11,no_ack_coalescing,guard_ack_interval_packets,1.0
AliStorage2019,11,no_ack_coalescing,guard_adaptive_grant_updates,0.0
AliStorage2019,11,no_ack_coalescing,guard_fixed_window,1.0
AliStorage2019,11,no_ack_coalescing,guard_grant_refresh_bdps,1.0
AliStorage2019,11,no_ack_coalescing,guard_long_acks_suppressed,0.0
AliStorage2019,11,no_ack_coalescing,guard_min_share_fraction,0.0
AliStorage2019,11,no_ack_coalescing,guard_one_rtt_acks_suppressed,83733.0
AliStorage2019,11,no_ack_coalescing,guard_one_rtt_bypass_enabled,1.0
AliStorage2019,11,no_ack_coalescing,guard_one_rtt_bypass_feedbacks,9130.0
AliStorage2019,11,no_ack_coalescing,guard_one_rtt_bypass_flows,9130.0
AliStorage2019,11,no_ack_coalescing,guard_rebalance_events,0.0
AliStorage2019,11,no_ack_coalescing,guard_remaining_aware,1.0
AliStorage2019,11,no_ack_coalescing,guard_remaining_exponent,1.0
AliStorage2019,11,no_ack_coalescing,guard_remaining_refresh_events,3948.0
AliStorage2019,11,no_ack_coalescing,guard_sender_srpt_enabled,1.0
AliStorage2019,11,no_ack_coalescing,guard_sender_srpt_forced_rr,188.0
AliStorage2019,11,no_ack_coalescing,guard_sender_srpt_non_rr,28835.0
AliStorage2019,11,no_ack_coalescing,guard_sender_srpt_selections,435617.0
AliStorage2019,11,no_ack_coalescing,guard_srpt_quantum_packets,64.0
AliStorage2019,11,no_ack_coalescing,guard_tail_bypass_bdps,8.0
AliStorage2019,11,no_ack_coalescing,guard_tail_bypass_enabled,1.0
AliStorage2019,11,no_ack_coalescing,guard_tail_bypass_feedbacks,195180.0
AliStorage2019,11,no_ack_coalescing,guard_tail_bypass_flows,593.0
AliStorage2019,11,no_ack_coalescing,hpcc_actual_rate_changes,243.0
AliStorage2019,11,no_ack_coalescing,hpcc_fast_computations,0.0
AliStorage2019,11,no_ack_coalescing,hpcc_feedback_updates,2900.0
AliStorage2019,11,no_ack_coalescing,hpcc_full_computations,723.0
AliStorage2019,11,no_ack_coalescing,hpcc_rate_updates_applied,723.0
AliStorage2019,11,no_ack_coalescing,hpcc_valid_feedback,828.0
AliStorage2019,11,no_ack_coalescing,int_hops_after_strip,390686.0
AliStorage2019,11,no_ack_coalescing,int_hops_before_strip,742570.0
AliStorage2019,11,no_ack_coalescing,int_records_stripped,351884.0
AliStorage2019,11,no_ack_coalescing,irn_nacks_generated,0.0
AliStorage2019,11,no_ack_coalescing,irn_nacks_received,0.0
AliStorage2019,11,no_ack_coalescing,irn_retransmit_bytes,0.0
AliStorage2019,11,no_ack_coalescing,irn_retransmit_packets,0.0
AliStorage2019,11,no_ack_coalescing,le_8KB_fct_us_mean,6.834663025587311
AliStorage2019,11,no_ack_coalescing,le_8KB_fct_us_p95,9.16
AliStorage2019,11,no_ack_coalescing,le_8KB_fct_us_p99,9.43318
AliStorage2019,11,no_ack_coalescing,le_8KB_flow_count,6683.0
AliStorage2019,11,no_ack_coalescing,le_8KB_slowdown_mean,1.0099647522919548
AliStorage2019,11,no_ack_coalescing,le_8KB_slowdown_p95,1.0353610718864967
AliStorage2019,11,no_ack_coalescing,le_8KB_slowdown_p99,1.0737402956173776
AliStorage2019,11,no_ack_coalescing,long_to_small_slowdown_mean_ratio,1.7758199539665018
AliStorage2019,11,no_ack_coalescing,max_active_flows,4.0
AliStorage2019,11,no_ack_coalescing,overall_fct_us_mean,12.428411087113032
AliStorage2019,11,no_ack_coalescing,overall_fct_us_p95,15.811799999999996
AliStorage2019,11,no_ack_coalescing,overall_fct_us_p99,181.8132400000008
AliStorage2019,11,no_ack_coalescing,overall_flow_count,9723.0
AliStorage2019,11,no_ack_coalescing,overall_slowdown_mean,1.037280329621235
AliStorage2019,11,no_ack_coalescing,overall_slowdown_p95,1.1075771135963328
AliStorage2019,11,no_ack_coalescing,overall_slowdown_p99,1.6058706256726585
AliStorage2019,11,no_ack_coalescing,pfc_pause_events,0.0
AliStorage2019,11,no_ack_coalescing,pfc_resume_events,0.0
AliStorage2019,11,no_ack_coalescing,proactive_releases,593.0
AliStorage2019,11,no_ack_coalescing,queue_bytes_max,438180.0
AliStorage2019,11,no_ack_coalescing,queue_bytes_mean,3889.544
AliStorage2019,11,no_ack_coalescing,queue_bytes_p95,7630.0
AliStorage2019,11,no_ack_coalescing,queue_bytes_p99,131890.0
AliStorage2019,11,no_ack_coalescing,queue_sample_count,400020.0
AliStorage2019,11,no_ack_coalescing,reactive_binding_rate_changes,231.0
AliStorage2019,11,no_ack_coalescing,reactive_binding_updates,231.0
AliStorage2019,11,no_ack_coalescing,recovery_nacks_generated,0.0
AliStorage2019,11,no_ack_coalescing,recovery_nacks_received,0.0
AliStorage2019,11,no_ack_coalescing,registrations,593.0
AliStorage2019,11,no_ack_coalescing,selected_registrations,593.0
AliStorage2019,11,no_ack_coalescing,tie_binding_rate_changes,11.0
AliStorage2019,11,no_ack_coalescing,tie_binding_updates,412.0
AliStorage2019,11,no_ack_coalescing,timeout_recoveries,0.0
AliStorage2019,11,no_fixed_window,1BDP_to_1MB_fct_us_mean,50.189793103448274
AliStorage2019,11,no_fixed_window,1BDP_to_1MB_fct_us_p95,148.0478
AliStorage2019,11,no_fixed_window,1BDP_to_1MB_fct_us_p99,276.5177100000001
AliStorage2019,11,no_fixed_window,1BDP_to_1MB_flow_count,290.0
AliStorage2019,11,no_fixed_window,1BDP_to_1MB_slowdown_mean,1.3040192787700797
AliStorage2019,11,no_fixed_window,1BDP_to_1MB_slowdown_p95,2.135881132094118
AliStorage2019,11,no_fixed_window,1BDP_to_1MB_slowdown_p99,3.1466646866183567
AliStorage2019,11,no_fixed_window,8KB_to_1BDP_fct_us_mean,8.870192766448634
AliStorage2019,11,no_fixed_window,8KB_to_1BDP_fct_us_p95,14.446699999999998
AliStorage2019,11,no_fixed_window,8KB_to_1BDP_fct_us_p99,17.528019999999998
AliStorage2019,11,no_fixed_window,8KB_to_1BDP_flow_count,2599.0
AliStorage2019,11,no_fixed_window,8KB_to_1BDP_slowdown_mean,1.0310049915220423
AliStorage2019,11,no_fixed_window,8KB_to_1BDP_slowdown_p95,1.1225542400748143
AliStorage2019,11,no_fixed_window,8KB_to_1BDP_slowdown_p99,1.2920304964352187
AliStorage2019,11,no_fixed_window,aggregate_goodput_gbps,171.82165624405843
AliStorage2019,11,no_fixed_window,completion_releases,0.0
AliStorage2019,11,no_fixed_window,completion_span_us,20054.641
AliStorage2019,11,no_fixed_window,grant_binding_rate_changes,2.0
AliStorage2019,11,no_fixed_window,grant_binding_updates,155.0
AliStorage2019,11,no_fixed_window,grant_bytes_sent,516248.0
AliStorage2019,11,no_fixed_window,grant_event_rate_changes,1645.0
AliStorage2019,11,no_fixed_window,grants_received,5492.0
AliStorage2019,11,no_fixed_window,grants_sent,5492.0
AliStorage2019,11,no_fixed_window,gt_1MB_fct_us_mean,251.76225165562914
AliStorage2019,11,no_fixed_window,gt_1MB_fct_us_p95,538.8969999999999
AliStorage2019,11,no_fixed_window,gt_1MB_fct_us_p99,685.569
AliStorage2019,11,no_fixed_window,gt_1MB_flow_count,151.0
AliStorage2019,11,no_fixed_window,gt_1MB_slowdown_mean,1.824800860744174
AliStorage2019,11,no_fixed_window,gt_1MB_slowdown_p95,3.69617383832182
AliStorage2019,11,no_fixed_window,gt_1MB_slowdown_p99,4.462334279586365
AliStorage2019,11,no_fixed_window,guard_ack_interval_packets,8.0
AliStorage2019,11,no_fixed_window,guard_adaptive_grant_updates,0.0
AliStorage2019,11,no_fixed_window,guard_fixed_window,0.0
AliStorage2019,11,no_fixed_window,guard_grant_refresh_bdps,1.0
AliStorage2019,11,no_fixed_window,guard_long_acks_suppressed,299146.0
AliStorage2019,11,no_fixed_window,guard_min_share_fraction,0.0
AliStorage2019,11,no_fixed_window,guard_one_rtt_acks_suppressed,83733.0
AliStorage2019,11,no_fixed_window,guard_one_rtt_bypass_enabled,1.0
AliStorage2019,11,no_fixed_window,guard_one_rtt_bypass_feedbacks,9130.0
AliStorage2019,11,no_fixed_window,guard_one_rtt_bypass_flows,9130.0
AliStorage2019,11,no_fixed_window,guard_rebalance_events,0.0
AliStorage2019,11,no_fixed_window,guard_remaining_aware,1.0
AliStorage2019,11,no_fixed_window,guard_remaining_exponent,1.0
AliStorage2019,11,no_fixed_window,guard_remaining_refresh_events,3947.0
AliStorage2019,11,no_fixed_window,guard_sender_srpt_enabled,1.0
AliStorage2019,11,no_fixed_window,guard_sender_srpt_forced_rr,75.0
AliStorage2019,11,no_fixed_window,guard_sender_srpt_non_rr,27413.0
AliStorage2019,11,no_fixed_window,guard_sender_srpt_selections,435617.0
AliStorage2019,11,no_fixed_window,guard_srpt_quantum_packets,64.0
AliStorage2019,11,no_fixed_window,guard_tail_bypass_bdps,8.0
AliStorage2019,11,no_fixed_window,guard_tail_bypass_enabled,1.0
AliStorage2019,11,no_fixed_window,guard_tail_bypass_feedbacks,24899.0
AliStorage2019,11,no_fixed_window,guard_tail_bypass_flows,593.0
AliStorage2019,11,no_fixed_window,hpcc_actual_rate_changes,169.0
AliStorage2019,11,no_fixed_window,hpcc_fast_computations,0.0
AliStorage2019,11,no_fixed_window,hpcc_feedback_updates,3156.0
AliStorage2019,11,no_fixed_window,hpcc_full_computations,759.0
AliStorage2019,11,no_fixed_window,hpcc_rate_updates_applied,759.0
AliStorage2019,11,no_fixed_window,hpcc_valid_feedback,864.0
AliStorage2019,11,no_fixed_window,int_hops_after_strip,58126.0
AliStorage2019,11,no_fixed_window,int_hops_before_strip,110864.0
AliStorage2019,11,no_fixed_window,int_records_stripped,52738.0
AliStorage2019,11,no_fixed_window,irn_nacks_generated,0.0
AliStorage2019,11,no_fixed_window,irn_nacks_received,0.0
AliStorage2019,11,no_fixed_window,irn_retransmit_bytes,0.0
AliStorage2019,11,no_fixed_window,irn_retransmit_packets,0.0
AliStorage2019,11,no_fixed_window,le_8KB_fct_us_mean,6.823106090079306
AliStorage2019,11,no_fixed_window,le_8KB_fct_us_p95,9.123899999999999
AliStorage2019,11,no_fixed_window,le_8KB_fct_us_p99,9.385720000000001
AliStorage2019,11,no_fixed_window,le_8KB_flow_count,6683.0
AliStorage2019,11,no_fixed_window,le_8KB_slowdown_mean,1.0085682996351106
AliStorage2019,11,no_fixed_window,le_8KB_slowdown_p95,1.031708684020044
AliStorage2019,11,no_fixed_window,le_8KB_slowdown_p99,1.066878080388945
AliStorage2019,11,no_fixed_window,long_to_small_slowdown_mean_ratio,1.8092982511986224
AliStorage2019,11,no_fixed_window,max_active_flows,4.0
AliStorage2019,11,no_fixed_window,overall_fct_us_mean,12.46771459426103
AliStorage2019,11,no_fixed_window,overall_fct_us_p95,15.710199999999993
AliStorage2019,11,no_fixed_window,overall_fct_us_p99,179.26968000000124
AliStorage2019,11,no_fixed_window,overall_flow_count,9723.0
AliStorage2019,11,no_fixed_window,overall_slowdown_mean,1.0360541438077677
AliStorage2019,11,no_fixed_window,overall_slowdown_p95,1.1097781612171194
AliStorage2019,11,no_fixed_window,overall_slowdown_p99,1.7279001334198376
AliStorage2019,11,no_fixed_window,pfc_pause_events,0.0
AliStorage2019,11,no_fixed_window,pfc_resume_events,0.0
AliStorage2019,11,no_fixed_window,proactive_releases,593.0
AliStorage2019,11,no_fixed_window,queue_bytes_max,325946.0
AliStorage2019,11,no_fixed_window,queue_bytes_mean,2542.501
AliStorage2019,11,no_fixed_window,queue_bytes_p95,1090.0
AliStorage2019,11,no_fixed_window,queue_bytes_p99,109000.0
AliStorage2019,11,no_fixed_window,queue_sample_count,400020.0
AliStorage2019,11,no_fixed_window,reactive_binding_rate_changes,150.0
AliStorage2019,11,no_fixed_window,reactive_binding_updates,150.0
AliStorage2019,11,no_fixed_window,recovery_nacks_generated,0.0
AliStorage2019,11,no_fixed_window,recovery_nacks_received,0.0
AliStorage2019,11,no_fixed_window,registrations,593.0
AliStorage2019,11,no_fixed_window,selected_registrations,593.0
AliStorage2019,11,no_fixed_window,tie_binding_rate_changes,17.0
AliStorage2019,11,no_fixed_window,tie_binding_updates,454.0
AliStorage2019,11,no_fixed_window,timeout_recoveries,0.0
AliStorage2019,12,guard,1BDP_to_1MB_fct_us_mean,44.90349833887043
AliStorage2019,12,guard,1BDP_to_1MB_fct_us_p95,116.91
AliStorage2019,12,guard,1BDP_to_1MB_fct_us_p99,236.352
AliStorage2019,12,guard,1BDP_to_1MB_flow_count,301.0
AliStorage2019,12,guard,1BDP_to_1MB_slowdown_mean,1.2161008802164734
AliStorage2019,12,guard,1BDP_to_1MB_slowdown_p95,1.7198070035813768
AliStorage2019,12,guard,1BDP_to_1MB_slowdown_p99,2.480838870170356
AliStorage2019,12,guard,8KB_to_1BDP_fct_us_mean,8.775506982156712
AliStorage2019,12,guard,8KB_to_1BDP_fct_us_p95,14.135750000000002
AliStorage2019,12,guard,8KB_to_1BDP_fct_us_p99,18.20491
AliStorage2019,12,guard,8KB_to_1BDP_flow_count,2578.0
AliStorage2019,12,guard,8KB_to_1BDP_slowdown_mean,1.0299954396931281
AliStorage2019,12,guard,8KB_to_1BDP_slowdown_p95,1.1188858560610762
AliStorage2019,12,guard,8KB_to_1BDP_slowdown_p99,1.273877688339343
AliStorage2019,12,guard,aggregate_goodput_gbps,158.76034023097134
AliStorage2019,12,guard,completion_releases,0.0
AliStorage2019,12,guard,completion_span_us,20036.859
AliStorage2019,12,guard,grant_binding_rate_changes,2.0
AliStorage2019,12,guard,grant_binding_updates,44.0
AliStorage2019,12,guard,grant_bytes_sent,441894.0
AliStorage2019,12,guard,grant_event_rate_changes,878.0
AliStorage2019,12,guard,grants_received,4701.0
AliStorage2019,12,guard,grants_sent,4701.0
AliStorage2019,12,guard,gt_1MB_fct_us_mean,242.8290625
AliStorage2019,12,guard,gt_1MB_fct_us_p95,499.93855
AliStorage2019,12,guard,gt_1MB_fct_us_p99,640.8389700000004
AliStorage2019,12,guard,gt_1MB_flow_count,128.0
AliStorage2019,12,guard,gt_1MB_slowdown_mean,1.743371906492924
AliStorage2019,12,guard,gt_1MB_slowdown_p95,3.2503030677241354
AliStorage2019,12,guard,gt_1MB_slowdown_p99,3.7236954137036364
AliStorage2019,12,guard,guard_ack_interval_packets,8.0
AliStorage2019,12,guard,guard_adaptive_grant_updates,0.0
AliStorage2019,12,guard,guard_fixed_window,1.0
AliStorage2019,12,guard,guard_grant_refresh_bdps,1.0
AliStorage2019,12,guard,guard_long_acks_suppressed,270809.0
AliStorage2019,12,guard,guard_min_share_fraction,0.0
AliStorage2019,12,guard,guard_one_rtt_acks_suppressed,82993.0
AliStorage2019,12,guard,guard_one_rtt_bypass_enabled,1.0
AliStorage2019,12,guard,guard_one_rtt_bypass_feedbacks,9168.0
AliStorage2019,12,guard,guard_one_rtt_bypass_flows,9168.0
AliStorage2019,12,guard,guard_rebalance_events,0.0
AliStorage2019,12,guard,guard_remaining_aware,1.0
AliStorage2019,12,guard,guard_remaining_exponent,1.0
AliStorage2019,12,guard,guard_remaining_refresh_events,3616.0
AliStorage2019,12,guard,guard_sender_srpt_enabled,1.0
AliStorage2019,12,guard,guard_sender_srpt_forced_rr,69.0
AliStorage2019,12,guard,guard_sender_srpt_non_rr,19914.0
AliStorage2019,12,guard,guard_sender_srpt_selections,402498.0
AliStorage2019,12,guard,guard_srpt_quantum_packets,64.0
AliStorage2019,12,guard,guard_tail_bypass_bdps,8.0
AliStorage2019,12,guard,guard_tail_bypass_enabled,1.0
AliStorage2019,12,guard,guard_tail_bypass_feedbacks,22853.0
AliStorage2019,12,guard,guard_tail_bypass_flows,565.0
AliStorage2019,12,guard,hpcc_actual_rate_changes,213.0
AliStorage2019,12,guard,hpcc_fast_computations,0.0
AliStorage2019,12,guard,hpcc_feedback_updates,2476.0
AliStorage2019,12,guard,hpcc_full_computations,543.0
AliStorage2019,12,guard,hpcc_rate_updates_applied,543.0
AliStorage2019,12,guard,hpcc_valid_feedback,630.0
AliStorage2019,12,guard,int_hops_after_strip,51718.0
AliStorage2019,12,guard,int_hops_before_strip,100414.0
AliStorage2019,12,guard,int_records_stripped,48696.0
AliStorage2019,12,guard,irn_nacks_generated,0.0
AliStorage2019,12,guard,irn_nacks_received,0.0
AliStorage2019,12,guard,irn_retransmit_bytes,0.0
AliStorage2019,12,guard,irn_retransmit_packets,0.0
AliStorage2019,12,guard,le_8KB_fct_us_mean,6.8147680642283675
AliStorage2019,12,guard,le_8KB_fct_us_p95,9.101
AliStorage2019,12,guard,le_8KB_fct_us_p99,9.38375
AliStorage2019,12,guard,le_8KB_flow_count,6726.0
AliStorage2019,12,guard,le_8KB_slowdown_mean,1.0079323552466604
AliStorage2019,12,guard,le_8KB_slowdown_p95,1.0303030303030303
AliStorage2019,12,guard,le_8KB_slowdown_p99,1.0686584159276815
AliStorage2019,12,guard,long_to_small_slowdown_mean_ratio,1.7296516947968077
AliStorage2019,12,guard,max_active_flows,3.0
AliStorage2019,12,guard,overall_fct_us_mean,11.615890270214734
AliStorage2019,12,guard,overall_fct_us_p95,15.542399999999997
AliStorage2019,12,guard,overall_fct_us_p99,168.17580000000044
AliStorage2019,12,guard,overall_flow_count,9733.0
AliStorage2019,12,guard,overall_slowdown_mean,1.0298858762862606
AliStorage2019,12,guard,overall_slowdown_p95,1.1021107008404096
AliStorage2019,12,guard,overall_slowdown_p99,1.4046527719311723
AliStorage2019,12,guard,pfc_pause_events,0.0
AliStorage2019,12,guard,pfc_resume_events,0.0
AliStorage2019,12,guard,proactive_releases,565.0
AliStorage2019,12,guard,queue_bytes_max,403300.0
AliStorage2019,12,guard,queue_bytes_mean,2926.19
AliStorage2019,12,guard,queue_bytes_p95,341.0
AliStorage2019,12,guard,queue_bytes_p99,117720.0
AliStorage2019,12,guard,queue_sample_count,400020.0
AliStorage2019,12,guard,reactive_binding_rate_changes,200.0
AliStorage2019,12,guard,reactive_binding_updates,200.0
AliStorage2019,12,guard,recovery_nacks_generated,0.0
AliStorage2019,12,guard,recovery_nacks_received,0.0
AliStorage2019,12,guard,registrations,565.0
AliStorage2019,12,guard,selected_registrations,565.0
AliStorage2019,12,guard,tie_binding_rate_changes,11.0
AliStorage2019,12,guard,tie_binding_updates,299.0
AliStorage2019,12,guard,timeout_recoveries,0.0
AliStorage2019,12,no_priority,1BDP_to_1MB_fct_us_mean,50.44624584717608
AliStorage2019,12,no_priority,1BDP_to_1MB_fct_us_p95,134.247
AliStorage2019,12,no_priority,1BDP_to_1MB_fct_us_p99,239.199
AliStorage2019,12,no_priority,1BDP_to_1MB_flow_count,301.0
AliStorage2019,12,no_priority,1BDP_to_1MB_slowdown_mean,1.4001623196403206
AliStorage2019,12,no_priority,1BDP_to_1MB_slowdown_p95,2.7034237833638532
AliStorage2019,12,no_priority,1BDP_to_1MB_slowdown_p99,3.473869096488513
AliStorage2019,12,no_priority,8KB_to_1BDP_fct_us_mean,10.583504266873545
AliStorage2019,12,no_priority,8KB_to_1BDP_fct_us_p95,23.417000000000023
AliStorage2019,12,no_priority,8KB_to_1BDP_fct_us_p99,34.98703
AliStorage2019,12,no_priority,8KB_to_1BDP_flow_count,2578.0
AliStorage2019,12,no_priority,8KB_to_1BDP_slowdown_mean,1.2067531531851954
AliStorage2019,12,no_priority,8KB_to_1BDP_slowdown_p95,2.2511113850624103
AliStorage2019,12,no_priority,8KB_to_1BDP_slowdown_p99,3.293948041289386
AliStorage2019,12,no_priority,aggregate_goodput_gbps,158.76034023097134
AliStorage2019,12,no_priority,completion_releases,0.0
AliStorage2019,12,no_priority,completion_span_us,20036.859
AliStorage2019,12,no_priority,grant_binding_rate_changes,3.0
AliStorage2019,12,no_priority,grant_binding_updates,58.0
AliStorage2019,12,no_priority,grant_bytes_sent,448192.0
AliStorage2019,12,no_priority,grant_event_rate_changes,987.0
AliStorage2019,12,no_priority,grants_received,4768.0
AliStorage2019,12,no_priority,grants_sent,4768.0
AliStorage2019,12,no_priority,gt_1MB_fct_us_mean,241.19357031250001
AliStorage2019,12,no_priority,gt_1MB_fct_us_p95,505.26880000000006
AliStorage2019,12,no_priority,gt_1MB_fct_us_p99,658.5463500000001
AliStorage2019,12,no_priority,gt_1MB_flow_count,128.0
AliStorage2019,12,no_priority,gt_1MB_slowdown_mean,1.7302920593039248
AliStorage2019,12,no_priority,gt_1MB_slowdown_p95,3.210469695921023
AliStorage2019,12,no_priority,gt_1MB_slowdown_p99,3.8820006362796278
AliStorage2019,12,no_priority,guard_ack_interval_packets,8.0
AliStorage2019,12,no_priority,guard_adaptive_grant_updates,0.0
AliStorage2019,12,no_priority,guard_fixed_window,1.0
AliStorage2019,12,no_priority,guard_grant_refresh_bdps,1.0
AliStorage2019,12,no_priority,guard_long_acks_suppressed,270809.0
AliStorage2019,12,no_priority,guard_min_share_fraction,0.0
AliStorage2019,12,no_priority,guard_one_rtt_acks_suppressed,82993.0
AliStorage2019,12,no_priority,guard_one_rtt_bypass_enabled,1.0
AliStorage2019,12,no_priority,guard_one_rtt_bypass_feedbacks,9168.0
AliStorage2019,12,no_priority,guard_one_rtt_bypass_flows,9168.0
AliStorage2019,12,no_priority,guard_rebalance_events,0.0
AliStorage2019,12,no_priority,guard_remaining_aware,1.0
AliStorage2019,12,no_priority,guard_remaining_exponent,1.0
AliStorage2019,12,no_priority,guard_remaining_refresh_events,3622.0
AliStorage2019,12,no_priority,guard_sender_srpt_enabled,1.0
AliStorage2019,12,no_priority,guard_sender_srpt_forced_rr,57.0
AliStorage2019,12,no_priority,guard_sender_srpt_non_rr,19847.0
AliStorage2019,12,no_priority,guard_sender_srpt_selections,402498.0
AliStorage2019,12,no_priority,guard_srpt_quantum_packets,64.0
AliStorage2019,12,no_priority,guard_tail_bypass_bdps,8.0
AliStorage2019,12,no_priority,guard_tail_bypass_enabled,1.0
AliStorage2019,12,no_priority,guard_tail_bypass_feedbacks,22853.0
AliStorage2019,12,no_priority,guard_tail_bypass_flows,565.0
AliStorage2019,12,no_priority,hpcc_actual_rate_changes,243.0
AliStorage2019,12,no_priority,hpcc_fast_computations,0.0
AliStorage2019,12,no_priority,hpcc_feedback_updates,2533.0
AliStorage2019,12,no_priority,hpcc_full_computations,580.0
AliStorage2019,12,no_priority,hpcc_rate_updates_applied,580.0
AliStorage2019,12,no_priority,hpcc_valid_feedback,667.0
AliStorage2019,12,no_priority,int_hops_after_strip,51718.0
AliStorage2019,12,no_priority,int_hops_before_strip,100414.0
AliStorage2019,12,no_priority,int_records_stripped,48696.0
AliStorage2019,12,no_priority,irn_nacks_generated,0.0
AliStorage2019,12,no_priority,irn_nacks_received,0.0
AliStorage2019,12,no_priority,irn_retransmit_bytes,0.0
AliStorage2019,12,no_priority,irn_retransmit_packets,0.0
AliStorage2019,12,no_priority,le_8KB_fct_us_mean,8.292436068986024
AliStorage2019,12,no_priority,le_8KB_fct_us_p95,20.150750000000002
AliStorage2019,12,no_priority,le_8KB_fct_us_p99,30.428749999999997
AliStorage2019,12,no_priority,le_8KB_flow_count,6726.0
AliStorage2019,12,no_priority,le_8KB_slowdown_mean,1.1796394255874296
AliStorage2019,12,no_priority,le_8KB_slowdown_p95,2.3082626170171388
AliStorage2019,12,no_priority,le_8KB_slowdown_p99,3.4664070564150617
AliStorage2019,12,no_priority,long_to_small_slowdown_mean_ratio,1.466797414338949
AliStorage2019,12,no_priority,max_active_flows,3.0
AliStorage2019,12,no_priority,overall_fct_us_mean,13.26582718586253
AliStorage2019,12,no_priority,overall_fct_us_p95,28.035400000000003
AliStorage2019,12,no_priority,overall_fct_us_p99,170.7028400000002
AliStorage2019,12,no_priority,overall_flow_count,9733.0
AliStorage2019,12,no_priority,overall_slowdown_mean,1.2008826309683678
AliStorage2019,12,no_priority,overall_slowdown_p95,2.3247275258474076
AliStorage2019,12,no_priority,overall_slowdown_p99,3.4461199737567543
AliStorage2019,12,no_priority,pfc_pause_events,0.0
AliStorage2019,12,no_priority,pfc_resume_events,0.0
AliStorage2019,12,no_priority,proactive_releases,565.0
AliStorage2019,12,no_priority,queue_bytes_max,510513.0
AliStorage2019,12,no_priority,queue_bytes_mean,3470.318
AliStorage2019,12,no_priority,queue_bytes_p95,1090.0
AliStorage2019,12,no_priority,queue_bytes_p99,137464.0
AliStorage2019,12,no_priority,queue_sample_count,400020.0
AliStorage2019,12,no_priority,reactive_binding_rate_changes,228.0
AliStorage2019,12,no_priority,reactive_binding_updates,228.0
AliStorage2019,12,no_priority,recovery_nacks_generated,0.0
AliStorage2019,12,no_priority,recovery_nacks_received,0.0
AliStorage2019,12,no_priority,registrations,565.0
AliStorage2019,12,no_priority,selected_registrations,565.0
AliStorage2019,12,no_priority,tie_binding_rate_changes,12.0
AliStorage2019,12,no_priority,tie_binding_updates,294.0
AliStorage2019,12,no_priority,timeout_recoveries,0.0
AliStorage2019,12,no_srpt,1BDP_to_1MB_fct_us_mean,46.142083056478405
AliStorage2019,12,no_srpt,1BDP_to_1MB_fct_us_p95,116.811
AliStorage2019,12,no_srpt,1BDP_to_1MB_fct_us_p99,235.932
AliStorage2019,12,no_srpt,1BDP_to_1MB_flow_count,301.0
AliStorage2019,12,no_srpt,1BDP_to_1MB_slowdown_mean,1.2730578187037485
AliStorage2019,12,no_srpt,1BDP_to_1MB_slowdown_p95,1.8396984924623117
AliStorage2019,12,no_srpt,1BDP_to_1MB_slowdown_p99,2.476430393299115
AliStorage2019,12,no_srpt,8KB_to_1BDP_fct_us_mean,8.970185802948022
AliStorage2019,12,no_srpt,8KB_to_1BDP_fct_us_p95,14.749950000000002
AliStorage2019,12,no_srpt,8KB_to_1BDP_fct_us_p99,19.052139999999998
AliStorage2019,12,no_srpt,8KB_to_1BDP_flow_count,2578.0
AliStorage2019,12,no_srpt,8KB_to_1BDP_slowdown_mean,1.0531467587845706
AliStorage2019,12,no_srpt,8KB_to_1BDP_slowdown_p95,1.2470305327352493
AliStorage2019,12,no_srpt,8KB_to_1BDP_slowdown_p99,1.4450279464648954
AliStorage2019,12,no_srpt,aggregate_goodput_gbps,158.6782644159742
AliStorage2019,12,no_srpt,completion_releases,0.0
AliStorage2019,12,no_srpt,completion_span_us,20047.223
AliStorage2019,12,no_srpt,grant_binding_rate_changes,2.0
AliStorage2019,12,no_srpt,grant_binding_updates,43.0
AliStorage2019,12,no_srpt,grant_bytes_sent,443304.0
AliStorage2019,12,no_srpt,grant_event_rate_changes,882.0
AliStorage2019,12,no_srpt,grants_received,4716.0
AliStorage2019,12,no_srpt,grants_sent,4716.0
AliStorage2019,12,no_srpt,gt_1MB_fct_us_mean,244.09965625
AliStorage2019,12,no_srpt,gt_1MB_fct_us_p95,506.32660000000016
AliStorage2019,12,no_srpt,gt_1MB_fct_us_p99,648.1999900000002
AliStorage2019,12,no_srpt,gt_1MB_flow_count,128.0
AliStorage2019,12,no_srpt,gt_1MB_slowdown_mean,1.7523407986451578
AliStorage2019,12,no_srpt,gt_1MB_slowdown_p95,3.2452220861376384
AliStorage2019,12,no_srpt,gt_1MB_slowdown_p99,3.7593527978444254
AliStorage2019,12,no_srpt,guard_ack_interval_packets,8.0
AliStorage2019,12,no_srpt,guard_adaptive_grant_updates,0.0
AliStorage2019,12,no_srpt,guard_fixed_window,1.0
AliStorage2019,12,no_srpt,guard_grant_refresh_bdps,1.0
AliStorage2019,12,no_srpt,guard_long_acks_suppressed,270809.0
AliStorage2019,12,no_srpt,guard_min_share_fraction,0.0
AliStorage2019,12,no_srpt,guard_one_rtt_acks_suppressed,82993.0
AliStorage2019,12,no_srpt,guard_one_rtt_bypass_enabled,1.0
AliStorage2019,12,no_srpt,guard_one_rtt_bypass_feedbacks,9168.0
AliStorage2019,12,no_srpt,guard_one_rtt_bypass_flows,9168.0
AliStorage2019,12,no_srpt,guard_rebalance_events,0.0
AliStorage2019,12,no_srpt,guard_remaining_aware,1.0
AliStorage2019,12,no_srpt,guard_remaining_exponent,1.0
AliStorage2019,12,no_srpt,guard_remaining_refresh_events,3620.0
AliStorage2019,12,no_srpt,guard_sender_srpt_enabled,0.0
AliStorage2019,12,no_srpt,guard_sender_srpt_forced_rr,0.0
AliStorage2019,12,no_srpt,guard_sender_srpt_non_rr,0.0
AliStorage2019,12,no_srpt,guard_sender_srpt_selections,0.0
AliStorage2019,12,no_srpt,guard_srpt_quantum_packets,64.0
AliStorage2019,12,no_srpt,guard_tail_bypass_bdps,8.0
AliStorage2019,12,no_srpt,guard_tail_bypass_enabled,1.0
AliStorage2019,12,no_srpt,guard_tail_bypass_feedbacks,22864.0
AliStorage2019,12,no_srpt,guard_tail_bypass_flows,565.0
AliStorage2019,12,no_srpt,hpcc_actual_rate_changes,221.0
AliStorage2019,12,no_srpt,hpcc_fast_computations,0.0
AliStorage2019,12,no_srpt,hpcc_feedback_updates,2489.0
AliStorage2019,12,no_srpt,hpcc_full_computations,541.0
AliStorage2019,12,no_srpt,hpcc_rate_updates_applied,541.0
AliStorage2019,12,no_srpt,hpcc_valid_feedback,628.0
AliStorage2019,12,no_srpt,int_hops_after_strip,51718.0
AliStorage2019,12,no_srpt,int_hops_before_strip,100414.0
AliStorage2019,12,no_srpt,int_records_stripped,48696.0
AliStorage2019,12,no_srpt,irn_nacks_generated,0.0
AliStorage2019,12,no_srpt,irn_nacks_received,0.0
AliStorage2019,12,no_srpt,irn_retransmit_bytes,0.0
AliStorage2019,12,no_srpt,irn_retransmit_packets,0.0
AliStorage2019,12,no_srpt,le_8KB_fct_us_mean,6.853212607790663
AliStorage2019,12,no_srpt,le_8KB_fct_us_p95,9.214
AliStorage2019,12,no_srpt,le_8KB_fct_us_p99,9.60875
AliStorage2019,12,no_srpt,le_8KB_flow_count,6726.0
AliStorage2019,12,no_srpt,le_8KB_slowdown_mean,1.0140411748824083
AliStorage2019,12,no_srpt,le_8KB_slowdown_p95,1.0712125740138714
AliStorage2019,12,no_srpt,le_8KB_slowdown_p99,1.1242950919959582
AliStorage2019,12,no_srpt,long_to_small_slowdown_mean_ratio,1.7280765732696852
AliStorage2019,12,no_srpt,max_active_flows,3.0
AliStorage2019,12,no_srpt,overall_fct_us_mean,11.749036268365355
AliStorage2019,12,no_srpt,overall_fct_us_p95,15.726799999999992
AliStorage2019,12,no_srpt,overall_fct_us_p99,168.24312000000026
AliStorage2019,12,no_srpt,overall_flow_count,9733.0
AliStorage2019,12,no_srpt,overall_slowdown_mean,1.0421189059963125
AliStorage2019,12,no_srpt,overall_slowdown_p95,1.1725093108892648
AliStorage2019,12,no_srpt,overall_slowdown_p99,1.627160143061381
AliStorage2019,12,no_srpt,pfc_pause_events,0.0
AliStorage2019,12,no_srpt,pfc_resume_events,0.0
AliStorage2019,12,no_srpt,proactive_releases,565.0
AliStorage2019,12,no_srpt,queue_bytes_max,406570.0
AliStorage2019,12,no_srpt,queue_bytes_mean,2981.97
AliStorage2019,12,no_srpt,queue_bytes_p95,178.0
AliStorage2019,12,no_srpt,queue_bytes_p99,118810.0
AliStorage2019,12,no_srpt,queue_sample_count,400020.0
AliStorage2019,12,no_srpt,reactive_binding_rate_changes,209.0
AliStorage2019,12,no_srpt,reactive_binding_updates,209.0
AliStorage2019,12,no_srpt,recovery_nacks_generated,0.0
AliStorage2019,12,no_srpt,recovery_nacks_received,0.0
AliStorage2019,12,no_srpt,registrations,565.0
AliStorage2019,12,no_srpt,selected_registrations,565.0
AliStorage2019,12,no_srpt,tie_binding_rate_changes,10.0
AliStorage2019,12,no_srpt,tie_binding_updates,289.0
AliStorage2019,12,no_srpt,timeout_recoveries,0.0
AliStorage2019,12,no_reclaim,1BDP_to_1MB_fct_us_mean,44.90349833887043
AliStorage2019,12,no_reclaim,1BDP_to_1MB_fct_us_p95,116.91
AliStorage2019,12,no_reclaim,1BDP_to_1MB_fct_us_p99,236.352
AliStorage2019,12,no_reclaim,1BDP_to_1MB_flow_count,301.0
AliStorage2019,12,no_reclaim,1BDP_to_1MB_slowdown_mean,1.2161008802164734
AliStorage2019,12,no_reclaim,1BDP_to_1MB_slowdown_p95,1.7198070035813768
AliStorage2019,12,no_reclaim,1BDP_to_1MB_slowdown_p99,2.480838870170356
AliStorage2019,12,no_reclaim,8KB_to_1BDP_fct_us_mean,8.775506982156712
AliStorage2019,12,no_reclaim,8KB_to_1BDP_fct_us_p95,14.135750000000002
AliStorage2019,12,no_reclaim,8KB_to_1BDP_fct_us_p99,18.20491
AliStorage2019,12,no_reclaim,8KB_to_1BDP_flow_count,2578.0
AliStorage2019,12,no_reclaim,8KB_to_1BDP_slowdown_mean,1.0299954396931281
AliStorage2019,12,no_reclaim,8KB_to_1BDP_slowdown_p95,1.1188858560610762
AliStorage2019,12,no_reclaim,8KB_to_1BDP_slowdown_p99,1.273877688339343
AliStorage2019,12,no_reclaim,aggregate_goodput_gbps,158.76034023097134
AliStorage2019,12,no_reclaim,completion_releases,0.0
AliStorage2019,12,no_reclaim,completion_span_us,20036.859
AliStorage2019,12,no_reclaim,grant_binding_rate_changes,2.0
AliStorage2019,12,no_reclaim,grant_binding_updates,44.0
AliStorage2019,12,no_reclaim,grant_bytes_sent,441894.0
AliStorage2019,12,no_reclaim,grant_event_rate_changes,878.0
AliStorage2019,12,no_reclaim,grants_received,4701.0
AliStorage2019,12,no_reclaim,grants_sent,4701.0
AliStorage2019,12,no_reclaim,gt_1MB_fct_us_mean,242.8290625
AliStorage2019,12,no_reclaim,gt_1MB_fct_us_p95,499.93855
AliStorage2019,12,no_reclaim,gt_1MB_fct_us_p99,640.8389700000004
AliStorage2019,12,no_reclaim,gt_1MB_flow_count,128.0
AliStorage2019,12,no_reclaim,gt_1MB_slowdown_mean,1.743371906492924
AliStorage2019,12,no_reclaim,gt_1MB_slowdown_p95,3.2503030677241354
AliStorage2019,12,no_reclaim,gt_1MB_slowdown_p99,3.7236954137036364
AliStorage2019,12,no_reclaim,guard_ack_interval_packets,8.0
AliStorage2019,12,no_reclaim,guard_adaptive_grant_updates,0.0
AliStorage2019,12,no_reclaim,guard_fixed_window,1.0
AliStorage2019,12,no_reclaim,guard_grant_refresh_bdps,1.0
AliStorage2019,12,no_reclaim,guard_long_acks_suppressed,270809.0
AliStorage2019,12,no_reclaim,guard_min_share_fraction,0.0
AliStorage2019,12,no_reclaim,guard_one_rtt_acks_suppressed,82993.0
AliStorage2019,12,no_reclaim,guard_one_rtt_bypass_enabled,1.0
AliStorage2019,12,no_reclaim,guard_one_rtt_bypass_feedbacks,9168.0
AliStorage2019,12,no_reclaim,guard_one_rtt_bypass_flows,9168.0
AliStorage2019,12,no_reclaim,guard_rebalance_events,0.0
AliStorage2019,12,no_reclaim,guard_remaining_aware,1.0
AliStorage2019,12,no_reclaim,guard_remaining_exponent,1.0
AliStorage2019,12,no_reclaim,guard_remaining_refresh_events,3616.0
AliStorage2019,12,no_reclaim,guard_sender_srpt_enabled,1.0
AliStorage2019,12,no_reclaim,guard_sender_srpt_forced_rr,69.0
AliStorage2019,12,no_reclaim,guard_sender_srpt_non_rr,19914.0
AliStorage2019,12,no_reclaim,guard_sender_srpt_selections,402498.0
AliStorage2019,12,no_reclaim,guard_srpt_quantum_packets,64.0
AliStorage2019,12,no_reclaim,guard_tail_bypass_bdps,8.0
AliStorage2019,12,no_reclaim,guard_tail_bypass_enabled,1.0
AliStorage2019,12,no_reclaim,guard_tail_bypass_feedbacks,22853.0
AliStorage2019,12,no_reclaim,guard_tail_bypass_flows,565.0
AliStorage2019,12,no_reclaim,hpcc_actual_rate_changes,213.0
AliStorage2019,12,no_reclaim,hpcc_fast_computations,0.0
AliStorage2019,12,no_reclaim,hpcc_feedback_updates,2476.0
AliStorage2019,12,no_reclaim,hpcc_full_computations,543.0
AliStorage2019,12,no_reclaim,hpcc_rate_updates_applied,543.0
AliStorage2019,12,no_reclaim,hpcc_valid_feedback,630.0
AliStorage2019,12,no_reclaim,int_hops_after_strip,51718.0
AliStorage2019,12,no_reclaim,int_hops_before_strip,100414.0
AliStorage2019,12,no_reclaim,int_records_stripped,48696.0
AliStorage2019,12,no_reclaim,irn_nacks_generated,0.0
AliStorage2019,12,no_reclaim,irn_nacks_received,0.0
AliStorage2019,12,no_reclaim,irn_retransmit_bytes,0.0
AliStorage2019,12,no_reclaim,irn_retransmit_packets,0.0
AliStorage2019,12,no_reclaim,le_8KB_fct_us_mean,6.8147680642283675
AliStorage2019,12,no_reclaim,le_8KB_fct_us_p95,9.101
AliStorage2019,12,no_reclaim,le_8KB_fct_us_p99,9.38375
AliStorage2019,12,no_reclaim,le_8KB_flow_count,6726.0
AliStorage2019,12,no_reclaim,le_8KB_slowdown_mean,1.0079323552466604
AliStorage2019,12,no_reclaim,le_8KB_slowdown_p95,1.0303030303030303
AliStorage2019,12,no_reclaim,le_8KB_slowdown_p99,1.0686584159276815
AliStorage2019,12,no_reclaim,long_to_small_slowdown_mean_ratio,1.7296516947968077
AliStorage2019,12,no_reclaim,max_active_flows,3.0
AliStorage2019,12,no_reclaim,overall_fct_us_mean,11.615890270214734
AliStorage2019,12,no_reclaim,overall_fct_us_p95,15.542399999999997
AliStorage2019,12,no_reclaim,overall_fct_us_p99,168.17580000000044
AliStorage2019,12,no_reclaim,overall_flow_count,9733.0
AliStorage2019,12,no_reclaim,overall_slowdown_mean,1.0298858762862606
AliStorage2019,12,no_reclaim,overall_slowdown_p95,1.1021107008404096
AliStorage2019,12,no_reclaim,overall_slowdown_p99,1.4046527719311723
AliStorage2019,12,no_reclaim,pfc_pause_events,0.0
AliStorage2019,12,no_reclaim,pfc_resume_events,0.0
AliStorage2019,12,no_reclaim,proactive_releases,565.0
AliStorage2019,12,no_reclaim,queue_bytes_max,403300.0
AliStorage2019,12,no_reclaim,queue_bytes_mean,2926.19
AliStorage2019,12,no_reclaim,queue_bytes_p95,341.0
AliStorage2019,12,no_reclaim,queue_bytes_p99,117720.0
AliStorage2019,12,no_reclaim,queue_sample_count,400020.0
AliStorage2019,12,no_reclaim,reactive_binding_rate_changes,200.0
AliStorage2019,12,no_reclaim,reactive_binding_updates,200.0
AliStorage2019,12,no_reclaim,recovery_nacks_generated,0.0
AliStorage2019,12,no_reclaim,recovery_nacks_received,0.0
AliStorage2019,12,no_reclaim,registrations,565.0
AliStorage2019,12,no_reclaim,selected_registrations,565.0
AliStorage2019,12,no_reclaim,tie_binding_rate_changes,11.0
AliStorage2019,12,no_reclaim,tie_binding_updates,299.0
AliStorage2019,12,no_reclaim,timeout_recoveries,0.0
AliStorage2019,12,no_one_rtt,1BDP_to_1MB_fct_us_mean,44.92440863787375
AliStorage2019,12,no_one_rtt,1BDP_to_1MB_fct_us_p95,116.94
AliStorage2019,12,no_one_rtt,1BDP_to_1MB_fct_us_p99,236.641
AliStorage2019,12,no_one_rtt,1BDP_to_1MB_flow_count,301.0
AliStorage2019,12,no_one_rtt,1BDP_to_1MB_slowdown_mean,1.2147287338606245
AliStorage2019,12,no_one_rtt,1BDP_to_1MB_slowdown_p95,1.7203292877039396
AliStorage2019,12,no_one_rtt,1BDP_to_1MB_slowdown_p99,2.48387232211271
AliStorage2019,12,no_one_rtt,8KB_to_1BDP_fct_us_mean,8.778435608999224
AliStorage2019,12,no_one_rtt,8KB_to_1BDP_fct_us_p95,14.1392
AliStorage2019,12,no_one_rtt,8KB_to_1BDP_fct_us_p99,18.22868
AliStorage2019,12,no_one_rtt,8KB_to_1BDP_flow_count,2578.0
AliStorage2019,12,no_one_rtt,8KB_to_1BDP_slowdown_mean,1.0302725394935923
AliStorage2019,12,no_one_rtt,8KB_to_1BDP_slowdown_p95,1.119153271712327
AliStorage2019,12,no_one_rtt,8KB_to_1BDP_slowdown_p99,1.278564825551646
AliStorage2019,12,no_one_rtt,aggregate_goodput_gbps,158.75198146872972
AliStorage2019,12,no_one_rtt,completion_releases,0.0
AliStorage2019,12,no_one_rtt,completion_span_us,20037.914
AliStorage2019,12,no_one_rtt,grant_binding_rate_changes,3.0
AliStorage2019,12,no_one_rtt,grant_binding_updates,44.0
AliStorage2019,12,no_one_rtt,grant_bytes_sent,441330.0
AliStorage2019,12,no_one_rtt,grant_event_rate_changes,876.0
AliStorage2019,12,no_one_rtt,grants_received,4695.0
AliStorage2019,12,no_one_rtt,grants_sent,4695.0
AliStorage2019,12,no_one_rtt,gt_1MB_fct_us_mean,243.119546875
AliStorage2019,12,no_one_rtt,gt_1MB_fct_us_p95,500.01540000000006
AliStorage2019,12,no_one_rtt,gt_1MB_fct_us_p99,641.5025200000003
AliStorage2019,12,no_one_rtt,gt_1MB_flow_count,128.0
AliStorage2019,12,no_one_rtt,gt_1MB_slowdown_mean,1.7455160007905892
AliStorage2019,12,no_one_rtt,gt_1MB_slowdown_p95,3.257938422613946
AliStorage2019,12,no_one_rtt,gt_1MB_slowdown_p99,3.7306788613073176
AliStorage2019,12,no_one_rtt,guard_ack_interval_packets,8.0
AliStorage2019,12,no_one_rtt,guard_adaptive_grant_updates,0.0
AliStorage2019,12,no_one_rtt,guard_fixed_window,1.0
AliStorage2019,12,no_one_rtt,guard_grant_refresh_bdps,1.0
AliStorage2019,12,no_one_rtt,guard_long_acks_suppressed,339690.0
AliStorage2019,12,no_one_rtt,guard_min_share_fraction,0.0
AliStorage2019,12,no_one_rtt,guard_one_rtt_acks_suppressed,0.0
AliStorage2019,12,no_one_rtt,guard_one_rtt_bypass_enabled,0.0
AliStorage2019,12,no_one_rtt,guard_one_rtt_bypass_feedbacks,0.0
AliStorage2019,12,no_one_rtt,guard_one_rtt_bypass_flows,0.0
AliStorage2019,12,no_one_rtt,guard_rebalance_events,0.0
AliStorage2019,12,no_one_rtt,guard_remaining_aware,1.0
AliStorage2019,12,no_one_rtt,guard_remaining_exponent,1.0
AliStorage2019,12,no_one_rtt,guard_remaining_refresh_events,3612.0
AliStorage2019,12,no_one_rtt,guard_sender_srpt_enabled,1.0
AliStorage2019,12,no_one_rtt,guard_sender_srpt_forced_rr,69.0
AliStorage2019,12,no_one_rtt,guard_sender_srpt_non_rr,19857.0
AliStorage2019,12,no_one_rtt,guard_sender_srpt_selections,402498.0
AliStorage2019,12,no_one_rtt,guard_srpt_quantum_packets,64.0
AliStorage2019,12,no_one_rtt,guard_tail_bypass_bdps,8.0
AliStorage2019,12,no_one_rtt,guard_tail_bypass_enabled,1.0
AliStorage2019,12,no_one_rtt,guard_tail_bypass_feedbacks,22854.0
AliStorage2019,12,no_one_rtt,guard_tail_bypass_flows,565.0
AliStorage2019,12,no_one_rtt,hpcc_actual_rate_changes,221.0
AliStorage2019,12,no_one_rtt,hpcc_fast_computations,0.0
AliStorage2019,12,no_one_rtt,hpcc_feedback_updates,11676.0
AliStorage2019,12,no_one_rtt,hpcc_full_computations,563.0
AliStorage2019,12,no_one_rtt,hpcc_rate_updates_applied,563.0
AliStorage2019,12,no_one_rtt,hpcc_valid_feedback,5571.0
AliStorage2019,12,no_one_rtt,int_hops_after_strip,67930.0
AliStorage2019,12,no_one_rtt,int_hops_before_strip,130738.0
AliStorage2019,12,no_one_rtt,int_records_stripped,62808.0
AliStorage2019,12,no_one_rtt,irn_nacks_generated,0.0
AliStorage2019,12,no_one_rtt,irn_nacks_received,0.0
AliStorage2019,12,no_one_rtt,irn_retransmit_bytes,0.0
AliStorage2019,12,no_one_rtt,irn_retransmit_packets,0.0
AliStorage2019,12,no_one_rtt,le_8KB_fct_us_mean,6.815386262265834
AliStorage2019,12,no_one_rtt,le_8KB_fct_us_p95,9.111
AliStorage2019,12,no_one_rtt,le_8KB_fct_us_p99,9.37675
AliStorage2019,12,no_one_rtt,le_8KB_flow_count,6726.0
AliStorage2019,12,no_one_rtt,le_8KB_slowdown_mean,1.0079694887380943
AliStorage2019,12,no_one_rtt,le_8KB_slowdown_p95,1.0305395666147397
AliStorage2019,12,no_one_rtt,le_8KB_slowdown_p99,1.0689203246174006
AliStorage2019,12,no_one_rtt,long_to_small_slowdown_mean_ratio,1.7317151166706943
AliStorage2019,12,no_one_rtt,max_active_flows,3.0
AliStorage2019,12,no_one_rtt,overall_fct_us_mean,11.621560053426487
AliStorage2019,12,no_one_rtt,overall_fct_us_p95,15.500199999999992
AliStorage2019,12,no_one_rtt,overall_fct_us_p99,168.27404000000033
AliStorage2019,12,no_one_rtt,overall_flow_count,9733.0
AliStorage2019,12,no_one_rtt,overall_slowdown_mean,1.0299706960916621
AliStorage2019,12,no_one_rtt,overall_slowdown_p95,1.1011668921410154
AliStorage2019,12,no_one_rtt,overall_slowdown_p99,1.4007542574811684
AliStorage2019,12,no_one_rtt,pfc_pause_events,0.0
AliStorage2019,12,no_one_rtt,pfc_resume_events,0.0
AliStorage2019,12,no_one_rtt,proactive_releases,565.0
AliStorage2019,12,no_one_rtt,queue_bytes_max,402210.0
AliStorage2019,12,no_one_rtt,queue_bytes_mean,2943.638
AliStorage2019,12,no_one_rtt,queue_bytes_p95,1090.0
AliStorage2019,12,no_one_rtt,queue_bytes_p99,117720.0
AliStorage2019,12,no_one_rtt,queue_sample_count,400020.0
AliStorage2019,12,no_one_rtt,reactive_binding_rate_changes,208.0
AliStorage2019,12,no_one_rtt,reactive_binding_updates,208.0
AliStorage2019,12,no_one_rtt,recovery_nacks_generated,0.0
AliStorage2019,12,no_one_rtt,recovery_nacks_received,0.0
AliStorage2019,12,no_one_rtt,registrations,565.0
AliStorage2019,12,no_one_rtt,selected_registrations,565.0
AliStorage2019,12,no_one_rtt,tie_binding_rate_changes,10.0
AliStorage2019,12,no_one_rtt,tie_binding_updates,311.0
AliStorage2019,12,no_one_rtt,timeout_recoveries,0.0
AliStorage2019,12,no_tail,1BDP_to_1MB_fct_us_mean,49.340926910299004
AliStorage2019,12,no_tail,1BDP_to_1MB_fct_us_p95,130.105
AliStorage2019,12,no_tail,1BDP_to_1MB_fct_us_p99,333.407
AliStorage2019,12,no_tail,1BDP_to_1MB_flow_count,301.0
AliStorage2019,12,no_tail,1BDP_to_1MB_slowdown_mean,1.286805859451613
AliStorage2019,12,no_tail,1BDP_to_1MB_slowdown_p95,1.831255642752969
AliStorage2019,12,no_tail,1BDP_to_1MB_slowdown_p99,4.691992017314557
AliStorage2019,12,no_tail,8KB_to_1BDP_fct_us_mean,8.77267494181536
AliStorage2019,12,no_tail,8KB_to_1BDP_fct_us_p95,14.148400000000002
AliStorage2019,12,no_tail,8KB_to_1BDP_fct_us_p99,17.697960000000005
AliStorage2019,12,no_tail,8KB_to_1BDP_flow_count,2578.0
AliStorage2019,12,no_tail,8KB_to_1BDP_slowdown_mean,1.0298829221056067
AliStorage2019,12,no_tail,8KB_to_1BDP_slowdown_p95,1.1165760367718256
AliStorage2019,12,no_tail,8KB_to_1BDP_slowdown_p99,1.273877688339343
AliStorage2019,12,no_tail,aggregate_goodput_gbps,158.76034023097134
AliStorage2019,12,no_tail,completion_releases,0.0
AliStorage2019,12,no_tail,completion_span_us,20036.859
AliStorage2019,12,no_tail,grant_binding_rate_changes,8.0
AliStorage2019,12,no_tail,grant_binding_updates,138.0
AliStorage2019,12,no_tail,grant_bytes_sent,442834.0
AliStorage2019,12,no_tail,grant_event_rate_changes,859.0
AliStorage2019,12,no_tail,grants_received,4711.0
AliStorage2019,12,no_tail,grants_sent,4711.0
AliStorage2019,12,no_tail,gt_1MB_fct_us_mean,244.151046875
AliStorage2019,12,no_tail,gt_1MB_fct_us_p95,513.4750500000002
AliStorage2019,12,no_tail,gt_1MB_fct_us_p99,614.0078600000004
AliStorage2019,12,no_tail,gt_1MB_flow_count,128.0
AliStorage2019,12,no_tail,gt_1MB_slowdown_mean,1.7549227905605862
AliStorage2019,12,no_tail,gt_1MB_slowdown_p95,3.227491841549023
AliStorage2019,12,no_tail,gt_1MB_slowdown_p99,3.914012246799744
AliStorage2019,12,no_tail,guard_ack_interval_packets,8.0
AliStorage2019,12,no_tail,guard_adaptive_grant_updates,0.0
AliStorage2019,12,no_tail,guard_fixed_window,1.0
AliStorage2019,12,no_tail,guard_grant_refresh_bdps,1.0
AliStorage2019,12,no_tail,guard_long_acks_suppressed,270809.0
AliStorage2019,12,no_tail,guard_min_share_fraction,0.0
AliStorage2019,12,no_tail,guard_one_rtt_acks_suppressed,82993.0
AliStorage2019,12,no_tail,guard_one_rtt_bypass_enabled,1.0
AliStorage2019,12,no_tail,guard_one_rtt_bypass_feedbacks,9168.0
AliStorage2019,12,no_tail,guard_one_rtt_bypass_flows,9168.0
AliStorage2019,12,no_tail,guard_rebalance_events,0.0
AliStorage2019,12,no_tail,guard_remaining_aware,1.0
AliStorage2019,12,no_tail,guard_remaining_exponent,1.0
AliStorage2019,12,no_tail,guard_remaining_refresh_events,3616.0
AliStorage2019,12,no_tail,guard_sender_srpt_enabled,1.0
AliStorage2019,12,no_tail,guard_sender_srpt_forced_rr,66.0
AliStorage2019,12,no_tail,guard_sender_srpt_non_rr,19145.0
AliStorage2019,12,no_tail,guard_sender_srpt_selections,402498.0
AliStorage2019,12,no_tail,guard_srpt_quantum_packets,64.0
AliStorage2019,12,no_tail,guard_tail_bypass_bdps,8.0
AliStorage2019,12,no_tail,guard_tail_bypass_enabled,0.0
AliStorage2019,12,no_tail,guard_tail_bypass_feedbacks,0.0
AliStorage2019,12,no_tail,guard_tail_bypass_flows,0.0
AliStorage2019,12,no_tail,hpcc_actual_rate_changes,690.0
AliStorage2019,12,no_tail,hpcc_fast_computations,0.0
AliStorage2019,12,no_tail,hpcc_feedback_updates,5397.0
AliStorage2019,12,no_tail,hpcc_full_computations,1774.0
AliStorage2019,12,no_tail,hpcc_rate_updates_applied,1774.0
AliStorage2019,12,no_tail,hpcc_valid_feedback,2009.0
AliStorage2019,12,no_tail,int_hops_after_strip,51718.0
AliStorage2019,12,no_tail,int_hops_before_strip,100414.0
AliStorage2019,12,no_tail,int_records_stripped,48696.0
AliStorage2019,12,no_tail,irn_nacks_generated,0.0
AliStorage2019,12,no_tail,irn_nacks_received,0.0
AliStorage2019,12,no_tail,irn_retransmit_bytes,0.0
AliStorage2019,12,no_tail,irn_retransmit_packets,0.0
AliStorage2019,12,no_tail,le_8KB_fct_us_mean,6.814658340767172
AliStorage2019,12,no_tail,le_8KB_fct_us_p95,9.096
AliStorage2019,12,no_tail,le_8KB_fct_us_p99,9.38375
AliStorage2019,12,no_tail,le_8KB_flow_count,6726.0
AliStorage2019,12,no_tail,le_8KB_slowdown_mean,1.0079122703624765
AliStorage2019,12,no_tail,le_8KB_slowdown_p95,1.0306343329306933
AliStorage2019,12,no_tail,le_8KB_slowdown_p99,1.0672160916963362
AliStorage2019,12,no_tail,long_to_small_slowdown_mean_ratio,1.7411463697425387
AliStorage2019,12,no_tail,max_active_flows,3.0
AliStorage2019,12,no_tail,overall_fct_us_mean,11.76968057125244
AliStorage2019,12,no_tail,overall_fct_us_p95,15.473999999999993
AliStorage2019,12,no_tail,overall_fct_us_p99,172.64852000000076
AliStorage2019,12,no_tail,overall_flow_count,9733.0
AliStorage2019,12,no_tail,overall_slowdown_mean,1.0321807032295245
AliStorage2019,12,no_tail,overall_slowdown_p95,1.1018850518886485
AliStorage2019,12,no_tail,overall_slowdown_p99,1.4790326889658378
AliStorage2019,12,no_tail,pfc_pause_events,0.0
AliStorage2019,12,no_tail,pfc_resume_events,0.0
AliStorage2019,12,no_tail,proactive_releases,565.0
AliStorage2019,12,no_tail,queue_bytes_max,404390.0
AliStorage2019,12,no_tail,queue_bytes_mean,2740.562
AliStorage2019,12,no_tail,queue_bytes_p95,326.0
AliStorage2019,12,no_tail,queue_bytes_p99,112270.0
AliStorage2019,12,no_tail,queue_sample_count,400020.0
AliStorage2019,12,no_tail,reactive_binding_rate_changes,638.0
AliStorage2019,12,no_tail,reactive_binding_updates,638.0
AliStorage2019,12,no_tail,recovery_nacks_generated,0.0
AliStorage2019,12,no_tail,recovery_nacks_received,0.0
AliStorage2019,12,no_tail,registrations,565.0
AliStorage2019,12,no_tail,selected_registrations,565.0
AliStorage2019,12,no_tail,tie_binding_rate_changes,44.0
AliStorage2019,12,no_tail,tie_binding_updates,998.0
AliStorage2019,12,no_tail,timeout_recoveries,0.0
AliStorage2019,12,no_remaining,1BDP_to_1MB_fct_us_mean,46.578827242524916
AliStorage2019,12,no_remaining,1BDP_to_1MB_fct_us_p95,121.575
AliStorage2019,12,no_remaining,1BDP_to_1MB_fct_us_p99,236.554
AliStorage2019,12,no_remaining,1BDP_to_1MB_flow_count,301.0
AliStorage2019,12,no_remaining,1BDP_to_1MB_slowdown_mean,1.2535902608739091
AliStorage2019,12,no_remaining,1BDP_to_1MB_slowdown_p95,1.9580132386336184
AliStorage2019,12,no_remaining,1BDP_to_1MB_slowdown_p99,2.7979714971562033
AliStorage2019,12,no_remaining,8KB_to_1BDP_fct_us_mean,8.79111559348332
AliStorage2019,12,no_remaining,8KB_to_1BDP_fct_us_p95,14.245449999999998
AliStorage2019,12,no_remaining,8KB_to_1BDP_fct_us_p99,18.22168
AliStorage2019,12,no_remaining,8KB_to_1BDP_flow_count,2578.0
AliStorage2019,12,no_remaining,8KB_to_1BDP_slowdown_mean,1.0314661301951848
AliStorage2019,12,no_remaining,8KB_to_1BDP_slowdown_p95,1.1236819833026985
AliStorage2019,12,no_remaining,8KB_to_1BDP_slowdown_p99,1.31009818863419
AliStorage2019,12,no_remaining,aggregate_goodput_gbps,158.76034023097134
AliStorage2019,12,no_remaining,completion_releases,0.0
AliStorage2019,12,no_remaining,completion_span_us,20036.859
AliStorage2019,12,no_remaining,grant_binding_rate_changes,3.0
AliStorage2019,12,no_remaining,grant_binding_updates,42.0
AliStorage2019,12,no_remaining,grant_bytes_sent,67774.0
AliStorage2019,12,no_remaining,grant_event_rate_changes,205.0
AliStorage2019,12,no_remaining,grants_received,721.0
AliStorage2019,12,no_remaining,grants_sent,721.0
AliStorage2019,12,no_remaining,gt_1MB_fct_us_mean,242.7920546875
AliStorage2019,12,no_remaining,gt_1MB_fct_us_p95,484.27830000000006
AliStorage2019,12,no_remaining,gt_1MB_fct_us_p99,641.0171000000004
AliStorage2019,12,no_remaining,gt_1MB_flow_count,128.0
AliStorage2019,12,no_remaining,gt_1MB_slowdown_mean,1.746125488946006
AliStorage2019,12,no_remaining,gt_1MB_slowdown_p95,3.2260903526780105
AliStorage2019,12,no_remaining,gt_1MB_slowdown_p99,3.744260331698753
AliStorage2019,12,no_remaining,guard_ack_interval_packets,8.0
AliStorage2019,12,no_remaining,guard_adaptive_grant_updates,0.0
AliStorage2019,12,no_remaining,guard_fixed_window,1.0
AliStorage2019,12,no_remaining,guard_grant_refresh_bdps,1.0
AliStorage2019,12,no_remaining,guard_long_acks_suppressed,270809.0
AliStorage2019,12,no_remaining,guard_min_share_fraction,0.0
AliStorage2019,12,no_remaining,guard_one_rtt_acks_suppressed,82993.0
AliStorage2019,12,no_remaining,guard_one_rtt_bypass_enabled,1.0
AliStorage2019,12,no_remaining,guard_one_rtt_bypass_feedbacks,9168.0
AliStorage2019,12,no_remaining,guard_one_rtt_bypass_flows,9168.0
AliStorage2019,12,no_remaining,guard_rebalance_events,2.0
AliStorage2019,12,no_remaining,guard_remaining_aware,0.0
AliStorage2019,12,no_remaining,guard_remaining_exponent,1.0
AliStorage2019,12,no_remaining,guard_remaining_refresh_events,0.0
AliStorage2019,12,no_remaining,guard_sender_srpt_enabled,1.0
AliStorage2019,12,no_remaining,guard_sender_srpt_forced_rr,67.0
AliStorage2019,12,no_remaining,guard_sender_srpt_non_rr,19871.0
AliStorage2019,12,no_remaining,guard_sender_srpt_selections,402498.0
AliStorage2019,12,no_remaining,guard_srpt_quantum_packets,64.0
AliStorage2019,12,no_remaining,guard_tail_bypass_bdps,8.0
AliStorage2019,12,no_remaining,guard_tail_bypass_enabled,1.0
AliStorage2019,12,no_remaining,guard_tail_bypass_feedbacks,22855.0
AliStorage2019,12,no_remaining,guard_tail_bypass_flows,565.0
AliStorage2019,12,no_remaining,hpcc_actual_rate_changes,214.0
AliStorage2019,12,no_remaining,hpcc_fast_computations,0.0
AliStorage2019,12,no_remaining,hpcc_feedback_updates,2420.0
AliStorage2019,12,no_remaining,hpcc_full_computations,533.0
AliStorage2019,12,no_remaining,hpcc_rate_updates_applied,533.0
AliStorage2019,12,no_remaining,hpcc_valid_feedback,620.0
AliStorage2019,12,no_remaining,int_hops_after_strip,51718.0
AliStorage2019,12,no_remaining,int_hops_before_strip,100414.0
AliStorage2019,12,no_remaining,int_records_stripped,48696.0
AliStorage2019,12,no_remaining,irn_nacks_generated,0.0
AliStorage2019,12,no_remaining,irn_nacks_received,0.0
AliStorage2019,12,no_remaining,irn_retransmit_bytes,0.0
AliStorage2019,12,no_remaining,irn_retransmit_packets,0.0
AliStorage2019,12,no_remaining,le_8KB_fct_us_mean,6.814808504311626
AliStorage2019,12,no_remaining,le_8KB_fct_us_p95,9.10275
AliStorage2019,12,no_remaining,le_8KB_fct_us_p99,9.3845
AliStorage2019,12,no_remaining,le_8KB_flow_count,6726.0
AliStorage2019,12,no_remaining,le_8KB_slowdown_mean,1.0079255661823885
AliStorage2019,12,no_remaining,le_8KB_slowdown_p95,1.0306299536321335
AliStorage2019,12,no_remaining,le_8KB_slowdown_p99,1.0676545388530054
AliStorage2019,12,no_remaining,long_to_small_slowdown_mean_ratio,1.7323952755356908
AliStorage2019,12,no_remaining,max_active_flows,3.0
AliStorage2019,12,no_remaining,overall_fct_us_mean,11.671376553991575
AliStorage2019,12,no_remaining,overall_fct_us_p95,15.581
AliStorage2019,12,no_remaining,overall_fct_us_p99,169.09688000000023
AliStorage2019,12,no_remaining,overall_flow_count,9733.0
AliStorage2019,12,no_remaining,overall_slowdown_mean,1.0314663282537826
AliStorage2019,12,no_remaining,overall_slowdown_p95,1.1080579680210438
AliStorage2019,12,no_remaining,overall_slowdown_p99,1.5218750672370536
AliStorage2019,12,no_remaining,pfc_pause_events,0.0
AliStorage2019,12,no_remaining,pfc_resume_events,0.0
AliStorage2019,12,no_remaining,proactive_releases,565.0
AliStorage2019,12,no_remaining,queue_bytes_max,377140.0
AliStorage2019,12,no_remaining,queue_bytes_mean,3042.521
AliStorage2019,12,no_remaining,queue_bytes_p95,688.0
AliStorage2019,12,no_remaining,queue_bytes_p99,117720.0
AliStorage2019,12,no_remaining,queue_sample_count,400020.0
AliStorage2019,12,no_remaining,reactive_binding_rate_changes,203.0
AliStorage2019,12,no_remaining,reactive_binding_updates,203.0
AliStorage2019,12,no_remaining,recovery_nacks_generated,0.0
AliStorage2019,12,no_remaining,recovery_nacks_received,0.0
AliStorage2019,12,no_remaining,registrations,565.0
AliStorage2019,12,no_remaining,selected_registrations,565.0
AliStorage2019,12,no_remaining,tie_binding_rate_changes,8.0
AliStorage2019,12,no_remaining,tie_binding_updates,288.0
AliStorage2019,12,no_remaining,timeout_recoveries,0.0
AliStorage2019,12,no_ack_coalescing,1BDP_to_1MB_fct_us_mean,45.2797342192691
AliStorage2019,12,no_ack_coalescing,1BDP_to_1MB_fct_us_p95,115.873
AliStorage2019,12,no_ack_coalescing,1BDP_to_1MB_fct_us_p99,242.06
AliStorage2019,12,no_ack_coalescing,1BDP_to_1MB_flow_count,301.0
AliStorage2019,12,no_ack_coalescing,1BDP_to_1MB_slowdown_mean,1.217996187485511
AliStorage2019,12,no_ack_coalescing,1BDP_to_1MB_slowdown_p95,1.7098885450612045
AliStorage2019,12,no_ack_coalescing,1BDP_to_1MB_slowdown_p99,2.540752170125222
AliStorage2019,12,no_ack_coalescing,8KB_to_1BDP_fct_us_mean,8.81816640806827
AliStorage2019,12,no_ack_coalescing,8KB_to_1BDP_fct_us_p95,14.261200000000004
AliStorage2019,12,no_ack_coalescing,8KB_to_1BDP_fct_us_p99,18.106350000000003
AliStorage2019,12,no_ack_coalescing,8KB_to_1BDP_flow_count,2578.0
AliStorage2019,12,no_ack_coalescing,8KB_to_1BDP_slowdown_mean,1.0342556356243096
AliStorage2019,12,no_ack_coalescing,8KB_to_1BDP_slowdown_p95,1.1320536506915406
AliStorage2019,12,no_ack_coalescing,8KB_to_1BDP_slowdown_p99,1.2926575183277718
AliStorage2019,12,no_ack_coalescing,aggregate_goodput_gbps,158.63271746307618
AliStorage2019,12,no_ack_coalescing,completion_releases,0.0
AliStorage2019,12,no_ack_coalescing,completion_span_us,20052.979
AliStorage2019,12,no_ack_coalescing,grant_binding_rate_changes,4.0
AliStorage2019,12,no_ack_coalescing,grant_binding_updates,47.0
AliStorage2019,12,no_ack_coalescing,grant_bytes_sent,441706.0
AliStorage2019,12,no_ack_coalescing,grant_event_rate_changes,875.0
AliStorage2019,12,no_ack_coalescing,grants_received,4699.0
AliStorage2019,12,no_ack_coalescing,grants_sent,4699.0
AliStorage2019,12,no_ack_coalescing,gt_1MB_fct_us_mean,245.5074375
AliStorage2019,12,no_ack_coalescing,gt_1MB_fct_us_p95,525.5063
AliStorage2019,12,no_ack_coalescing,gt_1MB_fct_us_p99,665.2020700000003
AliStorage2019,12,no_ack_coalescing,gt_1MB_flow_count,128.0
AliStorage2019,12,no_ack_coalescing,gt_1MB_slowdown_mean,1.7602322127004926
AliStorage2019,12,no_ack_coalescing,gt_1MB_slowdown_p95,3.445227889848661
AliStorage2019,12,no_ack_coalescing,gt_1MB_slowdown_p99,3.886994056974211
AliStorage2019,12,no_ack_coalescing,guard_ack_interval_packets,1.0
AliStorage2019,12,no_ack_coalescing,guard_adaptive_grant_updates,0.0
AliStorage2019,12,no_ack_coalescing,guard_fixed_window,1.0
AliStorage2019,12,no_ack_coalescing,guard_grant_refresh_bdps,1.0
AliStorage2019,12,no_ack_coalescing,guard_long_acks_suppressed,0.0
AliStorage2019,12,no_ack_coalescing,guard_min_share_fraction,0.0
AliStorage2019,12,no_ack_coalescing,guard_one_rtt_acks_suppressed,82993.0
AliStorage2019,12,no_ack_coalescing,guard_one_rtt_bypass_enabled,1.0
AliStorage2019,12,no_ack_coalescing,guard_one_rtt_bypass_feedbacks,9168.0
AliStorage2019,12,no_ack_coalescing,guard_one_rtt_bypass_flows,9168.0
AliStorage2019,12,no_ack_coalescing,guard_rebalance_events,0.0
AliStorage2019,12,no_ack_coalescing,guard_remaining_aware,1.0
AliStorage2019,12,no_ack_coalescing,guard_remaining_exponent,1.0
AliStorage2019,12,no_ack_coalescing,guard_remaining_refresh_events,3617.0
AliStorage2019,12,no_ack_coalescing,guard_sender_srpt_enabled,1.0
AliStorage2019,12,no_ack_coalescing,guard_sender_srpt_forced_rr,128.0
AliStorage2019,12,no_ack_coalescing,guard_sender_srpt_non_rr,20358.0
AliStorage2019,12,no_ack_coalescing,guard_sender_srpt_selections,402498.0
AliStorage2019,12,no_ack_coalescing,guard_srpt_quantum_packets,64.0
AliStorage2019,12,no_ack_coalescing,guard_tail_bypass_bdps,8.0
AliStorage2019,12,no_ack_coalescing,guard_tail_bypass_enabled,1.0
AliStorage2019,12,no_ack_coalescing,guard_tail_bypass_feedbacks,178916.0
AliStorage2019,12,no_ack_coalescing,guard_tail_bypass_flows,565.0
AliStorage2019,12,no_ack_coalescing,hpcc_actual_rate_changes,228.0
AliStorage2019,12,no_ack_coalescing,hpcc_fast_computations,0.0
AliStorage2019,12,no_ack_coalescing,hpcc_feedback_updates,2492.0
AliStorage2019,12,no_ack_coalescing,hpcc_full_computations,556.0
AliStorage2019,12,no_ack_coalescing,hpcc_rate_updates_applied,556.0
AliStorage2019,12,no_ack_coalescing,hpcc_valid_feedback,643.0
AliStorage2019,12,no_ack_coalescing,int_hops_after_strip,339954.0
AliStorage2019,12,no_ack_coalescing,int_hops_before_strip,659459.0
AliStorage2019,12,no_ack_coalescing,int_records_stripped,319505.0
AliStorage2019,12,no_ack_coalescing,irn_nacks_generated,0.0
AliStorage2019,12,no_ack_coalescing,irn_nacks_received,0.0
AliStorage2019,12,no_ack_coalescing,irn_retransmit_bytes,0.0
AliStorage2019,12,no_ack_coalescing,irn_retransmit_packets,0.0
AliStorage2019,12,no_ack_coalescing,le_8KB_fct_us_mean,6.8246906036277135
AliStorage2019,12,no_ack_coalescing,le_8KB_fct_us_p95,9.14
AliStorage2019,12,no_ack_coalescing,le_8KB_fct_us_p99,9.4215
AliStorage2019,12,no_ack_coalescing,le_8KB_flow_count,6726.0
AliStorage2019,12,no_ack_coalescing,le_8KB_slowdown_mean,1.0091102767643862
AliStorage2019,12,no_ack_coalescing,le_8KB_slowdown_p95,1.0339006023529889
AliStorage2019,12,no_ack_coalescing,le_8KB_slowdown_p99,1.074211964545501
AliStorage2019,12,no_ack_coalescing,long_to_small_slowdown_mean_ratio,1.7443407853743256
AliStorage2019,12,no_ack_coalescing,max_active_flows,3.0
AliStorage2019,12,no_ack_coalescing,overall_fct_us_mean,11.680905578958184
AliStorage2019,12,no_ack_coalescing,overall_fct_us_p95,15.415399999999998
AliStorage2019,12,no_ack_coalescing,overall_fct_us_p99,163.58388000000025
AliStorage2019,12,no_ack_coalescing,overall_flow_count,9733.0
AliStorage2019,12,no_ack_coalescing,overall_slowdown_mean,1.032108633084921
AliStorage2019,12,no_ack_coalescing,overall_slowdown_p95,1.102265745847721
AliStorage2019,12,no_ack_coalescing,overall_slowdown_p99,1.4397764488328453
AliStorage2019,12,no_ack_coalescing,pfc_pause_events,0.0
AliStorage2019,12,no_ack_coalescing,pfc_resume_events,0.0
AliStorage2019,12,no_ack_coalescing,proactive_releases,565.0
AliStorage2019,12,no_ack_coalescing,queue_bytes_max,419650.0
AliStorage2019,12,no_ack_coalescing,queue_bytes_mean,3476.563
AliStorage2019,12,no_ack_coalescing,queue_bytes_p95,4360.0
AliStorage2019,12,no_ack_coalescing,queue_bytes_p99,130800.0
AliStorage2019,12,no_ack_coalescing,queue_sample_count,400020.0
AliStorage2019,12,no_ack_coalescing,reactive_binding_rate_changes,214.0
AliStorage2019,12,no_ack_coalescing,reactive_binding_updates,214.0
AliStorage2019,12,no_ack_coalescing,recovery_nacks_generated,0.0
AliStorage2019,12,no_ack_coalescing,recovery_nacks_received,0.0
AliStorage2019,12,no_ack_coalescing,registrations,565.0
AliStorage2019,12,no_ack_coalescing,selected_registrations,565.0
AliStorage2019,12,no_ack_coalescing,tie_binding_rate_changes,10.0
AliStorage2019,12,no_ack_coalescing,tie_binding_updates,295.0
AliStorage2019,12,no_ack_coalescing,timeout_recoveries,0.0
AliStorage2019,12,no_fixed_window,1BDP_to_1MB_fct_us_mean,44.79563122923588
AliStorage2019,12,no_fixed_window,1BDP_to_1MB_fct_us_p95,117.395
AliStorage2019,12,no_fixed_window,1BDP_to_1MB_fct_us_p99,208.136
AliStorage2019,12,no_fixed_window,1BDP_to_1MB_flow_count,301.0
AliStorage2019,12,no_fixed_window,1BDP_to_1MB_slowdown_mean,1.220654058008295
AliStorage2019,12,no_fixed_window,1BDP_to_1MB_slowdown_p95,1.752382320547814
AliStorage2019,12,no_fixed_window,1BDP_to_1MB_slowdown_p99,2.343437581085825
AliStorage2019,12,no_fixed_window,8KB_to_1BDP_fct_us_mean,8.779679208688906
AliStorage2019,12,no_fixed_window,8KB_to_1BDP_fct_us_p95,14.13485
AliStorage2019,12,no_fixed_window,8KB_to_1BDP_fct_us_p99,17.89407
AliStorage2019,12,no_fixed_window,8KB_to_1BDP_flow_count,2578.0
AliStorage2019,12,no_fixed_window,8KB_to_1BDP_slowdown_mean,1.0304481764309603
AliStorage2019,12,no_fixed_window,8KB_to_1BDP_slowdown_p95,1.1202487458792512
AliStorage2019,12,no_fixed_window,8KB_to_1BDP_slowdown_p99,1.273877688339343
AliStorage2019,12,no_fixed_window,aggregate_goodput_gbps,158.76034023097134
AliStorage2019,12,no_fixed_window,completion_releases,0.0
AliStorage2019,12,no_fixed_window,completion_span_us,20036.859
AliStorage2019,12,no_fixed_window,grant_binding_rate_changes,1.0
AliStorage2019,12,no_fixed_window,grant_binding_updates,99.0
AliStorage2019,12,no_fixed_window,grant_bytes_sent,440014.0
AliStorage2019,12,no_fixed_window,grant_event_rate_changes,894.0
AliStorage2019,12,no_fixed_window,grants_received,4681.0
AliStorage2019,12,no_fixed_window,grants_sent,4681.0
AliStorage2019,12,no_fixed_window,gt_1MB_fct_us_mean,244.0839765625
AliStorage2019,12,no_fixed_window,gt_1MB_fct_us_p95,496.57140000000004
AliStorage2019,12,no_fixed_window,gt_1MB_fct_us_p99,603.4847300000002
AliStorage2019,12,no_fixed_window,gt_1MB_flow_count,128.0
AliStorage2019,12,no_fixed_window,gt_1MB_slowdown_mean,1.7537405899748681
AliStorage2019,12,no_fixed_window,gt_1MB_slowdown_p95,3.2632253866352836
AliStorage2019,12,no_fixed_window,gt_1MB_slowdown_p99,3.64025576139751
AliStorage2019,12,no_fixed_window,guard_ack_interval_packets,8.0
AliStorage2019,12,no_fixed_window,guard_adaptive_grant_updates,0.0
AliStorage2019,12,no_fixed_window,guard_fixed_window,0.0
AliStorage2019,12,no_fixed_window,guard_grant_refresh_bdps,1.0
AliStorage2019,12,no_fixed_window,guard_long_acks_suppressed,270809.0
AliStorage2019,12,no_fixed_window,guard_min_share_fraction,0.0
AliStorage2019,12,no_fixed_window,guard_one_rtt_acks_suppressed,82993.0
AliStorage2019,12,no_fixed_window,guard_one_rtt_bypass_enabled,1.0
AliStorage2019,12,no_fixed_window,guard_one_rtt_bypass_feedbacks,9168.0
AliStorage2019,12,no_fixed_window,guard_one_rtt_bypass_flows,9168.0
AliStorage2019,12,no_fixed_window,guard_rebalance_events,0.0
AliStorage2019,12,no_fixed_window,guard_remaining_aware,1.0
AliStorage2019,12,no_fixed_window,guard_remaining_exponent,1.0
AliStorage2019,12,no_fixed_window,guard_remaining_refresh_events,3614.0
AliStorage2019,12,no_fixed_window,guard_sender_srpt_enabled,1.0
AliStorage2019,12,no_fixed_window,guard_sender_srpt_forced_rr,78.0
AliStorage2019,12,no_fixed_window,guard_sender_srpt_non_rr,19311.0
AliStorage2019,12,no_fixed_window,guard_sender_srpt_selections,402498.0
AliStorage2019,12,no_fixed_window,guard_srpt_quantum_packets,64.0
AliStorage2019,12,no_fixed_window,guard_tail_bypass_bdps,8.0
AliStorage2019,12,no_fixed_window,guard_tail_bypass_enabled,1.0
AliStorage2019,12,no_fixed_window,guard_tail_bypass_feedbacks,22856.0
AliStorage2019,12,no_fixed_window,guard_tail_bypass_flows,565.0
AliStorage2019,12,no_fixed_window,hpcc_actual_rate_changes,214.0
AliStorage2019,12,no_fixed_window,hpcc_fast_computations,0.0
AliStorage2019,12,no_fixed_window,hpcc_feedback_updates,2630.0
AliStorage2019,12,no_fixed_window,hpcc_full_computations,613.0
AliStorage2019,12,no_fixed_window,hpcc_rate_updates_applied,613.0
AliStorage2019,12,no_fixed_window,hpcc_valid_feedback,700.0
AliStorage2019,12,no_fixed_window,int_hops_after_strip,51718.0
AliStorage2019,12,no_fixed_window,int_hops_before_strip,100414.0
AliStorage2019,12,no_fixed_window,int_records_stripped,48696.0
AliStorage2019,12,no_fixed_window,irn_nacks_generated,0.0
AliStorage2019,12,no_fixed_window,irn_nacks_received,0.0
AliStorage2019,12,no_fixed_window,irn_retransmit_bytes,0.0
AliStorage2019,12,no_fixed_window,irn_retransmit_packets,0.0
AliStorage2019,12,no_fixed_window,le_8KB_fct_us_mean,6.814494944989592
AliStorage2019,12,no_fixed_window,le_8KB_fct_us_p95,9.097
AliStorage2019,12,no_fixed_window,le_8KB_fct_us_p99,9.377
AliStorage2019,12,no_fixed_window,le_8KB_flow_count,6726.0
AliStorage2019,12,no_fixed_window,le_8KB_slowdown_mean,1.0078913226257737
AliStorage2019,12,no_fixed_window,le_8KB_slowdown_p95,1.029941916957939
AliStorage2019,12,no_fixed_window,le_8KB_slowdown_p99,1.0670015258307313
AliStorage2019,12,no_fixed_window,long_to_small_slowdown_mean_ratio,1.7400096127487203
AliStorage2019,12,no_fixed_window,max_active_flows,3.0
AliStorage2019,12,no_fixed_window,overall_fct_us_mean,11.629974314188841
AliStorage2019,12,no_fixed_window,overall_fct_us_p95,15.535199999999996
AliStorage2019,12,no_fixed_window,overall_fct_us_p99,168.17580000000044
AliStorage2019,12,no_fixed_window,overall_flow_count,9733.0
AliStorage2019,12,no_fixed_window,overall_slowdown_mean,1.030254608219177
AliStorage2019,12,no_fixed_window,overall_slowdown_p95,1.1076527738639543
AliStorage2019,12,no_fixed_window,overall_slowdown_p99,1.4265310793850778
AliStorage2019,12,no_fixed_window,pfc_pause_events,0.0
AliStorage2019,12,no_fixed_window,pfc_resume_events,0.0
AliStorage2019,12,no_fixed_window,proactive_releases,565.0
AliStorage2019,12,no_fixed_window,queue_bytes_max,332450.0
AliStorage2019,12,no_fixed_window,queue_bytes_mean,2305.984
AliStorage2019,12,no_fixed_window,queue_bytes_p95,0.0
AliStorage2019,12,no_fixed_window,queue_bytes_p99,102306.0
AliStorage2019,12,no_fixed_window,queue_sample_count,400020.0
AliStorage2019,12,no_fixed_window,reactive_binding_rate_changes,200.0
AliStorage2019,12,no_fixed_window,reactive_binding_updates,200.0
AliStorage2019,12,no_fixed_window,recovery_nacks_generated,0.0
AliStorage2019,12,no_fixed_window,recovery_nacks_received,0.0
AliStorage2019,12,no_fixed_window,registrations,565.0
AliStorage2019,12,no_fixed_window,selected_registrations,565.0
AliStorage2019,12,no_fixed_window,tie_binding_rate_changes,13.0
AliStorage2019,12,no_fixed_window,tie_binding_updates,314.0
AliStorage2019,12,no_fixed_window,timeout_recoveries,0.0
AliStorage2019,13,guard,1BDP_to_1MB_fct_us_mean,43.523131313131316
AliStorage2019,13,guard,1BDP_to_1MB_fct_us_p95,120.68039999999996
AliStorage2019,13,guard,1BDP_to_1MB_fct_us_p99,180.4131600000002
AliStorage2019,13,guard,1BDP_to_1MB_flow_count,297.0
AliStorage2019,13,guard,1BDP_to_1MB_slowdown_mean,1.209942036365894
AliStorage2019,13,guard,1BDP_to_1MB_slowdown_p95,1.7593982482140793
AliStorage2019,13,guard,1BDP_to_1MB_slowdown_p99,2.24133979054949
AliStorage2019,13,guard,8KB_to_1BDP_fct_us_mean,8.93475560995512
AliStorage2019,13,guard,8KB_to_1BDP_fct_us_p95,14.344999999999999
AliStorage2019,13,guard,8KB_to_1BDP_fct_us_p99,18.361
AliStorage2019,13,guard,8KB_to_1BDP_flow_count,2451.0
AliStorage2019,13,guard,8KB_to_1BDP_slowdown_mean,1.0325350167755116
AliStorage2019,13,guard,8KB_to_1BDP_slowdown_p95,1.1232700444608166
AliStorage2019,13,guard,8KB_to_1BDP_slowdown_p99,1.3087424851332399
AliStorage2019,13,guard,aggregate_goodput_gbps,157.4327077737263
AliStorage2019,13,guard,completion_releases,0.0
AliStorage2019,13,guard,completion_span_us,19995.43
AliStorage2019,13,guard,grant_binding_rate_changes,0.0
AliStorage2019,13,guard,grant_binding_updates,46.0
AliStorage2019,13,guard,grant_bytes_sent,446782.0
AliStorage2019,13,guard,grant_event_rate_changes,947.0
AliStorage2019,13,guard,grants_received,4753.0
AliStorage2019,13,guard,grants_sent,4753.0
AliStorage2019,13,guard,gt_1MB_fct_us_mean,219.3197846153846
AliStorage2019,13,guard,gt_1MB_fct_us_p95,368.7979
AliStorage2019,13,guard,gt_1MB_fct_us_p99,501.58587999999986
AliStorage2019,13,guard,gt_1MB_flow_count,130.0
AliStorage2019,13,guard,gt_1MB_slowdown_mean,1.6212612804415065
AliStorage2019,13,guard,gt_1MB_slowdown_p95,2.7494749392588114
AliStorage2019,13,guard,gt_1MB_slowdown_p99,3.327845583045953
AliStorage2019,13,guard,guard_ack_interval_packets,8.0
AliStorage2019,13,guard,guard_adaptive_grant_updates,0.0
AliStorage2019,13,guard,guard_fixed_window,1.0
AliStorage2019,13,guard,guard_grant_refresh_bdps,1.0
AliStorage2019,13,guard,guard_long_acks_suppressed,268878.0
AliStorage2019,13,guard,guard_min_share_fraction,0.0
AliStorage2019,13,guard,guard_one_rtt_acks_suppressed,81076.0
AliStorage2019,13,guard,guard_one_rtt_bypass_enabled,1.0
AliStorage2019,13,guard,guard_one_rtt_bypass_feedbacks,9047.0
AliStorage2019,13,guard,guard_one_rtt_bypass_flows,9047.0
AliStorage2019,13,guard,guard_rebalance_events,0.0
AliStorage2019,13,guard,guard_remaining_aware,1.0
AliStorage2019,13,guard,guard_remaining_exponent,1.0
AliStorage2019,13,guard,guard_remaining_refresh_events,3649.0
AliStorage2019,13,guard,guard_sender_srpt_enabled,1.0
AliStorage2019,13,guard,guard_sender_srpt_forced_rr,58.0
AliStorage2019,13,guard,guard_sender_srpt_non_rr,21068.0
AliStorage2019,13,guard,guard_sender_srpt_selections,398292.0
AliStorage2019,13,guard,guard_srpt_quantum_packets,64.0
AliStorage2019,13,guard,guard_tail_bypass_bdps,8.0
AliStorage2019,13,guard,guard_tail_bypass_enabled,1.0
AliStorage2019,13,guard,guard_tail_bypass_feedbacks,22481.0
AliStorage2019,13,guard,guard_tail_bypass_flows,590.0
AliStorage2019,13,guard,hpcc_actual_rate_changes,124.0
AliStorage2019,13,guard,hpcc_fast_computations,0.0
AliStorage2019,13,guard,hpcc_feedback_updates,2547.0
AliStorage2019,13,guard,hpcc_full_computations,494.0
AliStorage2019,13,guard,hpcc_rate_updates_applied,494.0
AliStorage2019,13,guard,hpcc_valid_feedback,574.0
AliStorage2019,13,guard,int_hops_after_strip,49042.0
AliStorage2019,13,guard,int_hops_before_strip,97380.0
AliStorage2019,13,guard,int_records_stripped,48338.0
AliStorage2019,13,guard,irn_nacks_generated,0.0
AliStorage2019,13,guard,irn_nacks_received,0.0
AliStorage2019,13,guard,irn_retransmit_bytes,0.0
AliStorage2019,13,guard,irn_retransmit_packets,0.0
AliStorage2019,13,guard,le_8KB_fct_us_mean,6.834282438230508
AliStorage2019,13,guard,le_8KB_fct_us_p95,9.118
AliStorage2019,13,guard,le_8KB_fct_us_p99,9.349260000000001
AliStorage2019,13,guard,le_8KB_flow_count,6759.0
AliStorage2019,13,guard,le_8KB_slowdown_mean,1.0079013674761839
AliStorage2019,13,guard,le_8KB_slowdown_p95,1.031200888160715
AliStorage2019,13,guard,le_8KB_slowdown_p99,1.0648017491552377
AliStorage2019,13,guard,long_to_small_slowdown_mean_ratio,1.6085515237479981
AliStorage2019,13,guard,max_active_flows,3.0
AliStorage2019,13,guard,overall_fct_us_mean,11.365564283490713
AliStorage2019,13,guard,overall_fct_us_p95,15.57960000000004
AliStorage2019,13,guard,overall_fct_us_p99,161.61399999999998
AliStorage2019,13,guard,overall_flow_count,9637.0
AliStorage2019,13,guard,overall_slowdown_mean,1.0286671599197232
AliStorage2019,13,guard,overall_slowdown_p95,1.103957837402313
AliStorage2019,13,guard,overall_slowdown_p99,1.4405240123401777
AliStorage2019,13,guard,pfc_pause_events,0.0
AliStorage2019,13,guard,pfc_resume_events,0.0
AliStorage2019,13,guard,proactive_releases,590.0
AliStorage2019,13,guard,queue_bytes_max,319536.0
AliStorage2019,13,guard,queue_bytes_mean,2140.738
AliStorage2019,13,guard,queue_bytes_p95,0.0
AliStorage2019,13,guard,queue_bytes_p99,98100.0
AliStorage2019,13,guard,queue_sample_count,400020.0
AliStorage2019,13,guard,reactive_binding_rate_changes,120.0
AliStorage2019,13,guard,reactive_binding_updates,120.0
AliStorage2019,13,guard,recovery_nacks_generated,0.0
AliStorage2019,13,guard,recovery_nacks_received,0.0
AliStorage2019,13,guard,registrations,590.0
AliStorage2019,13,guard,selected_registrations,590.0
AliStorage2019,13,guard,tie_binding_rate_changes,4.0
AliStorage2019,13,guard,tie_binding_updates,328.0
AliStorage2019,13,guard,timeout_recoveries,0.0
AliStorage2019,13,no_priority,1BDP_to_1MB_fct_us_mean,48.61848821548822
AliStorage2019,13,no_priority,1BDP_to_1MB_fct_us_p95,135.93559999999997
AliStorage2019,13,no_priority,1BDP_to_1MB_fct_us_p99,200.90360000000058
AliStorage2019,13,no_priority,1BDP_to_1MB_flow_count,297.0
AliStorage2019,13,no_priority,1BDP_to_1MB_slowdown_mean,1.3884640003763629
AliStorage2019,13,no_priority,1BDP_to_1MB_slowdown_p95,2.445640063436712
AliStorage2019,13,no_priority,1BDP_to_1MB_slowdown_p99,3.088868182178155
AliStorage2019,13,no_priority,8KB_to_1BDP_fct_us_mean,10.432911464708281
AliStorage2019,13,no_priority,8KB_to_1BDP_fct_us_p95,22.348999999999997
AliStorage2019,13,no_priority,8KB_to_1BDP_fct_us_p99,31.613500000000002
AliStorage2019,13,no_priority,8KB_to_1BDP_flow_count,2451.0
AliStorage2019,13,no_priority,8KB_to_1BDP_slowdown_mean,1.1782219886939822
AliStorage2019,13,no_priority,8KB_to_1BDP_slowdown_p95,2.080237506119847
AliStorage2019,13,no_priority,8KB_to_1BDP_slowdown_p99,2.918061121931717
AliStorage2019,13,no_priority,aggregate_goodput_gbps,157.4327077737263
AliStorage2019,13,no_priority,completion_releases,0.0
AliStorage2019,13,no_priority,completion_span_us,19995.43
AliStorage2019,13,no_priority,grant_binding_rate_changes,0.0
AliStorage2019,13,no_priority,grant_binding_updates,46.0
AliStorage2019,13,no_priority,grant_bytes_sent,449790.0
AliStorage2019,13,no_priority,grant_event_rate_changes,991.0
AliStorage2019,13,no_priority,grants_received,4785.0
AliStorage2019,13,no_priority,grants_sent,4785.0
AliStorage2019,13,no_priority,gt_1MB_fct_us_mean,214.88622307692307
AliStorage2019,13,no_priority,gt_1MB_fct_us_p95,369.49
AliStorage2019,13,no_priority,gt_1MB_fct_us_p99,471.8285499999999
AliStorage2019,13,no_priority,gt_1MB_flow_count,130.0
AliStorage2019,13,no_priority,gt_1MB_slowdown_mean,1.5873998835089087
AliStorage2019,13,no_priority,gt_1MB_slowdown_p95,2.52225841985934
AliStorage2019,13,no_priority,gt_1MB_slowdown_p99,3.5923429694026563
AliStorage2019,13,no_priority,guard_ack_interval_packets,8.0
AliStorage2019,13,no_priority,guard_adaptive_grant_updates,0.0
AliStorage2019,13,no_priority,guard_fixed_window,1.0
AliStorage2019,13,no_priority,guard_grant_refresh_bdps,1.0
AliStorage2019,13,no_priority,guard_long_acks_suppressed,268878.0
AliStorage2019,13,no_priority,guard_min_share_fraction,0.0
AliStorage2019,13,no_priority,guard_one_rtt_acks_suppressed,81076.0
AliStorage2019,13,no_priority,guard_one_rtt_bypass_enabled,1.0
AliStorage2019,13,no_priority,guard_one_rtt_bypass_feedbacks,9047.0
AliStorage2019,13,no_priority,guard_one_rtt_bypass_flows,9047.0
AliStorage2019,13,no_priority,guard_rebalance_events,0.0
AliStorage2019,13,no_priority,guard_remaining_aware,1.0
AliStorage2019,13,no_priority,guard_remaining_exponent,1.0
AliStorage2019,13,no_priority,guard_remaining_refresh_events,3655.0
AliStorage2019,13,no_priority,guard_sender_srpt_enabled,1.0
AliStorage2019,13,no_priority,guard_sender_srpt_forced_rr,41.0
AliStorage2019,13,no_priority,guard_sender_srpt_non_rr,21210.0
AliStorage2019,13,no_priority,guard_sender_srpt_selections,398292.0
AliStorage2019,13,no_priority,guard_srpt_quantum_packets,64.0
AliStorage2019,13,no_priority,guard_tail_bypass_bdps,8.0
AliStorage2019,13,no_priority,guard_tail_bypass_enabled,1.0
AliStorage2019,13,no_priority,guard_tail_bypass_feedbacks,22482.0
AliStorage2019,13,no_priority,guard_tail_bypass_flows,590.0
AliStorage2019,13,no_priority,hpcc_actual_rate_changes,158.0
AliStorage2019,13,no_priority,hpcc_fast_computations,0.0
AliStorage2019,13,no_priority,hpcc_feedback_updates,2580.0
AliStorage2019,13,no_priority,hpcc_full_computations,515.0
AliStorage2019,13,no_priority,hpcc_rate_updates_applied,515.0
AliStorage2019,13,no_priority,hpcc_valid_feedback,595.0
AliStorage2019,13,no_priority,int_hops_after_strip,49042.0
AliStorage2019,13,no_priority,int_hops_before_strip,97380.0
AliStorage2019,13,no_priority,int_records_stripped,48338.0
AliStorage2019,13,no_priority,irn_nacks_generated,0.0
AliStorage2019,13,no_priority,irn_nacks_received,0.0
AliStorage2019,13,no_priority,irn_retransmit_bytes,0.0
AliStorage2019,13,no_priority,irn_retransmit_packets,0.0
AliStorage2019,13,no_priority,le_8KB_fct_us_mean,7.998662080189377
AliStorage2019,13,no_priority,le_8KB_fct_us_p95,18.826600000000003
AliStorage2019,13,no_priority,le_8KB_fct_us_p99,26.252340000000004
AliStorage2019,13,no_priority,le_8KB_flow_count,6759.0
AliStorage2019,13,no_priority,le_8KB_slowdown_mean,1.1432824157915285
AliStorage2019,13,no_priority,le_8KB_slowdown_p95,2.1576363567816195
AliStorage2019,13,no_priority,le_8KB_slowdown_p99,2.9894781234579426
AliStorage2019,13,no_priority,long_to_small_slowdown_mean_ratio,1.3884582335764384
AliStorage2019,13,no_priority,max_active_flows,3.0
AliStorage2019,13,no_priority,overall_fct_us_mean,12.660467261595931
AliStorage2019,13,no_priority,overall_fct_us_p95,24.748800000000006
AliStorage2019,13,no_priority,overall_fct_us_p99,161.57819999999998
AliStorage2019,13,no_priority,overall_flow_count,9637.0
AliStorage2019,13,no_priority,overall_slowdown_mean,1.1657158592499564
AliStorage2019,13,no_priority,overall_slowdown_p95,2.1530167528366957
AliStorage2019,13,no_priority,overall_slowdown_p99,2.9899840729697043
AliStorage2019,13,no_priority,pfc_pause_events,0.0
AliStorage2019,13,no_priority,pfc_resume_events,0.0
AliStorage2019,13,no_priority,proactive_releases,590.0
AliStorage2019,13,no_priority,queue_bytes_max,398632.0
AliStorage2019,13,no_priority,queue_bytes_mean,2623.301
AliStorage2019,13,no_priority,queue_bytes_p95,147.0
AliStorage2019,13,no_priority,queue_bytes_p99,112735.0
AliStorage2019,13,no_priority,queue_sample_count,400020.0
AliStorage2019,13,no_priority,reactive_binding_rate_changes,148.0
AliStorage2019,13,no_priority,reactive_binding_updates,148.0
AliStorage2019,13,no_priority,recovery_nacks_generated,0.0
AliStorage2019,13,no_priority,recovery_nacks_received,0.0
AliStorage2019,13,no_priority,registrations,590.0
AliStorage2019,13,no_priority,selected_registrations,590.0
AliStorage2019,13,no_priority,tie_binding_rate_changes,10.0
AliStorage2019,13,no_priority,tie_binding_updates,321.0
AliStorage2019,13,no_priority,timeout_recoveries,0.0
AliStorage2019,13,no_srpt,1BDP_to_1MB_fct_us_mean,44.4796734006734
AliStorage2019,13,no_srpt,1BDP_to_1MB_fct_us_p95,121.92719999999998
AliStorage2019,13,no_srpt,1BDP_to_1MB_fct_us_p99,174.19164000000032
AliStorage2019,13,no_srpt,1BDP_to_1MB_flow_count,297.0
AliStorage2019,13,no_srpt,1BDP_to_1MB_slowdown_mean,1.2517318123447152
AliStorage2019,13,no_srpt,1BDP_to_1MB_slowdown_p95,1.9460540200170022
AliStorage2019,13,no_srpt,1BDP_to_1MB_slowdown_p99,2.235325113752461
AliStorage2019,13,no_srpt,8KB_to_1BDP_fct_us_mean,9.157350469196247
AliStorage2019,13,no_srpt,8KB_to_1BDP_fct_us_p95,15.13
AliStorage2019,13,no_srpt,8KB_to_1BDP_fct_us_p99,19.463
AliStorage2019,13,no_srpt,8KB_to_1BDP_flow_count,2451.0
AliStorage2019,13,no_srpt,8KB_to_1BDP_slowdown_mean,1.058776727487971
AliStorage2019,13,no_srpt,8KB_to_1BDP_slowdown_p95,1.2950883784722615
AliStorage2019,13,no_srpt,8KB_to_1BDP_slowdown_p99,1.526549353455811
AliStorage2019,13,no_srpt,aggregate_goodput_gbps,157.4327077737263
AliStorage2019,13,no_srpt,completion_releases,0.0
AliStorage2019,13,no_srpt,completion_span_us,19995.43
AliStorage2019,13,no_srpt,grant_binding_rate_changes,0.0
AliStorage2019,13,no_srpt,grant_binding_updates,38.0
AliStorage2019,13,no_srpt,grant_bytes_sent,448380.0
AliStorage2019,13,no_srpt,grant_event_rate_changes,947.0
AliStorage2019,13,no_srpt,grants_received,4770.0
AliStorage2019,13,no_srpt,grants_sent,4770.0
AliStorage2019,13,no_srpt,gt_1MB_fct_us_mean,220.7563
AliStorage2019,13,no_srpt,gt_1MB_fct_us_p95,365.2703
AliStorage2019,13,no_srpt,gt_1MB_fct_us_p99,462.6694499999996
AliStorage2019,13,no_srpt,gt_1MB_flow_count,130.0
AliStorage2019,13,no_srpt,gt_1MB_slowdown_mean,1.6299609726167974
AliStorage2019,13,no_srpt,gt_1MB_slowdown_p95,2.6903255376647954
AliStorage2019,13,no_srpt,gt_1MB_slowdown_p99,3.2175713449967303
AliStorage2019,13,no_srpt,guard_ack_interval_packets,8.0
AliStorage2019,13,no_srpt,guard_adaptive_grant_updates,0.0
AliStorage2019,13,no_srpt,guard_fixed_window,1.0
AliStorage2019,13,no_srpt,guard_grant_refresh_bdps,1.0
AliStorage2019,13,no_srpt,guard_long_acks_suppressed,268878.0
AliStorage2019,13,no_srpt,guard_min_share_fraction,0.0
AliStorage2019,13,no_srpt,guard_one_rtt_acks_suppressed,81076.0
AliStorage2019,13,no_srpt,guard_one_rtt_bypass_enabled,1.0
AliStorage2019,13,no_srpt,guard_one_rtt_bypass_feedbacks,9047.0
AliStorage2019,13,no_srpt,guard_one_rtt_bypass_flows,9047.0
AliStorage2019,13,no_srpt,guard_rebalance_events,0.0
AliStorage2019,13,no_srpt,guard_remaining_aware,1.0
AliStorage2019,13,no_srpt,guard_remaining_exponent,1.0
AliStorage2019,13,no_srpt,guard_remaining_refresh_events,3662.0
AliStorage2019,13,no_srpt,guard_sender_srpt_enabled,0.0
AliStorage2019,13,no_srpt,guard_sender_srpt_forced_rr,0.0
AliStorage2019,13,no_srpt,guard_sender_srpt_non_rr,0.0
AliStorage2019,13,no_srpt,guard_sender_srpt_selections,0.0
AliStorage2019,13,no_srpt,guard_srpt_quantum_packets,64.0
AliStorage2019,13,no_srpt,guard_tail_bypass_bdps,8.0
AliStorage2019,13,no_srpt,guard_tail_bypass_enabled,1.0
AliStorage2019,13,no_srpt,guard_tail_bypass_feedbacks,22483.0
AliStorage2019,13,no_srpt,guard_tail_bypass_flows,590.0
AliStorage2019,13,no_srpt,hpcc_actual_rate_changes,126.0
AliStorage2019,13,no_srpt,hpcc_fast_computations,0.0
AliStorage2019,13,no_srpt,hpcc_feedback_updates,2614.0
AliStorage2019,13,no_srpt,hpcc_full_computations,487.0
AliStorage2019,13,no_srpt,hpcc_rate_updates_applied,487.0
AliStorage2019,13,no_srpt,hpcc_valid_feedback,567.0
AliStorage2019,13,no_srpt,int_hops_after_strip,49042.0
AliStorage2019,13,no_srpt,int_hops_before_strip,97380.0
AliStorage2019,13,no_srpt,int_records_stripped,48338.0
AliStorage2019,13,no_srpt,irn_nacks_generated,0.0
AliStorage2019,13,no_srpt,irn_nacks_received,0.0
AliStorage2019,13,no_srpt,irn_retransmit_bytes,0.0
AliStorage2019,13,no_srpt,irn_retransmit_packets,0.0
AliStorage2019,13,no_srpt,le_8KB_fct_us_mean,6.872175469744045
AliStorage2019,13,no_srpt,le_8KB_fct_us_p95,9.2111
AliStorage2019,13,no_srpt,le_8KB_fct_us_p99,9.661840000000002
AliStorage2019,13,no_srpt,le_8KB_flow_count,6759.0
AliStorage2019,13,no_srpt,le_8KB_slowdown_mean,1.0139600728860274
AliStorage2019,13,no_srpt,le_8KB_slowdown_p95,1.0710018521899878
AliStorage2019,13,no_srpt,le_8KB_slowdown_p99,1.1266831687821532
AliStorage2019,13,no_srpt,long_to_small_slowdown_mean_ratio,1.6075198779548103
AliStorage2019,13,no_srpt,max_active_flows,3.0
AliStorage2019,13,no_srpt,overall_fct_us_mean,11.49761149735395
AliStorage2019,13,no_srpt,overall_fct_us_p95,16.137600000000013
AliStorage2019,13,no_srpt,overall_fct_us_p99,162.55607999999913
AliStorage2019,13,no_srpt,overall_flow_count,9637.0
AliStorage2019,13,no_srpt,overall_slowdown_mean,1.040995866599174
AliStorage2019,13,no_srpt,overall_slowdown_p95,1.1688153147959917
AliStorage2019,13,no_srpt,overall_slowdown_p99,1.639864882017354
AliStorage2019,13,no_srpt,pfc_pause_events,0.0
AliStorage2019,13,no_srpt,pfc_resume_events,0.0
AliStorage2019,13,no_srpt,proactive_releases,590.0
AliStorage2019,13,no_srpt,queue_bytes_max,318280.0
AliStorage2019,13,no_srpt,queue_bytes_mean,2149.11
AliStorage2019,13,no_srpt,queue_bytes_p95,0.0
AliStorage2019,13,no_srpt,queue_bytes_p99,99190.0
AliStorage2019,13,no_srpt,queue_sample_count,400020.0
AliStorage2019,13,no_srpt,reactive_binding_rate_changes,120.0
AliStorage2019,13,no_srpt,reactive_binding_updates,120.0
AliStorage2019,13,no_srpt,recovery_nacks_generated,0.0
AliStorage2019,13,no_srpt,recovery_nacks_received,0.0
AliStorage2019,13,no_srpt,registrations,590.0
AliStorage2019,13,no_srpt,selected_registrations,590.0
AliStorage2019,13,no_srpt,tie_binding_rate_changes,6.0
AliStorage2019,13,no_srpt,tie_binding_updates,329.0
AliStorage2019,13,no_srpt,timeout_recoveries,0.0
AliStorage2019,13,no_reclaim,1BDP_to_1MB_fct_us_mean,43.523131313131316
AliStorage2019,13,no_reclaim,1BDP_to_1MB_fct_us_p95,120.68039999999996
AliStorage2019,13,no_reclaim,1BDP_to_1MB_fct_us_p99,180.4131600000002
AliStorage2019,13,no_reclaim,1BDP_to_1MB_flow_count,297.0
AliStorage2019,13,no_reclaim,1BDP_to_1MB_slowdown_mean,1.209942036365894
AliStorage2019,13,no_reclaim,1BDP_to_1MB_slowdown_p95,1.7593982482140793
AliStorage2019,13,no_reclaim,1BDP_to_1MB_slowdown_p99,2.24133979054949
AliStorage2019,13,no_reclaim,8KB_to_1BDP_fct_us_mean,8.93475560995512
AliStorage2019,13,no_reclaim,8KB_to_1BDP_fct_us_p95,14.344999999999999
AliStorage2019,13,no_reclaim,8KB_to_1BDP_fct_us_p99,18.361
AliStorage2019,13,no_reclaim,8KB_to_1BDP_flow_count,2451.0
AliStorage2019,13,no_reclaim,8KB_to_1BDP_slowdown_mean,1.0325350167755116
AliStorage2019,13,no_reclaim,8KB_to_1BDP_slowdown_p95,1.1232700444608166
AliStorage2019,13,no_reclaim,8KB_to_1BDP_slowdown_p99,1.3087424851332399
AliStorage2019,13,no_reclaim,aggregate_goodput_gbps,157.4327077737263
AliStorage2019,13,no_reclaim,completion_releases,0.0
AliStorage2019,13,no_reclaim,completion_span_us,19995.43
AliStorage2019,13,no_reclaim,grant_binding_rate_changes,0.0
AliStorage2019,13,no_reclaim,grant_binding_updates,46.0
AliStorage2019,13,no_reclaim,grant_bytes_sent,446782.0
AliStorage2019,13,no_reclaim,grant_event_rate_changes,947.0
AliStorage2019,13,no_reclaim,grants_received,4753.0
AliStorage2019,13,no_reclaim,grants_sent,4753.0
AliStorage2019,13,no_reclaim,gt_1MB_fct_us_mean,219.3197846153846
AliStorage2019,13,no_reclaim,gt_1MB_fct_us_p95,368.7979
AliStorage2019,13,no_reclaim,gt_1MB_fct_us_p99,501.58587999999986
AliStorage2019,13,no_reclaim,gt_1MB_flow_count,130.0
AliStorage2019,13,no_reclaim,gt_1MB_slowdown_mean,1.6212612804415065
AliStorage2019,13,no_reclaim,gt_1MB_slowdown_p95,2.7494749392588114
AliStorage2019,13,no_reclaim,gt_1MB_slowdown_p99,3.327845583045953
AliStorage2019,13,no_reclaim,guard_ack_interval_packets,8.0
AliStorage2019,13,no_reclaim,guard_adaptive_grant_updates,0.0
AliStorage2019,13,no_reclaim,guard_fixed_window,1.0
AliStorage2019,13,no_reclaim,guard_grant_refresh_bdps,1.0
AliStorage2019,13,no_reclaim,guard_long_acks_suppressed,268878.0
AliStorage2019,13,no_reclaim,guard_min_share_fraction,0.0
AliStorage2019,13,no_reclaim,guard_one_rtt_acks_suppressed,81076.0
AliStorage2019,13,no_reclaim,guard_one_rtt_bypass_enabled,1.0
AliStorage2019,13,no_reclaim,guard_one_rtt_bypass_feedbacks,9047.0
AliStorage2019,13,no_reclaim,guard_one_rtt_bypass_flows,9047.0
AliStorage2019,13,no_reclaim,guard_rebalance_events,0.0
AliStorage2019,13,no_reclaim,guard_remaining_aware,1.0
AliStorage2019,13,no_reclaim,guard_remaining_exponent,1.0
AliStorage2019,13,no_reclaim,guard_remaining_refresh_events,3649.0
AliStorage2019,13,no_reclaim,guard_sender_srpt_enabled,1.0
AliStorage2019,13,no_reclaim,guard_sender_srpt_forced_rr,58.0
AliStorage2019,13,no_reclaim,guard_sender_srpt_non_rr,21068.0
AliStorage2019,13,no_reclaim,guard_sender_srpt_selections,398292.0
AliStorage2019,13,no_reclaim,guard_srpt_quantum_packets,64.0
AliStorage2019,13,no_reclaim,guard_tail_bypass_bdps,8.0
AliStorage2019,13,no_reclaim,guard_tail_bypass_enabled,1.0
AliStorage2019,13,no_reclaim,guard_tail_bypass_feedbacks,22481.0
AliStorage2019,13,no_reclaim,guard_tail_bypass_flows,590.0
AliStorage2019,13,no_reclaim,hpcc_actual_rate_changes,124.0
AliStorage2019,13,no_reclaim,hpcc_fast_computations,0.0
AliStorage2019,13,no_reclaim,hpcc_feedback_updates,2547.0
AliStorage2019,13,no_reclaim,hpcc_full_computations,494.0
AliStorage2019,13,no_reclaim,hpcc_rate_updates_applied,494.0
AliStorage2019,13,no_reclaim,hpcc_valid_feedback,574.0
AliStorage2019,13,no_reclaim,int_hops_after_strip,49042.0
AliStorage2019,13,no_reclaim,int_hops_before_strip,97380.0
AliStorage2019,13,no_reclaim,int_records_stripped,48338.0
AliStorage2019,13,no_reclaim,irn_nacks_generated,0.0
AliStorage2019,13,no_reclaim,irn_nacks_received,0.0
AliStorage2019,13,no_reclaim,irn_retransmit_bytes,0.0
AliStorage2019,13,no_reclaim,irn_retransmit_packets,0.0
AliStorage2019,13,no_reclaim,le_8KB_fct_us_mean,6.834282438230508
AliStorage2019,13,no_reclaim,le_8KB_fct_us_p95,9.118
AliStorage2019,13,no_reclaim,le_8KB_fct_us_p99,9.349260000000001
AliStorage2019,13,no_reclaim,le_8KB_flow_count,6759.0
AliStorage2019,13,no_reclaim,le_8KB_slowdown_mean,1.0079013674761839
AliStorage2019,13,no_reclaim,le_8KB_slowdown_p95,1.031200888160715
AliStorage2019,13,no_reclaim,le_8KB_slowdown_p99,1.0648017491552377
AliStorage2019,13,no_reclaim,long_to_small_slowdown_mean_ratio,1.6085515237479981
AliStorage2019,13,no_reclaim,max_active_flows,3.0
AliStorage2019,13,no_reclaim,overall_fct_us_mean,11.365564283490713
AliStorage2019,13,no_reclaim,overall_fct_us_p95,15.57960000000004
AliStorage2019,13,no_reclaim,overall_fct_us_p99,161.61399999999998
AliStorage2019,13,no_reclaim,overall_flow_count,9637.0
AliStorage2019,13,no_reclaim,overall_slowdown_mean,1.0286671599197232
AliStorage2019,13,no_reclaim,overall_slowdown_p95,1.103957837402313
AliStorage2019,13,no_reclaim,overall_slowdown_p99,1.4405240123401777
AliStorage2019,13,no_reclaim,pfc_pause_events,0.0
AliStorage2019,13,no_reclaim,pfc_resume_events,0.0
AliStorage2019,13,no_reclaim,proactive_releases,590.0
AliStorage2019,13,no_reclaim,queue_bytes_max,319536.0
AliStorage2019,13,no_reclaim,queue_bytes_mean,2140.738
AliStorage2019,13,no_reclaim,queue_bytes_p95,0.0
AliStorage2019,13,no_reclaim,queue_bytes_p99,98100.0
AliStorage2019,13,no_reclaim,queue_sample_count,400020.0
AliStorage2019,13,no_reclaim,reactive_binding_rate_changes,120.0
AliStorage2019,13,no_reclaim,reactive_binding_updates,120.0
AliStorage2019,13,no_reclaim,recovery_nacks_generated,0.0
AliStorage2019,13,no_reclaim,recovery_nacks_received,0.0
AliStorage2019,13,no_reclaim,registrations,590.0
AliStorage2019,13,no_reclaim,selected_registrations,590.0
AliStorage2019,13,no_reclaim,tie_binding_rate_changes,4.0
AliStorage2019,13,no_reclaim,tie_binding_updates,328.0
AliStorage2019,13,no_reclaim,timeout_recoveries,0.0
AliStorage2019,13,no_one_rtt,1BDP_to_1MB_fct_us_mean,43.585787878787876
AliStorage2019,13,no_one_rtt,1BDP_to_1MB_fct_us_p95,120.87999999999997
AliStorage2019,13,no_one_rtt,1BDP_to_1MB_fct_us_p99,179.75704
AliStorage2019,13,no_one_rtt,1BDP_to_1MB_flow_count,297.0
AliStorage2019,13,no_one_rtt,1BDP_to_1MB_slowdown_mean,1.2117435591863555
AliStorage2019,13,no_one_rtt,1BDP_to_1MB_slowdown_p95,1.7850989086353546
AliStorage2019,13,no_one_rtt,1BDP_to_1MB_slowdown_p99,2.2459324097152065
AliStorage2019,13,no_one_rtt,8KB_to_1BDP_fct_us_mean,8.938328845369238
AliStorage2019,13,no_one_rtt,8KB_to_1BDP_fct_us_p95,14.3525
AliStorage2019,13,no_one_rtt,8KB_to_1BDP_fct_us_p99,18.4
AliStorage2019,13,no_one_rtt,8KB_to_1BDP_flow_count,2451.0
AliStorage2019,13,no_one_rtt,8KB_to_1BDP_slowdown_mean,1.032880428976852
AliStorage2019,13,no_one_rtt,8KB_to_1BDP_slowdown_p95,1.1246529059180594
AliStorage2019,13,no_one_rtt,8KB_to_1BDP_slowdown_p99,1.3101231389646415
AliStorage2019,13,no_one_rtt,aggregate_goodput_gbps,157.4327077737263
AliStorage2019,13,no_one_rtt,completion_releases,0.0
AliStorage2019,13,no_one_rtt,completion_span_us,19995.43
AliStorage2019,13,no_one_rtt,grant_binding_rate_changes,0.0
AliStorage2019,13,no_one_rtt,grant_binding_updates,46.0
AliStorage2019,13,no_one_rtt,grant_bytes_sent,447252.0
AliStorage2019,13,no_one_rtt,grant_event_rate_changes,954.0
AliStorage2019,13,no_one_rtt,grants_received,4758.0
AliStorage2019,13,no_one_rtt,grants_sent,4758.0
AliStorage2019,13,no_one_rtt,gt_1MB_fct_us_mean,219.5826923076923
AliStorage2019,13,no_one_rtt,gt_1MB_fct_us_p95,369.39324999999997
AliStorage2019,13,no_one_rtt,gt_1MB_fct_us_p99,503.0898299999998
AliStorage2019,13,no_one_rtt,gt_1MB_flow_count,130.0
AliStorage2019,13,no_one_rtt,gt_1MB_slowdown_mean,1.6232923245819075
AliStorage2019,13,no_one_rtt,gt_1MB_slowdown_p95,2.7737168772114194
AliStorage2019,13,no_one_rtt,gt_1MB_slowdown_p99,3.328370779593972
AliStorage2019,13,no_one_rtt,guard_ack_interval_packets,8.0
AliStorage2019,13,no_one_rtt,guard_adaptive_grant_updates,0.0
AliStorage2019,13,no_one_rtt,guard_fixed_window,1.0
AliStorage2019,13,no_one_rtt,guard_grant_refresh_bdps,1.0
AliStorage2019,13,no_one_rtt,guard_long_acks_suppressed,336166.0
AliStorage2019,13,no_one_rtt,guard_min_share_fraction,0.0
AliStorage2019,13,no_one_rtt,guard_one_rtt_acks_suppressed,0.0
AliStorage2019,13,no_one_rtt,guard_one_rtt_bypass_enabled,0.0
AliStorage2019,13,no_one_rtt,guard_one_rtt_bypass_feedbacks,0.0
AliStorage2019,13,no_one_rtt,guard_one_rtt_bypass_flows,0.0
AliStorage2019,13,no_one_rtt,guard_rebalance_events,0.0
AliStorage2019,13,no_one_rtt,guard_remaining_aware,1.0
AliStorage2019,13,no_one_rtt,guard_remaining_exponent,1.0
AliStorage2019,13,no_one_rtt,guard_remaining_refresh_events,3650.0
AliStorage2019,13,no_one_rtt,guard_sender_srpt_enabled,1.0
AliStorage2019,13,no_one_rtt,guard_sender_srpt_forced_rr,57.0
AliStorage2019,13,no_one_rtt,guard_sender_srpt_non_rr,21018.0
AliStorage2019,13,no_one_rtt,guard_sender_srpt_selections,398292.0
AliStorage2019,13,no_one_rtt,guard_srpt_quantum_packets,64.0
AliStorage2019,13,no_one_rtt,guard_tail_bypass_bdps,8.0
AliStorage2019,13,no_one_rtt,guard_tail_bypass_enabled,1.0
AliStorage2019,13,no_one_rtt,guard_tail_bypass_feedbacks,22482.0
AliStorage2019,13,no_one_rtt,guard_tail_bypass_flows,590.0
AliStorage2019,13,no_one_rtt,hpcc_actual_rate_changes,126.0
AliStorage2019,13,no_one_rtt,hpcc_fast_computations,0.0
AliStorage2019,13,no_one_rtt,hpcc_feedback_updates,11636.0
AliStorage2019,13,no_one_rtt,hpcc_full_computations,515.0
AliStorage2019,13,no_one_rtt,hpcc_rate_updates_applied,515.0
AliStorage2019,13,no_one_rtt,hpcc_valid_feedback,5511.0
AliStorage2019,13,no_one_rtt,int_hops_after_strip,65050.0
AliStorage2019,13,no_one_rtt,int_hops_before_strip,127176.0
AliStorage2019,13,no_one_rtt,int_records_stripped,62126.0
AliStorage2019,13,no_one_rtt,irn_nacks_generated,0.0
AliStorage2019,13,no_one_rtt,irn_nacks_received,0.0
AliStorage2019,13,no_one_rtt,irn_retransmit_bytes,0.0
AliStorage2019,13,no_one_rtt,irn_retransmit_packets,0.0
AliStorage2019,13,no_one_rtt,le_8KB_fct_us_mean,6.834569906790946
AliStorage2019,13,no_one_rtt,le_8KB_fct_us_p95,9.119
AliStorage2019,13,no_one_rtt,le_8KB_fct_us_p99,9.35284
AliStorage2019,13,no_one_rtt,le_8KB_flow_count,6759.0
AliStorage2019,13,no_one_rtt,le_8KB_slowdown_mean,1.00793641603433
AliStorage2019,13,no_one_rtt,le_8KB_slowdown_p95,1.0313137319971726
AliStorage2019,13,no_one_rtt,le_8KB_slowdown_p99,1.0665086065010108
AliStorage2019,13,no_one_rtt,long_to_small_slowdown_mean_ratio,1.6105106420984978
AliStorage2019,13,no_one_rtt,max_active_flows,3.0
AliStorage2019,13,no_one_rtt,overall_fct_us_mean,11.372152225796409
AliStorage2019,13,no_one_rtt,overall_fct_us_p95,15.565000000000005
AliStorage2019,13,no_one_rtt,overall_fct_us_p99,161.7860799999999
AliStorage2019,13,no_one_rtt,overall_flow_count,9637.0
AliStorage2019,13,no_one_rtt,overall_slowdown_mean,1.0288625097719515
AliStorage2019,13,no_one_rtt,overall_slowdown_p95,1.104385411074429
AliStorage2019,13,no_one_rtt,overall_slowdown_p99,1.4450560949597637
AliStorage2019,13,no_one_rtt,pfc_pause_events,0.0
AliStorage2019,13,no_one_rtt,pfc_resume_events,0.0
AliStorage2019,13,no_one_rtt,proactive_releases,590.0
AliStorage2019,13,no_one_rtt,queue_bytes_max,317356.0
AliStorage2019,13,no_one_rtt,queue_bytes_mean,2149.239
AliStorage2019,13,no_one_rtt,queue_bytes_p95,0.0
AliStorage2019,13,no_one_rtt,queue_bytes_p99,98100.0
AliStorage2019,13,no_one_rtt,queue_sample_count,400020.0
AliStorage2019,13,no_one_rtt,reactive_binding_rate_changes,122.0
AliStorage2019,13,no_one_rtt,reactive_binding_updates,122.0
AliStorage2019,13,no_one_rtt,recovery_nacks_generated,0.0
AliStorage2019,13,no_one_rtt,recovery_nacks_received,0.0
AliStorage2019,13,no_one_rtt,registrations,590.0
AliStorage2019,13,no_one_rtt,selected_registrations,590.0
AliStorage2019,13,no_one_rtt,tie_binding_rate_changes,4.0
AliStorage2019,13,no_one_rtt,tie_binding_updates,347.0
AliStorage2019,13,no_one_rtt,timeout_recoveries,0.0
AliStorage2019,13,no_tail,1BDP_to_1MB_fct_us_mean,47.25527946127946
AliStorage2019,13,no_tail,1BDP_to_1MB_fct_us_p95,124.80359999999995
AliStorage2019,13,no_tail,1BDP_to_1MB_fct_us_p99,212.22016000000042
AliStorage2019,13,no_tail,1BDP_to_1MB_flow_count,297.0
AliStorage2019,13,no_tail,1BDP_to_1MB_slowdown_mean,1.2638554669493718
AliStorage2019,13,no_tail,1BDP_to_1MB_slowdown_p95,1.8667038142010426
AliStorage2019,13,no_tail,1BDP_to_1MB_slowdown_p99,2.4811610086728395
AliStorage2019,13,no_tail,8KB_to_1BDP_fct_us_mean,8.936275397796818
AliStorage2019,13,no_tail,8KB_to_1BDP_fct_us_p95,14.381499999999999
AliStorage2019,13,no_tail,8KB_to_1BDP_fct_us_p99,18.3925
AliStorage2019,13,no_tail,8KB_to_1BDP_flow_count,2451.0
AliStorage2019,13,no_tail,8KB_to_1BDP_slowdown_mean,1.032633410978794
AliStorage2019,13,no_tail,8KB_to_1BDP_slowdown_p95,1.1232700444608166
AliStorage2019,13,no_tail,8KB_to_1BDP_slowdown_p99,1.3150182737152942
AliStorage2019,13,no_tail,aggregate_goodput_gbps,157.4327077737263
AliStorage2019,13,no_tail,completion_releases,0.0
AliStorage2019,13,no_tail,completion_span_us,19995.43
AliStorage2019,13,no_tail,grant_binding_rate_changes,4.0
AliStorage2019,13,no_tail,grant_binding_updates,161.0
AliStorage2019,13,no_tail,grant_bytes_sent,449508.0
AliStorage2019,13,no_tail,grant_event_rate_changes,928.0
AliStorage2019,13,no_tail,grants_received,4782.0
AliStorage2019,13,no_tail,grants_sent,4782.0
AliStorage2019,13,no_tail,gt_1MB_fct_us_mean,221.36496153846153
AliStorage2019,13,no_tail,gt_1MB_fct_us_p95,381.5087
AliStorage2019,13,no_tail,gt_1MB_fct_us_p99,533.0014899999999
AliStorage2019,13,no_tail,gt_1MB_flow_count,130.0
AliStorage2019,13,no_tail,gt_1MB_slowdown_mean,1.6431635415446033
AliStorage2019,13,no_tail,gt_1MB_slowdown_p95,2.925481805230777
AliStorage2019,13,no_tail,gt_1MB_slowdown_p99,3.6898829318094584
AliStorage2019,13,no_tail,guard_ack_interval_packets,8.0
AliStorage2019,13,no_tail,guard_adaptive_grant_updates,0.0
AliStorage2019,13,no_tail,guard_fixed_window,1.0
AliStorage2019,13,no_tail,guard_grant_refresh_bdps,1.0
AliStorage2019,13,no_tail,guard_long_acks_suppressed,268878.0
AliStorage2019,13,no_tail,guard_min_share_fraction,0.0
AliStorage2019,13,no_tail,guard_one_rtt_acks_suppressed,81076.0
AliStorage2019,13,no_tail,guard_one_rtt_bypass_enabled,1.0
AliStorage2019,13,no_tail,guard_one_rtt_bypass_feedbacks,9047.0
AliStorage2019,13,no_tail,guard_one_rtt_bypass_flows,9047.0
AliStorage2019,13,no_tail,guard_rebalance_events,0.0
AliStorage2019,13,no_tail,guard_remaining_aware,1.0
AliStorage2019,13,no_tail,guard_remaining_exponent,1.0
AliStorage2019,13,no_tail,guard_remaining_refresh_events,3653.0
AliStorage2019,13,no_tail,guard_sender_srpt_enabled,1.0
AliStorage2019,13,no_tail,guard_sender_srpt_forced_rr,51.0
AliStorage2019,13,no_tail,guard_sender_srpt_non_rr,20397.0
AliStorage2019,13,no_tail,guard_sender_srpt_selections,398292.0
AliStorage2019,13,no_tail,guard_srpt_quantum_packets,64.0
AliStorage2019,13,no_tail,guard_tail_bypass_bdps,8.0
AliStorage2019,13,no_tail,guard_tail_bypass_enabled,0.0
AliStorage2019,13,no_tail,guard_tail_bypass_feedbacks,0.0
AliStorage2019,13,no_tail,guard_tail_bypass_flows,0.0
AliStorage2019,13,no_tail,hpcc_actual_rate_changes,469.0
AliStorage2019,13,no_tail,hpcc_fast_computations,0.0
AliStorage2019,13,no_tail,hpcc_feedback_updates,5402.0
AliStorage2019,13,no_tail,hpcc_full_computations,1609.0
AliStorage2019,13,no_tail,hpcc_rate_updates_applied,1609.0
AliStorage2019,13,no_tail,hpcc_valid_feedback,1842.0
AliStorage2019,13,no_tail,int_hops_after_strip,49042.0
AliStorage2019,13,no_tail,int_hops_before_strip,97380.0
AliStorage2019,13,no_tail,int_records_stripped,48338.0
AliStorage2019,13,no_tail,irn_nacks_generated,0.0
AliStorage2019,13,no_tail,irn_nacks_received,0.0
AliStorage2019,13,no_tail,irn_retransmit_bytes,0.0
AliStorage2019,13,no_tail,irn_retransmit_packets,0.0
AliStorage2019,13,no_tail,le_8KB_fct_us_mean,6.834215712383489
AliStorage2019,13,no_tail,le_8KB_fct_us_p95,9.116
AliStorage2019,13,no_tail,le_8KB_fct_us_p99,9.35926
AliStorage2019,13,no_tail,le_8KB_flow_count,6759.0
AliStorage2019,13,no_tail,le_8KB_slowdown_mean,1.0078933826546546
AliStorage2019,13,no_tail,le_8KB_slowdown_p95,1.0311989152786194
AliStorage2019,13,no_tail,le_8KB_slowdown_p99,1.0648724852369722
AliStorage2019,13,no_tail,long_to_small_slowdown_mean_ratio,1.6302949992753533
AliStorage2019,13,no_tail,max_active_flows,3.0
AliStorage2019,13,no_tail,overall_fct_us_mean,11.50851281519145
AliStorage2019,13,no_tail,overall_fct_us_p95,15.598800000000006
AliStorage2019,13,no_tail,overall_fct_us_p99,164.53667999999908
AliStorage2019,13,no_tail,overall_flow_count,9637.0
AliStorage2019,13,no_tail,overall_slowdown_mean,1.0306435817948114
AliStorage2019,13,no_tail,overall_slowdown_p95,1.104371612422253
AliStorage2019,13,no_tail,overall_slowdown_p99,1.461733233026282
AliStorage2019,13,no_tail,pfc_pause_events,0.0
AliStorage2019,13,no_tail,pfc_resume_events,0.0
AliStorage2019,13,no_tail,proactive_releases,590.0
AliStorage2019,13,no_tail,queue_bytes_max,319370.0
AliStorage2019,13,no_tail,queue_bytes_mean,2089.65
AliStorage2019,13,no_tail,queue_bytes_p95,0.0
AliStorage2019,13,no_tail,queue_bytes_p99,86110.0
AliStorage2019,13,no_tail,queue_sample_count,400020.0
AliStorage2019,13,no_tail,reactive_binding_rate_changes,432.0
AliStorage2019,13,no_tail,reactive_binding_updates,432.0
AliStorage2019,13,no_tail,recovery_nacks_generated,0.0
AliStorage2019,13,no_tail,recovery_nacks_received,0.0
AliStorage2019,13,no_tail,registrations,590.0
AliStorage2019,13,no_tail,selected_registrations,590.0
AliStorage2019,13,no_tail,tie_binding_rate_changes,33.0
AliStorage2019,13,no_tail,tie_binding_updates,1016.0
AliStorage2019,13,no_tail,timeout_recoveries,0.0
AliStorage2019,13,no_remaining,1BDP_to_1MB_fct_us_mean,44.9813771043771
AliStorage2019,13,no_remaining,1BDP_to_1MB_fct_us_p95,137.19539999999995
AliStorage2019,13,no_remaining,1BDP_to_1MB_fct_us_p99,177.70160000000092
AliStorage2019,13,no_remaining,1BDP_to_1MB_flow_count,297.0
AliStorage2019,13,no_remaining,1BDP_to_1MB_slowdown_mean,1.2445760479908965
AliStorage2019,13,no_remaining,1BDP_to_1MB_slowdown_p95,1.9274034069010013
AliStorage2019,13,no_remaining,1BDP_to_1MB_slowdown_p99,2.4768607603837225
AliStorage2019,13,no_remaining,8KB_to_1BDP_fct_us_mean,8.939857609139127
AliStorage2019,13,no_remaining,8KB_to_1BDP_fct_us_p95,14.354
AliStorage2019,13,no_remaining,8KB_to_1BDP_fct_us_p99,18.361
AliStorage2019,13,no_remaining,8KB_to_1BDP_flow_count,2451.0
AliStorage2019,13,no_remaining,8KB_to_1BDP_slowdown_mean,1.033072328085616
AliStorage2019,13,no_remaining,8KB_to_1BDP_slowdown_p95,1.1317672087365747
AliStorage2019,13,no_remaining,8KB_to_1BDP_slowdown_p99,1.3087424851332399
AliStorage2019,13,no_remaining,aggregate_goodput_gbps,157.4327077737263
AliStorage2019,13,no_remaining,completion_releases,0.0
AliStorage2019,13,no_remaining,completion_span_us,19995.43
AliStorage2019,13,no_remaining,grant_binding_rate_changes,0.0
AliStorage2019,13,no_remaining,grant_binding_updates,46.0
AliStorage2019,13,no_remaining,grant_bytes_sent,69748.0
AliStorage2019,13,no_remaining,grant_event_rate_changes,221.0
AliStorage2019,13,no_remaining,grants_received,742.0
AliStorage2019,13,no_remaining,grants_sent,742.0
AliStorage2019,13,no_remaining,gt_1MB_fct_us_mean,220.60138461538463
AliStorage2019,13,no_remaining,gt_1MB_fct_us_p95,368.70255
AliStorage2019,13,no_remaining,gt_1MB_fct_us_p99,501.3169899999998
AliStorage2019,13,no_remaining,gt_1MB_flow_count,130.0
AliStorage2019,13,no_remaining,gt_1MB_slowdown_mean,1.6315683605603915
AliStorage2019,13,no_remaining,gt_1MB_slowdown_p95,2.797668908634252
AliStorage2019,13,no_remaining,gt_1MB_slowdown_p99,3.3239221420798497
AliStorage2019,13,no_remaining,guard_ack_interval_packets,8.0
AliStorage2019,13,no_remaining,guard_adaptive_grant_updates,0.0
AliStorage2019,13,no_remaining,guard_fixed_window,1.0
AliStorage2019,13,no_remaining,guard_grant_refresh_bdps,1.0
AliStorage2019,13,no_remaining,guard_long_acks_suppressed,268878.0
AliStorage2019,13,no_remaining,guard_min_share_fraction,0.0
AliStorage2019,13,no_remaining,guard_one_rtt_acks_suppressed,81076.0
AliStorage2019,13,no_remaining,guard_one_rtt_bypass_enabled,1.0
AliStorage2019,13,no_remaining,guard_one_rtt_bypass_feedbacks,9047.0
AliStorage2019,13,no_remaining,guard_one_rtt_bypass_flows,9047.0
AliStorage2019,13,no_remaining,guard_rebalance_events,3.0
AliStorage2019,13,no_remaining,guard_remaining_aware,0.0
AliStorage2019,13,no_remaining,guard_remaining_exponent,1.0
AliStorage2019,13,no_remaining,guard_remaining_refresh_events,0.0
AliStorage2019,13,no_remaining,guard_sender_srpt_enabled,1.0
AliStorage2019,13,no_remaining,guard_sender_srpt_forced_rr,61.0
AliStorage2019,13,no_remaining,guard_sender_srpt_non_rr,21234.0
AliStorage2019,13,no_remaining,guard_sender_srpt_selections,398292.0
AliStorage2019,13,no_remaining,guard_srpt_quantum_packets,64.0
AliStorage2019,13,no_remaining,guard_tail_bypass_bdps,8.0
AliStorage2019,13,no_remaining,guard_tail_bypass_enabled,1.0
AliStorage2019,13,no_remaining,guard_tail_bypass_feedbacks,22472.0
AliStorage2019,13,no_remaining,guard_tail_bypass_flows,590.0
AliStorage2019,13,no_remaining,hpcc_actual_rate_changes,128.0
AliStorage2019,13,no_remaining,hpcc_fast_computations,0.0
AliStorage2019,13,no_remaining,hpcc_feedback_updates,2488.0
AliStorage2019,13,no_remaining,hpcc_full_computations,489.0
AliStorage2019,13,no_remaining,hpcc_rate_updates_applied,489.0
AliStorage2019,13,no_remaining,hpcc_valid_feedback,569.0
AliStorage2019,13,no_remaining,int_hops_after_strip,49042.0
AliStorage2019,13,no_remaining,int_hops_before_strip,97380.0
AliStorage2019,13,no_remaining,int_records_stripped,48338.0
AliStorage2019,13,no_remaining,irn_nacks_generated,0.0
AliStorage2019,13,no_remaining,irn_nacks_received,0.0
AliStorage2019,13,no_remaining,irn_retransmit_bytes,0.0
AliStorage2019,13,no_remaining,irn_retransmit_packets,0.0
AliStorage2019,13,no_remaining,le_8KB_fct_us_mean,6.834221334516941
AliStorage2019,13,no_remaining,le_8KB_fct_us_p95,9.117
AliStorage2019,13,no_remaining,le_8KB_fct_us_p99,9.352
AliStorage2019,13,no_remaining,le_8KB_flow_count,6759.0
AliStorage2019,13,no_remaining,le_8KB_slowdown_mean,1.0079109122461065
AliStorage2019,13,no_remaining,le_8KB_slowdown_p95,1.031049819714239
AliStorage2019,13,no_remaining,le_8KB_slowdown_p99,1.0645392039368233
AliStorage2019,13,no_remaining,long_to_small_slowdown_mean_ratio,1.6187624726916374
AliStorage2019,13,no_remaining,max_active_flows,3.0
AliStorage2019,13,no_remaining,overall_fct_us_mean,11.429048666597488
AliStorage2019,13,no_remaining,overall_fct_us_p95,15.629000000000026
AliStorage2019,13,no_remaining,overall_fct_us_p99,164.50755999999905
AliStorage2019,13,no_remaining,overall_flow_count,9637.0
AliStorage2019,13,no_remaining,overall_slowdown_mean,1.0300169248869384
AliStorage2019,13,no_remaining,overall_slowdown_p95,1.1068703583121053
AliStorage2019,13,no_remaining,overall_slowdown_p99,1.527014607450116
AliStorage2019,13,no_remaining,pfc_pause_events,0.0
AliStorage2019,13,no_remaining,pfc_resume_events,0.0
AliStorage2019,13,no_remaining,proactive_releases,590.0
AliStorage2019,13,no_remaining,queue_bytes_max,328256.0
AliStorage2019,13,no_remaining,queue_bytes_mean,2274.168
AliStorage2019,13,no_remaining,queue_bytes_p95,0.0
AliStorage2019,13,no_remaining,queue_bytes_p99,102844.0
AliStorage2019,13,no_remaining,queue_sample_count,400020.0
AliStorage2019,13,no_remaining,reactive_binding_rate_changes,124.0
AliStorage2019,13,no_remaining,reactive_binding_updates,124.0
AliStorage2019,13,no_remaining,recovery_nacks_generated,0.0
AliStorage2019,13,no_remaining,recovery_nacks_received,0.0
AliStorage2019,13,no_remaining,registrations,590.0
AliStorage2019,13,no_remaining,selected_registrations,590.0
AliStorage2019,13,no_remaining,tie_binding_rate_changes,4.0
AliStorage2019,13,no_remaining,tie_binding_updates,319.0
AliStorage2019,13,no_remaining,timeout_recoveries,0.0
AliStorage2019,13,no_ack_coalescing,1BDP_to_1MB_fct_us_mean,43.598437710437715
AliStorage2019,13,no_ack_coalescing,1BDP_to_1MB_fct_us_p95,123.39639999999996
AliStorage2019,13,no_ack_coalescing,1BDP_to_1MB_fct_us_p99,181.52800000000062
AliStorage2019,13,no_ack_coalescing,1BDP_to_1MB_flow_count,297.0
AliStorage2019,13,no_ack_coalescing,1BDP_to_1MB_slowdown_mean,1.2079439329181592
AliStorage2019,13,no_ack_coalescing,1BDP_to_1MB_slowdown_p95,1.7882303364427237
AliStorage2019,13,no_ack_coalescing,1BDP_to_1MB_slowdown_p99,2.2908005436193335
AliStorage2019,13,no_ack_coalescing,8KB_to_1BDP_fct_us_mean,8.972248878008976
AliStorage2019,13,no_ack_coalescing,8KB_to_1BDP_fct_us_p95,14.54
AliStorage2019,13,no_ack_coalescing,8KB_to_1BDP_fct_us_p99,18.566
AliStorage2019,13,no_ack_coalescing,8KB_to_1BDP_flow_count,2451.0
AliStorage2019,13,no_ack_coalescing,8KB_to_1BDP_slowdown_mean,1.0363062074127098
AliStorage2019,13,no_ack_coalescing,8KB_to_1BDP_slowdown_p95,1.1367218970897106
AliStorage2019,13,no_ack_coalescing,8KB_to_1BDP_slowdown_p99,1.3319366454754378
AliStorage2019,13,no_ack_coalescing,aggregate_goodput_gbps,157.4327077737263
AliStorage2019,13,no_ack_coalescing,completion_releases,0.0
AliStorage2019,13,no_ack_coalescing,completion_span_us,19995.43
AliStorage2019,13,no_ack_coalescing,grant_binding_rate_changes,0.0
AliStorage2019,13,no_ack_coalescing,grant_binding_updates,44.0
AliStorage2019,13,no_ack_coalescing,grant_bytes_sent,446124.0
AliStorage2019,13,no_ack_coalescing,grant_event_rate_changes,916.0
AliStorage2019,13,no_ack_coalescing,grants_received,4746.0
AliStorage2019,13,no_ack_coalescing,grants_sent,4746.0
AliStorage2019,13,no_ack_coalescing,gt_1MB_fct_us_mean,221.83244615384615
AliStorage2019,13,no_ack_coalescing,gt_1MB_fct_us_p95,386.6104
AliStorage2019,13,no_ack_coalescing,gt_1MB_fct_us_p99,509.14336999999966
AliStorage2019,13,no_ack_coalescing,gt_1MB_flow_count,130.0
AliStorage2019,13,no_ack_coalescing,gt_1MB_slowdown_mean,1.6417288581794358
AliStorage2019,13,no_ack_coalescing,gt_1MB_slowdown_p95,2.908634731002656
AliStorage2019,13,no_ack_coalescing,gt_1MB_slowdown_p99,3.4524904059528856
AliStorage2019,13,no_ack_coalescing,guard_ack_interval_packets,1.0
AliStorage2019,13,no_ack_coalescing,guard_adaptive_grant_updates,0.0
AliStorage2019,13,no_ack_coalescing,guard_fixed_window,1.0
AliStorage2019,13,no_ack_coalescing,guard_grant_refresh_bdps,1.0
AliStorage2019,13,no_ack_coalescing,guard_long_acks_suppressed,0.0
AliStorage2019,13,no_ack_coalescing,guard_min_share_fraction,0.0
AliStorage2019,13,no_ack_coalescing,guard_one_rtt_acks_suppressed,81076.0
AliStorage2019,13,no_ack_coalescing,guard_one_rtt_bypass_enabled,1.0
AliStorage2019,13,no_ack_coalescing,guard_one_rtt_bypass_feedbacks,9047.0
AliStorage2019,13,no_ack_coalescing,guard_one_rtt_bypass_flows,9047.0
AliStorage2019,13,no_ack_coalescing,guard_rebalance_events,0.0
AliStorage2019,13,no_ack_coalescing,guard_remaining_aware,1.0
AliStorage2019,13,no_ack_coalescing,guard_remaining_exponent,1.0
AliStorage2019,13,no_ack_coalescing,guard_remaining_refresh_events,3657.0
AliStorage2019,13,no_ack_coalescing,guard_sender_srpt_enabled,1.0
AliStorage2019,13,no_ack_coalescing,guard_sender_srpt_forced_rr,155.0
AliStorage2019,13,no_ack_coalescing,guard_sender_srpt_non_rr,21139.0
AliStorage2019,13,no_ack_coalescing,guard_sender_srpt_selections,398292.0
AliStorage2019,13,no_ack_coalescing,guard_srpt_quantum_packets,64.0
AliStorage2019,13,no_ack_coalescing,guard_tail_bypass_bdps,8.0
AliStorage2019,13,no_ack_coalescing,guard_tail_bypass_enabled,1.0
AliStorage2019,13,no_ack_coalescing,guard_tail_bypass_feedbacks,175573.0
AliStorage2019,13,no_ack_coalescing,guard_tail_bypass_flows,590.0
AliStorage2019,13,no_ack_coalescing,hpcc_actual_rate_changes,144.0
AliStorage2019,13,no_ack_coalescing,hpcc_fast_computations,0.0
AliStorage2019,13,no_ack_coalescing,hpcc_feedback_updates,2570.0
AliStorage2019,13,no_ack_coalescing,hpcc_full_computations,507.0
AliStorage2019,13,no_ack_coalescing,hpcc_rate_updates_applied,507.0
AliStorage2019,13,no_ack_coalescing,hpcc_valid_feedback,587.0
AliStorage2019,13,no_ack_coalescing,int_hops_after_strip,318598.0
AliStorage2019,13,no_ack_coalescing,int_hops_before_strip,635814.0
AliStorage2019,13,no_ack_coalescing,int_records_stripped,317216.0
AliStorage2019,13,no_ack_coalescing,irn_nacks_generated,0.0
AliStorage2019,13,no_ack_coalescing,irn_nacks_received,0.0
AliStorage2019,13,no_ack_coalescing,irn_retransmit_bytes,0.0
AliStorage2019,13,no_ack_coalescing,irn_retransmit_packets,0.0
AliStorage2019,13,no_ack_coalescing,le_8KB_fct_us_mean,6.843790649504364
AliStorage2019,13,no_ack_coalescing,le_8KB_fct_us_p95,9.15
AliStorage2019,13,no_ack_coalescing,le_8KB_fct_us_p99,9.40642
AliStorage2019,13,no_ack_coalescing,le_8KB_flow_count,6759.0
AliStorage2019,13,no_ack_coalescing,le_8KB_slowdown_mean,1.0090755992351692
AliStorage2019,13,no_ack_coalescing,le_8KB_slowdown_p95,1.0348646465771048
AliStorage2019,13,no_ack_coalescing,le_8KB_slowdown_p99,1.0715226932769417
AliStorage2019,13,no_ack_coalescing,long_to_small_slowdown_mean_ratio,1.6269631922759675
AliStorage2019,13,no_ack_coalescing,max_active_flows,3.0
AliStorage2019,13,no_ack_coalescing,overall_fct_us_mean,11.417984538756874
AliStorage2019,13,no_ack_coalescing,overall_fct_us_p95,15.658800000000028
AliStorage2019,13,no_ack_coalescing,overall_fct_us_p99,162.4803599999994
AliStorage2019,13,no_ack_coalescing,overall_flow_count,9637.0
AliStorage2019,13,no_ack_coalescing,overall_slowdown_mean,1.0306643757641465
AliStorage2019,13,no_ack_coalescing,overall_slowdown_p95,1.1033932937198316
AliStorage2019,13,no_ack_coalescing,overall_slowdown_p99,1.4721890655883
AliStorage2019,13,no_ack_coalescing,pfc_pause_events,0.0
AliStorage2019,13,no_ack_coalescing,pfc_resume_events,0.0
AliStorage2019,13,no_ack_coalescing,proactive_releases,590.0
AliStorage2019,13,no_ack_coalescing,queue_bytes_max,326158.0
AliStorage2019,13,no_ack_coalescing,queue_bytes_mean,2686.321
AliStorage2019,13,no_ack_coalescing,queue_bytes_p95,4360.0
AliStorage2019,13,no_ack_coalescing,queue_bytes_p99,116287.0
AliStorage2019,13,no_ack_coalescing,queue_sample_count,400020.0
AliStorage2019,13,no_ack_coalescing,reactive_binding_rate_changes,138.0
AliStorage2019,13,no_ack_coalescing,reactive_binding_updates,138.0
AliStorage2019,13,no_ack_coalescing,recovery_nacks_generated,0.0
AliStorage2019,13,no_ack_coalescing,recovery_nacks_received,0.0
AliStorage2019,13,no_ack_coalescing,registrations,590.0
AliStorage2019,13,no_ack_coalescing,selected_registrations,590.0
AliStorage2019,13,no_ack_coalescing,tie_binding_rate_changes,6.0
AliStorage2019,13,no_ack_coalescing,tie_binding_updates,325.0
AliStorage2019,13,no_ack_coalescing,timeout_recoveries,0.0
AliStorage2019,14,guard,1BDP_to_1MB_fct_us_mean,40.37395306859205
AliStorage2019,14,guard,1BDP_to_1MB_fct_us_p95,102.42559999999999
AliStorage2019,14,guard,1BDP_to_1MB_fct_us_p99,171.25392000000036
AliStorage2019,14,guard,1BDP_to_1MB_flow_count,277.0
AliStorage2019,14,guard,1BDP_to_1MB_slowdown_mean,1.1978612759458815
AliStorage2019,14,guard,1BDP_to_1MB_slowdown_p95,1.5995686735578452
AliStorage2019,14,guard,1BDP_to_1MB_slowdown_p99,2.1949388576726756
AliStorage2019,14,guard,8KB_to_1BDP_fct_us_mean,8.804739811912226
AliStorage2019,14,guard,8KB_to_1BDP_fct_us_p95,14.284799999999995
AliStorage2019,14,guard,8KB_to_1BDP_fct_us_p99,17.849269999999997
AliStorage2019,14,guard,8KB_to_1BDP_flow_count,2552.0
AliStorage2019,14,guard,8KB_to_1BDP_slowdown_mean,1.0296376526975783
AliStorage2019,14,guard,8KB_to_1BDP_slowdown_p95,1.124377461272314
AliStorage2019,14,guard,8KB_to_1BDP_slowdown_p99,1.2818218535204753
AliStorage2019,14,guard,aggregate_goodput_gbps,153.10261654936912
AliStorage2019,14,guard,completion_releases,0.0
AliStorage2019,14,guard,completion_span_us,19998.285
AliStorage2019,14,guard,grant_binding_rate_changes,0.0
AliStorage2019,14,guard,grant_binding_updates,10.0
AliStorage2019,14,guard,grant_bytes_sent,402790.0
AliStorage2019,14,guard,grant_event_rate_changes,446.0
AliStorage2019,14,guard,grants_received,4285.0
AliStorage2019,14,guard,grants_sent,4285.0
AliStorage2019,14,guard,gt_1MB_fct_us_mean,201.249893129771
AliStorage2019,14,guard,gt_1MB_fct_us_p95,368.19550000000004
AliStorage2019,14,guard,gt_1MB_fct_us_p99,463.8341999999995
AliStorage2019,14,guard,gt_1MB_flow_count,131.0
AliStorage2019,14,guard,gt_1MB_slowdown_mean,1.4856695582350676
AliStorage2019,14,guard,gt_1MB_slowdown_p95,2.513894558752809
AliStorage2019,14,guard,gt_1MB_slowdown_p99,3.397738039194454
AliStorage2019,14,guard,guard_ack_interval_packets,8.0
AliStorage2019,14,guard,guard_adaptive_grant_updates,0.0
AliStorage2019,14,guard,guard_fixed_window,1.0
AliStorage2019,14,guard,guard_grant_refresh_bdps,1.0
AliStorage2019,14,guard,guard_long_acks_suppressed,256529.0
AliStorage2019,14,guard,guard_min_share_fraction,0.0
AliStorage2019,14,guard,guard_one_rtt_acks_suppressed,84409.0
AliStorage2019,14,guard,guard_one_rtt_bypass_enabled,1.0
AliStorage2019,14,guard,guard_one_rtt_bypass_feedbacks,9240.0
AliStorage2019,14,guard,guard_one_rtt_bypass_flows,9240.0
AliStorage2019,14,guard,guard_rebalance_events,0.0
AliStorage2019,14,guard,guard_remaining_aware,1.0
AliStorage2019,14,guard,guard_remaining_exponent,1.0
AliStorage2019,14,guard,guard_remaining_refresh_events,3495.0
AliStorage2019,14,guard,guard_sender_srpt_enabled,1.0
AliStorage2019,14,guard,guard_sender_srpt_forced_rr,62.0
AliStorage2019,14,guard,guard_sender_srpt_non_rr,26146.0
AliStorage2019,14,guard,guard_sender_srpt_selections,387639.0
AliStorage2019,14,guard,guard_srpt_quantum_packets,64.0
AliStorage2019,14,guard,guard_tail_bypass_bdps,8.0
AliStorage2019,14,guard,guard_tail_bypass_enabled,1.0
AliStorage2019,14,guard,guard_tail_bypass_feedbacks,21158.0
AliStorage2019,14,guard,guard_tail_bypass_flows,542.0
AliStorage2019,14,guard,hpcc_actual_rate_changes,92.0
AliStorage2019,14,guard,hpcc_fast_computations,0.0
AliStorage2019,14,guard,hpcc_feedback_updates,2448.0
AliStorage2019,14,guard,hpcc_full_computations,466.0
AliStorage2019,14,guard,hpcc_rate_updates_applied,466.0
AliStorage2019,14,guard,hpcc_valid_feedback,544.0
AliStorage2019,14,guard,int_hops_after_strip,47508.0
AliStorage2019,14,guard,int_hops_before_strip,94209.0
AliStorage2019,14,guard,int_records_stripped,46701.0
AliStorage2019,14,guard,irn_nacks_generated,0.0
AliStorage2019,14,guard,irn_nacks_received,0.0
AliStorage2019,14,guard,irn_retransmit_bytes,0.0
AliStorage2019,14,guard,irn_retransmit_packets,0.0
AliStorage2019,14,guard,le_8KB_fct_us_mean,6.776268103195544
AliStorage2019,14,guard,le_8KB_fct_us_p95,9.103
AliStorage2019,14,guard,le_8KB_fct_us_p99,9.34379
AliStorage2019,14,guard,le_8KB_flow_count,6822.0
AliStorage2019,14,guard,le_8KB_slowdown_mean,1.0073160216467194
AliStorage2019,14,guard,le_8KB_slowdown_p95,1.0290596561316527
AliStorage2019,14,guard,le_8KB_slowdown_p99,1.0639285809234384
AliStorage2019,14,guard,long_to_small_slowdown_mean_ratio,1.4748793092820616
AliStorage2019,14,guard,max_active_flows,3.0
AliStorage2019,14,guard,overall_fct_us_mean,10.861246984256798
AliStorage2019,14,guard,overall_fct_us_p95,15.144850000000018
AliStorage2019,14,guard,overall_fct_us_p99,152.49334000000056
AliStorage2019,14,guard,overall_flow_count,9782.0
AliStorage2019,14,guard,overall_slowdown_mean,1.0249412671155125
AliStorage2019,14,guard,overall_slowdown_p95,1.100116649502972
AliStorage2019,14,guard,overall_slowdown_p99,1.3601455700905483
AliStorage2019,14,guard,pfc_pause_events,0.0
AliStorage2019,14,guard,pfc_resume_events,0.0
AliStorage2019,14,guard,proactive_releases,542.0
AliStorage2019,14,guard,queue_bytes_max,432564.0
AliStorage2019,14,guard,queue_bytes_mean,1640.419
AliStorage2019,14,guard,queue_bytes_p95,0.0
AliStorage2019,14,guard,queue_bytes_p99,56680.0
AliStorage2019,14,guard,queue_sample_count,400020.0
AliStorage2019,14,guard,reactive_binding_rate_changes,87.0
AliStorage2019,14,guard,reactive_binding_updates,87.0
AliStorage2019,14,guard,recovery_nacks_generated,0.0
AliStorage2019,14,guard,recovery_nacks_received,0.0
AliStorage2019,14,guard,registrations,542.0
AliStorage2019,14,guard,selected_registrations,542.0
AliStorage2019,14,guard,tie_binding_rate_changes,5.0
AliStorage2019,14,guard,tie_binding_updates,369.0
AliStorage2019,14,guard,timeout_recoveries,0.0
AliStorage2019,14,no_priority,1BDP_to_1MB_fct_us_mean,45.098
AliStorage2019,14,no_priority,1BDP_to_1MB_fct_us_p95,114.89579999999998
AliStorage2019,14,no_priority,1BDP_to_1MB_fct_us_p99,183.43320000000023
AliStorage2019,14,no_priority,1BDP_to_1MB_flow_count,277.0
AliStorage2019,14,no_priority,1BDP_to_1MB_slowdown_mean,1.3800241590077684
AliStorage2019,14,no_priority,1BDP_to_1MB_slowdown_p95,2.6220072171800495
AliStorage2019,14,no_priority,1BDP_to_1MB_slowdown_p99,3.1517265473530856
AliStorage2019,14,no_priority,8KB_to_1BDP_fct_us_mean,9.990322884012539
AliStorage2019,14,no_priority,8KB_to_1BDP_fct_us_p95,19.985899999999997
AliStorage2019,14,no_priority,8KB_to_1BDP_fct_us_p99,29.758789999999813
AliStorage2019,14,no_priority,8KB_to_1BDP_flow_count,2552.0
AliStorage2019,14,no_priority,8KB_to_1BDP_slowdown_mean,1.1454530781847254
AliStorage2019,14,no_priority,8KB_to_1BDP_slowdown_p95,1.7279277522183645
AliStorage2019,14,no_priority,8KB_to_1BDP_slowdown_p99,2.64900216277802
AliStorage2019,14,no_priority,aggregate_goodput_gbps,153.10261654936912
AliStorage2019,14,no_priority,completion_releases,0.0
AliStorage2019,14,no_priority,completion_span_us,19998.285
AliStorage2019,14,no_priority,grant_binding_rate_changes,0.0
AliStorage2019,14,no_priority,grant_binding_updates,7.0
AliStorage2019,14,no_priority,grant_bytes_sent,404670.0
AliStorage2019,14,no_priority,grant_event_rate_changes,465.0
AliStorage2019,14,no_priority,grants_received,4305.0
AliStorage2019,14,no_priority,grants_sent,4305.0
AliStorage2019,14,no_priority,gt_1MB_fct_us_mean,199.78643511450383
AliStorage2019,14,no_priority,gt_1MB_fct_us_p95,380.0385
AliStorage2019,14,no_priority,gt_1MB_fct_us_p99,493.2273999999991
AliStorage2019,14,no_priority,gt_1MB_flow_count,131.0
AliStorage2019,14,no_priority,gt_1MB_slowdown_mean,1.474554460217549
AliStorage2019,14,no_priority,gt_1MB_slowdown_p95,2.4996661591546054
AliStorage2019,14,no_priority,gt_1MB_slowdown_p99,3.479514913930883
AliStorage2019,14,no_priority,guard_ack_interval_packets,8.0
AliStorage2019,14,no_priority,guard_adaptive_grant_updates,0.0
AliStorage2019,14,no_priority,guard_fixed_window,1.0
AliStorage2019,14,no_priority,guard_grant_refresh_bdps,1.0
AliStorage2019,14,no_priority,guard_long_acks_suppressed,256529.0
AliStorage2019,14,no_priority,guard_min_share_fraction,0.0
AliStorage2019,14,no_priority,guard_one_rtt_acks_suppressed,84409.0
AliStorage2019,14,no_priority,guard_one_rtt_bypass_enabled,1.0
AliStorage2019,14,no_priority,guard_one_rtt_bypass_feedbacks,9240.0
AliStorage2019,14,no_priority,guard_one_rtt_bypass_flows,9240.0
AliStorage2019,14,no_priority,guard_rebalance_events,0.0
AliStorage2019,14,no_priority,guard_remaining_aware,1.0
AliStorage2019,14,no_priority,guard_remaining_exponent,1.0
AliStorage2019,14,no_priority,guard_remaining_refresh_events,3500.0
AliStorage2019,14,no_priority,guard_sender_srpt_enabled,1.0
AliStorage2019,14,no_priority,guard_sender_srpt_forced_rr,49.0
AliStorage2019,14,no_priority,guard_sender_srpt_non_rr,25710.0
AliStorage2019,14,no_priority,guard_sender_srpt_selections,387639.0
AliStorage2019,14,no_priority,guard_srpt_quantum_packets,64.0
AliStorage2019,14,no_priority,guard_tail_bypass_bdps,8.0
AliStorage2019,14,no_priority,guard_tail_bypass_enabled,1.0
AliStorage2019,14,no_priority,guard_tail_bypass_feedbacks,21154.0
AliStorage2019,14,no_priority,guard_tail_bypass_flows,542.0
AliStorage2019,14,no_priority,hpcc_actual_rate_changes,115.0
AliStorage2019,14,no_priority,hpcc_fast_computations,0.0
AliStorage2019,14,no_priority,hpcc_feedback_updates,2478.0
AliStorage2019,14,no_priority,hpcc_full_computations,491.0
AliStorage2019,14,no_priority,hpcc_rate_updates_applied,491.0
AliStorage2019,14,no_priority,hpcc_valid_feedback,569.0
AliStorage2019,14,no_priority,int_hops_after_strip,47508.0
AliStorage2019,14,no_priority,int_hops_before_strip,94209.0
AliStorage2019,14,no_priority,int_records_stripped,46701.0
AliStorage2019,14,no_priority,irn_nacks_generated,0.0
AliStorage2019,14,no_priority,irn_nacks_received,0.0
AliStorage2019,14,no_priority,irn_retransmit_bytes,0.0
AliStorage2019,14,no_priority,irn_retransmit_packets,0.0
AliStorage2019,14,no_priority,le_8KB_fct_us_mean,7.664549399003224
AliStorage2019,14,no_priority,le_8KB_fct_us_p95,14.559699999999989
AliStorage2019,14,no_priority,le_8KB_fct_us_p99,27.074619999999996
AliStorage2019,14,no_priority,le_8KB_flow_count,6822.0
AliStorage2019,14,no_priority,le_8KB_slowdown_mean,1.1106845553400349
AliStorage2019,14,no_priority,le_8KB_slowdown_p95,1.675395314781489
AliStorage2019,14,no_priority,le_8KB_slowdown_p99,3.106567711008443
AliStorage2019,14,no_priority,long_to_small_slowdown_mean_ratio,1.327608683426876
AliStorage2019,14,no_priority,max_active_flows,3.0
AliStorage2019,14,no_priority,overall_fct_us_mean,11.904214782253117
AliStorage2019,14,no_priority,overall_fct_us_p95,23.308600000000034
AliStorage2019,14,no_priority,overall_fct_us_p99,154.06617000000102
AliStorage2019,14,no_priority,overall_flow_count,9782.0
AliStorage2019,14,no_priority,overall_slowdown_mean,1.1322551235320781
AliStorage2019,14,no_priority,overall_slowdown_p95,1.7955380888115198
AliStorage2019,14,no_priority,overall_slowdown_p99,3.0193184390378014
AliStorage2019,14,no_priority,pfc_pause_events,0.0
AliStorage2019,14,no_priority,pfc_resume_events,0.0
AliStorage2019,14,no_priority,proactive_releases,542.0
AliStorage2019,14,no_priority,queue_bytes_max,459221.0
AliStorage2019,14,no_priority,queue_bytes_mean,2073.49
AliStorage2019,14,no_priority,queue_bytes_p95,0.0
AliStorage2019,14,no_priority,queue_bytes_p99,68843.0
AliStorage2019,14,no_priority,queue_sample_count,400020.0
AliStorage2019,14,no_priority,reactive_binding_rate_changes,103.0
AliStorage2019,14,no_priority,reactive_binding_updates,103.0
AliStorage2019,14,no_priority,recovery_nacks_generated,0.0
AliStorage2019,14,no_priority,recovery_nacks_received,0.0
AliStorage2019,14,no_priority,registrations,542.0
AliStorage2019,14,no_priority,selected_registrations,542.0
AliStorage2019,14,no_priority,tie_binding_rate_changes,12.0
AliStorage2019,14,no_priority,tie_binding_updates,381.0
AliStorage2019,14,no_priority,timeout_recoveries,0.0
AliStorage2019,14,no_srpt,1BDP_to_1MB_fct_us_mean,42.09712996389892
AliStorage2019,14,no_srpt,1BDP_to_1MB_fct_us_p95,109.07179999999997
AliStorage2019,14,no_srpt,1BDP_to_1MB_fct_us_p99,216.02456000000004
AliStorage2019,14,no_srpt,1BDP_to_1MB_flow_count,277.0
AliStorage2019,14,no_srpt,1BDP_to_1MB_slowdown_mean,1.2452090241105687
AliStorage2019,14,no_srpt,1BDP_to_1MB_slowdown_p95,1.7159940086833823
AliStorage2019,14,no_srpt,1BDP_to_1MB_slowdown_p99,2.609015088015852
AliStorage2019,14,no_srpt,8KB_to_1BDP_fct_us_mean,9.023485501567398
AliStorage2019,14,no_srpt,8KB_to_1BDP_fct_us_p95,15.277199999999997
AliStorage2019,14,no_srpt,8KB_to_1BDP_fct_us_p99,18.96372999999992
AliStorage2019,14,no_srpt,8KB_to_1BDP_flow_count,2552.0
AliStorage2019,14,no_srpt,8KB_to_1BDP_slowdown_mean,1.054830146786035
AliStorage2019,14,no_srpt,8KB_to_1BDP_slowdown_p95,1.2618933546176447
AliStorage2019,14,no_srpt,8KB_to_1BDP_slowdown_p99,1.4988816779003034
AliStorage2019,14,no_srpt,aggregate_goodput_gbps,153.10261654936912
AliStorage2019,14,no_srpt,completion_releases,0.0
AliStorage2019,14,no_srpt,completion_span_us,19998.285
AliStorage2019,14,no_srpt,grant_binding_rate_changes,0.0
AliStorage2019,14,no_srpt,grant_binding_updates,12.0
AliStorage2019,14,no_srpt,grant_bytes_sent,405328.0
AliStorage2019,14,no_srpt,grant_event_rate_changes,476.0
AliStorage2019,14,no_srpt,grants_received,4312.0
AliStorage2019,14,no_srpt,grants_sent,4312.0
AliStorage2019,14,no_srpt,gt_1MB_fct_us_mean,208.24087022900764
AliStorage2019,14,no_srpt,gt_1MB_fct_us_p95,376.08799999999997
AliStorage2019,14,no_srpt,gt_1MB_fct_us_p99,478.8290999999992
AliStorage2019,14,no_srpt,gt_1MB_flow_count,131.0
AliStorage2019,14,no_srpt,gt_1MB_slowdown_mean,1.5408287364185087
AliStorage2019,14,no_srpt,gt_1MB_slowdown_p95,2.5562483220268364
AliStorage2019,14,no_srpt,gt_1MB_slowdown_p99,3.723742450787152
AliStorage2019,14,no_srpt,guard_ack_interval_packets,8.0
AliStorage2019,14,no_srpt,guard_adaptive_grant_updates,0.0
AliStorage2019,14,no_srpt,guard_fixed_window,1.0
AliStorage2019,14,no_srpt,guard_grant_refresh_bdps,1.0
AliStorage2019,14,no_srpt,guard_long_acks_suppressed,256529.0
AliStorage2019,14,no_srpt,guard_min_share_fraction,0.0
AliStorage2019,14,no_srpt,guard_one_rtt_acks_suppressed,84409.0
AliStorage2019,14,no_srpt,guard_one_rtt_bypass_enabled,1.0
AliStorage2019,14,no_srpt,guard_one_rtt_bypass_feedbacks,9240.0
AliStorage2019,14,no_srpt,guard_one_rtt_bypass_flows,9240.0
AliStorage2019,14,no_srpt,guard_rebalance_events,0.0
AliStorage2019,14,no_srpt,guard_remaining_aware,1.0
AliStorage2019,14,no_srpt,guard_remaining_exponent,1.0
AliStorage2019,14,no_srpt,guard_remaining_refresh_events,3506.0
AliStorage2019,14,no_srpt,guard_sender_srpt_enabled,0.0
AliStorage2019,14,no_srpt,guard_sender_srpt_forced_rr,0.0
AliStorage2019,14,no_srpt,guard_sender_srpt_non_rr,0.0
AliStorage2019,14,no_srpt,guard_sender_srpt_selections,0.0
AliStorage2019,14,no_srpt,guard_srpt_quantum_packets,64.0
AliStorage2019,14,no_srpt,guard_tail_bypass_bdps,8.0
AliStorage2019,14,no_srpt,guard_tail_bypass_enabled,1.0
AliStorage2019,14,no_srpt,guard_tail_bypass_feedbacks,21165.0
AliStorage2019,14,no_srpt,guard_tail_bypass_flows,542.0
AliStorage2019,14,no_srpt,hpcc_actual_rate_changes,90.0
AliStorage2019,14,no_srpt,hpcc_fast_computations,0.0
AliStorage2019,14,no_srpt,hpcc_feedback_updates,2568.0
AliStorage2019,14,no_srpt,hpcc_full_computations,460.0
AliStorage2019,14,no_srpt,hpcc_rate_updates_applied,460.0
AliStorage2019,14,no_srpt,hpcc_valid_feedback,538.0
AliStorage2019,14,no_srpt,int_hops_after_strip,47508.0
AliStorage2019,14,no_srpt,int_hops_before_strip,94209.0
AliStorage2019,14,no_srpt,int_records_stripped,46701.0
AliStorage2019,14,no_srpt,irn_nacks_generated,0.0
AliStorage2019,14,no_srpt,irn_nacks_received,0.0
AliStorage2019,14,no_srpt,irn_retransmit_bytes,0.0
AliStorage2019,14,no_srpt,irn_retransmit_packets,0.0
AliStorage2019,14,no_srpt,le_8KB_fct_us_mean,6.816518469656992
AliStorage2019,14,no_srpt,le_8KB_fct_us_p95,9.18895
AliStorage2019,14,no_srpt,le_8KB_fct_us_p99,9.640789999999999
AliStorage2019,14,no_srpt,le_8KB_flow_count,6822.0
AliStorage2019,14,no_srpt,le_8KB_slowdown_mean,1.0138497271819131
AliStorage2019,14,no_srpt,le_8KB_slowdown_p95,1.070583210879447
AliStorage2019,14,no_srpt,le_8KB_slowdown_p99,1.1335017769770483
AliStorage2019,14,no_srpt,long_to_small_slowdown_mean_ratio,1.519780195336622
AliStorage2019,14,no_srpt,max_active_flows,3.0
AliStorage2019,14,no_srpt,overall_fct_us_mean,11.08880423226334
AliStorage2019,14,no_srpt,overall_fct_us_p95,15.693500000000009
AliStorage2019,14,no_srpt,overall_fct_us_p99,159.36693000000048
AliStorage2019,14,no_srpt,overall_flow_count,9782.0
AliStorage2019,14,no_srpt,overall_slowdown_mean,1.0381497482705404
AliStorage2019,14,no_srpt,overall_slowdown_p95,1.1694660571606357
AliStorage2019,14,no_srpt,overall_slowdown_p99,1.5423541906976925
AliStorage2019,14,no_srpt,pfc_pause_events,0.0
AliStorage2019,14,no_srpt,pfc_resume_events,0.0
AliStorage2019,14,no_srpt,proactive_releases,542.0
AliStorage2019,14,no_srpt,queue_bytes_max,529740.0
AliStorage2019,14,no_srpt,queue_bytes_mean,1710.448
AliStorage2019,14,no_srpt,queue_bytes_p95,0.0
AliStorage2019,14,no_srpt,queue_bytes_p99,56680.0
AliStorage2019,14,no_srpt,queue_sample_count,400020.0
AliStorage2019,14,no_srpt,reactive_binding_rate_changes,85.0
AliStorage2019,14,no_srpt,reactive_binding_updates,85.0
AliStorage2019,14,no_srpt,recovery_nacks_generated,0.0
AliStorage2019,14,no_srpt,recovery_nacks_received,0.0
AliStorage2019,14,no_srpt,registrations,542.0
AliStorage2019,14,no_srpt,selected_registrations,542.0
AliStorage2019,14,no_srpt,tie_binding_rate_changes,5.0
AliStorage2019,14,no_srpt,tie_binding_updates,363.0
AliStorage2019,14,no_srpt,timeout_recoveries,0.0
AliStorage2019,14,no_reclaim,1BDP_to_1MB_fct_us_mean,40.37395306859205
AliStorage2019,14,no_reclaim,1BDP_to_1MB_fct_us_p95,102.42559999999999
AliStorage2019,14,no_reclaim,1BDP_to_1MB_fct_us_p99,171.25392000000036
AliStorage2019,14,no_reclaim,1BDP_to_1MB_flow_count,277.0
AliStorage2019,14,no_reclaim,1BDP_to_1MB_slowdown_mean,1.1978612759458815
AliStorage2019,14,no_reclaim,1BDP_to_1MB_slowdown_p95,1.5995686735578452
AliStorage2019,14,no_reclaim,1BDP_to_1MB_slowdown_p99,2.1949388576726756
AliStorage2019,14,no_reclaim,8KB_to_1BDP_fct_us_mean,8.804739811912226
AliStorage2019,14,no_reclaim,8KB_to_1BDP_fct_us_p95,14.284799999999995
AliStorage2019,14,no_reclaim,8KB_to_1BDP_fct_us_p99,17.849269999999997
AliStorage2019,14,no_reclaim,8KB_to_1BDP_flow_count,2552.0
AliStorage2019,14,no_reclaim,8KB_to_1BDP_slowdown_mean,1.0296376526975783
AliStorage2019,14,no_reclaim,8KB_to_1BDP_slowdown_p95,1.124377461272314
AliStorage2019,14,no_reclaim,8KB_to_1BDP_slowdown_p99,1.2818218535204753
AliStorage2019,14,no_reclaim,aggregate_goodput_gbps,153.10261654936912
AliStorage2019,14,no_reclaim,completion_releases,0.0
AliStorage2019,14,no_reclaim,completion_span_us,19998.285
AliStorage2019,14,no_reclaim,grant_binding_rate_changes,0.0
AliStorage2019,14,no_reclaim,grant_binding_updates,10.0
AliStorage2019,14,no_reclaim,grant_bytes_sent,402790.0
AliStorage2019,14,no_reclaim,grant_event_rate_changes,446.0
AliStorage2019,14,no_reclaim,grants_received,4285.0
AliStorage2019,14,no_reclaim,grants_sent,4285.0
AliStorage2019,14,no_reclaim,gt_1MB_fct_us_mean,201.249893129771
AliStorage2019,14,no_reclaim,gt_1MB_fct_us_p95,368.19550000000004
AliStorage2019,14,no_reclaim,gt_1MB_fct_us_p99,463.8341999999995
AliStorage2019,14,no_reclaim,gt_1MB_flow_count,131.0
AliStorage2019,14,no_reclaim,gt_1MB_slowdown_mean,1.4856695582350676
AliStorage2019,14,no_reclaim,gt_1MB_slowdown_p95,2.513894558752809
AliStorage2019,14,no_reclaim,gt_1MB_slowdown_p99,3.397738039194454
AliStorage2019,14,no_reclaim,guard_ack_interval_packets,8.0
AliStorage2019,14,no_reclaim,guard_adaptive_grant_updates,0.0
AliStorage2019,14,no_reclaim,guard_fixed_window,1.0
AliStorage2019,14,no_reclaim,guard_grant_refresh_bdps,1.0
AliStorage2019,14,no_reclaim,guard_long_acks_suppressed,256529.0
AliStorage2019,14,no_reclaim,guard_min_share_fraction,0.0
AliStorage2019,14,no_reclaim,guard_one_rtt_acks_suppressed,84409.0
AliStorage2019,14,no_reclaim,guard_one_rtt_bypass_enabled,1.0
AliStorage2019,14,no_reclaim,guard_one_rtt_bypass_feedbacks,9240.0
AliStorage2019,14,no_reclaim,guard_one_rtt_bypass_flows,9240.0
AliStorage2019,14,no_reclaim,guard_rebalance_events,0.0
AliStorage2019,14,no_reclaim,guard_remaining_aware,1.0
AliStorage2019,14,no_reclaim,guard_remaining_exponent,1.0
AliStorage2019,14,no_reclaim,guard_remaining_refresh_events,3495.0
AliStorage2019,14,no_reclaim,guard_sender_srpt_enabled,1.0
AliStorage2019,14,no_reclaim,guard_sender_srpt_forced_rr,62.0
AliStorage2019,14,no_reclaim,guard_sender_srpt_non_rr,26146.0
AliStorage2019,14,no_reclaim,guard_sender_srpt_selections,387639.0
AliStorage2019,14,no_reclaim,guard_srpt_quantum_packets,64.0
AliStorage2019,14,no_reclaim,guard_tail_bypass_bdps,8.0
AliStorage2019,14,no_reclaim,guard_tail_bypass_enabled,1.0
AliStorage2019,14,no_reclaim,guard_tail_bypass_feedbacks,21158.0
AliStorage2019,14,no_reclaim,guard_tail_bypass_flows,542.0
AliStorage2019,14,no_reclaim,hpcc_actual_rate_changes,92.0
AliStorage2019,14,no_reclaim,hpcc_fast_computations,0.0
AliStorage2019,14,no_reclaim,hpcc_feedback_updates,2448.0
AliStorage2019,14,no_reclaim,hpcc_full_computations,466.0
AliStorage2019,14,no_reclaim,hpcc_rate_updates_applied,466.0
AliStorage2019,14,no_reclaim,hpcc_valid_feedback,544.0
AliStorage2019,14,no_reclaim,int_hops_after_strip,47508.0
AliStorage2019,14,no_reclaim,int_hops_before_strip,94209.0
AliStorage2019,14,no_reclaim,int_records_stripped,46701.0
AliStorage2019,14,no_reclaim,irn_nacks_generated,0.0
AliStorage2019,14,no_reclaim,irn_nacks_received,0.0
AliStorage2019,14,no_reclaim,irn_retransmit_bytes,0.0
AliStorage2019,14,no_reclaim,irn_retransmit_packets,0.0
AliStorage2019,14,no_reclaim,le_8KB_fct_us_mean,6.776268103195544
AliStorage2019,14,no_reclaim,le_8KB_fct_us_p95,9.103
AliStorage2019,14,no_reclaim,le_8KB_fct_us_p99,9.34379
AliStorage2019,14,no_reclaim,le_8KB_flow_count,6822.0
AliStorage2019,14,no_reclaim,le_8KB_slowdown_mean,1.0073160216467194
AliStorage2019,14,no_reclaim,le_8KB_slowdown_p95,1.0290596561316527
AliStorage2019,14,no_reclaim,le_8KB_slowdown_p99,1.0639285809234384
AliStorage2019,14,no_reclaim,long_to_small_slowdown_mean_ratio,1.4748793092820616
AliStorage2019,14,no_reclaim,max_active_flows,3.0
AliStorage2019,14,no_reclaim,overall_fct_us_mean,10.861246984256798
AliStorage2019,14,no_reclaim,overall_fct_us_p95,15.144850000000018
AliStorage2019,14,no_reclaim,overall_fct_us_p99,152.49334000000056
AliStorage2019,14,no_reclaim,overall_flow_count,9782.0
AliStorage2019,14,no_reclaim,overall_slowdown_mean,1.0249412671155125
AliStorage2019,14,no_reclaim,overall_slowdown_p95,1.100116649502972
AliStorage2019,14,no_reclaim,overall_slowdown_p99,1.3601455700905483
AliStorage2019,14,no_reclaim,pfc_pause_events,0.0
AliStorage2019,14,no_reclaim,pfc_resume_events,0.0
AliStorage2019,14,no_reclaim,proactive_releases,542.0
AliStorage2019,14,no_reclaim,queue_bytes_max,432564.0
AliStorage2019,14,no_reclaim,queue_bytes_mean,1640.419
AliStorage2019,14,no_reclaim,queue_bytes_p95,0.0
AliStorage2019,14,no_reclaim,queue_bytes_p99,56680.0
AliStorage2019,14,no_reclaim,queue_sample_count,400020.0
AliStorage2019,14,no_reclaim,reactive_binding_rate_changes,87.0
AliStorage2019,14,no_reclaim,reactive_binding_updates,87.0
AliStorage2019,14,no_reclaim,recovery_nacks_generated,0.0
AliStorage2019,14,no_reclaim,recovery_nacks_received,0.0
AliStorage2019,14,no_reclaim,registrations,542.0
AliStorage2019,14,no_reclaim,selected_registrations,542.0
AliStorage2019,14,no_reclaim,tie_binding_rate_changes,5.0
AliStorage2019,14,no_reclaim,tie_binding_updates,369.0
AliStorage2019,14,no_reclaim,timeout_recoveries,0.0
AliStorage2019,14,no_one_rtt,1BDP_to_1MB_fct_us_mean,40.398740072202166
AliStorage2019,14,no_one_rtt,1BDP_to_1MB_fct_us_p95,102.52859999999998
AliStorage2019,14,no_one_rtt,1BDP_to_1MB_fct_us_p99,170.82504000000034
AliStorage2019,14,no_one_rtt,1BDP_to_1MB_flow_count,277.0
AliStorage2019,14,no_one_rtt,1BDP_to_1MB_slowdown_mean,1.198591408496391
AliStorage2019,14,no_one_rtt,1BDP_to_1MB_slowdown_p95,1.6005759614393986
AliStorage2019,14,no_one_rtt,1BDP_to_1MB_slowdown_p99,2.197897513713093
AliStorage2019,14,no_one_rtt,8KB_to_1BDP_fct_us_mean,8.806742554858934
AliStorage2019,14,no_one_rtt,8KB_to_1BDP_fct_us_p95,14.312199999999997
AliStorage2019,14,no_one_rtt,8KB_to_1BDP_fct_us_p99,17.88549999999999
AliStorage2019,14,no_one_rtt,8KB_to_1BDP_flow_count,2552.0
AliStorage2019,14,no_one_rtt,8KB_to_1BDP_slowdown_mean,1.0298386267283972
AliStorage2019,14,no_one_rtt,8KB_to_1BDP_slowdown_p95,1.1254814112937566
AliStorage2019,14,no_one_rtt,8KB_to_1BDP_slowdown_p99,1.2823978300422745
AliStorage2019,14,no_one_rtt,aggregate_goodput_gbps,153.10261654936912
AliStorage2019,14,no_one_rtt,completion_releases,0.0
AliStorage2019,14,no_one_rtt,completion_span_us,19998.285
AliStorage2019,14,no_one_rtt,grant_binding_rate_changes,0.0
AliStorage2019,14,no_one_rtt,grant_binding_updates,10.0
AliStorage2019,14,no_one_rtt,grant_bytes_sent,402602.0
AliStorage2019,14,no_one_rtt,grant_event_rate_changes,442.0
AliStorage2019,14,no_one_rtt,grants_received,4283.0
AliStorage2019,14,no_one_rtt,grants_sent,4283.0
AliStorage2019,14,no_one_rtt,gt_1MB_fct_us_mean,201.36391603053434
AliStorage2019,14,no_one_rtt,gt_1MB_fct_us_p95,369.17
AliStorage2019,14,no_one_rtt,gt_1MB_fct_us_p99,464.0741999999995
AliStorage2019,14,no_one_rtt,gt_1MB_flow_count,131.0
AliStorage2019,14,no_one_rtt,gt_1MB_slowdown_mean,1.4865486067969595
AliStorage2019,14,no_one_rtt,gt_1MB_slowdown_p95,2.5131043026483972
AliStorage2019,14,no_one_rtt,gt_1MB_slowdown_p99,3.4025878825653546
AliStorage2019,14,no_one_rtt,guard_ack_interval_packets,8.0
AliStorage2019,14,no_one_rtt,guard_adaptive_grant_updates,0.0
AliStorage2019,14,no_one_rtt,guard_fixed_window,1.0
AliStorage2019,14,no_one_rtt,guard_grant_refresh_bdps,1.0
AliStorage2019,14,no_one_rtt,guard_long_acks_suppressed,326610.0
AliStorage2019,14,no_one_rtt,guard_min_share_fraction,0.0
AliStorage2019,14,no_one_rtt,guard_one_rtt_acks_suppressed,0.0
AliStorage2019,14,no_one_rtt,guard_one_rtt_bypass_enabled,0.0
AliStorage2019,14,no_one_rtt,guard_one_rtt_bypass_feedbacks,0.0
AliStorage2019,14,no_one_rtt,guard_one_rtt_bypass_flows,0.0
AliStorage2019,14,no_one_rtt,guard_rebalance_events,0.0
AliStorage2019,14,no_one_rtt,guard_remaining_aware,1.0
AliStorage2019,14,no_one_rtt,guard_remaining_exponent,1.0
AliStorage2019,14,no_one_rtt,guard_remaining_refresh_events,3495.0
AliStorage2019,14,no_one_rtt,guard_sender_srpt_enabled,1.0
AliStorage2019,14,no_one_rtt,guard_sender_srpt_forced_rr,64.0
AliStorage2019,14,no_one_rtt,guard_sender_srpt_non_rr,26022.0
AliStorage2019,14,no_one_rtt,guard_sender_srpt_selections,387639.0
AliStorage2019,14,no_one_rtt,guard_srpt_quantum_packets,64.0
AliStorage2019,14,no_one_rtt,guard_tail_bypass_bdps,8.0
AliStorage2019,14,no_one_rtt,guard_tail_bypass_enabled,1.0
AliStorage2019,14,no_one_rtt,guard_tail_bypass_feedbacks,21161.0
AliStorage2019,14,no_one_rtt,guard_tail_bypass_flows,542.0
AliStorage2019,14,no_one_rtt,hpcc_actual_rate_changes,92.0
AliStorage2019,14,no_one_rtt,hpcc_fast_computations,0.0
AliStorage2019,14,no_one_rtt,hpcc_feedback_updates,11726.0
AliStorage2019,14,no_one_rtt,hpcc_full_computations,486.0
AliStorage2019,14,no_one_rtt,hpcc_rate_updates_applied,486.0
AliStorage2019,14,no_one_rtt,hpcc_valid_feedback,5464.0
AliStorage2019,14,no_one_rtt,int_hops_after_strip,63998.0
AliStorage2019,14,no_one_rtt,int_hops_before_strip,125027.0
AliStorage2019,14,no_one_rtt,int_records_stripped,61029.0
AliStorage2019,14,no_one_rtt,irn_nacks_generated,0.0
AliStorage2019,14,no_one_rtt,irn_nacks_received,0.0
AliStorage2019,14,no_one_rtt,irn_retransmit_bytes,0.0
AliStorage2019,14,no_one_rtt,irn_retransmit_packets,0.0
AliStorage2019,14,no_one_rtt,le_8KB_fct_us_mean,6.776996628554676
AliStorage2019,14,no_one_rtt,le_8KB_fct_us_p95,9.10695
AliStorage2019,14,no_one_rtt,le_8KB_fct_us_p99,9.35079
AliStorage2019,14,no_one_rtt,le_8KB_flow_count,6822.0
AliStorage2019,14,no_one_rtt,le_8KB_slowdown_mean,1.00738399681631
AliStorage2019,14,no_one_rtt,le_8KB_slowdown_p95,1.0285454359920498
AliStorage2019,14,no_one_rtt,le_8KB_slowdown_p99,1.0644518377432306
AliStorage2019,14,no_one_rtt,long_to_small_slowdown_mean_ratio,1.4756523942160875
AliStorage2019,14,no_one_rtt,max_active_flows,3.0
AliStorage2019,14,no_one_rtt,overall_fct_us_mean,10.864506440400737
AliStorage2019,14,no_one_rtt,overall_fct_us_p95,15.13535000000001
AliStorage2019,14,no_one_rtt,overall_fct_us_p99,152.66734000000056
AliStorage2019,14,no_one_rtt,overall_flow_count,9782.0
AliStorage2019,14,no_one_rtt,overall_slowdown_mean,1.0250735523753465
AliStorage2019,14,no_one_rtt,overall_slowdown_p95,1.1000563378840809
AliStorage2019,14,no_one_rtt,overall_slowdown_p99,1.3601455700905483
AliStorage2019,14,no_one_rtt,pfc_pause_events,0.0
AliStorage2019,14,no_one_rtt,pfc_resume_events,0.0
AliStorage2019,14,no_one_rtt,proactive_releases,542.0
AliStorage2019,14,no_one_rtt,queue_bytes_max,440194.0
AliStorage2019,14,no_one_rtt,queue_bytes_mean,1646.942
AliStorage2019,14,no_one_rtt,queue_bytes_p95,0.0
AliStorage2019,14,no_one_rtt,queue_bytes_p99,56680.0
AliStorage2019,14,no_one_rtt,queue_sample_count,400020.0
AliStorage2019,14,no_one_rtt,reactive_binding_rate_changes,87.0
AliStorage2019,14,no_one_rtt,reactive_binding_updates,87.0
AliStorage2019,14,no_one_rtt,recovery_nacks_generated,0.0
AliStorage2019,14,no_one_rtt,recovery_nacks_received,0.0
AliStorage2019,14,no_one_rtt,registrations,542.0
AliStorage2019,14,no_one_rtt,selected_registrations,542.0
AliStorage2019,14,no_one_rtt,tie_binding_rate_changes,5.0
AliStorage2019,14,no_one_rtt,tie_binding_updates,389.0
AliStorage2019,14,no_one_rtt,timeout_recoveries,0.0
AliStorage2019,14,no_tail,1BDP_to_1MB_fct_us_mean,43.42074368231047
AliStorage2019,14,no_tail,1BDP_to_1MB_fct_us_p95,105.09559999999999
AliStorage2019,14,no_tail,1BDP_to_1MB_fct_us_p99,212.77320000000006
AliStorage2019,14,no_tail,1BDP_to_1MB_flow_count,277.0
AliStorage2019,14,no_tail,1BDP_to_1MB_slowdown_mean,1.2450784454548587
AliStorage2019,14,no_tail,1BDP_to_1MB_slowdown_p95,1.6470093389076708
AliStorage2019,14,no_tail,1BDP_to_1MB_slowdown_p99,2.6209207981916114
AliStorage2019,14,no_tail,8KB_to_1BDP_fct_us_mean,8.806084247648903
AliStorage2019,14,no_tail,8KB_to_1BDP_fct_us_p95,14.288649999999997
AliStorage2019,14,no_tail,8KB_to_1BDP_fct_us_p99,17.849269999999997
AliStorage2019,14,no_tail,8KB_to_1BDP_flow_count,2552.0
AliStorage2019,14,no_tail,8KB_to_1BDP_slowdown_mean,1.0297784575610884
AliStorage2019,14,no_tail,8KB_to_1BDP_slowdown_p95,1.123794015690276
AliStorage2019,14,no_tail,8KB_to_1BDP_slowdown_p99,1.2831651634537966
AliStorage2019,14,no_tail,aggregate_goodput_gbps,153.10261654936912
AliStorage2019,14,no_tail,completion_releases,0.0
AliStorage2019,14,no_tail,completion_span_us,19998.285
AliStorage2019,14,no_tail,grant_binding_rate_changes,2.0
AliStorage2019,14,no_tail,grant_binding_updates,49.0
AliStorage2019,14,no_tail,grant_bytes_sent,403072.0
AliStorage2019,14,no_tail,grant_event_rate_changes,420.0
AliStorage2019,14,no_tail,grants_received,4288.0
AliStorage2019,14,no_tail,grants_sent,4288.0
AliStorage2019,14,no_tail,gt_1MB_fct_us_mean,200.45842748091604
AliStorage2019,14,no_tail,gt_1MB_fct_us_p95,369.586
AliStorage2019,14,no_tail,gt_1MB_fct_us_p99,467.3433999999994
AliStorage2019,14,no_tail,gt_1MB_flow_count,131.0
AliStorage2019,14,no_tail,gt_1MB_slowdown_mean,1.479973039233227
AliStorage2019,14,no_tail,gt_1MB_slowdown_p95,2.463134608658345
AliStorage2019,14,no_tail,gt_1MB_slowdown_p99,3.294001006593461
AliStorage2019,14,no_tail,guard_ack_interval_packets,8.0
AliStorage2019,14,no_tail,guard_adaptive_grant_updates,0.0
AliStorage2019,14,no_tail,guard_fixed_window,1.0
AliStorage2019,14,no_tail,guard_grant_refresh_bdps,1.0
AliStorage2019,14,no_tail,guard_long_acks_suppressed,256529.0
AliStorage2019,14,no_tail,guard_min_share_fraction,0.0
AliStorage2019,14,no_tail,guard_one_rtt_acks_suppressed,84409.0
AliStorage2019,14,no_tail,guard_one_rtt_bypass_enabled,1.0
AliStorage2019,14,no_tail,guard_one_rtt_bypass_feedbacks,9240.0
AliStorage2019,14,no_tail,guard_one_rtt_bypass_flows,9240.0
AliStorage2019,14,no_tail,guard_rebalance_events,0.0
AliStorage2019,14,no_tail,guard_remaining_aware,1.0
AliStorage2019,14,no_tail,guard_remaining_exponent,1.0
AliStorage2019,14,no_tail,guard_remaining_refresh_events,3500.0
AliStorage2019,14,no_tail,guard_sender_srpt_enabled,1.0
AliStorage2019,14,no_tail,guard_sender_srpt_forced_rr,60.0
AliStorage2019,14,no_tail,guard_sender_srpt_non_rr,25790.0
AliStorage2019,14,no_tail,guard_sender_srpt_selections,387639.0
AliStorage2019,14,no_tail,guard_srpt_quantum_packets,64.0
AliStorage2019,14,no_tail,guard_tail_bypass_bdps,8.0
AliStorage2019,14,no_tail,guard_tail_bypass_enabled,0.0
AliStorage2019,14,no_tail,guard_tail_bypass_feedbacks,0.0
AliStorage2019,14,no_tail,guard_tail_bypass_flows,0.0
AliStorage2019,14,no_tail,hpcc_actual_rate_changes,334.0
AliStorage2019,14,no_tail,hpcc_fast_computations,0.0
AliStorage2019,14,no_tail,hpcc_feedback_updates,5093.0
AliStorage2019,14,no_tail,hpcc_full_computations,1509.0
AliStorage2019,14,no_tail,hpcc_rate_updates_applied,1509.0
AliStorage2019,14,no_tail,hpcc_valid_feedback,1736.0
AliStorage2019,14,no_tail,int_hops_after_strip,47508.0
AliStorage2019,14,no_tail,int_hops_before_strip,94209.0
AliStorage2019,14,no_tail,int_records_stripped,46701.0
AliStorage2019,14,no_tail,irn_nacks_generated,0.0
AliStorage2019,14,no_tail,irn_nacks_received,0.0
AliStorage2019,14,no_tail,irn_retransmit_bytes,0.0
AliStorage2019,14,no_tail,irn_retransmit_packets,0.0
AliStorage2019,14,no_tail,le_8KB_fct_us_mean,6.776445470536499
AliStorage2019,14,no_tail,le_8KB_fct_us_p95,9.105
AliStorage2019,14,no_tail,le_8KB_fct_us_p99,9.35258
AliStorage2019,14,no_tail,le_8KB_flow_count,6822.0
AliStorage2019,14,no_tail,le_8KB_slowdown_mean,1.0073504261464181
AliStorage2019,14,no_tail,le_8KB_slowdown_p95,1.0290297465227638
AliStorage2019,14,no_tail,le_8KB_slowdown_p99,1.0640122592354857
AliStorage2019,14,no_tail,long_to_small_slowdown_mean_ratio,1.4691739843649139
AliStorage2019,14,no_tail,max_active_flows,3.0
AliStorage2019,14,no_tail,overall_fct_us_mean,10.93739910038847
AliStorage2019,14,no_tail,overall_fct_us_p95,15.147900000000002
AliStorage2019,14,no_tail,overall_fct_us_p99,153.54704000000046
AliStorage2019,14,no_tail,overall_flow_count,9782.0
AliStorage2019,14,no_tail,overall_slowdown_mean,1.0262627712530474
AliStorage2019,14,no_tail,overall_slowdown_p95,1.1008008955167992
AliStorage2019,14,no_tail,overall_slowdown_p99,1.3644836795555206
AliStorage2019,14,no_tail,pfc_pause_events,0.0
AliStorage2019,14,no_tail,pfc_resume_events,0.0
AliStorage2019,14,no_tail,proactive_releases,542.0
AliStorage2019,14,no_tail,queue_bytes_max,400788.0
AliStorage2019,14,no_tail,queue_bytes_mean,1512.352
AliStorage2019,14,no_tail,queue_bytes_p95,0.0
AliStorage2019,14,no_tail,queue_bytes_p99,50140.0
AliStorage2019,14,no_tail,queue_sample_count,400020.0
AliStorage2019,14,no_tail,reactive_binding_rate_changes,314.0
AliStorage2019,14,no_tail,reactive_binding_updates,314.0
AliStorage2019,14,no_tail,recovery_nacks_generated,0.0
AliStorage2019,14,no_tail,recovery_nacks_received,0.0
AliStorage2019,14,no_tail,registrations,542.0
AliStorage2019,14,no_tail,selected_registrations,542.0
AliStorage2019,14,no_tail,tie_binding_rate_changes,18.0
AliStorage2019,14,no_tail,tie_binding_updates,1146.0
AliStorage2019,14,no_tail,timeout_recoveries,0.0
AliStorage2019,14,no_remaining,1BDP_to_1MB_fct_us_mean,41.149675090252714
AliStorage2019,14,no_remaining,1BDP_to_1MB_fct_us_p95,107.16379999999994
AliStorage2019,14,no_remaining,1BDP_to_1MB_fct_us_p99,173.9611200000003
AliStorage2019,14,no_remaining,1BDP_to_1MB_flow_count,277.0
AliStorage2019,14,no_remaining,1BDP_to_1MB_slowdown_mean,1.2204554976525557
AliStorage2019,14,no_remaining,1BDP_to_1MB_slowdown_p95,1.6835321204875466
AliStorage2019,14,no_remaining,1BDP_to_1MB_slowdown_p99,2.188748340806743
AliStorage2019,14,no_remaining,8KB_to_1BDP_fct_us_mean,8.813010579937304
AliStorage2019,14,no_remaining,8KB_to_1BDP_fct_us_p95,14.375399999999997
AliStorage2019,14,no_remaining,8KB_to_1BDP_fct_us_p99,17.845699999999994
AliStorage2019,14,no_remaining,8KB_to_1BDP_flow_count,2552.0
AliStorage2019,14,no_remaining,8KB_to_1BDP_slowdown_mean,1.0303702820987428
AliStorage2019,14,no_remaining,8KB_to_1BDP_slowdown_p95,1.130042700123536
AliStorage2019,14,no_remaining,8KB_to_1BDP_slowdown_p99,1.313437572940221
AliStorage2019,14,no_remaining,aggregate_goodput_gbps,153.10261654936912
AliStorage2019,14,no_remaining,completion_releases,0.0
AliStorage2019,14,no_remaining,completion_span_us,19998.285
AliStorage2019,14,no_remaining,grant_binding_rate_changes,0.0
AliStorage2019,14,no_remaining,grant_binding_updates,11.0
AliStorage2019,14,no_remaining,grant_bytes_sent,59784.0
AliStorage2019,14,no_remaining,grant_event_rate_changes,139.0
AliStorage2019,14,no_remaining,grants_received,636.0
AliStorage2019,14,no_remaining,grants_sent,636.0
AliStorage2019,14,no_remaining,gt_1MB_fct_us_mean,200.79474045801527
AliStorage2019,14,no_remaining,gt_1MB_fct_us_p95,363.89
AliStorage2019,14,no_remaining,gt_1MB_fct_us_p99,461.65479999999945
AliStorage2019,14,no_remaining,gt_1MB_flow_count,131.0
AliStorage2019,14,no_remaining,gt_1MB_slowdown_mean,1.484442379923855
AliStorage2019,14,no_remaining,gt_1MB_slowdown_p95,2.5008064452221603
AliStorage2019,14,no_remaining,gt_1MB_slowdown_p99,3.4012784724177183
AliStorage2019,14,no_remaining,guard_ack_interval_packets,8.0
AliStorage2019,14,no_remaining,guard_adaptive_grant_updates,0.0
AliStorage2019,14,no_remaining,guard_fixed_window,1.0
AliStorage2019,14,no_remaining,guard_grant_refresh_bdps,1.0
AliStorage2019,14,no_remaining,guard_long_acks_suppressed,256529.0
AliStorage2019,14,no_remaining,guard_min_share_fraction,0.0
AliStorage2019,14,no_remaining,guard_one_rtt_acks_suppressed,84409.0
AliStorage2019,14,no_remaining,guard_one_rtt_bypass_enabled,1.0
AliStorage2019,14,no_remaining,guard_one_rtt_bypass_feedbacks,9240.0
AliStorage2019,14,no_remaining,guard_one_rtt_bypass_flows,9240.0
AliStorage2019,14,no_remaining,guard_rebalance_events,1.0
AliStorage2019,14,no_remaining,guard_remaining_aware,0.0
AliStorage2019,14,no_remaining,guard_remaining_exponent,1.0
AliStorage2019,14,no_remaining,guard_remaining_refresh_events,0.0
AliStorage2019,14,no_remaining,guard_sender_srpt_enabled,1.0
AliStorage2019,14,no_remaining,guard_sender_srpt_forced_rr,67.0
AliStorage2019,14,no_remaining,guard_sender_srpt_non_rr,26098.0
AliStorage2019,14,no_remaining,guard_sender_srpt_selections,387639.0
AliStorage2019,14,no_remaining,guard_srpt_quantum_packets,64.0
AliStorage2019,14,no_remaining,guard_tail_bypass_bdps,8.0
AliStorage2019,14,no_remaining,guard_tail_bypass_enabled,1.0
AliStorage2019,14,no_remaining,guard_tail_bypass_feedbacks,21161.0
AliStorage2019,14,no_remaining,guard_tail_bypass_flows,542.0
AliStorage2019,14,no_remaining,hpcc_actual_rate_changes,94.0
AliStorage2019,14,no_remaining,hpcc_fast_computations,0.0
AliStorage2019,14,no_remaining,hpcc_feedback_updates,2407.0
AliStorage2019,14,no_remaining,hpcc_full_computations,463.0
AliStorage2019,14,no_remaining,hpcc_rate_updates_applied,463.0
AliStorage2019,14,no_remaining,hpcc_valid_feedback,541.0
AliStorage2019,14,no_remaining,int_hops_after_strip,47508.0
AliStorage2019,14,no_remaining,int_hops_before_strip,94209.0
AliStorage2019,14,no_remaining,int_records_stripped,46701.0
AliStorage2019,14,no_remaining,irn_nacks_generated,0.0
AliStorage2019,14,no_remaining,irn_nacks_received,0.0
AliStorage2019,14,no_remaining,irn_retransmit_bytes,0.0
AliStorage2019,14,no_remaining,irn_retransmit_packets,0.0
AliStorage2019,14,no_remaining,le_8KB_fct_us_mean,6.776674728818528
AliStorage2019,14,no_remaining,le_8KB_fct_us_p95,9.106
AliStorage2019,14,no_remaining,le_8KB_fct_us_p99,9.35079
AliStorage2019,14,no_remaining,le_8KB_flow_count,6822.0
AliStorage2019,14,no_remaining,le_8KB_slowdown_mean,1.007375926485725
AliStorage2019,14,no_remaining,le_8KB_slowdown_p95,1.029447517985788
AliStorage2019,14,no_remaining,le_8KB_slowdown_p99,1.0633304691276808
AliStorage2019,14,no_remaining,long_to_small_slowdown_mean_ratio,1.4735734107746623
AliStorage2019,14,no_remaining,max_active_flows,3.0
AliStorage2019,14,no_remaining,overall_fct_us_mean,10.879559292578206
AliStorage2019,14,no_remaining,overall_fct_us_p95,15.253250000000026
AliStorage2019,14,no_remaining,overall_fct_us_p99,152.66738000000103
AliStorage2019,14,no_remaining,overall_flow_count,9782.0
AliStorage2019,14,no_remaining,overall_slowdown_mean,1.0257975521387641
AliStorage2019,14,no_remaining,overall_slowdown_p95,1.1014091608861334
AliStorage2019,14,no_remaining,overall_slowdown_p99,1.39360699386738
AliStorage2019,14,no_remaining,pfc_pause_events,0.0
AliStorage2019,14,no_remaining,pfc_resume_events,0.0
AliStorage2019,14,no_remaining,proactive_releases,542.0
AliStorage2019,14,no_remaining,queue_bytes_max,448914.0
AliStorage2019,14,no_remaining,queue_bytes_mean,1685.739
AliStorage2019,14,no_remaining,queue_bytes_p95,0.0
AliStorage2019,14,no_remaining,queue_bytes_p99,57770.0
AliStorage2019,14,no_remaining,queue_sample_count,400020.0
AliStorage2019,14,no_remaining,reactive_binding_rate_changes,89.0
AliStorage2019,14,no_remaining,reactive_binding_updates,89.0
AliStorage2019,14,no_remaining,recovery_nacks_generated,0.0
AliStorage2019,14,no_remaining,recovery_nacks_received,0.0
AliStorage2019,14,no_remaining,registrations,542.0
AliStorage2019,14,no_remaining,selected_registrations,542.0
AliStorage2019,14,no_remaining,tie_binding_rate_changes,5.0
AliStorage2019,14,no_remaining,tie_binding_updates,363.0
AliStorage2019,14,no_remaining,timeout_recoveries,0.0
AliStorage2019,14,no_ack_coalescing,1BDP_to_1MB_fct_us_mean,40.156671480144404
AliStorage2019,14,no_ack_coalescing,1BDP_to_1MB_fct_us_p95,101.88039999999998
AliStorage2019,14,no_ack_coalescing,1BDP_to_1MB_fct_us_p99,177.0788800000005
AliStorage2019,14,no_ack_coalescing,1BDP_to_1MB_flow_count,277.0
AliStorage2019,14,no_ack_coalescing,1BDP_to_1MB_slowdown_mean,1.1950995118932028
AliStorage2019,14,no_ack_coalescing,1BDP_to_1MB_slowdown_p95,1.6055961771926466
AliStorage2019,14,no_ack_coalescing,1BDP_to_1MB_slowdown_p99,2.3261858106221998
AliStorage2019,14,no_ack_coalescing,8KB_to_1BDP_fct_us_mean,8.840782915360501
AliStorage2019,14,no_ack_coalescing,8KB_to_1BDP_fct_us_p95,14.434949999999997
AliStorage2019,14,no_ack_coalescing,8KB_to_1BDP_fct_us_p99,18.26298
AliStorage2019,14,no_ack_coalescing,8KB_to_1BDP_flow_count,2552.0
AliStorage2019,14,no_ack_coalescing,8KB_to_1BDP_slowdown_mean,1.0333685682734999
AliStorage2019,14,no_ack_coalescing,8KB_to_1BDP_slowdown_p95,1.1406163047107598
AliStorage2019,14,no_ack_coalescing,8KB_to_1BDP_slowdown_p99,1.2856420723845194
AliStorage2019,14,no_ack_coalescing,aggregate_goodput_gbps,153.10261654936912
AliStorage2019,14,no_ack_coalescing,completion_releases,0.0
AliStorage2019,14,no_ack_coalescing,completion_span_us,19998.285
AliStorage2019,14,no_ack_coalescing,grant_binding_rate_changes,0.0
AliStorage2019,14,no_ack_coalescing,grant_binding_updates,5.0
AliStorage2019,14,no_ack_coalescing,grant_bytes_sent,403542.0
AliStorage2019,14,no_ack_coalescing,grant_event_rate_changes,437.0
AliStorage2019,14,no_ack_coalescing,grants_received,4293.0
AliStorage2019,14,no_ack_coalescing,grants_sent,4293.0
AliStorage2019,14,no_ack_coalescing,gt_1MB_fct_us_mean,203.14651908396945
AliStorage2019,14,no_ack_coalescing,gt_1MB_fct_us_p95,426.19000000000005
AliStorage2019,14,no_ack_coalescing,gt_1MB_fct_us_p99,484.3746999999994
AliStorage2019,14,no_ack_coalescing,gt_1MB_flow_count,131.0
AliStorage2019,14,no_ack_coalescing,gt_1MB_slowdown_mean,1.4968737295991073
AliStorage2019,14,no_ack_coalescing,gt_1MB_slowdown_p95,2.6550616067981414
AliStorage2019,14,no_ack_coalescing,gt_1MB_slowdown_p99,3.759209902778145
AliStorage2019,14,no_ack_coalescing,guard_ack_interval_packets,1.0
AliStorage2019,14,no_ack_coalescing,guard_adaptive_grant_updates,0.0
AliStorage2019,14,no_ack_coalescing,guard_fixed_window,1.0
AliStorage2019,14,no_ack_coalescing,guard_grant_refresh_bdps,1.0
AliStorage2019,14,no_ack_coalescing,guard_long_acks_suppressed,0.0
AliStorage2019,14,no_ack_coalescing,guard_min_share_fraction,0.0
AliStorage2019,14,no_ack_coalescing,guard_one_rtt_acks_suppressed,84409.0
AliStorage2019,14,no_ack_coalescing,guard_one_rtt_bypass_enabled,1.0
AliStorage2019,14,no_ack_coalescing,guard_one_rtt_bypass_feedbacks,9240.0
AliStorage2019,14,no_ack_coalescing,guard_one_rtt_bypass_flows,9240.0
AliStorage2019,14,no_ack_coalescing,guard_rebalance_events,0.0
AliStorage2019,14,no_ack_coalescing,guard_remaining_aware,1.0
AliStorage2019,14,no_ack_coalescing,guard_remaining_exponent,1.0
AliStorage2019,14,no_ack_coalescing,guard_remaining_refresh_events,3503.0
AliStorage2019,14,no_ack_coalescing,guard_sender_srpt_enabled,1.0
AliStorage2019,14,no_ack_coalescing,guard_sender_srpt_forced_rr,205.0
AliStorage2019,14,no_ack_coalescing,guard_sender_srpt_non_rr,25663.0
AliStorage2019,14,no_ack_coalescing,guard_sender_srpt_selections,387639.0
AliStorage2019,14,no_ack_coalescing,guard_srpt_quantum_packets,64.0
AliStorage2019,14,no_ack_coalescing,guard_tail_bypass_bdps,8.0
AliStorage2019,14,no_ack_coalescing,guard_tail_bypass_enabled,1.0
AliStorage2019,14,no_ack_coalescing,guard_tail_bypass_feedbacks,165359.0
AliStorage2019,14,no_ack_coalescing,guard_tail_bypass_flows,542.0
AliStorage2019,14,no_ack_coalescing,hpcc_actual_rate_changes,115.0
AliStorage2019,14,no_ack_coalescing,hpcc_fast_computations,0.0
AliStorage2019,14,no_ack_coalescing,hpcc_feedback_updates,2481.0
AliStorage2019,14,no_ack_coalescing,hpcc_full_computations,482.0
AliStorage2019,14,no_ack_coalescing,hpcc_rate_updates_applied,482.0
AliStorage2019,14,no_ack_coalescing,hpcc_valid_feedback,560.0
AliStorage2019,14,no_ack_coalescing,int_hops_after_strip,306694.0
AliStorage2019,14,no_ack_coalescing,int_hops_before_strip,609924.0
AliStorage2019,14,no_ack_coalescing,int_records_stripped,303230.0
AliStorage2019,14,no_ack_coalescing,irn_nacks_generated,0.0
AliStorage2019,14,no_ack_coalescing,irn_nacks_received,0.0
AliStorage2019,14,no_ack_coalescing,irn_retransmit_bytes,0.0
AliStorage2019,14,no_ack_coalescing,irn_retransmit_packets,0.0
AliStorage2019,14,no_ack_coalescing,le_8KB_fct_us_mean,6.785663295221342
AliStorage2019,14,no_ack_coalescing,le_8KB_fct_us_p95,9.13495
AliStorage2019,14,no_ack_coalescing,le_8KB_fct_us_p99,9.39358
AliStorage2019,14,no_ack_coalescing,le_8KB_flow_count,6822.0
AliStorage2019,14,no_ack_coalescing,le_8KB_slowdown_mean,1.0084710402199566
AliStorage2019,14,no_ack_coalescing,le_8KB_slowdown_p95,1.0321375778770425
AliStorage2019,14,no_ack_coalescing,le_8KB_slowdown_p99,1.068031940457163
AliStorage2019,14,no_ack_coalescing,long_to_small_slowdown_mean_ratio,1.4843001632179995
AliStorage2019,14,no_ack_coalescing,max_active_flows,3.0
AliStorage2019,14,no_ack_coalescing,overall_fct_us_mean,10.89644909016561
AliStorage2019,14,no_ack_coalescing,overall_fct_us_p95,15.136850000000015
AliStorage2019,14,no_ack_coalescing,overall_fct_us_p99,147.59607000000062
AliStorage2019,14,no_ack_coalescing,overall_flow_count,9782.0
AliStorage2019,14,no_ack_coalescing,overall_slowdown_mean,1.0267919695344936
AliStorage2019,14,no_ack_coalescing,overall_slowdown_p95,1.1000903972983882
AliStorage2019,14,no_ack_coalescing,overall_slowdown_p99,1.3726275388284468
AliStorage2019,14,no_ack_coalescing,pfc_pause_events,0.0
AliStorage2019,14,no_ack_coalescing,pfc_resume_events,0.0
AliStorage2019,14,no_ack_coalescing,proactive_releases,542.0
AliStorage2019,14,no_ack_coalescing,queue_bytes_max,547180.0
AliStorage2019,14,no_ack_coalescing,queue_bytes_mean,2085.224
AliStorage2019,14,no_ack_coalescing,queue_bytes_p95,3270.0
AliStorage2019,14,no_ack_coalescing,queue_bytes_p99,66490.0
AliStorage2019,14,no_ack_coalescing,queue_sample_count,400020.0
AliStorage2019,14,no_ack_coalescing,reactive_binding_rate_changes,106.0
AliStorage2019,14,no_ack_coalescing,reactive_binding_updates,106.0
AliStorage2019,14,no_ack_coalescing,recovery_nacks_generated,0.0
AliStorage2019,14,no_ack_coalescing,recovery_nacks_received,0.0
AliStorage2019,14,no_ack_coalescing,registrations,542.0
AliStorage2019,14,no_ack_coalescing,selected_registrations,542.0
AliStorage2019,14,no_ack_coalescing,tie_binding_rate_changes,9.0
AliStorage2019,14,no_ack_coalescing,tie_binding_updates,371.0
AliStorage2019,14,no_ack_coalescing,timeout_recoveries,0.0
AliStorage2019,14,no_fixed_window,1BDP_to_1MB_fct_us_mean,40.65976895306859
AliStorage2019,14,no_fixed_window,1BDP_to_1MB_fct_us_p95,104.61639999999998
AliStorage2019,14,no_fixed_window,1BDP_to_1MB_fct_us_p99,169.6471200000003
AliStorage2019,14,no_fixed_window,1BDP_to_1MB_flow_count,277.0
AliStorage2019,14,no_fixed_window,1BDP_to_1MB_slowdown_mean,1.206648492163658
AliStorage2019,14,no_fixed_window,1BDP_to_1MB_slowdown_p95,1.6498616733073688
AliStorage2019,14,no_fixed_window,1BDP_to_1MB_slowdown_p99,2.1910002887966438
AliStorage2019,14,no_fixed_window,8KB_to_1BDP_fct_us_mean,8.809324843260189
AliStorage2019,14,no_fixed_window,8KB_to_1BDP_fct_us_p95,14.326349999999989
AliStorage2019,14,no_fixed_window,8KB_to_1BDP_fct_us_p99,17.881089999999993
AliStorage2019,14,no_fixed_window,8KB_to_1BDP_flow_count,2552.0
AliStorage2019,14,no_fixed_window,8KB_to_1BDP_slowdown_mean,1.0301062973261361
AliStorage2019,14,no_fixed_window,8KB_to_1BDP_slowdown_p95,1.1252548148524848
AliStorage2019,14,no_fixed_window,8KB_to_1BDP_slowdown_p99,1.2856684324497465
AliStorage2019,14,no_fixed_window,aggregate_goodput_gbps,153.10261654936912
AliStorage2019,14,no_fixed_window,completion_releases,0.0
AliStorage2019,14,no_fixed_window,completion_span_us,19998.285
AliStorage2019,14,no_fixed_window,grant_binding_rate_changes,0.0
AliStorage2019,14,no_fixed_window,grant_binding_updates,13.0
AliStorage2019,14,no_fixed_window,grant_bytes_sent,400910.0
AliStorage2019,14,no_fixed_window,grant_event_rate_changes,407.0
AliStorage2019,14,no_fixed_window,grants_received,4265.0
AliStorage2019,14,no_fixed_window,grants_sent,4265.0
AliStorage2019,14,no_fixed_window,gt_1MB_fct_us_mean,201.06907633587787
AliStorage2019,14,no_fixed_window,gt_1MB_fct_us_p95,377.34749999999997
AliStorage2019,14,no_fixed_window,gt_1MB_fct_us_p99,443.78899999999993
AliStorage2019,14,no_fixed_window,gt_1MB_flow_count,131.0
AliStorage2019,14,no_fixed_window,gt_1MB_slowdown_mean,1.4847248722057258
AliStorage2019,14,no_fixed_window,gt_1MB_slowdown_p95,2.5758167993267964
AliStorage2019,14,no_fixed_window,gt_1MB_slowdown_p99,3.264915040382182
AliStorage2019,14,no_fixed_window,guard_ack_interval_packets,8.0
AliStorage2019,14,no_fixed_window,guard_adaptive_grant_updates,0.0
AliStorage2019,14,no_fixed_window,guard_fixed_window,0.0
AliStorage2019,14,no_fixed_window,guard_grant_refresh_bdps,1.0
AliStorage2019,14,no_fixed_window,guard_long_acks_suppressed,256529.0
AliStorage2019,14,no_fixed_window,guard_min_share_fraction,0.0
AliStorage2019,14,no_fixed_window,guard_one_rtt_acks_suppressed,84409.0
AliStorage2019,14,no_fixed_window,guard_one_rtt_bypass_enabled,1.0
AliStorage2019,14,no_fixed_window,guard_one_rtt_bypass_feedbacks,9240.0
AliStorage2019,14,no_fixed_window,guard_one_rtt_bypass_flows,9240.0
AliStorage2019,14,no_fixed_window,guard_rebalance_events,0.0
AliStorage2019,14,no_fixed_window,guard_remaining_aware,1.0
AliStorage2019,14,no_fixed_window,guard_remaining_exponent,1.0
AliStorage2019,14,no_fixed_window,guard_remaining_refresh_events,3495.0
AliStorage2019,14,no_fixed_window,guard_sender_srpt_enabled,1.0
AliStorage2019,14,no_fixed_window,guard_sender_srpt_forced_rr,65.0
AliStorage2019,14,no_fixed_window,guard_sender_srpt_non_rr,25845.0
AliStorage2019,14,no_fixed_window,guard_sender_srpt_selections,387639.0
AliStorage2019,14,no_fixed_window,guard_srpt_quantum_packets,64.0
AliStorage2019,14,no_fixed_window,guard_tail_bypass_bdps,8.0
AliStorage2019,14,no_fixed_window,guard_tail_bypass_enabled,1.0
AliStorage2019,14,no_fixed_window,guard_tail_bypass_feedbacks,21161.0
AliStorage2019,14,no_fixed_window,guard_tail_bypass_flows,542.0
AliStorage2019,14,no_fixed_window,hpcc_actual_rate_changes,93.0
AliStorage2019,14,no_fixed_window,hpcc_fast_computations,0.0
AliStorage2019,14,no_fixed_window,hpcc_feedback_updates,2483.0
AliStorage2019,14,no_fixed_window,hpcc_full_computations,484.0
AliStorage2019,14,no_fixed_window,hpcc_rate_updates_applied,484.0
AliStorage2019,14,no_fixed_window,hpcc_valid_feedback,562.0
AliStorage2019,14,no_fixed_window,int_hops_after_strip,47508.0
AliStorage2019,14,no_fixed_window,int_hops_before_strip,94209.0
AliStorage2019,14,no_fixed_window,int_records_stripped,46701.0
AliStorage2019,14,no_fixed_window,irn_nacks_generated,0.0
AliStorage2019,14,no_fixed_window,irn_nacks_received,0.0
AliStorage2019,14,no_fixed_window,irn_retransmit_bytes,0.0
AliStorage2019,14,no_fixed_window,irn_retransmit_packets,0.0
AliStorage2019,14,no_fixed_window,le_8KB_fct_us_mean,6.776281149223101
AliStorage2019,14,no_fixed_window,le_8KB_fct_us_p95,9.101
AliStorage2019,14,no_fixed_window,le_8KB_fct_us_p99,9.34479
AliStorage2019,14,no_fixed_window,le_8KB_flow_count,6822.0
AliStorage2019,14,no_fixed_window,le_8KB_slowdown_mean,1.0073456964448355
AliStorage2019,14,no_fixed_window,le_8KB_slowdown_p95,1.0289199510017581
AliStorage2019,14,no_fixed_window,le_8KB_slowdown_p99,1.0638787415717634
AliStorage2019,14,no_fixed_window,long_to_small_slowdown_mean_ratio,1.4738980644337647
AliStorage2019,14,no_fixed_window,max_active_flows,3.0
AliStorage2019,14,no_fixed_window,overall_fct_us_mean,10.868124309957064
AliStorage2019,14,no_fixed_window,overall_fct_us_p95,15.16695
AliStorage2019,14,no_fixed_window,overall_fct_us_p99,150.63541000000103
AliStorage2019,14,no_fixed_window,overall_flow_count,9782.0
AliStorage2019,14,no_fixed_window,overall_slowdown_mean,1.0253204050819107
AliStorage2019,14,no_fixed_window,overall_slowdown_p95,1.1013101219803425
AliStorage2019,14,no_fixed_window,overall_slowdown_p99,1.37168751171457
AliStorage2019,14,no_fixed_window,pfc_pause_events,0.0
AliStorage2019,14,no_fixed_window,pfc_resume_events,0.0
AliStorage2019,14,no_fixed_window,proactive_releases,542.0
AliStorage2019,14,no_fixed_window,queue_bytes_max,446734.0
AliStorage2019,14,no_fixed_window,queue_bytes_mean,1481.268
AliStorage2019,14,no_fixed_window,queue_bytes_p95,0.0
AliStorage2019,14,no_fixed_window,queue_bytes_p99,49050.0
AliStorage2019,14,no_fixed_window,queue_sample_count,400020.0
AliStorage2019,14,no_fixed_window,reactive_binding_rate_changes,85.0
AliStorage2019,14,no_fixed_window,reactive_binding_updates,85.0
AliStorage2019,14,no_fixed_window,recovery_nacks_generated,0.0
AliStorage2019,14,no_fixed_window,recovery_nacks_received,0.0
AliStorage2019,14,no_fixed_window,registrations,542.0
AliStorage2019,14,no_fixed_window,selected_registrations,542.0
AliStorage2019,14,no_fixed_window,tie_binding_rate_changes,8.0
AliStorage2019,14,no_fixed_window,tie_binding_updates,386.0
AliStorage2019,14,no_fixed_window,timeout_recoveries,0.0
AliStorage2019,15,guard,1BDP_to_1MB_fct_us_mean,44.869990712074305
AliStorage2019,15,guard,1BDP_to_1MB_fct_us_p95,127.03829999999986
AliStorage2019,15,guard,1BDP_to_1MB_fct_us_p99,240.3696199999993
AliStorage2019,15,guard,1BDP_to_1MB_flow_count,323.0
AliStorage2019,15,guard,1BDP_to_1MB_slowdown_mean,1.233870936963168
AliStorage2019,15,guard,1BDP_to_1MB_slowdown_p95,1.8569622654586364
AliStorage2019,15,guard,1BDP_to_1MB_slowdown_p99,3.156322789190401
AliStorage2019,15,guard,8KB_to_1BDP_fct_us_mean,8.931890772870663
AliStorage2019,15,guard,8KB_to_1BDP_fct_us_p95,14.6055
AliStorage2019,15,guard,8KB_to_1BDP_fct_us_p99,18.160350000000005
AliStorage2019,15,guard,8KB_to_1BDP_flow_count,2536.0
AliStorage2019,15,guard,8KB_to_1BDP_slowdown_mean,1.032650377635733
AliStorage2019,15,guard,8KB_to_1BDP_slowdown_p95,1.1277354203130685
AliStorage2019,15,guard,8KB_to_1BDP_slowdown_p99,1.321666711690087
AliStorage2019,15,guard,aggregate_goodput_gbps,163.1928360681524
AliStorage2019,15,guard,completion_releases,0.0
AliStorage2019,15,guard,completion_span_us,20127.718
AliStorage2019,15,guard,grant_binding_rate_changes,2.0
AliStorage2019,15,guard,grant_binding_updates,45.0
AliStorage2019,15,guard,grant_bytes_sent,467838.0
AliStorage2019,15,guard,grant_event_rate_changes,994.0
AliStorage2019,15,guard,grants_received,4977.0
AliStorage2019,15,guard,grants_sent,4977.0
AliStorage2019,15,guard,gt_1MB_fct_us_mean,221.96041176470587
AliStorage2019,15,guard,gt_1MB_fct_us_p95,530.4425
AliStorage2019,15,guard,gt_1MB_fct_us_p99,784.8202000000006
AliStorage2019,15,guard,gt_1MB_flow_count,136.0
AliStorage2019,15,guard,gt_1MB_slowdown_mean,1.6291906402286087
AliStorage2019,15,guard,gt_1MB_slowdown_p95,3.1857975434074155
AliStorage2019,15,guard,gt_1MB_slowdown_p99,5.434404038060027
AliStorage2019,15,guard,guard_ack_interval_packets,8.0
AliStorage2019,15,guard,guard_adaptive_grant_updates,0.0
AliStorage2019,15,guard,guard_fixed_window,1.0
AliStorage2019,15,guard,guard_grant_refresh_bdps,1.0
AliStorage2019,15,guard,guard_long_acks_suppressed,280995.0
AliStorage2019,15,guard,guard_min_share_fraction,0.0
AliStorage2019,15,guard,guard_one_rtt_acks_suppressed,84198.0
AliStorage2019,15,guard,guard_one_rtt_bypass_enabled,1.0
AliStorage2019,15,guard,guard_one_rtt_bypass_feedbacks,9241.0
AliStorage2019,15,guard,guard_one_rtt_bypass_flows,9241.0
AliStorage2019,15,guard,guard_rebalance_events,0.0
AliStorage2019,15,guard,guard_remaining_aware,1.0
AliStorage2019,15,guard,guard_remaining_exponent,1.0
AliStorage2019,15,guard,guard_remaining_refresh_events,3791.0
AliStorage2019,15,guard,guard_sender_srpt_enabled,1.0
AliStorage2019,15,guard,guard_sender_srpt_forced_rr,83.0
AliStorage2019,15,guard,guard_sender_srpt_non_rr,24323.0
AliStorage2019,15,guard,guard_sender_srpt_selections,415486.0
AliStorage2019,15,guard,guard_srpt_quantum_packets,64.0
AliStorage2019,15,guard,guard_tail_bypass_bdps,8.0
AliStorage2019,15,guard,guard_tail_bypass_enabled,1.0
AliStorage2019,15,guard,guard_tail_bypass_feedbacks,23559.0
AliStorage2019,15,guard,guard_tail_bypass_flows,606.0
AliStorage2019,15,guard,hpcc_actual_rate_changes,111.0
AliStorage2019,15,guard,hpcc_fast_computations,0.0
AliStorage2019,15,guard,hpcc_feedback_updates,2661.0
AliStorage2019,15,guard,hpcc_full_computations,542.0
AliStorage2019,15,guard,hpcc_rate_updates_applied,542.0
AliStorage2019,15,guard,hpcc_valid_feedback,627.0
AliStorage2019,15,guard,int_hops_after_strip,51458.0
AliStorage2019,15,guard,int_hops_before_strip,101751.0
AliStorage2019,15,guard,int_records_stripped,50293.0
AliStorage2019,15,guard,irn_nacks_generated,0.0
AliStorage2019,15,guard,irn_nacks_received,0.0
AliStorage2019,15,guard,irn_retransmit_bytes,0.0
AliStorage2019,15,guard,irn_retransmit_packets,0.0
AliStorage2019,15,guard,le_8KB_fct_us_mean,6.803058523058961
AliStorage2019,15,guard,le_8KB_fct_us_p95,9.11
AliStorage2019,15,guard,le_8KB_fct_us_p99,9.36345
AliStorage2019,15,guard,le_8KB_flow_count,6852.0
AliStorage2019,15,guard,le_8KB_slowdown_mean,1.007896666631048
AliStorage2019,15,guard,le_8KB_slowdown_p95,1.0297706736284806
AliStorage2019,15,guard,le_8KB_slowdown_p99,1.068277507196219
AliStorage2019,15,guard,long_to_small_slowdown_mean_ratio,1.616426260912511
AliStorage2019,15,guard,max_active_flows,4.0
AliStorage2019,15,guard,overall_fct_us_mean,11.571590839849701
AliStorage2019,15,guard,overall_fct_us_p95,15.693400000000008
AliStorage2019,15,guard,overall_fct_us_p99,163.6404600000004
AliStorage2019,15,guard,overall_flow_count,9847.0
AliStorage2019,15,guard,overall_slowdown_mean,1.0302650103737538
AliStorage2019,15,guard,overall_slowdown_p95,1.1082984160090579
AliStorage2019,15,guard,overall_slowdown_p99,1.4520461118530879
AliStorage2019,15,guard,pfc_pause_events,0.0
AliStorage2019,15,guard,pfc_resume_events,0.0
AliStorage2019,15,guard,proactive_releases,606.0
AliStorage2019,15,guard,queue_bytes_max,530830.0
AliStorage2019,15,guard,queue_bytes_mean,2404.541
AliStorage2019,15,guard,queue_bytes_p95,307.0
AliStorage2019,15,guard,queue_bytes_p99,85020.0
AliStorage2019,15,guard,queue_sample_count,400020.0
AliStorage2019,15,guard,reactive_binding_rate_changes,102.0
AliStorage2019,15,guard,reactive_binding_updates,102.0
AliStorage2019,15,guard,recovery_nacks_generated,0.0
AliStorage2019,15,guard,recovery_nacks_received,0.0
AliStorage2019,15,guard,registrations,606.0
AliStorage2019,15,guard,selected_registrations,606.0
AliStorage2019,15,guard,tie_binding_rate_changes,7.0
AliStorage2019,15,guard,tie_binding_updates,395.0
AliStorage2019,15,guard,timeout_recoveries,0.0
AliStorage2019,15,no_priority,1BDP_to_1MB_fct_us_mean,50.0819133126935
AliStorage2019,15,no_priority,1BDP_to_1MB_fct_us_p95,136.58959999999988
AliStorage2019,15,no_priority,1BDP_to_1MB_fct_us_p99,201.6315599999997
AliStorage2019,15,no_priority,1BDP_to_1MB_flow_count,323.0
AliStorage2019,15,no_priority,1BDP_to_1MB_slowdown_mean,1.437712076082666
AliStorage2019,15,no_priority,1BDP_to_1MB_slowdown_p95,2.6696821865753604
AliStorage2019,15,no_priority,1BDP_to_1MB_slowdown_p99,3.810789564299089
AliStorage2019,15,no_priority,8KB_to_1BDP_fct_us_mean,10.646541009463723
AliStorage2019,15,no_priority,8KB_to_1BDP_fct_us_p95,23.29775
AliStorage2019,15,no_priority,8KB_to_1BDP_fct_us_p99,36.25640000000001
AliStorage2019,15,no_priority,8KB_to_1BDP_flow_count,2536.0
AliStorage2019,15,no_priority,8KB_to_1BDP_slowdown_mean,1.1971059079675102
AliStorage2019,15,no_priority,8KB_to_1BDP_slowdown_p95,2.122895017778578
AliStorage2019,15,no_priority,8KB_to_1BDP_slowdown_p99,3.3510002174972007
AliStorage2019,15,no_priority,aggregate_goodput_gbps,163.2041229979083
AliStorage2019,15,no_priority,completion_releases,0.0
AliStorage2019,15,no_priority,completion_span_us,20126.326
AliStorage2019,15,no_priority,grant_binding_rate_changes,1.0
AliStorage2019,15,no_priority,grant_binding_updates,50.0
AliStorage2019,15,no_priority,grant_bytes_sent,468026.0
AliStorage2019,15,no_priority,grant_event_rate_changes,951.0
AliStorage2019,15,no_priority,grants_received,4979.0
AliStorage2019,15,no_priority,grants_sent,4979.0
AliStorage2019,15,no_priority,gt_1MB_fct_us_mean,218.6245882352941
AliStorage2019,15,no_priority,gt_1MB_fct_us_p95,473.15774999999996
AliStorage2019,15,no_priority,gt_1MB_fct_us_p99,643.2635000000002
AliStorage2019,15,no_priority,gt_1MB_flow_count,136.0
AliStorage2019,15,no_priority,gt_1MB_slowdown_mean,1.6010917780015468
AliStorage2019,15,no_priority,gt_1MB_slowdown_p95,3.2005843607445783
AliStorage2019,15,no_priority,gt_1MB_slowdown_p99,4.81338741632461
AliStorage2019,15,no_priority,guard_ack_interval_packets,8.0
AliStorage2019,15,no_priority,guard_adaptive_grant_updates,0.0
AliStorage2019,15,no_priority,guard_fixed_window,1.0
AliStorage2019,15,no_priority,guard_grant_refresh_bdps,1.0
AliStorage2019,15,no_priority,guard_long_acks_suppressed,280995.0
AliStorage2019,15,no_priority,guard_min_share_fraction,0.0
AliStorage2019,15,no_priority,guard_one_rtt_acks_suppressed,84198.0
AliStorage2019,15,no_priority,guard_one_rtt_bypass_enabled,1.0
AliStorage2019,15,no_priority,guard_one_rtt_bypass_feedbacks,9241.0
AliStorage2019,15,no_priority,guard_one_rtt_bypass_flows,9241.0
AliStorage2019,15,no_priority,guard_rebalance_events,0.0
AliStorage2019,15,no_priority,guard_remaining_aware,1.0
AliStorage2019,15,no_priority,guard_remaining_exponent,1.0
AliStorage2019,15,no_priority,guard_remaining_refresh_events,3804.0
AliStorage2019,15,no_priority,guard_sender_srpt_enabled,1.0
AliStorage2019,15,no_priority,guard_sender_srpt_forced_rr,71.0
AliStorage2019,15,no_priority,guard_sender_srpt_non_rr,23946.0
AliStorage2019,15,no_priority,guard_sender_srpt_selections,415486.0
AliStorage2019,15,no_priority,guard_srpt_quantum_packets,64.0
AliStorage2019,15,no_priority,guard_tail_bypass_bdps,8.0
AliStorage2019,15,no_priority,guard_tail_bypass_enabled,1.0
AliStorage2019,15,no_priority,guard_tail_bypass_feedbacks,23562.0
AliStorage2019,15,no_priority,guard_tail_bypass_flows,606.0
AliStorage2019,15,no_priority,hpcc_actual_rate_changes,150.0
AliStorage2019,15,no_priority,hpcc_fast_computations,0.0
AliStorage2019,15,no_priority,hpcc_feedback_updates,2705.0
AliStorage2019,15,no_priority,hpcc_full_computations,569.0
AliStorage2019,15,no_priority,hpcc_rate_updates_applied,569.0
AliStorage2019,15,no_priority,hpcc_valid_feedback,654.0
AliStorage2019,15,no_priority,int_hops_after_strip,51458.0
AliStorage2019,15,no_priority,int_hops_before_strip,101751.0
AliStorage2019,15,no_priority,int_records_stripped,50293.0
AliStorage2019,15,no_priority,irn_nacks_generated,0.0
AliStorage2019,15,no_priority,irn_nacks_received,0.0
AliStorage2019,15,no_priority,irn_retransmit_bytes,0.0
AliStorage2019,15,no_priority,irn_retransmit_packets,0.0
AliStorage2019,15,no_priority,le_8KB_fct_us_mean,8.086127991827203
AliStorage2019,15,no_priority,le_8KB_fct_us_p95,18.421149999999997
AliStorage2019,15,no_priority,le_8KB_fct_us_p99,33.27697999999998
AliStorage2019,15,no_priority,le_8KB_flow_count,6852.0
AliStorage2019,15,no_priority,le_8KB_slowdown_mean,1.157353551180818
AliStorage2019,15,no_priority,le_8KB_slowdown_p95,2.1110365237814808
AliStorage2019,15,no_priority,le_8KB_slowdown_p99,3.8034571836928475
AliStorage2019,15,no_priority,long_to_small_slowdown_mean_ratio,1.383407668614309
AliStorage2019,15,no_priority,max_active_flows,4.0
AliStorage2019,15,no_priority,overall_fct_us_mean,13.030890525033005
AliStorage2019,15,no_priority,overall_fct_us_p95,28.722800000000035
AliStorage2019,15,no_priority,overall_fct_us_p99,163.22728000000015
AliStorage2019,15,no_priority,overall_flow_count,9847.0
AliStorage2019,15,no_priority,overall_slowdown_mean,1.18291627883411
AliStorage2019,15,no_priority,overall_slowdown_p95,2.155192240400522
AliStorage2019,15,no_priority,overall_slowdown_p99,3.676517200121406
AliStorage2019,15,no_priority,pfc_pause_events,0.0
AliStorage2019,15,no_priority,pfc_resume_events,0.0
AliStorage2019,15,no_priority,proactive_releases,606.0
AliStorage2019,15,no_priority,queue_bytes_max,527758.0
AliStorage2019,15,no_priority,queue_bytes_mean,2877.848
AliStorage2019,15,no_priority,queue_bytes_p95,775.0
AliStorage2019,15,no_priority,queue_bytes_p99,110374.0
AliStorage2019,15,no_priority,queue_sample_count,400020.0
AliStorage2019,15,no_priority,reactive_binding_rate_changes,137.0
AliStorage2019,15,no_priority,reactive_binding_updates,137.0
AliStorage2019,15,no_priority,recovery_nacks_generated,0.0
AliStorage2019,15,no_priority,recovery_nacks_received,0.0
AliStorage2019,15,no_priority,registrations,606.0
AliStorage2019,15,no_priority,selected_registrations,606.0
AliStorage2019,15,no_priority,tie_binding_rate_changes,12.0
AliStorage2019,15,no_priority,tie_binding_updates,382.0
AliStorage2019,15,no_priority,timeout_recoveries,0.0
AliStorage2019,15,no_srpt,1BDP_to_1MB_fct_us_mean,45.84180185758514
AliStorage2019,15,no_srpt,1BDP_to_1MB_fct_us_p95,131.19299999999998
AliStorage2019,15,no_srpt,1BDP_to_1MB_fct_us_p99,217.83533999999977
AliStorage2019,15,no_srpt,1BDP_to_1MB_flow_count,323.0
AliStorage2019,15,no_srpt,1BDP_to_1MB_slowdown_mean,1.267488715301049
AliStorage2019,15,no_srpt,1BDP_to_1MB_slowdown_p95,2.0135772230346767
AliStorage2019,15,no_srpt,1BDP_to_1MB_slowdown_p99,3.048761088215201
AliStorage2019,15,no_srpt,8KB_to_1BDP_fct_us_mean,9.165661277602522
AliStorage2019,15,no_srpt,8KB_to_1BDP_fct_us_p95,15.18275
AliStorage2019,15,no_srpt,8KB_to_1BDP_fct_us_p99,19.048150000000007
AliStorage2019,15,no_srpt,8KB_to_1BDP_flow_count,2536.0
AliStorage2019,15,no_srpt,8KB_to_1BDP_slowdown_mean,1.0604346375113634
AliStorage2019,15,no_srpt,8KB_to_1BDP_slowdown_p95,1.2955898273552138
AliStorage2019,15,no_srpt,8KB_to_1BDP_slowdown_p99,1.5572476184739665
AliStorage2019,15,no_srpt,aggregate_goodput_gbps,163.19239013675283
AliStorage2019,15,no_srpt,completion_releases,0.0
AliStorage2019,15,no_srpt,completion_span_us,20127.773
AliStorage2019,15,no_srpt,grant_binding_rate_changes,2.0
AliStorage2019,15,no_srpt,grant_binding_updates,47.0
AliStorage2019,15,no_srpt,grant_bytes_sent,470470.0
AliStorage2019,15,no_srpt,grant_event_rate_changes,1027.0
AliStorage2019,15,no_srpt,grants_received,5005.0
AliStorage2019,15,no_srpt,grants_sent,5005.0
AliStorage2019,15,no_srpt,gt_1MB_fct_us_mean,225.5935367647059
AliStorage2019,15,no_srpt,gt_1MB_fct_us_p95,501.3985
AliStorage2019,15,no_srpt,gt_1MB_fct_us_p99,757.0710000000006
AliStorage2019,15,no_srpt,gt_1MB_flow_count,136.0
AliStorage2019,15,no_srpt,gt_1MB_slowdown_mean,1.6577867681644003
AliStorage2019,15,no_srpt,gt_1MB_slowdown_p95,3.099783436411676
AliStorage2019,15,no_srpt,gt_1MB_slowdown_p99,5.290474978199042
AliStorage2019,15,no_srpt,guard_ack_interval_packets,8.0
AliStorage2019,15,no_srpt,guard_adaptive_grant_updates,0.0
AliStorage2019,15,no_srpt,guard_fixed_window,1.0
AliStorage2019,15,no_srpt,guard_grant_refresh_bdps,1.0
AliStorage2019,15,no_srpt,guard_long_acks_suppressed,280995.0
AliStorage2019,15,no_srpt,guard_min_share_fraction,0.0
AliStorage2019,15,no_srpt,guard_one_rtt_acks_suppressed,84198.0
AliStorage2019,15,no_srpt,guard_one_rtt_bypass_enabled,1.0
AliStorage2019,15,no_srpt,guard_one_rtt_bypass_feedbacks,9241.0
AliStorage2019,15,no_srpt,guard_one_rtt_bypass_flows,9241.0
AliStorage2019,15,no_srpt,guard_rebalance_events,0.0
AliStorage2019,15,no_srpt,guard_remaining_aware,1.0
AliStorage2019,15,no_srpt,guard_remaining_exponent,1.0
AliStorage2019,15,no_srpt,guard_remaining_refresh_events,3809.0
AliStorage2019,15,no_srpt,guard_sender_srpt_enabled,0.0
AliStorage2019,15,no_srpt,guard_sender_srpt_forced_rr,0.0
AliStorage2019,15,no_srpt,guard_sender_srpt_non_rr,0.0
AliStorage2019,15,no_srpt,guard_sender_srpt_selections,0.0
AliStorage2019,15,no_srpt,guard_srpt_quantum_packets,64.0
AliStorage2019,15,no_srpt,guard_tail_bypass_bdps,8.0
AliStorage2019,15,no_srpt,guard_tail_bypass_enabled,1.0
AliStorage2019,15,no_srpt,guard_tail_bypass_feedbacks,23564.0
AliStorage2019,15,no_srpt,guard_tail_bypass_flows,606.0
AliStorage2019,15,no_srpt,hpcc_actual_rate_changes,117.0
AliStorage2019,15,no_srpt,hpcc_fast_computations,0.0
AliStorage2019,15,no_srpt,hpcc_feedback_updates,2677.0
AliStorage2019,15,no_srpt,hpcc_full_computations,545.0
AliStorage2019,15,no_srpt,hpcc_rate_updates_applied,545.0
AliStorage2019,15,no_srpt,hpcc_valid_feedback,630.0
AliStorage2019,15,no_srpt,int_hops_after_strip,51458.0
AliStorage2019,15,no_srpt,int_hops_before_strip,101751.0
AliStorage2019,15,no_srpt,int_records_stripped,50293.0
AliStorage2019,15,no_srpt,irn_nacks_generated,0.0
AliStorage2019,15,no_srpt,irn_nacks_received,0.0
AliStorage2019,15,no_srpt,irn_retransmit_bytes,0.0
AliStorage2019,15,no_srpt,irn_retransmit_packets,0.0
AliStorage2019,15,no_srpt,le_8KB_fct_us_mean,6.845094716870986
AliStorage2019,15,no_srpt,le_8KB_fct_us_p95,9.21945
AliStorage2019,15,no_srpt,le_8KB_fct_us_p99,9.671919999999998
AliStorage2019,15,no_srpt,le_8KB_flow_count,6852.0
AliStorage2019,15,no_srpt,le_8KB_slowdown_mean,1.0146627094744707
AliStorage2019,15,no_srpt,le_8KB_slowdown_p95,1.0746151377663722
AliStorage2019,15,no_srpt,le_8KB_slowdown_p99,1.1280078269963587
AliStorage2019,15,no_srpt,long_to_small_slowdown_mean_ratio,1.6338303878566958
AliStorage2019,15,no_srpt,max_active_flows,4.0
AliStorage2019,15,no_srpt,overall_fct_us_mean,11.743102366202905
AliStorage2019,15,no_srpt,overall_fct_us_p95,16.092800000000018
AliStorage2019,15,no_srpt,overall_fct_us_p99,164.89922000000016
AliStorage2019,15,no_srpt,overall_flow_count,9847.0
AliStorage2019,15,no_srpt,overall_slowdown_mean,1.0436263817975513
AliStorage2019,15,no_srpt,overall_slowdown_p95,1.1770081909725656
AliStorage2019,15,no_srpt,overall_slowdown_p99,1.5940859937435534
AliStorage2019,15,no_srpt,pfc_pause_events,0.0
AliStorage2019,15,no_srpt,pfc_resume_events,0.0
AliStorage2019,15,no_srpt,proactive_releases,606.0
AliStorage2019,15,no_srpt,queue_bytes_max,524290.0
AliStorage2019,15,no_srpt,queue_bytes_mean,2446.453
AliStorage2019,15,no_srpt,queue_bytes_p95,0.0
AliStorage2019,15,no_srpt,queue_bytes_p99,87200.0
AliStorage2019,15,no_srpt,queue_sample_count,400020.0
AliStorage2019,15,no_srpt,reactive_binding_rate_changes,106.0
AliStorage2019,15,no_srpt,reactive_binding_updates,106.0
AliStorage2019,15,no_srpt,recovery_nacks_generated,0.0
AliStorage2019,15,no_srpt,recovery_nacks_received,0.0
AliStorage2019,15,no_srpt,registrations,606.0
AliStorage2019,15,no_srpt,selected_registrations,606.0
AliStorage2019,15,no_srpt,tie_binding_rate_changes,9.0
AliStorage2019,15,no_srpt,tie_binding_updates,392.0
AliStorage2019,15,no_srpt,timeout_recoveries,0.0
AliStorage2019,15,no_reclaim,1BDP_to_1MB_fct_us_mean,44.869990712074305
AliStorage2019,15,no_reclaim,1BDP_to_1MB_fct_us_p95,127.03829999999986
AliStorage2019,15,no_reclaim,1BDP_to_1MB_fct_us_p99,240.3696199999993
AliStorage2019,15,no_reclaim,1BDP_to_1MB_flow_count,323.0
AliStorage2019,15,no_reclaim,1BDP_to_1MB_slowdown_mean,1.233870936963168
AliStorage2019,15,no_reclaim,1BDP_to_1MB_slowdown_p95,1.8569622654586364
AliStorage2019,15,no_reclaim,1BDP_to_1MB_slowdown_p99,3.156322789190401
AliStorage2019,15,no_reclaim,8KB_to_1BDP_fct_us_mean,8.931890772870663
AliStorage2019,15,no_reclaim,8KB_to_1BDP_fct_us_p95,14.6055
AliStorage2019,15,no_reclaim,8KB_to_1BDP_fct_us_p99,18.160350000000005
AliStorage2019,15,no_reclaim,8KB_to_1BDP_flow_count,2536.0
AliStorage2019,15,no_reclaim,8KB_to_1BDP_slowdown_mean,1.032650377635733
AliStorage2019,15,no_reclaim,8KB_to_1BDP_slowdown_p95,1.1277354203130685
AliStorage2019,15,no_reclaim,8KB_to_1BDP_slowdown_p99,1.321666711690087
AliStorage2019,15,no_reclaim,aggregate_goodput_gbps,163.1928360681524
AliStorage2019,15,no_reclaim,completion_releases,0.0
AliStorage2019,15,no_reclaim,completion_span_us,20127.718
AliStorage2019,15,no_reclaim,grant_binding_rate_changes,2.0
AliStorage2019,15,no_reclaim,grant_binding_updates,45.0
AliStorage2019,15,no_reclaim,grant_bytes_sent,467838.0
AliStorage2019,15,no_reclaim,grant_event_rate_changes,994.0
AliStorage2019,15,no_reclaim,grants_received,4977.0
AliStorage2019,15,no_reclaim,grants_sent,4977.0
AliStorage2019,15,no_reclaim,gt_1MB_fct_us_mean,221.96041176470587
AliStorage2019,15,no_reclaim,gt_1MB_fct_us_p95,530.4425
AliStorage2019,15,no_reclaim,gt_1MB_fct_us_p99,784.8202000000006
AliStorage2019,15,no_reclaim,gt_1MB_flow_count,136.0
AliStorage2019,15,no_reclaim,gt_1MB_slowdown_mean,1.6291906402286087
AliStorage2019,15,no_reclaim,gt_1MB_slowdown_p95,3.1857975434074155
AliStorage2019,15,no_reclaim,gt_1MB_slowdown_p99,5.434404038060027
AliStorage2019,15,no_reclaim,guard_ack_interval_packets,8.0
AliStorage2019,15,no_reclaim,guard_adaptive_grant_updates,0.0
AliStorage2019,15,no_reclaim,guard_fixed_window,1.0
AliStorage2019,15,no_reclaim,guard_grant_refresh_bdps,1.0
AliStorage2019,15,no_reclaim,guard_long_acks_suppressed,280995.0
AliStorage2019,15,no_reclaim,guard_min_share_fraction,0.0
AliStorage2019,15,no_reclaim,guard_one_rtt_acks_suppressed,84198.0
AliStorage2019,15,no_reclaim,guard_one_rtt_bypass_enabled,1.0
AliStorage2019,15,no_reclaim,guard_one_rtt_bypass_feedbacks,9241.0
AliStorage2019,15,no_reclaim,guard_one_rtt_bypass_flows,9241.0
AliStorage2019,15,no_reclaim,guard_rebalance_events,0.0
AliStorage2019,15,no_reclaim,guard_remaining_aware,1.0
AliStorage2019,15,no_reclaim,guard_remaining_exponent,1.0
AliStorage2019,15,no_reclaim,guard_remaining_refresh_events,3791.0
AliStorage2019,15,no_reclaim,guard_sender_srpt_enabled,1.0
AliStorage2019,15,no_reclaim,guard_sender_srpt_forced_rr,83.0
AliStorage2019,15,no_reclaim,guard_sender_srpt_non_rr,24323.0
AliStorage2019,15,no_reclaim,guard_sender_srpt_selections,415486.0
AliStorage2019,15,no_reclaim,guard_srpt_quantum_packets,64.0
AliStorage2019,15,no_reclaim,guard_tail_bypass_bdps,8.0
AliStorage2019,15,no_reclaim,guard_tail_bypass_enabled,1.0
AliStorage2019,15,no_reclaim,guard_tail_bypass_feedbacks,23559.0
AliStorage2019,15,no_reclaim,guard_tail_bypass_flows,606.0
AliStorage2019,15,no_reclaim,hpcc_actual_rate_changes,111.0
AliStorage2019,15,no_reclaim,hpcc_fast_computations,0.0
AliStorage2019,15,no_reclaim,hpcc_feedback_updates,2661.0
AliStorage2019,15,no_reclaim,hpcc_full_computations,542.0
AliStorage2019,15,no_reclaim,hpcc_rate_updates_applied,542.0
AliStorage2019,15,no_reclaim,hpcc_valid_feedback,627.0
AliStorage2019,15,no_reclaim,int_hops_after_strip,51458.0
AliStorage2019,15,no_reclaim,int_hops_before_strip,101751.0
AliStorage2019,15,no_reclaim,int_records_stripped,50293.0
AliStorage2019,15,no_reclaim,irn_nacks_generated,0.0
AliStorage2019,15,no_reclaim,irn_nacks_received,0.0
AliStorage2019,15,no_reclaim,irn_retransmit_bytes,0.0
AliStorage2019,15,no_reclaim,irn_retransmit_packets,0.0
AliStorage2019,15,no_reclaim,le_8KB_fct_us_mean,6.803058523058961
AliStorage2019,15,no_reclaim,le_8KB_fct_us_p95,9.11
AliStorage2019,15,no_reclaim,le_8KB_fct_us_p99,9.36345
AliStorage2019,15,no_reclaim,le_8KB_flow_count,6852.0
AliStorage2019,15,no_reclaim,le_8KB_slowdown_mean,1.007896666631048
AliStorage2019,15,no_reclaim,le_8KB_slowdown_p95,1.0297706736284806
AliStorage2019,15,no_reclaim,le_8KB_slowdown_p99,1.068277507196219
AliStorage2019,15,no_reclaim,long_to_small_slowdown_mean_ratio,1.616426260912511
AliStorage2019,15,no_reclaim,max_active_flows,4.0
AliStorage2019,15,no_reclaim,overall_fct_us_mean,11.571590839849701
AliStorage2019,15,no_reclaim,overall_fct_us_p95,15.693400000000008
AliStorage2019,15,no_reclaim,overall_fct_us_p99,163.6404600000004
AliStorage2019,15,no_reclaim,overall_flow_count,9847.0
AliStorage2019,15,no_reclaim,overall_slowdown_mean,1.0302650103737538
AliStorage2019,15,no_reclaim,overall_slowdown_p95,1.1082984160090579
AliStorage2019,15,no_reclaim,overall_slowdown_p99,1.4520461118530879
AliStorage2019,15,no_reclaim,pfc_pause_events,0.0
AliStorage2019,15,no_reclaim,pfc_resume_events,0.0
AliStorage2019,15,no_reclaim,proactive_releases,606.0
AliStorage2019,15,no_reclaim,queue_bytes_max,530830.0
AliStorage2019,15,no_reclaim,queue_bytes_mean,2404.541
AliStorage2019,15,no_reclaim,queue_bytes_p95,307.0
AliStorage2019,15,no_reclaim,queue_bytes_p99,85020.0
AliStorage2019,15,no_reclaim,queue_sample_count,400020.0
AliStorage2019,15,no_reclaim,reactive_binding_rate_changes,102.0
AliStorage2019,15,no_reclaim,reactive_binding_updates,102.0
AliStorage2019,15,no_reclaim,recovery_nacks_generated,0.0
AliStorage2019,15,no_reclaim,recovery_nacks_received,0.0
AliStorage2019,15,no_reclaim,registrations,606.0
AliStorage2019,15,no_reclaim,selected_registrations,606.0
AliStorage2019,15,no_reclaim,tie_binding_rate_changes,7.0
AliStorage2019,15,no_reclaim,tie_binding_updates,395.0
AliStorage2019,15,no_reclaim,timeout_recoveries,0.0
AliStorage2019,15,no_one_rtt,1BDP_to_1MB_fct_us_mean,44.96793188854489
AliStorage2019,15,no_one_rtt,1BDP_to_1MB_fct_us_p95,127.07489999999986
AliStorage2019,15,no_one_rtt,1BDP_to_1MB_fct_us_p99,240.63253999999927
AliStorage2019,15,no_one_rtt,1BDP_to_1MB_flow_count,323.0
AliStorage2019,15,no_one_rtt,1BDP_to_1MB_slowdown_mean,1.2353873280117478
AliStorage2019,15,no_one_rtt,1BDP_to_1MB_slowdown_p95,1.8582314815666092
AliStorage2019,15,no_one_rtt,1BDP_to_1MB_slowdown_p99,3.1592541231296116
AliStorage2019,15,no_one_rtt,8KB_to_1BDP_fct_us_mean,8.937501182965299
AliStorage2019,15,no_one_rtt,8KB_to_1BDP_fct_us_p95,14.6125
AliStorage2019,15,no_one_rtt,8KB_to_1BDP_fct_us_p99,18.33820000000001
AliStorage2019,15,no_one_rtt,8KB_to_1BDP_flow_count,2536.0
AliStorage2019,15,no_one_rtt,8KB_to_1BDP_slowdown_mean,1.0332201251856437
AliStorage2019,15,no_one_rtt,8KB_to_1BDP_slowdown_p95,1.1289785516779074
AliStorage2019,15,no_one_rtt,8KB_to_1BDP_slowdown_p99,1.3277802966732097
AliStorage2019,15,no_one_rtt,aggregate_goodput_gbps,163.1921306868782
AliStorage2019,15,no_one_rtt,completion_releases,0.0
AliStorage2019,15,no_one_rtt,completion_span_us,20127.805
AliStorage2019,15,no_one_rtt,grant_binding_rate_changes,2.0
AliStorage2019,15,no_one_rtt,grant_binding_updates,49.0
AliStorage2019,15,no_one_rtt,grant_bytes_sent,468120.0
AliStorage2019,15,no_one_rtt,grant_event_rate_changes,1007.0
AliStorage2019,15,no_one_rtt,grants_received,4980.0
AliStorage2019,15,no_one_rtt,grants_sent,4980.0
AliStorage2019,15,no_one_rtt,gt_1MB_fct_us_mean,222.30796323529412
AliStorage2019,15,no_one_rtt,gt_1MB_fct_us_p95,532.5717500000001
AliStorage2019,15,no_one_rtt,gt_1MB_fct_us_p99,785.8883000000008
AliStorage2019,15,no_one_rtt,gt_1MB_flow_count,136.0
AliStorage2019,15,no_one_rtt,gt_1MB_slowdown_mean,1.6317023181332635
AliStorage2019,15,no_one_rtt,gt_1MB_slowdown_p95,3.199033910145602
AliStorage2019,15,no_one_rtt,gt_1MB_slowdown_p99,5.468055925318516
AliStorage2019,15,no_one_rtt,guard_ack_interval_packets,8.0
AliStorage2019,15,no_one_rtt,guard_adaptive_grant_updates,0.0
AliStorage2019,15,no_one_rtt,guard_fixed_window,1.0
AliStorage2019,15,no_one_rtt,guard_grant_refresh_bdps,1.0
AliStorage2019,15,no_one_rtt,guard_long_acks_suppressed,350902.0
AliStorage2019,15,no_one_rtt,guard_min_share_fraction,0.0
AliStorage2019,15,no_one_rtt,guard_one_rtt_acks_suppressed,0.0
AliStorage2019,15,no_one_rtt,guard_one_rtt_bypass_enabled,0.0
AliStorage2019,15,no_one_rtt,guard_one_rtt_bypass_feedbacks,0.0
AliStorage2019,15,no_one_rtt,guard_one_rtt_bypass_flows,0.0
AliStorage2019,15,no_one_rtt,guard_rebalance_events,0.0
AliStorage2019,15,no_one_rtt,guard_remaining_aware,1.0
AliStorage2019,15,no_one_rtt,guard_remaining_exponent,1.0
AliStorage2019,15,no_one_rtt,guard_remaining_refresh_events,3792.0
AliStorage2019,15,no_one_rtt,guard_sender_srpt_enabled,1.0
AliStorage2019,15,no_one_rtt,guard_sender_srpt_forced_rr,83.0
AliStorage2019,15,no_one_rtt,guard_sender_srpt_non_rr,24322.0
AliStorage2019,15,no_one_rtt,guard_sender_srpt_selections,415486.0
AliStorage2019,15,no_one_rtt,guard_srpt_quantum_packets,64.0
AliStorage2019,15,no_one_rtt,guard_tail_bypass_bdps,8.0
AliStorage2019,15,no_one_rtt,guard_tail_bypass_enabled,1.0
AliStorage2019,15,no_one_rtt,guard_tail_bypass_feedbacks,23559.0
AliStorage2019,15,no_one_rtt,guard_tail_bypass_flows,606.0
AliStorage2019,15,no_one_rtt,hpcc_actual_rate_changes,111.0
AliStorage2019,15,no_one_rtt,hpcc_fast_computations,0.0
AliStorage2019,15,no_one_rtt,hpcc_feedback_updates,11941.0
AliStorage2019,15,no_one_rtt,hpcc_full_computations,564.0
AliStorage2019,15,no_one_rtt,hpcc_rate_updates_applied,564.0
AliStorage2019,15,no_one_rtt,hpcc_valid_feedback,5613.0
AliStorage2019,15,no_one_rtt,int_hops_after_strip,67998.0
AliStorage2019,15,no_one_rtt,int_hops_before_strip,132582.0
AliStorage2019,15,no_one_rtt,int_records_stripped,64584.0
AliStorage2019,15,no_one_rtt,irn_nacks_generated,0.0
AliStorage2019,15,no_one_rtt,irn_nacks_received,0.0
AliStorage2019,15,no_one_rtt,irn_retransmit_bytes,0.0
AliStorage2019,15,no_one_rtt,irn_retransmit_packets,0.0
AliStorage2019,15,no_one_rtt,le_8KB_fct_us_mean,6.802852451838879
AliStorage2019,15,no_one_rtt,le_8KB_fct_us_p95,9.107
AliStorage2019,15,no_one_rtt,le_8KB_fct_us_p99,9.358469999999999
AliStorage2019,15,no_one_rtt,le_8KB_flow_count,6852.0
AliStorage2019,15,no_one_rtt,le_8KB_slowdown_mean,1.0078329235066876
AliStorage2019,15,no_one_rtt,le_8KB_slowdown_p95,1.0293176564104454
AliStorage2019,15,no_one_rtt,le_8KB_slowdown_p99,1.0665452052123727
AliStorage2019,15,no_one_rtt,long_to_small_slowdown_mean_ratio,1.6190206532009928
AliStorage2019,15,no_one_rtt,max_active_flows,4.0
AliStorage2019,15,no_one_rtt,overall_fct_us_mean,11.580905148776276
AliStorage2019,15,no_one_rtt,overall_fct_us_p95,15.70610000000001
AliStorage2019,15,no_one_rtt,overall_fct_us_p99,163.72834000000003
AliStorage2019,15,no_one_rtt,overall_flow_count,9847.0
AliStorage2019,15,no_one_rtt,overall_slowdown_mean,1.0304518179701974
AliStorage2019,15,no_one_rtt,overall_slowdown_p95,1.1094966669289963
AliStorage2019,15,no_one_rtt,overall_slowdown_p99,1.4544345049511522
AliStorage2019,15,no_one_rtt,pfc_pause_events,0.0
AliStorage2019,15,no_one_rtt,pfc_resume_events,0.0
AliStorage2019,15,no_one_rtt,proactive_releases,606.0
AliStorage2019,15,no_one_rtt,queue_bytes_max,526622.0
AliStorage2019,15,no_one_rtt,queue_bytes_mean,2440.263
AliStorage2019,15,no_one_rtt,queue_bytes_p95,599.0
AliStorage2019,15,no_one_rtt,queue_bytes_p99,86110.0
AliStorage2019,15,no_one_rtt,queue_sample_count,400020.0
AliStorage2019,15,no_one_rtt,reactive_binding_rate_changes,102.0
AliStorage2019,15,no_one_rtt,reactive_binding_updates,102.0
AliStorage2019,15,no_one_rtt,recovery_nacks_generated,0.0
AliStorage2019,15,no_one_rtt,recovery_nacks_received,0.0
AliStorage2019,15,no_one_rtt,registrations,606.0
AliStorage2019,15,no_one_rtt,selected_registrations,606.0
AliStorage2019,15,no_one_rtt,tie_binding_rate_changes,7.0
AliStorage2019,15,no_one_rtt,tie_binding_updates,413.0
AliStorage2019,15,no_one_rtt,timeout_recoveries,0.0
AliStorage2019,15,no_tail,1BDP_to_1MB_fct_us_mean,46.50569969040248
AliStorage2019,15,no_tail,1BDP_to_1MB_fct_us_p95,131.0913
AliStorage2019,15,no_tail,1BDP_to_1MB_fct_us_p99,269.74665999999917
AliStorage2019,15,no_tail,1BDP_to_1MB_flow_count,323.0
AliStorage2019,15,no_tail,1BDP_to_1MB_slowdown_mean,1.261619947281647
AliStorage2019,15,no_tail,1BDP_to_1MB_slowdown_p95,1.8572490157286217
AliStorage2019,15,no_tail,1BDP_to_1MB_slowdown_p99,3.401480094682083
AliStorage2019,15,no_tail,8KB_to_1BDP_fct_us_mean,8.93220977917981
AliStorage2019,15,no_tail,8KB_to_1BDP_fct_us_p95,14.6055
AliStorage2019,15,no_tail,8KB_to_1BDP_fct_us_p99,18.160350000000005
AliStorage2019,15,no_tail,8KB_to_1BDP_flow_count,2536.0
AliStorage2019,15,no_tail,8KB_to_1BDP_slowdown_mean,1.0327049192611315
AliStorage2019,15,no_tail,8KB_to_1BDP_slowdown_p95,1.1277354203130685
AliStorage2019,15,no_tail,8KB_to_1BDP_slowdown_p99,1.3219795985007046
AliStorage2019,15,no_tail,aggregate_goodput_gbps,163.1928360681524
AliStorage2019,15,no_tail,completion_releases,0.0
AliStorage2019,15,no_tail,completion_span_us,20127.718
AliStorage2019,15,no_tail,grant_binding_rate_changes,5.0
AliStorage2019,15,no_tail,grant_binding_updates,158.0
AliStorage2019,15,no_tail,grant_bytes_sent,468120.0
AliStorage2019,15,no_tail,grant_event_rate_changes,904.0
AliStorage2019,15,no_tail,grants_received,4980.0
AliStorage2019,15,no_tail,grants_sent,4980.0
AliStorage2019,15,no_tail,gt_1MB_fct_us_mean,229.39032352941175
AliStorage2019,15,no_tail,gt_1MB_fct_us_p95,518.3702499999999
AliStorage2019,15,no_tail,gt_1MB_fct_us_p99,1040.464150000001
AliStorage2019,15,no_tail,gt_1MB_flow_count,136.0
AliStorage2019,15,no_tail,gt_1MB_slowdown_mean,1.67552602773194
AliStorage2019,15,no_tail,gt_1MB_slowdown_p95,3.479704980032631
AliStorage2019,15,no_tail,gt_1MB_slowdown_p99,6.481663742502845
AliStorage2019,15,no_tail,guard_ack_interval_packets,8.0
AliStorage2019,15,no_tail,guard_adaptive_grant_updates,0.0
AliStorage2019,15,no_tail,guard_fixed_window,1.0
AliStorage2019,15,no_tail,guard_grant_refresh_bdps,1.0
AliStorage2019,15,no_tail,guard_long_acks_suppressed,280995.0
AliStorage2019,15,no_tail,guard_min_share_fraction,0.0
AliStorage2019,15,no_tail,guard_one_rtt_acks_suppressed,84198.0
AliStorage2019,15,no_tail,guard_one_rtt_bypass_enabled,1.0
AliStorage2019,15,no_tail,guard_one_rtt_bypass_feedbacks,9241.0
AliStorage2019,15,no_tail,guard_one_rtt_bypass_flows,9241.0
AliStorage2019,15,no_tail,guard_rebalance_events,0.0
AliStorage2019,15,no_tail,guard_remaining_aware,1.0
AliStorage2019,15,no_tail,guard_remaining_exponent,1.0
AliStorage2019,15,no_tail,guard_remaining_refresh_events,3795.0
AliStorage2019,15,no_tail,guard_sender_srpt_enabled,1.0
AliStorage2019,15,no_tail,guard_sender_srpt_forced_rr,73.0
AliStorage2019,15,no_tail,guard_sender_srpt_non_rr,24056.0
AliStorage2019,15,no_tail,guard_sender_srpt_selections,415486.0
AliStorage2019,15,no_tail,guard_srpt_quantum_packets,64.0
AliStorage2019,15,no_tail,guard_tail_bypass_bdps,8.0
AliStorage2019,15,no_tail,guard_tail_bypass_enabled,0.0
AliStorage2019,15,no_tail,guard_tail_bypass_feedbacks,0.0
AliStorage2019,15,no_tail,guard_tail_bypass_flows,0.0
AliStorage2019,15,no_tail,hpcc_actual_rate_changes,433.0
AliStorage2019,15,no_tail,hpcc_fast_computations,0.0
AliStorage2019,15,no_tail,hpcc_feedback_updates,5678.0
AliStorage2019,15,no_tail,hpcc_full_computations,1761.0
AliStorage2019,15,no_tail,hpcc_rate_updates_applied,1761.0
AliStorage2019,15,no_tail,hpcc_valid_feedback,2011.0
AliStorage2019,15,no_tail,int_hops_after_strip,51458.0
AliStorage2019,15,no_tail,int_hops_before_strip,101751.0
AliStorage2019,15,no_tail,int_records_stripped,50293.0
AliStorage2019,15,no_tail,irn_nacks_generated,0.0
AliStorage2019,15,no_tail,irn_nacks_received,0.0
AliStorage2019,15,no_tail,irn_retransmit_bytes,0.0
AliStorage2019,15,no_tail,irn_retransmit_packets,0.0
AliStorage2019,15,no_tail,le_8KB_fct_us_mean,6.802970665499124
AliStorage2019,15,no_tail,le_8KB_fct_us_p95,9.108
AliStorage2019,15,no_tail,le_8KB_fct_us_p99,9.35896
AliStorage2019,15,no_tail,le_8KB_flow_count,6852.0
AliStorage2019,15,no_tail,le_8KB_slowdown_mean,1.0078996290154554
AliStorage2019,15,no_tail,le_8KB_slowdown_p95,1.0298394805184026
AliStorage2019,15,no_tail,le_8KB_slowdown_p99,1.0686108974137458
AliStorage2019,15,no_tail,long_to_small_slowdown_mean_ratio,1.6623937339560693
AliStorage2019,15,no_tail,max_active_flows,4.0
AliStorage2019,15,no_tail,overall_fct_us_mean,11.727883010053823
AliStorage2019,15,no_tail,overall_fct_us_p95,15.693400000000008
AliStorage2019,15,no_tail,overall_fct_us_p99,164.39230000000114
AliStorage2019,15,no_tail,overall_flow_count,9847.0
AliStorage2019,15,no_tail,overall_slowdown_mean,1.0318312903426063
AliStorage2019,15,no_tail,overall_slowdown_p95,1.1091588519484135
AliStorage2019,15,no_tail,overall_slowdown_p99,1.4593602058258694
AliStorage2019,15,no_tail,pfc_pause_events,0.0
AliStorage2019,15,no_tail,pfc_resume_events,0.0
AliStorage2019,15,no_tail,proactive_releases,606.0
AliStorage2019,15,no_tail,queue_bytes_max,379320.0
AliStorage2019,15,no_tail,queue_bytes_mean,2129.907
AliStorage2019,15,no_tail,queue_bytes_p95,138.0
AliStorage2019,15,no_tail,queue_bytes_p99,79570.0
AliStorage2019,15,no_tail,queue_sample_count,400020.0
AliStorage2019,15,no_tail,reactive_binding_rate_changes,404.0
AliStorage2019,15,no_tail,reactive_binding_updates,404.0
AliStorage2019,15,no_tail,recovery_nacks_generated,0.0
AliStorage2019,15,no_tail,recovery_nacks_received,0.0
AliStorage2019,15,no_tail,registrations,606.0
AliStorage2019,15,no_tail,selected_registrations,606.0
AliStorage2019,15,no_tail,tie_binding_rate_changes,24.0
AliStorage2019,15,no_tail,tie_binding_updates,1199.0
AliStorage2019,15,no_tail,timeout_recoveries,0.0
AliStorage2019,15,no_remaining,1BDP_to_1MB_fct_us_mean,46.103436532507736
AliStorage2019,15,no_remaining,1BDP_to_1MB_fct_us_p95,131.2335
AliStorage2019,15,no_remaining,1BDP_to_1MB_fct_us_p99,240.3075799999993
AliStorage2019,15,no_remaining,1BDP_to_1MB_flow_count,323.0
AliStorage2019,15,no_remaining,1BDP_to_1MB_slowdown_mean,1.268077104352199
AliStorage2019,15,no_remaining,1BDP_to_1MB_slowdown_p95,1.9347058934336356
AliStorage2019,15,no_remaining,1BDP_to_1MB_slowdown_p99,3.1879197102482135
AliStorage2019,15,no_remaining,8KB_to_1BDP_fct_us_mean,8.945066246056781
AliStorage2019,15,no_remaining,8KB_to_1BDP_fct_us_p95,14.658000000000001
AliStorage2019,15,no_remaining,8KB_to_1BDP_fct_us_p99,18.1306
AliStorage2019,15,no_remaining,8KB_to_1BDP_flow_count,2536.0
AliStorage2019,15,no_remaining,8KB_to_1BDP_slowdown_mean,1.0338076497472886
AliStorage2019,15,no_remaining,8KB_to_1BDP_slowdown_p95,1.1336387792235336
AliStorage2019,15,no_remaining,8KB_to_1BDP_slowdown_p99,1.360928957578689
AliStorage2019,15,no_remaining,aggregate_goodput_gbps,163.1928360681524
AliStorage2019,15,no_remaining,completion_releases,0.0
AliStorage2019,15,no_remaining,completion_span_us,20127.718
AliStorage2019,15,no_remaining,grant_binding_rate_changes,2.0
AliStorage2019,15,no_remaining,grant_binding_updates,43.0
AliStorage2019,15,no_remaining,grant_bytes_sent,70688.0
AliStorage2019,15,no_remaining,grant_event_rate_changes,201.0
AliStorage2019,15,no_remaining,grants_received,752.0
AliStorage2019,15,no_remaining,grants_sent,752.0
AliStorage2019,15,no_remaining,gt_1MB_fct_us_mean,225.02811764705882
AliStorage2019,15,no_remaining,gt_1MB_fct_us_p95,519.35075
AliStorage2019,15,no_remaining,gt_1MB_fct_us_p99,778.5423500000006
AliStorage2019,15,no_remaining,gt_1MB_flow_count,136.0
AliStorage2019,15,no_remaining,gt_1MB_slowdown_mean,1.6563378515172014
AliStorage2019,15,no_remaining,gt_1MB_slowdown_p95,3.15622284723273
AliStorage2019,15,no_remaining,gt_1MB_slowdown_p99,5.5038386107685175
AliStorage2019,15,no_remaining,guard_ack_interval_packets,8.0
AliStorage2019,15,no_remaining,guard_adaptive_grant_updates,0.0
AliStorage2019,15,no_remaining,guard_fixed_window,1.0
AliStorage2019,15,no_remaining,guard_grant_refresh_bdps,1.0
AliStorage2019,15,no_remaining,guard_long_acks_suppressed,280995.0
AliStorage2019,15,no_remaining,guard_min_share_fraction,0.0
AliStorage2019,15,no_remaining,guard_one_rtt_acks_suppressed,84198.0
AliStorage2019,15,no_remaining,guard_one_rtt_bypass_enabled,1.0
AliStorage2019,15,no_remaining,guard_one_rtt_bypass_feedbacks,9241.0
AliStorage2019,15,no_remaining,guard_one_rtt_bypass_flows,9241.0
AliStorage2019,15,no_remaining,guard_rebalance_events,3.0
AliStorage2019,15,no_remaining,guard_remaining_aware,0.0
AliStorage2019,15,no_remaining,guard_remaining_exponent,1.0
AliStorage2019,15,no_remaining,guard_remaining_refresh_events,0.0
AliStorage2019,15,no_remaining,guard_sender_srpt_enabled,1.0
AliStorage2019,15,no_remaining,guard_sender_srpt_forced_rr,83.0
AliStorage2019,15,no_remaining,guard_sender_srpt_non_rr,24021.0
AliStorage2019,15,no_remaining,guard_sender_srpt_selections,415486.0
AliStorage2019,15,no_remaining,guard_srpt_quantum_packets,64.0
AliStorage2019,15,no_remaining,guard_tail_bypass_bdps,8.0
AliStorage2019,15,no_remaining,guard_tail_bypass_enabled,1.0
AliStorage2019,15,no_remaining,guard_tail_bypass_feedbacks,23560.0
AliStorage2019,15,no_remaining,guard_tail_bypass_flows,606.0
AliStorage2019,15,no_remaining,hpcc_actual_rate_changes,120.0
AliStorage2019,15,no_remaining,hpcc_fast_computations,0.0
AliStorage2019,15,no_remaining,hpcc_feedback_updates,2608.0
AliStorage2019,15,no_remaining,hpcc_full_computations,527.0
AliStorage2019,15,no_remaining,hpcc_rate_updates_applied,527.0
AliStorage2019,15,no_remaining,hpcc_valid_feedback,612.0
AliStorage2019,15,no_remaining,int_hops_after_strip,51458.0
AliStorage2019,15,no_remaining,int_hops_before_strip,101751.0
AliStorage2019,15,no_remaining,int_records_stripped,50293.0
AliStorage2019,15,no_remaining,irn_nacks_generated,0.0
AliStorage2019,15,no_remaining,irn_nacks_received,0.0
AliStorage2019,15,no_remaining,irn_retransmit_bytes,0.0
AliStorage2019,15,no_remaining,irn_retransmit_packets,0.0
AliStorage2019,15,no_remaining,le_8KB_fct_us_mean,6.803802685347344
AliStorage2019,15,no_remaining,le_8KB_fct_us_p95,9.108
AliStorage2019,15,no_remaining,le_8KB_fct_us_p99,9.358469999999999
AliStorage2019,15,no_remaining,le_8KB_flow_count,6852.0
AliStorage2019,15,no_remaining,le_8KB_slowdown_mean,1.0079688562164724
AliStorage2019,15,no_remaining,le_8KB_slowdown_p95,1.0303149062408423
AliStorage2019,15,no_remaining,le_8KB_slowdown_p99,1.0663405244340785
AliStorage2019,15,no_remaining,long_to_small_slowdown_mean_ratio,1.6432430836548433
AliStorage2019,15,no_remaining,max_active_flows,4.0
AliStorage2019,15,no_remaining,overall_fct_us_mean,11.658330252868893
AliStorage2019,15,no_remaining,overall_fct_us_p95,15.789200000000005
AliStorage2019,15,no_remaining,overall_fct_us_p99,165.01718000000005
AliStorage2019,15,no_remaining,overall_flow_count,9847.0
AliStorage2019,15,no_remaining,overall_slowdown_mean,1.0321102523678776
AliStorage2019,15,no_remaining,overall_slowdown_p95,1.1118234927750485
AliStorage2019,15,no_remaining,overall_slowdown_p99,1.5256785196793403
AliStorage2019,15,no_remaining,pfc_pause_events,0.0
AliStorage2019,15,no_remaining,pfc_resume_events,0.0
AliStorage2019,15,no_remaining,proactive_releases,606.0
AliStorage2019,15,no_remaining,queue_bytes_max,495950.0
AliStorage2019,15,no_remaining,queue_bytes_mean,2575.342
AliStorage2019,15,no_remaining,queue_bytes_p95,625.0
AliStorage2019,15,no_remaining,queue_bytes_p99,90470.0
AliStorage2019,15,no_remaining,queue_sample_count,400020.0
AliStorage2019,15,no_remaining,reactive_binding_rate_changes,112.0
AliStorage2019,15,no_remaining,reactive_binding_updates,112.0
AliStorage2019,15,no_remaining,recovery_nacks_generated,0.0
AliStorage2019,15,no_remaining,recovery_nacks_received,0.0
AliStorage2019,15,no_remaining,registrations,606.0
AliStorage2019,15,no_remaining,selected_registrations,606.0
AliStorage2019,15,no_remaining,tie_binding_rate_changes,6.0
AliStorage2019,15,no_remaining,tie_binding_updates,372.0
AliStorage2019,15,no_remaining,timeout_recoveries,0.0
AliStorage2019,15,no_ack_coalescing,1BDP_to_1MB_fct_us_mean,44.9669040247678
AliStorage2019,15,no_ack_coalescing,1BDP_to_1MB_fct_us_p95,131.1688999999999
AliStorage2019,15,no_ack_coalescing,1BDP_to_1MB_fct_us_p99,249.81085999999917
AliStorage2019,15,no_ack_coalescing,1BDP_to_1MB_flow_count,323.0
AliStorage2019,15,no_ack_coalescing,1BDP_to_1MB_slowdown_mean,1.2319105489928353
AliStorage2019,15,no_ack_coalescing,1BDP_to_1MB_slowdown_p95,1.9050595578202405
AliStorage2019,15,no_ack_coalescing,1BDP_to_1MB_slowdown_p99,3.070489153831529
AliStorage2019,15,no_ack_coalescing,8KB_to_1BDP_fct_us_mean,8.974097791798108
AliStorage2019,15,no_ack_coalescing,8KB_to_1BDP_fct_us_p95,14.76925
AliStorage2019,15,no_ack_coalescing,8KB_to_1BDP_fct_us_p99,18.7322
AliStorage2019,15,no_ack_coalescing,8KB_to_1BDP_flow_count,2536.0
AliStorage2019,15,no_ack_coalescing,8KB_to_1BDP_slowdown_mean,1.03706700004702
AliStorage2019,15,no_ack_coalescing,8KB_to_1BDP_slowdown_p95,1.1400315656831272
AliStorage2019,15,no_ack_coalescing,8KB_to_1BDP_slowdown_p99,1.3223194385701151
AliStorage2019,15,no_ack_coalescing,aggregate_goodput_gbps,163.1932901098995
AliStorage2019,15,no_ack_coalescing,completion_releases,0.0
AliStorage2019,15,no_ack_coalescing,completion_span_us,20127.662
AliStorage2019,15,no_ack_coalescing,grant_binding_rate_changes,0.0
AliStorage2019,15,no_ack_coalescing,grant_binding_updates,43.0
AliStorage2019,15,no_ack_coalescing,grant_bytes_sent,467368.0
AliStorage2019,15,no_ack_coalescing,grant_event_rate_changes,939.0
AliStorage2019,15,no_ack_coalescing,grants_received,4972.0
AliStorage2019,15,no_ack_coalescing,grants_sent,4972.0
AliStorage2019,15,no_ack_coalescing,gt_1MB_fct_us_mean,220.8919779411765
AliStorage2019,15,no_ack_coalescing,gt_1MB_fct_us_p95,528.15175
AliStorage2019,15,no_ack_coalescing,gt_1MB_fct_us_p99,637.66905
AliStorage2019,15,no_ack_coalescing,gt_1MB_flow_count,136.0
AliStorage2019,15,no_ack_coalescing,gt_1MB_slowdown_mean,1.617232743716219
AliStorage2019,15,no_ack_coalescing,gt_1MB_slowdown_p95,3.40952830481198
AliStorage2019,15,no_ack_coalescing,gt_1MB_slowdown_p99,4.963598386535245
AliStorage2019,15,no_ack_coalescing,guard_ack_interval_packets,1.0
AliStorage2019,15,no_ack_coalescing,guard_adaptive_grant_updates,0.0
AliStorage2019,15,no_ack_coalescing,guard_fixed_window,1.0
AliStorage2019,15,no_ack_coalescing,guard_grant_refresh_bdps,1.0
AliStorage2019,15,no_ack_coalescing,guard_long_acks_suppressed,0.0
AliStorage2019,15,no_ack_coalescing,guard_min_share_fraction,0.0
AliStorage2019,15,no_ack_coalescing,guard_one_rtt_acks_suppressed,84198.0
AliStorage2019,15,no_ack_coalescing,guard_one_rtt_bypass_enabled,1.0
AliStorage2019,15,no_ack_coalescing,guard_one_rtt_bypass_feedbacks,9241.0
AliStorage2019,15,no_ack_coalescing,guard_one_rtt_bypass_flows,9241.0
AliStorage2019,15,no_ack_coalescing,guard_rebalance_events,0.0
AliStorage2019,15,no_ack_coalescing,guard_remaining_aware,1.0
AliStorage2019,15,no_ack_coalescing,guard_remaining_exponent,1.0
AliStorage2019,15,no_ack_coalescing,guard_remaining_refresh_events,3804.0
AliStorage2019,15,no_ack_coalescing,guard_sender_srpt_enabled,1.0
AliStorage2019,15,no_ack_coalescing,guard_sender_srpt_forced_rr,163.0
AliStorage2019,15,no_ack_coalescing,guard_sender_srpt_non_rr,24316.0
AliStorage2019,15,no_ack_coalescing,guard_sender_srpt_selections,415486.0
AliStorage2019,15,no_ack_coalescing,guard_srpt_quantum_packets,64.0
AliStorage2019,15,no_ack_coalescing,guard_tail_bypass_bdps,8.0
AliStorage2019,15,no_ack_coalescing,guard_tail_bypass_enabled,1.0
AliStorage2019,15,no_ack_coalescing,guard_tail_bypass_feedbacks,184016.0
AliStorage2019,15,no_ack_coalescing,guard_tail_bypass_flows,606.0
AliStorage2019,15,no_ack_coalescing,hpcc_actual_rate_changes,147.0
AliStorage2019,15,no_ack_coalescing,hpcc_fast_computations,0.0
AliStorage2019,15,no_ack_coalescing,hpcc_feedback_updates,2687.0
AliStorage2019,15,no_ack_coalescing,hpcc_full_computations,574.0
AliStorage2019,15,no_ack_coalescing,hpcc_rate_updates_applied,574.0
AliStorage2019,15,no_ack_coalescing,hpcc_valid_feedback,659.0
AliStorage2019,15,no_ack_coalescing,int_hops_after_strip,336872.0
AliStorage2019,15,no_ack_coalescing,int_hops_before_strip,668160.0
AliStorage2019,15,no_ack_coalescing,int_records_stripped,331288.0
AliStorage2019,15,no_ack_coalescing,irn_nacks_generated,0.0
AliStorage2019,15,no_ack_coalescing,irn_nacks_received,0.0
AliStorage2019,15,no_ack_coalescing,irn_retransmit_bytes,0.0
AliStorage2019,15,no_ack_coalescing,irn_retransmit_packets,0.0
AliStorage2019,15,no_ack_coalescing,le_8KB_fct_us_mean,6.812959136018681
AliStorage2019,15,no_ack_coalescing,le_8KB_fct_us_p95,9.145
AliStorage2019,15,no_ack_coalescing,le_8KB_fct_us_p99,9.40549
AliStorage2019,15,no_ack_coalescing,le_8KB_flow_count,6852.0
AliStorage2019,15,no_ack_coalescing,le_8KB_slowdown_mean,1.0090663404963116
AliStorage2019,15,no_ack_coalescing,le_8KB_slowdown_p95,1.0328811907879256
AliStorage2019,15,no_ack_coalescing,le_8KB_slowdown_p99,1.0729695855115078
AliStorage2019,15,no_ack_coalescing,long_to_small_slowdown_mean_ratio,1.6027021007566058
AliStorage2019,15,no_ack_coalescing,max_active_flows,4.0
AliStorage2019,15,no_ack_coalescing,overall_fct_us_mean,11.577772621102875
AliStorage2019,15,no_ack_coalescing,overall_fct_us_p95,15.643800000000017
AliStorage2019,15,no_ack_coalescing,overall_fct_us_p99,156.70996000000002
AliStorage2019,15,no_ack_coalescing,overall_flow_count,9847.0
AliStorage2019,15,no_ack_coalescing,overall_slowdown_mean,1.0319869236996102
AliStorage2019,15,no_ack_coalescing,overall_slowdown_p95,1.104308970010563
AliStorage2019,15,no_ack_coalescing,overall_slowdown_p99,1.452474834401757
AliStorage2019,15,no_ack_coalescing,pfc_pause_events,0.0
AliStorage2019,15,no_ack_coalescing,pfc_resume_events,0.0
AliStorage2019,15,no_ack_coalescing,proactive_releases,606.0
AliStorage2019,15,no_ack_coalescing,queue_bytes_max,476482.0
AliStorage2019,15,no_ack_coalescing,queue_bytes_mean,2775.332
AliStorage2019,15,no_ack_coalescing,queue_bytes_p95,4360.0
AliStorage2019,15,no_ack_coalescing,queue_bytes_p99,100280.0
AliStorage2019,15,no_ack_coalescing,queue_sample_count,400020.0
AliStorage2019,15,no_ack_coalescing,reactive_binding_rate_changes,137.0
AliStorage2019,15,no_ack_coalescing,reactive_binding_updates,137.0
AliStorage2019,15,no_ack_coalescing,recovery_nacks_generated,0.0
AliStorage2019,15,no_ack_coalescing,recovery_nacks_received,0.0
AliStorage2019,15,no_ack_coalescing,registrations,606.0
AliStorage2019,15,no_ack_coalescing,selected_registrations,606.0
AliStorage2019,15,no_ack_coalescing,tie_binding_rate_changes,10.0
AliStorage2019,15,no_ack_coalescing,tie_binding_updates,394.0
AliStorage2019,15,no_ack_coalescing,timeout_recoveries,0.0
WebSearch,11,guard,1BDP_to_1MB_fct_us_mean,50.729085714285716
WebSearch,11,guard,1BDP_to_1MB_fct_us_p95,132.5223999999999
WebSearch,11,guard,1BDP_to_1MB_fct_us_p99,154.89415999999997
WebSearch,11,guard,1BDP_to_1MB_flow_count,35.0
WebSearch,11,guard,1BDP_to_1MB_slowdown_mean,1.1263380979915034
WebSearch,11,guard,1BDP_to_1MB_slowdown_p95,1.4228434396897907
WebSearch,11,guard,1BDP_to_1MB_slowdown_p99,1.8286454941356478
WebSearch,11,guard,8KB_to_1BDP_fct_us_mean,10.28381443298969
WebSearch,11,guard,8KB_to_1BDP_fct_us_p95,14.7364
WebSearch,11,guard,8KB_to_1BDP_fct_us_p99,15.465720000000008
WebSearch,11,guard,8KB_to_1BDP_flow_count,97.0
WebSearch,11,guard,8KB_to_1BDP_slowdown_mean,1.0210591401715992
WebSearch,11,guard,8KB_to_1BDP_slowdown_p95,1.054539838960422
WebSearch,11,guard,8KB_to_1BDP_slowdown_p99,1.0638036549933518
WebSearch,11,guard,aggregate_goodput_gbps,144.4297772091558
WebSearch,11,guard,completion_releases,0.0
WebSearch,11,guard,completion_span_us,19482.578
WebSearch,11,guard,grant_binding_rate_changes,2.0
WebSearch,11,guard,grant_binding_updates,225.0
WebSearch,11,guard,grant_bytes_sent,479494.0
WebSearch,11,guard,grant_event_rate_changes,1003.0
WebSearch,11,guard,grants_received,5101.0
WebSearch,11,guard,grants_sent,5101.0
WebSearch,11,guard,gt_1MB_fct_us_mean,790.7088196721311
WebSearch,11,guard,gt_1MB_fct_us_p95,2127.963
WebSearch,11,guard,gt_1MB_fct_us_p99,5489.312399999999
WebSearch,11,guard,gt_1MB_flow_count,61.0
WebSearch,11,guard,gt_1MB_slowdown_mean,1.629639642993485
WebSearch,11,guard,gt_1MB_slowdown_p95,2.969571692138795
WebSearch,11,guard,gt_1MB_slowdown_p99,3.445018008641617
WebSearch,11,guard,guard_ack_interval_packets,8.0
WebSearch,11,guard,guard_adaptive_grant_updates,0.0
WebSearch,11,guard,guard_fixed_window,1.0
WebSearch,11,guard,guard_grant_refresh_bdps,1.0
WebSearch,11,guard,guard_long_acks_suppressed,304958.0
WebSearch,11,guard,guard_min_share_fraction,0.0
WebSearch,11,guard,guard_one_rtt_acks_suppressed,3042.0
WebSearch,11,guard,guard_one_rtt_bypass_enabled,1.0
WebSearch,11,guard,guard_one_rtt_bypass_feedbacks,111.0
WebSearch,11,guard,guard_one_rtt_bypass_flows,111.0
WebSearch,11,guard,guard_rebalance_events,0.0
WebSearch,11,guard,guard_remaining_aware,1.0
WebSearch,11,guard,guard_remaining_exponent,1.0
WebSearch,11,guard,guard_remaining_refresh_events,4469.0
WebSearch,11,guard,guard_sender_srpt_enabled,1.0
WebSearch,11,guard,guard_sender_srpt_forced_rr,55.0
WebSearch,11,guard,guard_sender_srpt_non_rr,29019.0
WebSearch,11,guard,guard_sender_srpt_selections,351844.0
WebSearch,11,guard,guard_srpt_quantum_packets,64.0
WebSearch,11,guard,guard_tail_bypass_bdps,8.0
WebSearch,11,guard,guard_tail_bypass_enabled,1.0
WebSearch,11,guard,guard_tail_bypass_feedbacks,6838.0
WebSearch,11,guard,guard_tail_bypass_flows,115.0
WebSearch,11,guard,hpcc_actual_rate_changes,846.0
WebSearch,11,guard,hpcc_fast_computations,0.0
WebSearch,11,guard,hpcc_feedback_updates,4785.0
WebSearch,11,guard,hpcc_full_computations,2246.0
WebSearch,11,guard,hpcc_rate_updates_applied,2246.0
WebSearch,11,guard,hpcc_valid_feedback,2285.0
WebSearch,11,guard,int_hops_after_strip,54202.0
WebSearch,11,guard,int_hops_before_strip,98046.0
WebSearch,11,guard,int_records_stripped,43844.0
WebSearch,11,guard,irn_nacks_generated,0.0
WebSearch,11,guard,irn_nacks_received,0.0
WebSearch,11,guard,irn_retransmit_bytes,0.0
WebSearch,11,guard,irn_retransmit_packets,0.0
WebSearch,11,guard,le_8KB_fct_us_mean,7.070545454545455
WebSearch,11,guard,le_8KB_fct_us_p95,8.8548
WebSearch,11,guard,le_8KB_fct_us_p99,8.9708
WebSearch,11,guard,le_8KB_flow_count,33.0
WebSearch,11,guard,le_8KB_slowdown_mean,1.0043089923405064
WebSearch,11,guard,le_8KB_slowdown_p95,1.0176931846730044
WebSearch,11,guard,le_8KB_slowdown_p99,1.0203480787236896
WebSearch,11,guard,long_to_small_slowdown_mean_ratio,1.62264766662665
WebSearch,11,guard,max_active_flows,2.0
WebSearch,11,guard,overall_fct_us_mean,226.7239557522124
WebSearch,11,guard,overall_fct_us_p95,1160.96625
WebSearch,11,guard,overall_fct_us_p99,2276.24775
WebSearch,11,guard,overall_flow_count,226.0
WebSearch,11,guard,overall_slowdown_mean,1.1991804645848982
WebSearch,11,guard,overall_slowdown_p95,2.2172517485931102
WebSearch,11,guard,overall_slowdown_p99,3.1781363533612508
WebSearch,11,guard,pfc_pause_events,0.0
WebSearch,11,guard,pfc_resume_events,0.0
WebSearch,11,guard,proactive_releases,115.0
WebSearch,11,guard,queue_bytes_max,341170.0
WebSearch,11,guard,queue_bytes_mean,2631.44
WebSearch,11,guard,queue_bytes_p95,0.0
WebSearch,11,guard,queue_bytes_p99,109000.0
WebSearch,11,guard,queue_sample_count,392020.0
WebSearch,11,guard,reactive_binding_rate_changes,773.0
WebSearch,11,guard,reactive_binding_updates,773.0
WebSearch,11,guard,recovery_nacks_generated,0.0
WebSearch,11,guard,recovery_nacks_received,0.0
WebSearch,11,guard,registrations,115.0
WebSearch,11,guard,selected_registrations,115.0
WebSearch,11,guard,tie_binding_rate_changes,71.0
WebSearch,11,guard,tie_binding_updates,1248.0
WebSearch,11,guard,timeout_recoveries,0.0
WebSearch,11,no_priority,1BDP_to_1MB_fct_us_mean,56.734428571428566
WebSearch,11,no_priority,1BDP_to_1MB_fct_us_p95,143.00139999999993
WebSearch,11,no_priority,1BDP_to_1MB_fct_us_p99,160.05535999999998
WebSearch,11,no_priority,1BDP_to_1MB_flow_count,35.0
WebSearch,11,no_priority,1BDP_to_1MB_slowdown_mean,1.3082752078112856
WebSearch,11,no_priority,1BDP_to_1MB_slowdown_p95,2.269801436144881
WebSearch,11,no_priority,1BDP_to_1MB_slowdown_p99,2.534448868481559
WebSearch,11,no_priority,8KB_to_1BDP_fct_us_mean,11.722927835051546
WebSearch,11,no_priority,8KB_to_1BDP_fct_us_p95,20.905800000000006
WebSearch,11,no_priority,8KB_to_1BDP_fct_us_p99,27.646760000000043
WebSearch,11,no_priority,8KB_to_1BDP_flow_count,97.0
WebSearch,11,no_priority,8KB_to_1BDP_slowdown_mean,1.1364099470880755
WebSearch,11,no_priority,8KB_to_1BDP_slowdown_p95,1.4857602587439236
WebSearch,11,no_priority,8KB_to_1BDP_slowdown_p99,2.1079438559302957
WebSearch,11,no_priority,aggregate_goodput_gbps,144.4297772091558
WebSearch,11,no_priority,completion_releases,0.0
WebSearch,11,no_priority,completion_span_us,19482.578
WebSearch,11,no_priority,grant_binding_rate_changes,2.0
WebSearch,11,no_priority,grant_binding_updates,235.0
WebSearch,11,no_priority,grant_bytes_sent,481280.0
WebSearch,11,no_priority,grant_event_rate_changes,1038.0
WebSearch,11,no_priority,grants_received,5120.0
WebSearch,11,no_priority,grants_sent,5120.0
WebSearch,11,no_priority,gt_1MB_fct_us_mean,792.3372950819671
WebSearch,11,no_priority,gt_1MB_fct_us_p95,2165.241
WebSearch,11,no_priority,gt_1MB_fct_us_p99,5476.338599999999
WebSearch,11,no_priority,gt_1MB_flow_count,61.0
WebSearch,11,no_priority,gt_1MB_slowdown_mean,1.6305453942189154
WebSearch,11,no_priority,gt_1MB_slowdown_p95,2.956612672870786
WebSearch,11,no_priority,gt_1MB_slowdown_p99,3.5052235435746493
WebSearch,11,no_priority,guard_ack_interval_packets,8.0
WebSearch,11,no_priority,guard_adaptive_grant_updates,0.0
WebSearch,11,no_priority,guard_fixed_window,1.0
WebSearch,11,no_priority,guard_grant_refresh_bdps,1.0
WebSearch,11,no_priority,guard_long_acks_suppressed,304958.0
WebSearch,11,no_priority,guard_min_share_fraction,0.0
WebSearch,11,no_priority,guard_one_rtt_acks_suppressed,3042.0
WebSearch,11,no_priority,guard_one_rtt_bypass_enabled,1.0
WebSearch,11,no_priority,guard_one_rtt_bypass_feedbacks,111.0
WebSearch,11,no_priority,guard_one_rtt_bypass_flows,111.0
WebSearch,11,no_priority,guard_rebalance_events,0.0
WebSearch,11,no_priority,guard_remaining_aware,1.0
WebSearch,11,no_priority,guard_remaining_exponent,1.0
WebSearch,11,no_priority,guard_remaining_refresh_events,4470.0
WebSearch,11,no_priority,guard_sender_srpt_enabled,1.0
WebSearch,11,no_priority,guard_sender_srpt_forced_rr,55.0
WebSearch,11,no_priority,guard_sender_srpt_non_rr,29127.0
WebSearch,11,no_priority,guard_sender_srpt_selections,351844.0
WebSearch,11,no_priority,guard_srpt_quantum_packets,64.0
WebSearch,11,no_priority,guard_tail_bypass_bdps,8.0
WebSearch,11,no_priority,guard_tail_bypass_enabled,1.0
WebSearch,11,no_priority,guard_tail_bypass_feedbacks,6838.0
WebSearch,11,no_priority,guard_tail_bypass_flows,115.0
WebSearch,11,no_priority,hpcc_actual_rate_changes,853.0
WebSearch,11,no_priority,hpcc_fast_computations,0.0
WebSearch,11,no_priority,hpcc_feedback_updates,4804.0
WebSearch,11,no_priority,hpcc_full_computations,2260.0
WebSearch,11,no_priority,hpcc_rate_updates_applied,2260.0
WebSearch,11,no_priority,hpcc_valid_feedback,2299.0
WebSearch,11,no_priority,int_hops_after_strip,54202.0
WebSearch,11,no_priority,int_hops_before_strip,98046.0
WebSearch,11,no_priority,int_records_stripped,43844.0
WebSearch,11,no_priority,irn_nacks_generated,0.0
WebSearch,11,no_priority,irn_nacks_received,0.0
WebSearch,11,no_priority,irn_retransmit_bytes,0.0
WebSearch,11,no_priority,irn_retransmit_packets,0.0
WebSearch,11,no_priority,le_8KB_fct_us_mean,7.806939393939395
WebSearch,11,no_priority,le_8KB_fct_us_p95,14.034199999999991
WebSearch,11,no_priority,le_8KB_fct_us_p99,17.544359999999998
WebSearch,11,no_priority,le_8KB_flow_count,33.0
WebSearch,11,no_priority,le_8KB_slowdown_mean,1.0911457740164052
WebSearch,11,no_priority,le_8KB_slowdown_p95,1.6661353677187432
WebSearch,11,no_priority,le_8KB_slowdown_p99,2.034698473424931
WebSearch,11,no_priority,long_to_small_slowdown_mean_ratio,1.4943423995650287
WebSearch,11,no_priority,max_active_flows,2.0
WebSearch,11,no_priority,overall_fct_us_mean,228.81873008849558
WebSearch,11,no_priority,overall_fct_us_p95,1080.1375
WebSearch,11,no_priority,overall_fct_us_p99,2279.4285
WebSearch,11,no_priority,overall_flow_count,226.0
WebSearch,11,no_priority,overall_slowdown_mean,1.289789720047936
WebSearch,11,no_priority,overall_slowdown_p95,2.338883396986403
WebSearch,11,no_priority,overall_slowdown_p99,2.9730461678834237
WebSearch,11,no_priority,pfc_pause_events,0.0
WebSearch,11,no_priority,pfc_resume_events,0.0
WebSearch,11,no_priority,proactive_releases,115.0
WebSearch,11,no_priority,queue_bytes_max,340080.0
WebSearch,11,no_priority,queue_bytes_mean,2630.43
WebSearch,11,no_priority,queue_bytes_p95,0.0
WebSearch,11,no_priority,queue_bytes_p99,109000.0
WebSearch,11,no_priority,queue_sample_count,392020.0
WebSearch,11,no_priority,reactive_binding_rate_changes,786.0
WebSearch,11,no_priority,reactive_binding_updates,786.0
WebSearch,11,no_priority,recovery_nacks_generated,0.0
WebSearch,11,no_priority,recovery_nacks_received,0.0
WebSearch,11,no_priority,registrations,115.0
WebSearch,11,no_priority,selected_registrations,115.0
WebSearch,11,no_priority,tie_binding_rate_changes,65.0
WebSearch,11,no_priority,tie_binding_updates,1239.0
WebSearch,11,no_priority,timeout_recoveries,0.0
WebSearch,11,no_srpt,1BDP_to_1MB_fct_us_mean,58.196485714285714
WebSearch,11,no_srpt,1BDP_to_1MB_fct_us_p95,164.65199999999996
WebSearch,11,no_srpt,1BDP_to_1MB_fct_us_p99,186.4257599999999
WebSearch,11,no_srpt,1BDP_to_1MB_flow_count,35.0
WebSearch,11,no_srpt,1BDP_to_1MB_slowdown_mean,1.25347744674071
WebSearch,11,no_srpt,1BDP_to_1MB_slowdown_p95,2.0754699420509684
WebSearch,11,no_srpt,1BDP_to_1MB_slowdown_p99,2.6189978473374707
WebSearch,11,no_srpt,8KB_to_1BDP_fct_us_mean,10.69219587628866
WebSearch,11,no_srpt,8KB_to_1BDP_fct_us_p95,15.684200000000004
WebSearch,11,no_srpt,8KB_to_1BDP_fct_us_p99,18.33564000000001
WebSearch,11,no_srpt,8KB_to_1BDP_flow_count,97.0
WebSearch,11,no_srpt,8KB_to_1BDP_slowdown_mean,1.060332979303059
WebSearch,11,no_srpt,8KB_to_1BDP_slowdown_p95,1.336939607733962
WebSearch,11,no_srpt,8KB_to_1BDP_slowdown_p99,1.6360503382907463
WebSearch,11,no_srpt,aggregate_goodput_gbps,144.39649184800444
WebSearch,11,no_srpt,completion_releases,0.0
WebSearch,11,no_srpt,completion_span_us,19487.069
WebSearch,11,no_srpt,grant_binding_rate_changes,3.0
WebSearch,11,no_srpt,grant_binding_updates,241.0
WebSearch,11,no_srpt,grant_bytes_sent,485228.0
WebSearch,11,no_srpt,grant_event_rate_changes,1094.0
WebSearch,11,no_srpt,grants_received,5162.0
WebSearch,11,no_srpt,grants_sent,5162.0
WebSearch,11,no_srpt,gt_1MB_fct_us_mean,808.627393442623
WebSearch,11,no_srpt,gt_1MB_fct_us_p95,2323.146
WebSearch,11,no_srpt,gt_1MB_fct_us_p99,5017.8452
WebSearch,11,no_srpt,gt_1MB_flow_count,61.0
WebSearch,11,no_srpt,gt_1MB_slowdown_mean,1.6799598348060378
WebSearch,11,no_srpt,gt_1MB_slowdown_p95,3.037001118369739
WebSearch,11,no_srpt,gt_1MB_slowdown_p99,3.333470288815531
WebSearch,11,no_srpt,guard_ack_interval_packets,8.0
WebSearch,11,no_srpt,guard_adaptive_grant_updates,0.0
WebSearch,11,no_srpt,guard_fixed_window,1.0
WebSearch,11,no_srpt,guard_grant_refresh_bdps,1.0
WebSearch,11,no_srpt,guard_long_acks_suppressed,304958.0
WebSearch,11,no_srpt,guard_min_share_fraction,0.0
WebSearch,11,no_srpt,guard_one_rtt_acks_suppressed,3042.0
WebSearch,11,no_srpt,guard_one_rtt_bypass_enabled,1.0
WebSearch,11,no_srpt,guard_one_rtt_bypass_feedbacks,111.0
WebSearch,11,no_srpt,guard_one_rtt_bypass_flows,111.0
WebSearch,11,no_srpt,guard_rebalance_events,0.0
WebSearch,11,no_srpt,guard_remaining_aware,1.0
WebSearch,11,no_srpt,guard_remaining_exponent,1.0
WebSearch,11,no_srpt,guard_remaining_refresh_events,4475.0
WebSearch,11,no_srpt,guard_sender_srpt_enabled,0.0
WebSearch,11,no_srpt,guard_sender_srpt_forced_rr,0.0
WebSearch,11,no_srpt,guard_sender_srpt_non_rr,0.0
WebSearch,11,no_srpt,guard_sender_srpt_selections,0.0
WebSearch,11,no_srpt,guard_srpt_quantum_packets,64.0
WebSearch,11,no_srpt,guard_tail_bypass_bdps,8.0
WebSearch,11,no_srpt,guard_tail_bypass_enabled,1.0
WebSearch,11,no_srpt,guard_tail_bypass_feedbacks,6838.0
WebSearch,11,no_srpt,guard_tail_bypass_flows,115.0
WebSearch,11,no_srpt,hpcc_actual_rate_changes,814.0
WebSearch,11,no_srpt,hpcc_fast_computations,0.0
WebSearch,11,no_srpt,hpcc_feedback_updates,4954.0
WebSearch,11,no_srpt,hpcc_full_computations,2164.0
WebSearch,11,no_srpt,hpcc_rate_updates_applied,2164.0
WebSearch,11,no_srpt,hpcc_valid_feedback,2203.0
WebSearch,11,no_srpt,int_hops_after_strip,54202.0
WebSearch,11,no_srpt,int_hops_before_strip,98046.0
WebSearch,11,no_srpt,int_records_stripped,43844.0
WebSearch,11,no_srpt,irn_nacks_generated,0.0
WebSearch,11,no_srpt,irn_nacks_received,0.0
WebSearch,11,no_srpt,irn_retransmit_bytes,0.0
WebSearch,11,no_srpt,irn_retransmit_packets,0.0
WebSearch,11,no_srpt,le_8KB_fct_us_mean,7.194333333333333
WebSearch,11,no_srpt,le_8KB_fct_us_p95,9.0688
WebSearch,11,no_srpt,le_8KB_fct_us_p99,9.57976
WebSearch,11,no_srpt,le_8KB_flow_count,33.0
WebSearch,11,no_srpt,le_8KB_slowdown_mean,1.0247091034238152
WebSearch,11,no_srpt,le_8KB_slowdown_p95,1.1117576977345407
WebSearch,11,no_srpt,le_8KB_slowdown_p99,1.1807811401495623
WebSearch,11,no_srpt,long_to_small_slowdown_mean_ratio,1.6394504832570165
WebSearch,11,no_srpt,max_active_flows,2.0
WebSearch,11,no_srpt,overall_fct_us_mean,232.91019469026548
WebSearch,11,no_srpt,overall_fct_us_p95,1160.14325
WebSearch,11,no_srpt,overall_fct_us_p99,2803.52175
WebSearch,11,no_srpt,overall_flow_count,226.0
WebSearch,11,no_srpt,overall_slowdown_mean,1.2522874334711318
WebSearch,11,no_srpt,overall_slowdown_p95,2.3044149476924316
WebSearch,11,no_srpt,overall_slowdown_p99,3.1598682571205248
WebSearch,11,no_srpt,pfc_pause_events,0.0
WebSearch,11,no_srpt,pfc_resume_events,0.0
WebSearch,11,no_srpt,proactive_releases,115.0
WebSearch,11,no_srpt,queue_bytes_max,358610.0
WebSearch,11,no_srpt,queue_bytes_mean,2622.06
WebSearch,11,no_srpt,queue_bytes_p95,0.0
WebSearch,11,no_srpt,queue_bytes_p99,107910.0
WebSearch,11,no_srpt,queue_sample_count,392020.0
WebSearch,11,no_srpt,reactive_binding_rate_changes,749.0
WebSearch,11,no_srpt,reactive_binding_updates,749.0
WebSearch,11,no_srpt,recovery_nacks_generated,0.0
WebSearch,11,no_srpt,recovery_nacks_received,0.0
WebSearch,11,no_srpt,registrations,115.0
WebSearch,11,no_srpt,selected_registrations,115.0
WebSearch,11,no_srpt,tie_binding_rate_changes,62.0
WebSearch,11,no_srpt,tie_binding_updates,1174.0
WebSearch,11,no_srpt,timeout_recoveries,0.0
WebSearch,11,no_reclaim,1BDP_to_1MB_fct_us_mean,50.729085714285716
WebSearch,11,no_reclaim,1BDP_to_1MB_fct_us_p95,132.5223999999999
WebSearch,11,no_reclaim,1BDP_to_1MB_fct_us_p99,154.89415999999997
WebSearch,11,no_reclaim,1BDP_to_1MB_flow_count,35.0
WebSearch,11,no_reclaim,1BDP_to_1MB_slowdown_mean,1.1263380979915034
WebSearch,11,no_reclaim,1BDP_to_1MB_slowdown_p95,1.4228434396897907
WebSearch,11,no_reclaim,1BDP_to_1MB_slowdown_p99,1.8286454941356478
WebSearch,11,no_reclaim,8KB_to_1BDP_fct_us_mean,10.28381443298969
WebSearch,11,no_reclaim,8KB_to_1BDP_fct_us_p95,14.7364
WebSearch,11,no_reclaim,8KB_to_1BDP_fct_us_p99,15.465720000000008
WebSearch,11,no_reclaim,8KB_to_1BDP_flow_count,97.0
WebSearch,11,no_reclaim,8KB_to_1BDP_slowdown_mean,1.0210591401715992
WebSearch,11,no_reclaim,8KB_to_1BDP_slowdown_p95,1.054539838960422
WebSearch,11,no_reclaim,8KB_to_1BDP_slowdown_p99,1.0638036549933518
WebSearch,11,no_reclaim,aggregate_goodput_gbps,144.4297772091558
WebSearch,11,no_reclaim,completion_releases,0.0
WebSearch,11,no_reclaim,completion_span_us,19482.578
WebSearch,11,no_reclaim,grant_binding_rate_changes,2.0
WebSearch,11,no_reclaim,grant_binding_updates,225.0
WebSearch,11,no_reclaim,grant_bytes_sent,479494.0
WebSearch,11,no_reclaim,grant_event_rate_changes,1003.0
WebSearch,11,no_reclaim,grants_received,5101.0
WebSearch,11,no_reclaim,grants_sent,5101.0
WebSearch,11,no_reclaim,gt_1MB_fct_us_mean,790.7088196721311
WebSearch,11,no_reclaim,gt_1MB_fct_us_p95,2127.963
WebSearch,11,no_reclaim,gt_1MB_fct_us_p99,5489.312399999999
WebSearch,11,no_reclaim,gt_1MB_flow_count,61.0
WebSearch,11,no_reclaim,gt_1MB_slowdown_mean,1.629639642993485
WebSearch,11,no_reclaim,gt_1MB_slowdown_p95,2.969571692138795
WebSearch,11,no_reclaim,gt_1MB_slowdown_p99,3.445018008641617
WebSearch,11,no_reclaim,guard_ack_interval_packets,8.0
WebSearch,11,no_reclaim,guard_adaptive_grant_updates,0.0
WebSearch,11,no_reclaim,guard_fixed_window,1.0
WebSearch,11,no_reclaim,guard_grant_refresh_bdps,1.0
WebSearch,11,no_reclaim,guard_long_acks_suppressed,304958.0
WebSearch,11,no_reclaim,guard_min_share_fraction,0.0
WebSearch,11,no_reclaim,guard_one_rtt_acks_suppressed,3042.0
WebSearch,11,no_reclaim,guard_one_rtt_bypass_enabled,1.0
WebSearch,11,no_reclaim,guard_one_rtt_bypass_feedbacks,111.0
WebSearch,11,no_reclaim,guard_one_rtt_bypass_flows,111.0
WebSearch,11,no_reclaim,guard_rebalance_events,0.0
WebSearch,11,no_reclaim,guard_remaining_aware,1.0
WebSearch,11,no_reclaim,guard_remaining_exponent,1.0
WebSearch,11,no_reclaim,guard_remaining_refresh_events,4469.0
WebSearch,11,no_reclaim,guard_sender_srpt_enabled,1.0
WebSearch,11,no_reclaim,guard_sender_srpt_forced_rr,55.0
WebSearch,11,no_reclaim,guard_sender_srpt_non_rr,29019.0
WebSearch,11,no_reclaim,guard_sender_srpt_selections,351844.0
WebSearch,11,no_reclaim,guard_srpt_quantum_packets,64.0
WebSearch,11,no_reclaim,guard_tail_bypass_bdps,8.0
WebSearch,11,no_reclaim,guard_tail_bypass_enabled,1.0
WebSearch,11,no_reclaim,guard_tail_bypass_feedbacks,6838.0
WebSearch,11,no_reclaim,guard_tail_bypass_flows,115.0
WebSearch,11,no_reclaim,hpcc_actual_rate_changes,846.0
WebSearch,11,no_reclaim,hpcc_fast_computations,0.0
WebSearch,11,no_reclaim,hpcc_feedback_updates,4785.0
WebSearch,11,no_reclaim,hpcc_full_computations,2246.0
WebSearch,11,no_reclaim,hpcc_rate_updates_applied,2246.0
WebSearch,11,no_reclaim,hpcc_valid_feedback,2285.0
WebSearch,11,no_reclaim,int_hops_after_strip,54202.0
WebSearch,11,no_reclaim,int_hops_before_strip,98046.0
WebSearch,11,no_reclaim,int_records_stripped,43844.0
WebSearch,11,no_reclaim,irn_nacks_generated,0.0
WebSearch,11,no_reclaim,irn_nacks_received,0.0
WebSearch,11,no_reclaim,irn_retransmit_bytes,0.0
WebSearch,11,no_reclaim,irn_retransmit_packets,0.0
WebSearch,11,no_reclaim,le_8KB_fct_us_mean,7.070545454545455
WebSearch,11,no_reclaim,le_8KB_fct_us_p95,8.8548
WebSearch,11,no_reclaim,le_8KB_fct_us_p99,8.9708
WebSearch,11,no_reclaim,le_8KB_flow_count,33.0
WebSearch,11,no_reclaim,le_8KB_slowdown_mean,1.0043089923405064
WebSearch,11,no_reclaim,le_8KB_slowdown_p95,1.0176931846730044
WebSearch,11,no_reclaim,le_8KB_slowdown_p99,1.0203480787236896
WebSearch,11,no_reclaim,long_to_small_slowdown_mean_ratio,1.62264766662665
WebSearch,11,no_reclaim,max_active_flows,2.0
WebSearch,11,no_reclaim,overall_fct_us_mean,226.7239557522124
WebSearch,11,no_reclaim,overall_fct_us_p95,1160.96625
WebSearch,11,no_reclaim,overall_fct_us_p99,2276.24775
WebSearch,11,no_reclaim,overall_flow_count,226.0
WebSearch,11,no_reclaim,overall_slowdown_mean,1.1991804645848982
WebSearch,11,no_reclaim,overall_slowdown_p95,2.2172517485931102
WebSearch,11,no_reclaim,overall_slowdown_p99,3.1781363533612508
WebSearch,11,no_reclaim,pfc_pause_events,0.0
WebSearch,11,no_reclaim,pfc_resume_events,0.0
WebSearch,11,no_reclaim,proactive_releases,115.0
WebSearch,11,no_reclaim,queue_bytes_max,341170.0
WebSearch,11,no_reclaim,queue_bytes_mean,2631.44
WebSearch,11,no_reclaim,queue_bytes_p95,0.0
WebSearch,11,no_reclaim,queue_bytes_p99,109000.0
WebSearch,11,no_reclaim,queue_sample_count,392020.0
WebSearch,11,no_reclaim,reactive_binding_rate_changes,773.0
WebSearch,11,no_reclaim,reactive_binding_updates,773.0
WebSearch,11,no_reclaim,recovery_nacks_generated,0.0
WebSearch,11,no_reclaim,recovery_nacks_received,0.0
WebSearch,11,no_reclaim,registrations,115.0
WebSearch,11,no_reclaim,selected_registrations,115.0
WebSearch,11,no_reclaim,tie_binding_rate_changes,71.0
WebSearch,11,no_reclaim,tie_binding_updates,1248.0
WebSearch,11,no_reclaim,timeout_recoveries,0.0
WebSearch,11,no_one_rtt,1BDP_to_1MB_fct_us_mean,51.24697142857143
WebSearch,11,no_one_rtt,1BDP_to_1MB_fct_us_p95,149.197
WebSearch,11,no_one_rtt,1BDP_to_1MB_fct_us_p99,153.12323999999998
WebSearch,11,no_one_rtt,1BDP_to_1MB_flow_count,35.0
WebSearch,11,no_one_rtt,1BDP_to_1MB_slowdown_mean,1.1295960332699848
WebSearch,11,no_one_rtt,1BDP_to_1MB_slowdown_p95,1.5957536528367064
WebSearch,11,no_one_rtt,1BDP_to_1MB_slowdown_p99,1.8160125479741853
WebSearch,11,no_one_rtt,8KB_to_1BDP_fct_us_mean,10.291876288659793
WebSearch,11,no_one_rtt,8KB_to_1BDP_fct_us_p95,14.7516
WebSearch,11,no_one_rtt,8KB_to_1BDP_fct_us_p99,15.500360000000008
WebSearch,11,no_one_rtt,8KB_to_1BDP_flow_count,97.0
WebSearch,11,no_one_rtt,8KB_to_1BDP_slowdown_mean,1.021603780264265
WebSearch,11,no_one_rtt,8KB_to_1BDP_slowdown_p95,1.0556325235531803
WebSearch,11,no_one_rtt,8KB_to_1BDP_slowdown_p99,1.0638844128750105
WebSearch,11,no_one_rtt,aggregate_goodput_gbps,144.42913967001638
WebSearch,11,no_one_rtt,completion_releases,0.0
WebSearch,11,no_one_rtt,completion_span_us,19482.664
WebSearch,11,no_one_rtt,grant_binding_rate_changes,2.0
WebSearch,11,no_one_rtt,grant_binding_updates,222.0
WebSearch,11,no_one_rtt,grant_bytes_sent,479024.0
WebSearch,11,no_one_rtt,grant_event_rate_changes,988.0
WebSearch,11,no_one_rtt,grants_received,5096.0
WebSearch,11,no_one_rtt,grants_sent,5096.0
WebSearch,11,no_one_rtt,gt_1MB_fct_us_mean,791.1265901639345
WebSearch,11,no_one_rtt,gt_1MB_fct_us_p95,2112.335
WebSearch,11,no_one_rtt,gt_1MB_fct_us_p99,5491.4782
WebSearch,11,no_one_rtt,gt_1MB_flow_count,61.0
WebSearch,11,no_one_rtt,gt_1MB_slowdown_mean,1.6330285345850881
WebSearch,11,no_one_rtt,gt_1MB_slowdown_p95,2.9737180497176636
WebSearch,11,no_one_rtt,gt_1MB_slowdown_p99,3.5186831632866555
WebSearch,11,no_one_rtt,guard_ack_interval_packets,8.0
WebSearch,11,no_one_rtt,guard_adaptive_grant_updates,0.0
WebSearch,11,no_one_rtt,guard_fixed_window,1.0
WebSearch,11,no_one_rtt,guard_grant_refresh_bdps,1.0
WebSearch,11,no_one_rtt,guard_long_acks_suppressed,307573.0
WebSearch,11,no_one_rtt,guard_min_share_fraction,0.0
WebSearch,11,no_one_rtt,guard_one_rtt_acks_suppressed,0.0
WebSearch,11,no_one_rtt,guard_one_rtt_bypass_enabled,0.0
WebSearch,11,no_one_rtt,guard_one_rtt_bypass_feedbacks,0.0
WebSearch,11,no_one_rtt,guard_one_rtt_bypass_flows,0.0
WebSearch,11,no_one_rtt,guard_rebalance_events,0.0
WebSearch,11,no_one_rtt,guard_remaining_aware,1.0
WebSearch,11,no_one_rtt,guard_remaining_exponent,1.0
WebSearch,11,no_one_rtt,guard_remaining_refresh_events,4470.0
WebSearch,11,no_one_rtt,guard_sender_srpt_enabled,1.0
WebSearch,11,no_one_rtt,guard_sender_srpt_forced_rr,56.0
WebSearch,11,no_one_rtt,guard_sender_srpt_non_rr,29169.0
WebSearch,11,no_one_rtt,guard_sender_srpt_selections,351844.0
WebSearch,11,no_one_rtt,guard_srpt_quantum_packets,64.0
WebSearch,11,no_one_rtt,guard_tail_bypass_bdps,8.0
WebSearch,11,no_one_rtt,guard_tail_bypass_enabled,1.0
WebSearch,11,no_one_rtt,guard_tail_bypass_feedbacks,6838.0
WebSearch,11,no_one_rtt,guard_tail_bypass_flows,115.0
WebSearch,11,no_one_rtt,hpcc_actual_rate_changes,855.0
WebSearch,11,no_one_rtt,hpcc_fast_computations,0.0
WebSearch,11,no_one_rtt,hpcc_feedback_updates,4897.0
WebSearch,11,no_one_rtt,hpcc_full_computations,2243.0
WebSearch,11,no_one_rtt,hpcc_rate_updates_applied,2243.0
WebSearch,11,no_one_rtt,hpcc_valid_feedback,2351.0
WebSearch,11,no_one_rtt,int_hops_after_strip,54830.0
WebSearch,11,no_one_rtt,int_hops_before_strip,99101.0
WebSearch,11,no_one_rtt,int_records_stripped,44271.0
WebSearch,11,no_one_rtt,irn_nacks_generated,0.0
WebSearch,11,no_one_rtt,irn_nacks_received,0.0
WebSearch,11,no_one_rtt,irn_retransmit_bytes,0.0
WebSearch,11,no_one_rtt,irn_retransmit_packets,0.0
WebSearch,11,no_one_rtt,le_8KB_fct_us_mean,7.075818181818182
WebSearch,11,no_one_rtt,le_8KB_fct_us_p95,8.866
WebSearch,11,no_one_rtt,le_8KB_fct_us_p99,8.998800000000001
WebSearch,11,no_one_rtt,le_8KB_flow_count,33.0
WebSearch,11,no_one_rtt,le_8KB_slowdown_mean,1.0049775987567329
WebSearch,11,no_one_rtt,le_8KB_slowdown_p95,1.0205562615376258
WebSearch,11,no_one_rtt,le_8KB_slowdown_p99,1.0221596930788397
WebSearch,11,no_one_rtt,long_to_small_slowdown_mean_ratio,1.6249402340960861
WebSearch,11,no_one_rtt,max_active_flows,2.0
WebSearch,11,no_one_rtt,overall_fct_us_mean,226.92115044247788
WebSearch,11,no_one_rtt,overall_fct_us_p95,1159.82525
WebSearch,11,no_one_rtt,overall_fct_us_p99,2271.7535
WebSearch,11,no_one_rtt,overall_flow_count,226.0
WebSearch,11,no_one_rtt,overall_slowdown_mean,1.2009311027378131
WebSearch,11,no_one_rtt,overall_slowdown_p95,2.2176668513602475
WebSearch,11,no_one_rtt,overall_slowdown_p99,3.161739648269477
WebSearch,11,no_one_rtt,pfc_pause_events,0.0
WebSearch,11,no_one_rtt,pfc_resume_events,0.0
WebSearch,11,no_one_rtt,proactive_releases,115.0
WebSearch,11,no_one_rtt,queue_bytes_max,354250.0
WebSearch,11,no_one_rtt,queue_bytes_mean,2659.811
WebSearch,11,no_one_rtt,queue_bytes_p95,0.0
WebSearch,11,no_one_rtt,queue_bytes_p99,109000.0
WebSearch,11,no_one_rtt,queue_sample_count,392020.0
WebSearch,11,no_one_rtt,reactive_binding_rate_changes,781.0
WebSearch,11,no_one_rtt,reactive_binding_updates,781.0
WebSearch,11,no_one_rtt,recovery_nacks_generated,0.0
WebSearch,11,no_one_rtt,recovery_nacks_received,0.0
WebSearch,11,no_one_rtt,registrations,115.0
WebSearch,11,no_one_rtt,selected_registrations,115.0
WebSearch,11,no_one_rtt,tie_binding_rate_changes,72.0
WebSearch,11,no_one_rtt,tie_binding_updates,1240.0
WebSearch,11,no_one_rtt,timeout_recoveries,0.0
WebSearch,11,no_tail,1BDP_to_1MB_fct_us_mean,55.878257142857144
WebSearch,11,no_tail,1BDP_to_1MB_fct_us_p95,167.02999999999994
WebSearch,11,no_tail,1BDP_to_1MB_fct_us_p99,177.14836
WebSearch,11,no_tail,1BDP_to_1MB_flow_count,35.0
WebSearch,11,no_tail,1BDP_to_1MB_slowdown_mean,1.2053415470640576
WebSearch,11,no_tail,1BDP_to_1MB_slowdown_p95,1.908441557760244
WebSearch,11,no_tail,1BDP_to_1MB_slowdown_p99,2.676814904728488
WebSearch,11,no_tail,8KB_to_1BDP_fct_us_mean,10.294319587628866
WebSearch,11,no_tail,8KB_to_1BDP_fct_us_p95,14.7504
WebSearch,11,no_tail,8KB_to_1BDP_fct_us_p99,15.47324000000001
WebSearch,11,no_tail,8KB_to_1BDP_flow_count,97.0
WebSearch,11,no_tail,8KB_to_1BDP_slowdown_mean,1.0218470595497755
WebSearch,11,no_tail,8KB_to_1BDP_slowdown_p95,1.0530409638921896
WebSearch,11,no_tail,8KB_to_1BDP_slowdown_p99,1.0746940193524355
WebSearch,11,no_tail,aggregate_goodput_gbps,144.4301627006683
WebSearch,11,no_tail,completion_releases,0.0
WebSearch,11,no_tail,completion_span_us,19482.526
WebSearch,11,no_tail,grant_binding_rate_changes,7.0
WebSearch,11,no_tail,grant_binding_updates,272.0
WebSearch,11,no_tail,grant_bytes_sent,485134.0
WebSearch,11,no_tail,grant_event_rate_changes,1071.0
WebSearch,11,no_tail,grants_received,5161.0
WebSearch,11,no_tail,grants_sent,5161.0
WebSearch,11,no_tail,gt_1MB_fct_us_mean,815.131606557377
WebSearch,11,no_tail,gt_1MB_fct_us_p95,2310.531
WebSearch,11,no_tail,gt_1MB_fct_us_p99,5475.834799999999
WebSearch,11,no_tail,gt_1MB_flow_count,61.0
WebSearch,11,no_tail,gt_1MB_slowdown_mean,1.7168416429358315
WebSearch,11,no_tail,gt_1MB_slowdown_p95,3.3626932276416075
WebSearch,11,no_tail,gt_1MB_slowdown_p99,4.249718680337208
WebSearch,11,no_tail,guard_ack_interval_packets,8.0
WebSearch,11,no_tail,guard_adaptive_grant_updates,0.0
WebSearch,11,no_tail,guard_fixed_window,1.0
WebSearch,11,no_tail,guard_grant_refresh_bdps,1.0
WebSearch,11,no_tail,guard_long_acks_suppressed,304958.0
WebSearch,11,no_tail,guard_min_share_fraction,0.0
WebSearch,11,no_tail,guard_one_rtt_acks_suppressed,3042.0
WebSearch,11,no_tail,guard_one_rtt_bypass_enabled,1.0
WebSearch,11,no_tail,guard_one_rtt_bypass_feedbacks,111.0
WebSearch,11,no_tail,guard_one_rtt_bypass_flows,111.0
WebSearch,11,no_tail,guard_rebalance_events,0.0
WebSearch,11,no_tail,guard_remaining_aware,1.0
WebSearch,11,no_tail,guard_remaining_exponent,1.0
WebSearch,11,no_tail,guard_remaining_refresh_events,4473.0
WebSearch,11,no_tail,guard_sender_srpt_enabled,1.0
WebSearch,11,no_tail,guard_sender_srpt_forced_rr,57.0
WebSearch,11,no_tail,guard_sender_srpt_non_rr,28816.0
WebSearch,11,no_tail,guard_sender_srpt_selections,351844.0
WebSearch,11,no_tail,guard_srpt_quantum_packets,64.0
WebSearch,11,no_tail,guard_tail_bypass_bdps,8.0
WebSearch,11,no_tail,guard_tail_bypass_enabled,0.0
WebSearch,11,no_tail,guard_tail_bypass_feedbacks,0.0
WebSearch,11,no_tail,guard_tail_bypass_flows,0.0
WebSearch,11,no_tail,hpcc_actual_rate_changes,1046.0
WebSearch,11,no_tail,hpcc_fast_computations,0.0
WebSearch,11,no_tail,hpcc_feedback_updates,5603.0
WebSearch,11,no_tail,hpcc_full_computations,2625.0
WebSearch,11,no_tail,hpcc_rate_updates_applied,2625.0
WebSearch,11,no_tail,hpcc_valid_feedback,2680.0
WebSearch,11,no_tail,int_hops_after_strip,54202.0
WebSearch,11,no_tail,int_hops_before_strip,98046.0
WebSearch,11,no_tail,int_records_stripped,43844.0
WebSearch,11,no_tail,irn_nacks_generated,0.0
WebSearch,11,no_tail,irn_nacks_received,0.0
WebSearch,11,no_tail,irn_retransmit_bytes,0.0
WebSearch,11,no_tail,irn_retransmit_packets,0.0
WebSearch,11,no_tail,le_8KB_fct_us_mean,7.072787878787878
WebSearch,11,no_tail,le_8KB_fct_us_p95,8.8712
WebSearch,11,no_tail,le_8KB_fct_us_p99,8.97816
WebSearch,11,no_tail,le_8KB_flow_count,33.0
WebSearch,11,no_tail,le_8KB_slowdown_mean,1.0046970485662183
WebSearch,11,no_tail,le_8KB_slowdown_p95,1.0192659785618
WebSearch,11,no_tail,le_8KB_slowdown_p99,1.0248292235645398
WebSearch,11,no_tail,long_to_small_slowdown_mean_ratio,1.7088152546938398
WebSearch,11,no_tail,max_active_flows,2.0
WebSearch,11,no_tail,overall_fct_us_mean,234.11822123893805
WebSearch,11,no_tail,overall_fct_us_p95,1202.7875
WebSearch,11,no_tail,overall_fct_us_p99,2371.9132499999996
WebSearch,11,no_tail,overall_flow_count,226.0
WebSearch,11,no_tail,overall_slowdown_mean,1.2353471758643415
WebSearch,11,no_tail,overall_slowdown_p95,2.2858434959583005
WebSearch,11,no_tail,overall_slowdown_p99,3.7085519326659178
WebSearch,11,no_tail,pfc_pause_events,0.0
WebSearch,11,no_tail,pfc_resume_events,0.0
WebSearch,11,no_tail,proactive_releases,115.0
WebSearch,11,no_tail,queue_bytes_max,450170.0
WebSearch,11,no_tail,queue_bytes_mean,2982.266
WebSearch,11,no_tail,queue_bytes_p95,0.0
WebSearch,11,no_tail,queue_bytes_p99,110090.0
WebSearch,11,no_tail,queue_sample_count,392020.0
WebSearch,11,no_tail,reactive_binding_rate_changes,947.0
WebSearch,11,no_tail,reactive_binding_updates,947.0
WebSearch,11,no_tail,recovery_nacks_generated,0.0
WebSearch,11,no_tail,recovery_nacks_received,0.0
WebSearch,11,no_tail,registrations,115.0
WebSearch,11,no_tail,selected_registrations,115.0
WebSearch,11,no_tail,tie_binding_rate_changes,92.0
WebSearch,11,no_tail,tie_binding_updates,1406.0
WebSearch,11,no_tail,timeout_recoveries,0.0
WebSearch,11,no_remaining,1BDP_to_1MB_fct_us_mean,54.13365714285714
WebSearch,11,no_remaining,1BDP_to_1MB_fct_us_p95,159.63439999999994
WebSearch,11,no_remaining,1BDP_to_1MB_fct_us_p99,174.16964000000002
WebSearch,11,no_remaining,1BDP_to_1MB_flow_count,35.0
WebSearch,11,no_remaining,1BDP_to_1MB_slowdown_mean,1.1734249980282099
WebSearch,11,no_remaining,1BDP_to_1MB_slowdown_p95,1.8769966847004633
WebSearch,11,no_remaining,1BDP_to_1MB_slowdown_p99,1.9343605382197921
WebSearch,11,no_remaining,8KB_to_1BDP_fct_us_mean,10.312092783505156
WebSearch,11,no_remaining,8KB_to_1BDP_fct_us_p95,14.7474
WebSearch,11,no_remaining,8KB_to_1BDP_fct_us_p99,15.48520000000001
WebSearch,11,no_remaining,8KB_to_1BDP_flow_count,97.0
WebSearch,11,no_remaining,8KB_to_1BDP_slowdown_mean,1.02366361400718
WebSearch,11,no_remaining,8KB_to_1BDP_slowdown_p95,1.0504146016278855
WebSearch,11,no_remaining,8KB_to_1BDP_slowdown_p99,1.160357498905181
WebSearch,11,no_remaining,aggregate_goodput_gbps,144.43980065730977
WebSearch,11,no_remaining,completion_releases,0.0
WebSearch,11,no_remaining,completion_span_us,19481.226
WebSearch,11,no_remaining,grant_binding_rate_changes,11.0
WebSearch,11,no_remaining,grant_binding_updates,214.0
WebSearch,11,no_remaining,grant_bytes_sent,13254.0
WebSearch,11,no_remaining,grant_event_rate_changes,32.0
WebSearch,11,no_remaining,grants_received,141.0
WebSearch,11,no_remaining,grants_sent,141.0
WebSearch,11,no_remaining,gt_1MB_fct_us_mean,801.113606557377
WebSearch,11,no_remaining,gt_1MB_fct_us_p95,2170.999
WebSearch,11,no_remaining,gt_1MB_fct_us_p99,5476.9702
WebSearch,11,no_remaining,gt_1MB_flow_count,61.0
WebSearch,11,no_remaining,gt_1MB_slowdown_mean,1.6453368292418404
WebSearch,11,no_remaining,gt_1MB_slowdown_p95,2.958211139968793
WebSearch,11,no_remaining,gt_1MB_slowdown_p99,3.0679631870149917
WebSearch,11,no_remaining,guard_ack_interval_packets,8.0
WebSearch,11,no_remaining,guard_adaptive_grant_updates,0.0
WebSearch,11,no_remaining,guard_fixed_window,1.0
WebSearch,11,no_remaining,guard_grant_refresh_bdps,1.0
WebSearch,11,no_remaining,guard_long_acks_suppressed,304958.0
WebSearch,11,no_remaining,guard_min_share_fraction,0.0
WebSearch,11,no_remaining,guard_one_rtt_acks_suppressed,3042.0
WebSearch,11,no_remaining,guard_one_rtt_bypass_enabled,1.0
WebSearch,11,no_remaining,guard_one_rtt_bypass_feedbacks,111.0
WebSearch,11,no_remaining,guard_one_rtt_bypass_flows,111.0
WebSearch,11,no_remaining,guard_rebalance_events,16.0
WebSearch,11,no_remaining,guard_remaining_aware,0.0
WebSearch,11,no_remaining,guard_remaining_exponent,1.0
WebSearch,11,no_remaining,guard_remaining_refresh_events,0.0
WebSearch,11,no_remaining,guard_sender_srpt_enabled,1.0
WebSearch,11,no_remaining,guard_sender_srpt_forced_rr,60.0
WebSearch,11,no_remaining,guard_sender_srpt_non_rr,29418.0
WebSearch,11,no_remaining,guard_sender_srpt_selections,351844.0
WebSearch,11,no_remaining,guard_srpt_quantum_packets,64.0
WebSearch,11,no_remaining,guard_tail_bypass_bdps,8.0
WebSearch,11,no_remaining,guard_tail_bypass_enabled,1.0
WebSearch,11,no_remaining,guard_tail_bypass_feedbacks,6838.0
WebSearch,11,no_remaining,guard_tail_bypass_flows,115.0
WebSearch,11,no_remaining,hpcc_actual_rate_changes,963.0
WebSearch,11,no_remaining,hpcc_fast_computations,0.0
WebSearch,11,no_remaining,hpcc_feedback_updates,4804.0
WebSearch,11,no_remaining,hpcc_full_computations,2203.0
WebSearch,11,no_remaining,hpcc_rate_updates_applied,2203.0
WebSearch,11,no_remaining,hpcc_valid_feedback,2242.0
WebSearch,11,no_remaining,int_hops_after_strip,54202.0
WebSearch,11,no_remaining,int_hops_before_strip,98046.0
WebSearch,11,no_remaining,int_records_stripped,43844.0
WebSearch,11,no_remaining,irn_nacks_generated,0.0
WebSearch,11,no_remaining,irn_nacks_received,0.0
WebSearch,11,no_remaining,irn_retransmit_bytes,0.0
WebSearch,11,no_remaining,irn_retransmit_packets,0.0
WebSearch,11,no_remaining,le_8KB_fct_us_mean,7.0769090909090915
WebSearch,11,no_remaining,le_8KB_fct_us_p95,8.868400000000001
WebSearch,11,no_remaining,le_8KB_fct_us_p99,8.95416
WebSearch,11,no_remaining,le_8KB_flow_count,33.0
WebSearch,11,no_remaining,le_8KB_slowdown_mean,1.0053745877358728
WebSearch,11,no_remaining,le_8KB_slowdown_p95,1.0226263942451337
WebSearch,11,no_remaining,le_8KB_slowdown_p99,1.0250624048177635
WebSearch,11,no_remaining,long_to_small_slowdown_mean_ratio,1.6365410955404966
WebSearch,11,no_remaining,max_active_flows,2.0
WebSearch,11,no_remaining,overall_fct_us_mean,230.07265044247788
WebSearch,11,no_remaining,overall_fct_us_p95,1137.89975
WebSearch,11,no_remaining,overall_fct_us_p99,2257.83475
WebSearch,11,no_remaining,overall_flow_count,226.0
WebSearch,11,no_remaining,overall_slowdown_mean,1.211982979950088
WebSearch,11,no_remaining,overall_slowdown_p95,2.3433484624207828
WebSearch,11,no_remaining,overall_slowdown_p99,2.9793863501155697
WebSearch,11,no_remaining,pfc_pause_events,0.0
WebSearch,11,no_remaining,pfc_resume_events,0.0
WebSearch,11,no_remaining,proactive_releases,115.0
WebSearch,11,no_remaining,queue_bytes_max,383680.0
WebSearch,11,no_remaining,queue_bytes_mean,2894.388
WebSearch,11,no_remaining,queue_bytes_p95,0.0
WebSearch,11,no_remaining,queue_bytes_p99,109000.0
WebSearch,11,no_remaining,queue_sample_count,392020.0
WebSearch,11,no_remaining,reactive_binding_rate_changes,879.0
WebSearch,11,no_remaining,reactive_binding_updates,879.0
WebSearch,11,no_remaining,recovery_nacks_generated,0.0
WebSearch,11,no_remaining,recovery_nacks_received,0.0
WebSearch,11,no_remaining,registrations,115.0
WebSearch,11,no_remaining,selected_registrations,115.0
WebSearch,11,no_remaining,tie_binding_rate_changes,73.0
WebSearch,11,no_remaining,tie_binding_updates,1110.0
WebSearch,11,no_remaining,timeout_recoveries,0.0
WebSearch,11,no_ack_coalescing,1BDP_to_1MB_fct_us_mean,52.118942857142855
WebSearch,11,no_ack_coalescing,1BDP_to_1MB_fct_us_p95,155.96959999999996
WebSearch,11,no_ack_coalescing,1BDP_to_1MB_fct_us_p99,170.16503999999998
WebSearch,11,no_ack_coalescing,1BDP_to_1MB_flow_count,35.0
WebSearch,11,no_ack_coalescing,1BDP_to_1MB_slowdown_mean,1.137535296384565
WebSearch,11,no_ack_coalescing,1BDP_to_1MB_slowdown_p95,1.8155229431998035
WebSearch,11,no_ack_coalescing,1BDP_to_1MB_slowdown_p99,1.854411258664448
WebSearch,11,no_ack_coalescing,8KB_to_1BDP_fct_us_mean,10.319938144329896
WebSearch,11,no_ack_coalescing,8KB_to_1BDP_fct_us_p95,15.081
WebSearch,11,no_ack_coalescing,8KB_to_1BDP_fct_us_p99,15.969880000000009
WebSearch,11,no_ack_coalescing,8KB_to_1BDP_flow_count,97.0
WebSearch,11,no_ack_coalescing,8KB_to_1BDP_slowdown_mean,1.0234709909491821
WebSearch,11,no_ack_coalescing,8KB_to_1BDP_slowdown_p95,1.0643769941259102
WebSearch,11,no_ack_coalescing,8KB_to_1BDP_slowdown_p99,1.0772815337412531
WebSearch,11,no_ack_coalescing,aggregate_goodput_gbps,144.39967074877967
WebSearch,11,no_ack_coalescing,completion_releases,0.0
WebSearch,11,no_ack_coalescing,completion_span_us,19486.64
WebSearch,11,no_ack_coalescing,grant_binding_rate_changes,7.0
WebSearch,11,no_ack_coalescing,grant_binding_updates,247.0
WebSearch,11,no_ack_coalescing,grant_bytes_sent,484946.0
WebSearch,11,no_ack_coalescing,grant_event_rate_changes,1053.0
WebSearch,11,no_ack_coalescing,grants_received,5159.0
WebSearch,11,no_ack_coalescing,grants_sent,5159.0
WebSearch,11,no_ack_coalescing,gt_1MB_fct_us_mean,821.5693606557377
WebSearch,11,no_ack_coalescing,gt_1MB_fct_us_p95,2323.096
WebSearch,11,no_ack_coalescing,gt_1MB_fct_us_p99,5908.916399999999
WebSearch,11,no_ack_coalescing,gt_1MB_flow_count,61.0
WebSearch,11,no_ack_coalescing,gt_1MB_slowdown_mean,1.6639679562765655
WebSearch,11,no_ack_coalescing,gt_1MB_slowdown_p95,3.0932361417189354
WebSearch,11,no_ack_coalescing,gt_1MB_slowdown_p99,3.630228938309954
WebSearch,11,no_ack_coalescing,guard_ack_interval_packets,1.0
WebSearch,11,no_ack_coalescing,guard_adaptive_grant_updates,0.0
WebSearch,11,no_ack_coalescing,guard_fixed_window,1.0
WebSearch,11,no_ack_coalescing,guard_grant_refresh_bdps,1.0
WebSearch,11,no_ack_coalescing,guard_long_acks_suppressed,0.0
WebSearch,11,no_ack_coalescing,guard_min_share_fraction,0.0
WebSearch,11,no_ack_coalescing,guard_one_rtt_acks_suppressed,3042.0
WebSearch,11,no_ack_coalescing,guard_one_rtt_bypass_enabled,1.0
WebSearch,11,no_ack_coalescing,guard_one_rtt_bypass_feedbacks,111.0
WebSearch,11,no_ack_coalescing,guard_one_rtt_bypass_flows,111.0
WebSearch,11,no_ack_coalescing,guard_rebalance_events,0.0
WebSearch,11,no_ack_coalescing,guard_remaining_aware,1.0
WebSearch,11,no_ack_coalescing,guard_remaining_exponent,1.0
WebSearch,11,no_ack_coalescing,guard_remaining_refresh_events,4472.0
WebSearch,11,no_ack_coalescing,guard_sender_srpt_enabled,1.0
WebSearch,11,no_ack_coalescing,guard_sender_srpt_forced_rr,337.0
WebSearch,11,no_ack_coalescing,guard_sender_srpt_non_rr,28646.0
WebSearch,11,no_ack_coalescing,guard_sender_srpt_selections,351844.0
WebSearch,11,no_ack_coalescing,guard_srpt_quantum_packets,64.0
WebSearch,11,no_ack_coalescing,guard_tail_bypass_bdps,8.0
WebSearch,11,no_ack_coalescing,guard_tail_bypass_enabled,1.0
WebSearch,11,no_ack_coalescing,guard_tail_bypass_feedbacks,54265.0
WebSearch,11,no_ack_coalescing,guard_tail_bypass_flows,115.0
WebSearch,11,no_ack_coalescing,hpcc_actual_rate_changes,951.0
WebSearch,11,no_ack_coalescing,hpcc_fast_computations,0.0
WebSearch,11,no_ack_coalescing,hpcc_feedback_updates,5064.0
WebSearch,11,no_ack_coalescing,hpcc_full_computations,2403.0
WebSearch,11,no_ack_coalescing,hpcc_rate_updates_applied,2403.0
WebSearch,11,no_ack_coalescing,hpcc_valid_feedback,2442.0
WebSearch,11,no_ack_coalescing,int_hops_after_strip,431526.0
WebSearch,11,no_ack_coalescing,int_hops_before_strip,780328.0
WebSearch,11,no_ack_coalescing,int_records_stripped,348802.0
WebSearch,11,no_ack_coalescing,irn_nacks_generated,0.0
WebSearch,11,no_ack_coalescing,irn_nacks_received,0.0
WebSearch,11,no_ack_coalescing,irn_retransmit_bytes,0.0
WebSearch,11,no_ack_coalescing,irn_retransmit_packets,0.0
WebSearch,11,no_ack_coalescing,le_8KB_fct_us_mean,7.085909090909091
WebSearch,11,no_ack_coalescing,le_8KB_fct_us_p95,8.9338
WebSearch,11,no_ack_coalescing,le_8KB_fct_us_p99,9.00368
WebSearch,11,no_ack_coalescing,le_8KB_flow_count,33.0
WebSearch,11,no_ack_coalescing,le_8KB_slowdown_mean,1.0061898077562843
WebSearch,11,no_ack_coalescing,le_8KB_slowdown_p95,1.02561243844583
WebSearch,11,no_ack_coalescing,le_8KB_slowdown_p99,1.0276870781250618
WebSearch,11,no_ack_coalescing,long_to_small_slowdown_mean_ratio,1.653731675127051
WebSearch,11,no_ack_coalescing,max_active_flows,2.0
WebSearch,11,no_ack_coalescing,overall_fct_us_mean,235.28656194690265
WebSearch,11,no_ack_coalescing,overall_fct_us_p95,1221.9810000000002
WebSearch,11,no_ack_coalescing,overall_fct_us_p99,2427.2664999999997
WebSearch,11,no_ack_coalescing,overall_flow_count,226.0
WebSearch,11,no_ack_coalescing,overall_slowdown_mean,1.2114899578953908
WebSearch,11,no_ack_coalescing,overall_slowdown_p95,2.282106289101633
WebSearch,11,no_ack_coalescing,overall_slowdown_p99,3.130767574395229
WebSearch,11,no_ack_coalescing,pfc_pause_events,0.0
WebSearch,11,no_ack_coalescing,pfc_resume_events,0.0
WebSearch,11,no_ack_coalescing,proactive_releases,115.0
WebSearch,11,no_ack_coalescing,queue_bytes_max,356430.0
WebSearch,11,no_ack_coalescing,queue_bytes_mean,3290.239
WebSearch,11,no_ack_coalescing,queue_bytes_p95,4360.0
WebSearch,11,no_ack_coalescing,queue_bytes_p99,127530.0
WebSearch,11,no_ack_coalescing,queue_sample_count,392020.0
WebSearch,11,no_ack_coalescing,reactive_binding_rate_changes,861.0
WebSearch,11,no_ack_coalescing,reactive_binding_updates,861.0
WebSearch,11,no_ack_coalescing,recovery_nacks_generated,0.0
WebSearch,11,no_ack_coalescing,recovery_nacks_received,0.0
WebSearch,11,no_ack_coalescing,registrations,115.0
WebSearch,11,no_ack_coalescing,selected_registrations,115.0
WebSearch,11,no_ack_coalescing,tie_binding_rate_changes,83.0
WebSearch,11,no_ack_coalescing,tie_binding_updates,1295.0
WebSearch,11,no_ack_coalescing,timeout_recoveries,0.0
WebSearch,11,no_fixed_window,1BDP_to_1MB_fct_us_mean,54.581514285714285
WebSearch,11,no_fixed_window,1BDP_to_1MB_fct_us_p95,156.14319999999998
WebSearch,11,no_fixed_window,1BDP_to_1MB_fct_us_p99,182.7661999999999
WebSearch,11,no_fixed_window,1BDP_to_1MB_flow_count,35.0
WebSearch,11,no_fixed_window,1BDP_to_1MB_slowdown_mean,1.1760260610065463
WebSearch,11,no_fixed_window,1BDP_to_1MB_slowdown_p95,1.7441575954796265
WebSearch,11,no_fixed_window,1BDP_to_1MB_slowdown_p99,2.1439057728134494
WebSearch,11,no_fixed_window,8KB_to_1BDP_fct_us_mean,10.300958762886598
WebSearch,11,no_fixed_window,8KB_to_1BDP_fct_us_p95,14.759400000000001
WebSearch,11,no_fixed_window,8KB_to_1BDP_fct_us_p99,15.468360000000008
WebSearch,11,no_fixed_window,8KB_to_1BDP_flow_count,97.0
WebSearch,11,no_fixed_window,8KB_to_1BDP_slowdown_mean,1.022690141203025
WebSearch,11,no_fixed_window,8KB_to_1BDP_slowdown_p95,1.0560204511967177
WebSearch,11,no_fixed_window,8KB_to_1BDP_slowdown_p99,1.075003309436408
WebSearch,11,no_fixed_window,aggregate_goodput_gbps,144.362592279923
WebSearch,11,no_fixed_window,completion_releases,0.0
WebSearch,11,no_fixed_window,completion_span_us,19491.645
WebSearch,11,no_fixed_window,grant_binding_rate_changes,6.0
WebSearch,11,no_fixed_window,grant_binding_updates,319.0
WebSearch,11,no_fixed_window,grant_bytes_sent,477238.0
WebSearch,11,no_fixed_window,grant_event_rate_changes,913.0
WebSearch,11,no_fixed_window,grants_received,5077.0
WebSearch,11,no_fixed_window,grants_sent,5077.0
WebSearch,11,no_fixed_window,gt_1MB_fct_us_mean,893.676393442623
WebSearch,11,no_fixed_window,gt_1MB_fct_us_p95,3021.746
WebSearch,11,no_fixed_window,gt_1MB_fct_us_p99,5784.684399999998
WebSearch,11,no_fixed_window,gt_1MB_flow_count,61.0
WebSearch,11,no_fixed_window,gt_1MB_slowdown_mean,1.8025562798160653
WebSearch,11,no_fixed_window,gt_1MB_slowdown_p95,3.6418201798779606
WebSearch,11,no_fixed_window,gt_1MB_slowdown_p99,5.421155064174229
WebSearch,11,no_fixed_window,guard_ack_interval_packets,8.0
WebSearch,11,no_fixed_window,guard_adaptive_grant_updates,0.0
WebSearch,11,no_fixed_window,guard_fixed_window,0.0
WebSearch,11,no_fixed_window,guard_grant_refresh_bdps,1.0
WebSearch,11,no_fixed_window,guard_long_acks_suppressed,304958.0
WebSearch,11,no_fixed_window,guard_min_share_fraction,0.0
WebSearch,11,no_fixed_window,guard_one_rtt_acks_suppressed,3042.0
WebSearch,11,no_fixed_window,guard_one_rtt_bypass_enabled,1.0
WebSearch,11,no_fixed_window,guard_one_rtt_bypass_feedbacks,111.0
WebSearch,11,no_fixed_window,guard_one_rtt_bypass_flows,111.0
WebSearch,11,no_fixed_window,guard_rebalance_events,0.0
WebSearch,11,no_fixed_window,guard_remaining_aware,1.0
WebSearch,11,no_fixed_window,guard_remaining_exponent,1.0
WebSearch,11,no_fixed_window,guard_remaining_refresh_events,4470.0
WebSearch,11,no_fixed_window,guard_sender_srpt_enabled,1.0
WebSearch,11,no_fixed_window,guard_sender_srpt_forced_rr,53.0
WebSearch,11,no_fixed_window,guard_sender_srpt_non_rr,29912.0
WebSearch,11,no_fixed_window,guard_sender_srpt_selections,351844.0
WebSearch,11,no_fixed_window,guard_srpt_quantum_packets,64.0
WebSearch,11,no_fixed_window,guard_tail_bypass_bdps,8.0
WebSearch,11,no_fixed_window,guard_tail_bypass_enabled,1.0
WebSearch,11,no_fixed_window,guard_tail_bypass_feedbacks,6837.0
WebSearch,11,no_fixed_window,guard_tail_bypass_flows,115.0
WebSearch,11,no_fixed_window,hpcc_actual_rate_changes,1032.0
WebSearch,11,no_fixed_window,hpcc_fast_computations,0.0
WebSearch,11,no_fixed_window,hpcc_feedback_updates,5141.0
WebSearch,11,no_fixed_window,hpcc_full_computations,2498.0
WebSearch,11,no_fixed_window,hpcc_rate_updates_applied,2498.0
WebSearch,11,no_fixed_window,hpcc_valid_feedback,2537.0
WebSearch,11,no_fixed_window,int_hops_after_strip,54202.0
WebSearch,11,no_fixed_window,int_hops_before_strip,98046.0
WebSearch,11,no_fixed_window,int_records_stripped,43844.0
WebSearch,11,no_fixed_window,irn_nacks_generated,0.0
WebSearch,11,no_fixed_window,irn_nacks_received,0.0
WebSearch,11,no_fixed_window,irn_retransmit_bytes,0.0
WebSearch,11,no_fixed_window,irn_retransmit_packets,0.0
WebSearch,11,no_fixed_window,le_8KB_fct_us_mean,7.078515151515152
WebSearch,11,no_fixed_window,le_8KB_fct_us_p95,8.868400000000001
WebSearch,11,no_fixed_window,le_8KB_fct_us_p99,9.03032
WebSearch,11,no_fixed_window,le_8KB_flow_count,33.0
WebSearch,11,no_fixed_window,le_8KB_slowdown_mean,1.005310482607415
WebSearch,11,no_fixed_window,le_8KB_slowdown_p95,1.021499509979988
WebSearch,11,no_fixed_window,le_8KB_slowdown_p99,1.0257246855469129
WebSearch,11,no_fixed_window,long_to_small_slowdown_mean_ratio,1.7930344018107525
WebSearch,11,no_fixed_window,max_active_flows,2.0
WebSearch,11,no_fixed_window,overall_fct_us_mean,255.1212256637168
WebSearch,11,no_fixed_window,overall_fct_us_p95,1155.954
WebSearch,11,no_fixed_window,overall_fct_us_p99,3675.0462500000003
WebSearch,11,no_fixed_window,overall_flow_count,226.0
WebSearch,11,no_fixed_window,overall_slowdown_mean,1.254393959410386
WebSearch,11,no_fixed_window,overall_slowdown_p95,2.3200252331514366
WebSearch,11,no_fixed_window,overall_slowdown_p99,4.356891941053572
WebSearch,11,no_fixed_window,pfc_pause_events,0.0
WebSearch,11,no_fixed_window,pfc_resume_events,0.0
WebSearch,11,no_fixed_window,proactive_releases,115.0
WebSearch,11,no_fixed_window,queue_bytes_max,332450.0
WebSearch,11,no_fixed_window,queue_bytes_mean,1972.134
WebSearch,11,no_fixed_window,queue_bytes_p95,0.0
WebSearch,11,no_fixed_window,queue_bytes_p99,78480.0
WebSearch,11,no_fixed_window,queue_sample_count,392020.0
WebSearch,11,no_fixed_window,reactive_binding_rate_changes,999.0
WebSearch,11,no_fixed_window,reactive_binding_updates,999.0
WebSearch,11,no_fixed_window,recovery_nacks_generated,0.0
WebSearch,11,no_fixed_window,recovery_nacks_received,0.0
WebSearch,11,no_fixed_window,registrations,115.0
WebSearch,11,no_fixed_window,selected_registrations,115.0
WebSearch,11,no_fixed_window,tie_binding_rate_changes,27.0
WebSearch,11,no_fixed_window,tie_binding_updates,1180.0
WebSearch,11,no_fixed_window,timeout_recoveries,0.0
WebSearch,12,guard,1BDP_to_1MB_fct_us_mean,60.33897297297297
WebSearch,12,guard,1BDP_to_1MB_fct_us_p95,134.77960000000013
WebSearch,12,guard,1BDP_to_1MB_fct_us_p99,178.71576
WebSearch,12,guard,1BDP_to_1MB_flow_count,37.0
WebSearch,12,guard,1BDP_to_1MB_slowdown_mean,1.165092812427002
WebSearch,12,guard,1BDP_to_1MB_slowdown_p95,1.8115217444456453
WebSearch,12,guard,1BDP_to_1MB_slowdown_p99,1.9636084592369374
WebSearch,12,guard,8KB_to_1BDP_fct_us_mean,10.047947916666667
WebSearch,12,guard,8KB_to_1BDP_fct_us_p95,14.777249999999999
WebSearch,12,guard,8KB_to_1BDP_fct_us_p99,15.239
WebSearch,12,guard,8KB_to_1BDP_flow_count,96.0
WebSearch,12,guard,8KB_to_1BDP_slowdown_mean,1.0222040002724426
WebSearch,12,guard,8KB_to_1BDP_slowdown_p95,1.047000064458504
WebSearch,12,guard,8KB_to_1BDP_slowdown_p99,1.0627095804071125
WebSearch,12,guard,aggregate_goodput_gbps,197.6494068726849
WebSearch,12,guard,completion_releases,0.0
WebSearch,12,guard,completion_span_us,21014.291
WebSearch,12,guard,grant_binding_rate_changes,13.0
WebSearch,12,guard,grant_binding_updates,556.0
WebSearch,12,guard,grant_bytes_sent,880498.0
WebSearch,12,guard,grant_event_rate_changes,3380.0
WebSearch,12,guard,grants_received,9367.0
WebSearch,12,guard,grants_sent,9367.0
WebSearch,12,guard,gt_1MB_fct_us_mean,947.8610833333335
WebSearch,12,guard,gt_1MB_fct_us_p95,3272.754250000001
WebSearch,12,guard,gt_1MB_fct_us_p99,4678.817960000003
WebSearch,12,guard,gt_1MB_flow_count,72.0
WebSearch,12,guard,gt_1MB_slowdown_mean,1.5252735345520854
WebSearch,12,guard,gt_1MB_slowdown_p95,2.59993302077842
WebSearch,12,guard,gt_1MB_slowdown_p99,2.93785800342509
WebSearch,12,guard,guard_ack_interval_packets,8.0
WebSearch,12,guard,guard_adaptive_grant_updates,0.0
WebSearch,12,guard,guard_fixed_window,1.0
WebSearch,12,guard,guard_grant_refresh_bdps,1.0
WebSearch,12,guard,guard_long_acks_suppressed,451738.0
WebSearch,12,guard,guard_min_share_fraction,0.0
WebSearch,12,guard,guard_one_rtt_acks_suppressed,2735.0
WebSearch,12,guard,guard_one_rtt_bypass_enabled,1.0
WebSearch,12,guard,guard_one_rtt_bypass_feedbacks,103.0
WebSearch,12,guard,guard_one_rtt_bypass_flows,103.0
WebSearch,12,guard,guard_rebalance_events,0.0
WebSearch,12,guard,guard_remaining_aware,1.0
WebSearch,12,guard,guard_remaining_exponent,1.0
WebSearch,12,guard,guard_remaining_refresh_events,7430.0
WebSearch,12,guard,guard_sender_srpt_enabled,1.0
WebSearch,12,guard,guard_sender_srpt_forced_rr,44.0
WebSearch,12,guard,guard_sender_srpt_non_rr,27376.0
WebSearch,12,guard,guard_sender_srpt_selections,519294.0
WebSearch,12,guard,guard_srpt_quantum_packets,64.0
WebSearch,12,guard,guard_tail_bypass_bdps,8.0
WebSearch,12,guard,guard_tail_bypass_enabled,1.0
WebSearch,12,guard,guard_tail_bypass_feedbacks,7381.0
WebSearch,12,guard,guard_tail_bypass_flows,127.0
WebSearch,12,guard,hpcc_actual_rate_changes,652.0
WebSearch,12,guard,hpcc_fast_computations,0.0
WebSearch,12,guard,hpcc_feedback_updates,8674.0
WebSearch,12,guard,hpcc_full_computations,2434.0
WebSearch,12,guard,hpcc_rate_updates_applied,2434.0
WebSearch,12,guard,hpcc_valid_feedback,2468.0
WebSearch,12,guard,int_hops_after_strip,60554.0
WebSearch,12,guard,int_hops_before_strip,125375.0
WebSearch,12,guard,int_records_stripped,64821.0
WebSearch,12,guard,irn_nacks_generated,0.0
WebSearch,12,guard,irn_nacks_received,0.0
WebSearch,12,guard,irn_retransmit_bytes,0.0
WebSearch,12,guard,irn_retransmit_packets,0.0
WebSearch,12,guard,le_8KB_fct_us_mean,6.2948
WebSearch,12,guard,le_8KB_fct_us_p95,8.809800000000001
WebSearch,12,guard,le_8KB_fct_us_p99,8.82132
WebSearch,12,guard,le_8KB_flow_count,25.0
WebSearch,12,guard,le_8KB_slowdown_mean,1.0045740374103582
WebSearch,12,guard,le_8KB_slowdown_p95,1.0243880700128944
WebSearch,12,guard,le_8KB_slowdown_p99,1.0268937415785522
WebSearch,12,guard,long_to_small_slowdown_mean_ratio,1.5183286425398894
WebSearch,12,guard,max_active_flows,3.0
WebSearch,12,guard,overall_fct_us_mean,311.30657826086957
WebSearch,12,guard,overall_fct_us_p95,1700.2675000000006
WebSearch,12,guard,overall_fct_us_p99,4129.136270000008
WebSearch,12,guard,overall_flow_count,230.0
WebSearch,12,guard,overall_slowdown_mean,1.200756797865055
WebSearch,12,guard,overall_slowdown_p95,2.2073686148336047
WebSearch,12,guard,overall_slowdown_p99,2.721515654139924
WebSearch,12,guard,pfc_pause_events,0.0
WebSearch,12,guard,pfc_resume_events,0.0
WebSearch,12,guard,proactive_releases,127.0
WebSearch,12,guard,queue_bytes_max,307380.0
WebSearch,12,guard,queue_bytes_mean,2162.676
WebSearch,12,guard,queue_bytes_p95,0.0
WebSearch,12,guard,queue_bytes_p99,101370.0
WebSearch,12,guard,queue_sample_count,400020.0
WebSearch,12,guard,reactive_binding_rate_changes,601.0
WebSearch,12,guard,reactive_binding_updates,601.0
WebSearch,12,guard,recovery_nacks_generated,0.0
WebSearch,12,guard,recovery_nacks_received,0.0
WebSearch,12,guard,registrations,127.0
WebSearch,12,guard,selected_registrations,127.0
WebSearch,12,guard,tie_binding_rate_changes,38.0
WebSearch,12,guard,tie_binding_updates,1277.0
WebSearch,12,guard,timeout_recoveries,0.0
WebSearch,12,no_priority,1BDP_to_1MB_fct_us_mean,71.9781081081081
WebSearch,12,no_priority,1BDP_to_1MB_fct_us_p95,158.35360000000006
WebSearch,12,no_priority,1BDP_to_1MB_fct_us_p99,178.31904
WebSearch,12,no_priority,1BDP_to_1MB_flow_count,37.0
WebSearch,12,no_priority,1BDP_to_1MB_slowdown_mean,1.4636525146362225
WebSearch,12,no_priority,1BDP_to_1MB_slowdown_p95,2.1606792533633428
WebSearch,12,no_priority,1BDP_to_1MB_slowdown_p99,2.6310222260637897
WebSearch,12,no_priority,8KB_to_1BDP_fct_us_mean,12.519687500000002
WebSearch,12,no_priority,8KB_to_1BDP_fct_us_p95,23.706500000000002
WebSearch,12,no_priority,8KB_to_1BDP_fct_us_p99,28.779999999999998
WebSearch,12,no_priority,8KB_to_1BDP_flow_count,96.0
WebSearch,12,no_priority,8KB_to_1BDP_slowdown_mean,1.250072354359233
WebSearch,12,no_priority,8KB_to_1BDP_slowdown_p95,2.0706540574011476
WebSearch,12,no_priority,8KB_to_1BDP_slowdown_p99,2.8290540694630835
WebSearch,12,no_priority,aggregate_goodput_gbps,197.65175826962553
WebSearch,12,no_priority,completion_releases,0.0
WebSearch,12,no_priority,completion_span_us,21014.041
WebSearch,12,no_priority,grant_binding_rate_changes,14.0
WebSearch,12,no_priority,grant_binding_updates,560.0
WebSearch,12,no_priority,grant_bytes_sent,880780.0
WebSearch,12,no_priority,grant_event_rate_changes,3385.0
WebSearch,12,no_priority,grants_received,9370.0
WebSearch,12,no_priority,grants_sent,9370.0
WebSearch,12,no_priority,gt_1MB_fct_us_mean,950.2520833333333
WebSearch,12,no_priority,gt_1MB_fct_us_p95,3261.0388000000007
WebSearch,12,no_priority,gt_1MB_fct_us_p99,4695.266310000003
WebSearch,12,no_priority,gt_1MB_flow_count,72.0
WebSearch,12,no_priority,gt_1MB_slowdown_mean,1.528897779004264
WebSearch,12,no_priority,gt_1MB_slowdown_p95,2.5650855627210154
WebSearch,12,no_priority,gt_1MB_slowdown_p99,2.953365508792178
WebSearch,12,no_priority,guard_ack_interval_packets,8.0
WebSearch,12,no_priority,guard_adaptive_grant_updates,0.0
WebSearch,12,no_priority,guard_fixed_window,1.0
WebSearch,12,no_priority,guard_grant_refresh_bdps,1.0
WebSearch,12,no_priority,guard_long_acks_suppressed,451738.0
WebSearch,12,no_priority,guard_min_share_fraction,0.0
WebSearch,12,no_priority,guard_one_rtt_acks_suppressed,2735.0
WebSearch,12,no_priority,guard_one_rtt_bypass_enabled,1.0
WebSearch,12,no_priority,guard_one_rtt_bypass_feedbacks,103.0
WebSearch,12,no_priority,guard_one_rtt_bypass_flows,103.0
WebSearch,12,no_priority,guard_rebalance_events,0.0
WebSearch,12,no_priority,guard_remaining_aware,1.0
WebSearch,12,no_priority,guard_remaining_exponent,1.0
WebSearch,12,no_priority,guard_remaining_refresh_events,7430.0
WebSearch,12,no_priority,guard_sender_srpt_enabled,1.0
WebSearch,12,no_priority,guard_sender_srpt_forced_rr,38.0
WebSearch,12,no_priority,guard_sender_srpt_non_rr,27652.0
WebSearch,12,no_priority,guard_sender_srpt_selections,519294.0
WebSearch,12,no_priority,guard_srpt_quantum_packets,64.0
WebSearch,12,no_priority,guard_tail_bypass_bdps,8.0
WebSearch,12,no_priority,guard_tail_bypass_enabled,1.0
WebSearch,12,no_priority,guard_tail_bypass_feedbacks,7381.0
WebSearch,12,no_priority,guard_tail_bypass_flows,127.0
WebSearch,12,no_priority,hpcc_actual_rate_changes,680.0
WebSearch,12,no_priority,hpcc_fast_computations,0.0
WebSearch,12,no_priority,hpcc_feedback_updates,8677.0
WebSearch,12,no_priority,hpcc_full_computations,2438.0
WebSearch,12,no_priority,hpcc_rate_updates_applied,2438.0
WebSearch,12,no_priority,hpcc_valid_feedback,2472.0
WebSearch,12,no_priority,int_hops_after_strip,60554.0
WebSearch,12,no_priority,int_hops_before_strip,125375.0
WebSearch,12,no_priority,int_records_stripped,64821.0
WebSearch,12,no_priority,irn_nacks_generated,0.0
WebSearch,12,no_priority,irn_nacks_received,0.0
WebSearch,12,no_priority,irn_retransmit_bytes,0.0
WebSearch,12,no_priority,irn_retransmit_packets,0.0
WebSearch,12,no_priority,le_8KB_fct_us_mean,7.4314800000000005
WebSearch,12,no_priority,le_8KB_fct_us_p95,15.884200000000003
WebSearch,12,no_priority,le_8KB_fct_us_p99,24.334800000000012
WebSearch,12,no_priority,le_8KB_flow_count,25.0
WebSearch,12,no_priority,le_8KB_slowdown_mean,1.1387791931654818
WebSearch,12,no_priority,le_8KB_slowdown_p95,1.8773290402071694
WebSearch,12,no_priority,le_8KB_slowdown_p99,2.8505964439565368
WebSearch,12,no_priority,long_to_small_slowdown_mean_ratio,1.3425761448576905
WebSearch,12,no_priority,max_active_flows,3.0
WebSearch,12,no_priority,overall_fct_us_mean,315.0826826086957
WebSearch,12,no_priority,overall_fct_us_p95,1681.9988000000003
WebSearch,12,no_priority,overall_fct_us_p99,4149.227540000009
WebSearch,12,no_priority,overall_flow_count,230.0
WebSearch,12,no_priority,overall_slowdown_mean,1.3596182999020463
WebSearch,12,no_priority,overall_slowdown_p95,2.4782281593696522
WebSearch,12,no_priority,overall_slowdown_p99,3.014967022229128
WebSearch,12,no_priority,pfc_pause_events,0.0
WebSearch,12,no_priority,pfc_resume_events,0.0
WebSearch,12,no_priority,proactive_releases,127.0
WebSearch,12,no_priority,queue_bytes_max,350454.0
WebSearch,12,no_priority,queue_bytes_mean,2318.809
WebSearch,12,no_priority,queue_bytes_p95,0.0
WebSearch,12,no_priority,queue_bytes_p99,106820.0
WebSearch,12,no_priority,queue_sample_count,400020.0
WebSearch,12,no_priority,reactive_binding_rate_changes,620.0
WebSearch,12,no_priority,reactive_binding_updates,620.0
WebSearch,12,no_priority,recovery_nacks_generated,0.0
WebSearch,12,no_priority,recovery_nacks_received,0.0
WebSearch,12,no_priority,registrations,127.0
WebSearch,12,no_priority,selected_registrations,127.0
WebSearch,12,no_priority,tie_binding_rate_changes,46.0
WebSearch,12,no_priority,tie_binding_updates,1258.0
WebSearch,12,no_priority,timeout_recoveries,0.0
WebSearch,12,no_srpt,1BDP_to_1MB_fct_us_mean,64.57235135135136
WebSearch,12,no_srpt,1BDP_to_1MB_fct_us_p95,149.26520000000008
WebSearch,12,no_srpt,1BDP_to_1MB_fct_us_p99,181.14648000000003
WebSearch,12,no_srpt,1BDP_to_1MB_flow_count,37.0
WebSearch,12,no_srpt,1BDP_to_1MB_slowdown_mean,1.2879320352429935
WebSearch,12,no_srpt,1BDP_to_1MB_slowdown_p95,1.9675818493590935
WebSearch,12,no_srpt,1BDP_to_1MB_slowdown_p99,2.8497601100625984
WebSearch,12,no_srpt,8KB_to_1BDP_fct_us_mean,10.439291666666668
WebSearch,12,no_srpt,8KB_to_1BDP_fct_us_p95,15.83275
WebSearch,12,no_srpt,8KB_to_1BDP_fct_us_p99,19.675749999999997
WebSearch,12,no_srpt,8KB_to_1BDP_flow_count,96.0
WebSearch,12,no_srpt,8KB_to_1BDP_slowdown_mean,1.0591855852842766
WebSearch,12,no_srpt,8KB_to_1BDP_slowdown_p95,1.375519900712862
WebSearch,12,no_srpt,8KB_to_1BDP_slowdown_p99,1.4490934903942654
WebSearch,12,no_srpt,aggregate_goodput_gbps,197.6494539000754
WebSearch,12,no_srpt,completion_releases,0.0
WebSearch,12,no_srpt,completion_span_us,21014.286
WebSearch,12,no_srpt,grant_binding_rate_changes,13.0
WebSearch,12,no_srpt,grant_binding_updates,557.0
WebSearch,12,no_srpt,grant_bytes_sent,885292.0
WebSearch,12,no_srpt,grant_event_rate_changes,3458.0
WebSearch,12,no_srpt,grants_received,9418.0
WebSearch,12,no_srpt,grants_sent,9418.0
WebSearch,12,no_srpt,gt_1MB_fct_us_mean,976.2200555555555
WebSearch,12,no_srpt,gt_1MB_fct_us_p95,3236.427100000001
WebSearch,12,no_srpt,gt_1MB_fct_us_p99,4552.528150000001
WebSearch,12,no_srpt,gt_1MB_flow_count,72.0
WebSearch,12,no_srpt,gt_1MB_slowdown_mean,1.6047114366054342
WebSearch,12,no_srpt,gt_1MB_slowdown_p95,2.6917271744548446
WebSearch,12,no_srpt,gt_1MB_slowdown_p99,3.4258292358691556
WebSearch,12,no_srpt,guard_ack_interval_packets,8.0
WebSearch,12,no_srpt,guard_adaptive_grant_updates,0.0
WebSearch,12,no_srpt,guard_fixed_window,1.0
WebSearch,12,no_srpt,guard_grant_refresh_bdps,1.0
WebSearch,12,no_srpt,guard_long_acks_suppressed,451738.0
WebSearch,12,no_srpt,guard_min_share_fraction,0.0
WebSearch,12,no_srpt,guard_one_rtt_acks_suppressed,2735.0
WebSearch,12,no_srpt,guard_one_rtt_bypass_enabled,1.0
WebSearch,12,no_srpt,guard_one_rtt_bypass_feedbacks,103.0
WebSearch,12,no_srpt,guard_one_rtt_bypass_flows,103.0
WebSearch,12,no_srpt,guard_rebalance_events,0.0
WebSearch,12,no_srpt,guard_remaining_aware,1.0
WebSearch,12,no_srpt,guard_remaining_exponent,1.0
WebSearch,12,no_srpt,guard_remaining_refresh_events,7439.0
WebSearch,12,no_srpt,guard_sender_srpt_enabled,0.0
WebSearch,12,no_srpt,guard_sender_srpt_forced_rr,0.0
WebSearch,12,no_srpt,guard_sender_srpt_non_rr,0.0
WebSearch,12,no_srpt,guard_sender_srpt_selections,0.0
WebSearch,12,no_srpt,guard_srpt_quantum_packets,64.0
WebSearch,12,no_srpt,guard_tail_bypass_bdps,8.0
WebSearch,12,no_srpt,guard_tail_bypass_enabled,1.0
WebSearch,12,no_srpt,guard_tail_bypass_feedbacks,7381.0
WebSearch,12,no_srpt,guard_tail_bypass_flows,127.0
WebSearch,12,no_srpt,hpcc_actual_rate_changes,709.0
WebSearch,12,no_srpt,hpcc_fast_computations,0.0
WebSearch,12,no_srpt,hpcc_feedback_updates,9073.0
WebSearch,12,no_srpt,hpcc_full_computations,2445.0
WebSearch,12,no_srpt,hpcc_rate_updates_applied,2445.0
WebSearch,12,no_srpt,hpcc_valid_feedback,2479.0
WebSearch,12,no_srpt,int_hops_after_strip,60554.0
WebSearch,12,no_srpt,int_hops_before_strip,125375.0
WebSearch,12,no_srpt,int_records_stripped,64821.0
WebSearch,12,no_srpt,irn_nacks_generated,0.0
WebSearch,12,no_srpt,irn_nacks_received,0.0
WebSearch,12,no_srpt,irn_retransmit_bytes,0.0
WebSearch,12,no_srpt,irn_retransmit_packets,0.0
WebSearch,12,no_srpt,le_8KB_fct_us_mean,6.31888
WebSearch,12,no_srpt,le_8KB_fct_us_p95,8.8518
WebSearch,12,no_srpt,le_8KB_fct_us_p99,8.86356
WebSearch,12,no_srpt,le_8KB_flow_count,25.0
WebSearch,12,no_srpt,le_8KB_slowdown_mean,1.008946367227328
WebSearch,12,no_srpt,le_8KB_slowdown_p95,1.02575297881433
WebSearch,12,no_srpt,le_8KB_slowdown_p99,1.0627618458993418
WebSearch,12,no_srpt,long_to_small_slowdown_mean_ratio,1.5904823970131536
WebSearch,12,no_srpt,max_active_flows,3.0
WebSearch,12,no_srpt,overall_fct_us_mean,321.03115217391303
WebSearch,12,no_srpt,overall_fct_us_p95,1854.391800000003
WebSearch,12,no_srpt,overall_fct_us_p99,4109.487790000008
WebSearch,12,no_srpt,overall_flow_count,230.0
WebSearch,12,no_srpt,overall_slowdown_mean,1.2612964526415469
WebSearch,12,no_srpt,overall_slowdown_p95,2.3593043412864994
WebSearch,12,no_srpt,overall_slowdown_p99,3.1956679269889676
WebSearch,12,no_srpt,pfc_pause_events,0.0
WebSearch,12,no_srpt,pfc_resume_events,0.0
WebSearch,12,no_srpt,proactive_releases,127.0
WebSearch,12,no_srpt,queue_bytes_max,312830.0
WebSearch,12,no_srpt,queue_bytes_mean,2214.563
WebSearch,12,no_srpt,queue_bytes_p95,0.0
WebSearch,12,no_srpt,queue_bytes_p99,104640.0
WebSearch,12,no_srpt,queue_sample_count,400020.0
WebSearch,12,no_srpt,reactive_binding_rate_changes,653.0
WebSearch,12,no_srpt,reactive_binding_updates,653.0
WebSearch,12,no_srpt,recovery_nacks_generated,0.0
WebSearch,12,no_srpt,recovery_nacks_received,0.0
WebSearch,12,no_srpt,registrations,127.0
WebSearch,12,no_srpt,selected_registrations,127.0
WebSearch,12,no_srpt,tie_binding_rate_changes,43.0
WebSearch,12,no_srpt,tie_binding_updates,1235.0
WebSearch,12,no_srpt,timeout_recoveries,0.0
WebSearch,12,no_reclaim,1BDP_to_1MB_fct_us_mean,60.33897297297297
WebSearch,12,no_reclaim,1BDP_to_1MB_fct_us_p95,134.77960000000013
WebSearch,12,no_reclaim,1BDP_to_1MB_fct_us_p99,178.71576
WebSearch,12,no_reclaim,1BDP_to_1MB_flow_count,37.0
WebSearch,12,no_reclaim,1BDP_to_1MB_slowdown_mean,1.165092812427002
WebSearch,12,no_reclaim,1BDP_to_1MB_slowdown_p95,1.8115217444456453
WebSearch,12,no_reclaim,1BDP_to_1MB_slowdown_p99,1.9636084592369374
WebSearch,12,no_reclaim,8KB_to_1BDP_fct_us_mean,10.047947916666667
WebSearch,12,no_reclaim,8KB_to_1BDP_fct_us_p95,14.777249999999999
WebSearch,12,no_reclaim,8KB_to_1BDP_fct_us_p99,15.239
WebSearch,12,no_reclaim,8KB_to_1BDP_flow_count,96.0
WebSearch,12,no_reclaim,8KB_to_1BDP_slowdown_mean,1.0222040002724426
WebSearch,12,no_reclaim,8KB_to_1BDP_slowdown_p95,1.047000064458504
WebSearch,12,no_reclaim,8KB_to_1BDP_slowdown_p99,1.0627095804071125
WebSearch,12,no_reclaim,aggregate_goodput_gbps,197.6494068726849
WebSearch,12,no_reclaim,completion_releases,0.0
WebSearch,12,no_reclaim,completion_span_us,21014.291
WebSearch,12,no_reclaim,grant_binding_rate_changes,13.0
WebSearch,12,no_reclaim,grant_binding_updates,556.0
WebSearch,12,no_reclaim,grant_bytes_sent,880498.0
WebSearch,12,no_reclaim,grant_event_rate_changes,3380.0
WebSearch,12,no_reclaim,grants_received,9367.0
WebSearch,12,no_reclaim,grants_sent,9367.0
WebSearch,12,no_reclaim,gt_1MB_fct_us_mean,947.8610833333335
WebSearch,12,no_reclaim,gt_1MB_fct_us_p95,3272.754250000001
WebSearch,12,no_reclaim,gt_1MB_fct_us_p99,4678.817960000003
WebSearch,12,no_reclaim,gt_1MB_flow_count,72.0
WebSearch,12,no_reclaim,gt_1MB_slowdown_mean,1.5252735345520854
WebSearch,12,no_reclaim,gt_1MB_slowdown_p95,2.59993302077842
WebSearch,12,no_reclaim,gt_1MB_slowdown_p99,2.93785800342509
WebSearch,12,no_reclaim,guard_ack_interval_packets,8.0
WebSearch,12,no_reclaim,guard_adaptive_grant_updates,0.0
WebSearch,12,no_reclaim,guard_fixed_window,1.0
WebSearch,12,no_reclaim,guard_grant_refresh_bdps,1.0
WebSearch,12,no_reclaim,guard_long_acks_suppressed,451738.0
WebSearch,12,no_reclaim,guard_min_share_fraction,0.0
WebSearch,12,no_reclaim,guard_one_rtt_acks_suppressed,2735.0
WebSearch,12,no_reclaim,guard_one_rtt_bypass_enabled,1.0
WebSearch,12,no_reclaim,guard_one_rtt_bypass_feedbacks,103.0
WebSearch,12,no_reclaim,guard_one_rtt_bypass_flows,103.0
WebSearch,12,no_reclaim,guard_rebalance_events,0.0
WebSearch,12,no_reclaim,guard_remaining_aware,1.0
WebSearch,12,no_reclaim,guard_remaining_exponent,1.0
WebSearch,12,no_reclaim,guard_remaining_refresh_events,7430.0
WebSearch,12,no_reclaim,guard_sender_srpt_enabled,1.0
WebSearch,12,no_reclaim,guard_sender_srpt_forced_rr,44.0
WebSearch,12,no_reclaim,guard_sender_srpt_non_rr,27376.0
WebSearch,12,no_reclaim,guard_sender_srpt_selections,519294.0
WebSearch,12,no_reclaim,guard_srpt_quantum_packets,64.0
WebSearch,12,no_reclaim,guard_tail_bypass_bdps,8.0
WebSearch,12,no_reclaim,guard_tail_bypass_enabled,1.0
WebSearch,12,no_reclaim,guard_tail_bypass_feedbacks,7381.0
WebSearch,12,no_reclaim,guard_tail_bypass_flows,127.0
WebSearch,12,no_reclaim,hpcc_actual_rate_changes,652.0
WebSearch,12,no_reclaim,hpcc_fast_computations,0.0
WebSearch,12,no_reclaim,hpcc_feedback_updates,8674.0
WebSearch,12,no_reclaim,hpcc_full_computations,2434.0
WebSearch,12,no_reclaim,hpcc_rate_updates_applied,2434.0
WebSearch,12,no_reclaim,hpcc_valid_feedback,2468.0
WebSearch,12,no_reclaim,int_hops_after_strip,60554.0
WebSearch,12,no_reclaim,int_hops_before_strip,125375.0
WebSearch,12,no_reclaim,int_records_stripped,64821.0
WebSearch,12,no_reclaim,irn_nacks_generated,0.0
WebSearch,12,no_reclaim,irn_nacks_received,0.0
WebSearch,12,no_reclaim,irn_retransmit_bytes,0.0
WebSearch,12,no_reclaim,irn_retransmit_packets,0.0
WebSearch,12,no_reclaim,le_8KB_fct_us_mean,6.2948
WebSearch,12,no_reclaim,le_8KB_fct_us_p95,8.809800000000001
WebSearch,12,no_reclaim,le_8KB_fct_us_p99,8.82132
WebSearch,12,no_reclaim,le_8KB_flow_count,25.0
WebSearch,12,no_reclaim,le_8KB_slowdown_mean,1.0045740374103582
WebSearch,12,no_reclaim,le_8KB_slowdown_p95,1.0243880700128944
WebSearch,12,no_reclaim,le_8KB_slowdown_p99,1.0268937415785522
WebSearch,12,no_reclaim,long_to_small_slowdown_mean_ratio,1.5183286425398894
WebSearch,12,no_reclaim,max_active_flows,3.0
WebSearch,12,no_reclaim,overall_fct_us_mean,311.30657826086957
WebSearch,12,no_reclaim,overall_fct_us_p95,1700.2675000000006
WebSearch,12,no_reclaim,overall_fct_us_p99,4129.136270000008
WebSearch,12,no_reclaim,overall_flow_count,230.0
WebSearch,12,no_reclaim,overall_slowdown_mean,1.200756797865055
WebSearch,12,no_reclaim,overall_slowdown_p95,2.2073686148336047
WebSearch,12,no_reclaim,overall_slowdown_p99,2.721515654139924
WebSearch,12,no_reclaim,pfc_pause_events,0.0
WebSearch,12,no_reclaim,pfc_resume_events,0.0
WebSearch,12,no_reclaim,proactive_releases,127.0
WebSearch,12,no_reclaim,queue_bytes_max,307380.0
WebSearch,12,no_reclaim,queue_bytes_mean,2162.676
WebSearch,12,no_reclaim,queue_bytes_p95,0.0
WebSearch,12,no_reclaim,queue_bytes_p99,101370.0
WebSearch,12,no_reclaim,queue_sample_count,400020.0
WebSearch,12,no_reclaim,reactive_binding_rate_changes,601.0
WebSearch,12,no_reclaim,reactive_binding_updates,601.0
WebSearch,12,no_reclaim,recovery_nacks_generated,0.0
WebSearch,12,no_reclaim,recovery_nacks_received,0.0
WebSearch,12,no_reclaim,registrations,127.0
WebSearch,12,no_reclaim,selected_registrations,127.0
WebSearch,12,no_reclaim,tie_binding_rate_changes,38.0
WebSearch,12,no_reclaim,tie_binding_updates,1277.0
WebSearch,12,no_reclaim,timeout_recoveries,0.0
WebSearch,12,no_one_rtt,1BDP_to_1MB_fct_us_mean,60.320594594594596
WebSearch,12,no_one_rtt,1BDP_to_1MB_fct_us_p95,134.68540000000013
WebSearch,12,no_one_rtt,1BDP_to_1MB_fct_us_p99,178.64268
WebSearch,12,no_one_rtt,1BDP_to_1MB_flow_count,37.0
WebSearch,12,no_one_rtt,1BDP_to_1MB_slowdown_mean,1.1648469453109207
WebSearch,12,no_one_rtt,1BDP_to_1MB_slowdown_p95,1.8120077645372614
WebSearch,12,no_one_rtt,1BDP_to_1MB_slowdown_p99,1.9627903323757772
WebSearch,12,no_one_rtt,8KB_to_1BDP_fct_us_mean,10.05796875
WebSearch,12,no_one_rtt,8KB_to_1BDP_fct_us_p95,14.774249999999999
WebSearch,12,no_one_rtt,8KB_to_1BDP_fct_us_p99,15.3072
WebSearch,12,no_one_rtt,8KB_to_1BDP_flow_count,96.0
WebSearch,12,no_one_rtt,8KB_to_1BDP_slowdown_mean,1.0233223374828766
WebSearch,12,no_one_rtt,8KB_to_1BDP_slowdown_p95,1.0480955182105138
WebSearch,12,no_one_rtt,8KB_to_1BDP_slowdown_p99,1.056062461511851
WebSearch,12,no_one_rtt,aggregate_goodput_gbps,197.64893660001044
WebSearch,12,no_one_rtt,completion_releases,0.0
WebSearch,12,no_one_rtt,completion_span_us,21014.341
WebSearch,12,no_one_rtt,grant_binding_rate_changes,13.0
WebSearch,12,no_one_rtt,grant_binding_updates,560.0
WebSearch,12,no_one_rtt,grant_bytes_sent,880874.0
WebSearch,12,no_one_rtt,grant_event_rate_changes,3389.0
WebSearch,12,no_one_rtt,grants_received,9371.0
WebSearch,12,no_one_rtt,grants_sent,9371.0
WebSearch,12,no_one_rtt,gt_1MB_fct_us_mean,947.826125
WebSearch,12,no_one_rtt,gt_1MB_fct_us_p95,3251.3402000000006
WebSearch,12,no_one_rtt,gt_1MB_fct_us_p99,4664.4500700000035
WebSearch,12,no_one_rtt,gt_1MB_flow_count,72.0
WebSearch,12,no_one_rtt,gt_1MB_slowdown_mean,1.5247538332018975
WebSearch,12,no_one_rtt,gt_1MB_slowdown_p95,2.5860531301707406
WebSearch,12,no_one_rtt,gt_1MB_slowdown_p99,2.9443764982758083
WebSearch,12,no_one_rtt,guard_ack_interval_packets,8.0
WebSearch,12,no_one_rtt,guard_adaptive_grant_updates,0.0
WebSearch,12,no_one_rtt,guard_fixed_window,1.0
WebSearch,12,no_one_rtt,guard_grant_refresh_bdps,1.0
WebSearch,12,no_one_rtt,guard_long_acks_suppressed,454083.0
WebSearch,12,no_one_rtt,guard_min_share_fraction,0.0
WebSearch,12,no_one_rtt,guard_one_rtt_acks_suppressed,0.0
WebSearch,12,no_one_rtt,guard_one_rtt_bypass_enabled,0.0
WebSearch,12,no_one_rtt,guard_one_rtt_bypass_feedbacks,0.0
WebSearch,12,no_one_rtt,guard_one_rtt_bypass_flows,0.0
WebSearch,12,no_one_rtt,guard_rebalance_events,0.0
WebSearch,12,no_one_rtt,guard_remaining_aware,1.0
WebSearch,12,no_one_rtt,guard_remaining_exponent,1.0
WebSearch,12,no_one_rtt,guard_remaining_refresh_events,7429.0
WebSearch,12,no_one_rtt,guard_sender_srpt_enabled,1.0
WebSearch,12,no_one_rtt,guard_sender_srpt_forced_rr,44.0
WebSearch,12,no_one_rtt,guard_sender_srpt_non_rr,28122.0
WebSearch,12,no_one_rtt,guard_sender_srpt_selections,519294.0
WebSearch,12,no_one_rtt,guard_srpt_quantum_packets,64.0
WebSearch,12,no_one_rtt,guard_tail_bypass_bdps,8.0
WebSearch,12,no_one_rtt,guard_tail_bypass_enabled,1.0
WebSearch,12,no_one_rtt,guard_tail_bypass_feedbacks,7381.0
WebSearch,12,no_one_rtt,guard_tail_bypass_flows,127.0
WebSearch,12,no_one_rtt,hpcc_actual_rate_changes,650.0
WebSearch,12,no_one_rtt,hpcc_fast_computations,0.0
WebSearch,12,no_one_rtt,hpcc_feedback_updates,8775.0
WebSearch,12,no_one_rtt,hpcc_full_computations,2436.0
WebSearch,12,no_one_rtt,hpcc_rate_updates_applied,2436.0
WebSearch,12,no_one_rtt,hpcc_valid_feedback,2533.0
WebSearch,12,no_one_rtt,int_hops_after_strip,61096.0
WebSearch,12,no_one_rtt,int_hops_before_strip,126307.0
WebSearch,12,no_one_rtt,int_records_stripped,65211.0
WebSearch,12,no_one_rtt,irn_nacks_generated,0.0
WebSearch,12,no_one_rtt,irn_nacks_received,0.0
WebSearch,12,no_one_rtt,irn_retransmit_bytes,0.0
WebSearch,12,no_one_rtt,irn_retransmit_packets,0.0
WebSearch,12,no_one_rtt,le_8KB_fct_us_mean,6.2976
WebSearch,12,no_one_rtt,le_8KB_fct_us_p95,8.818200000000001
WebSearch,12,no_one_rtt,le_8KB_fct_us_p99,8.85036
WebSearch,12,no_one_rtt,le_8KB_flow_count,25.0
WebSearch,12,no_one_rtt,le_8KB_slowdown_mean,1.0051715287443637
WebSearch,12,no_one_rtt,le_8KB_slowdown_p95,1.025697457670999
WebSearch,12,no_one_rtt,le_8KB_slowdown_p99,1.0275090509673
WebSearch,12,no_one_rtt,long_to_small_slowdown_mean_ratio,1.5169090942185597
WebSearch,12,no_one_rtt,max_active_flows,3.0
WebSearch,12,no_one_rtt,overall_fct_us_mean,311.2971652173913
WebSearch,12,no_one_rtt,overall_fct_us_p95,1678.4250000000006
WebSearch,12,no_one_rtt,overall_fct_us_p99,4119.409460000008
WebSearch,12,no_one_rtt,overall_flow_count,230.0
WebSearch,12,no_one_rtt,overall_slowdown_mean,1.2010862851478519
WebSearch,12,no_one_rtt,overall_slowdown_p95,2.2426114962423838
WebSearch,12,no_one_rtt,overall_slowdown_p99,2.616903495204407
WebSearch,12,no_one_rtt,pfc_pause_events,0.0
WebSearch,12,no_one_rtt,pfc_resume_events,0.0
WebSearch,12,no_one_rtt,proactive_releases,127.0
WebSearch,12,no_one_rtt,queue_bytes_max,299750.0
WebSearch,12,no_one_rtt,queue_bytes_mean,2184.737
WebSearch,12,no_one_rtt,queue_bytes_p95,0.0
WebSearch,12,no_one_rtt,queue_bytes_p99,103550.0
WebSearch,12,no_one_rtt,queue_sample_count,400020.0
WebSearch,12,no_one_rtt,reactive_binding_rate_changes,600.0
WebSearch,12,no_one_rtt,reactive_binding_updates,600.0
WebSearch,12,no_one_rtt,recovery_nacks_generated,0.0
WebSearch,12,no_one_rtt,recovery_nacks_received,0.0
WebSearch,12,no_one_rtt,registrations,127.0
WebSearch,12,no_one_rtt,selected_registrations,127.0
WebSearch,12,no_one_rtt,tie_binding_rate_changes,37.0
WebSearch,12,no_one_rtt,tie_binding_updates,1276.0
WebSearch,12,no_one_rtt,timeout_recoveries,0.0
WebSearch,12,no_tail,1BDP_to_1MB_fct_us_mean,64.69251351351352
WebSearch,12,no_tail,1BDP_to_1MB_fct_us_p95,172.98540000000003
WebSearch,12,no_tail,1BDP_to_1MB_fct_us_p99,180.70188000000002
WebSearch,12,no_tail,1BDP_to_1MB_flow_count,37.0
WebSearch,12,no_tail,1BDP_to_1MB_slowdown_mean,1.2370523335089416
WebSearch,12,no_tail,1BDP_to_1MB_slowdown_p95,1.9847917911610096
WebSearch,12,no_tail,1BDP_to_1MB_slowdown_p99,2.1914136805134374
WebSearch,12,no_tail,8KB_to_1BDP_fct_us_mean,10.052510416666665
WebSearch,12,no_tail,8KB_to_1BDP_fct_us_p95,14.796
WebSearch,12,no_tail,8KB_to_1BDP_fct_us_p99,15.23775
WebSearch,12,no_tail,8KB_to_1BDP_flow_count,96.0
WebSearch,12,no_tail,8KB_to_1BDP_slowdown_mean,1.0227243876462075
WebSearch,12,no_tail,8KB_to_1BDP_slowdown_p95,1.0494916325240544
WebSearch,12,no_tail,8KB_to_1BDP_slowdown_p99,1.0605316915992313
WebSearch,12,no_tail,aggregate_goodput_gbps,197.64932222343833
WebSearch,12,no_tail,completion_releases,0.0
WebSearch,12,no_tail,completion_span_us,21014.3
WebSearch,12,no_tail,grant_binding_rate_changes,26.0
WebSearch,12,no_tail,grant_binding_updates,647.0
WebSearch,12,no_tail,grant_bytes_sent,881438.0
WebSearch,12,no_tail,grant_event_rate_changes,3370.0
WebSearch,12,no_tail,grants_received,9377.0
WebSearch,12,no_tail,grants_sent,9377.0
WebSearch,12,no_tail,gt_1MB_fct_us_mean,962.0269861111111
WebSearch,12,no_tail,gt_1MB_fct_us_p95,3311.750650000001
WebSearch,12,no_tail,gt_1MB_fct_us_p99,4694.739960000003
WebSearch,12,no_tail,gt_1MB_flow_count,72.0
WebSearch,12,no_tail,gt_1MB_slowdown_mean,1.575142298782526
WebSearch,12,no_tail,gt_1MB_slowdown_p95,3.096359759639207
WebSearch,12,no_tail,gt_1MB_slowdown_p99,3.512060424770113
WebSearch,12,no_tail,guard_ack_interval_packets,8.0
WebSearch,12,no_tail,guard_adaptive_grant_updates,0.0
WebSearch,12,no_tail,guard_fixed_window,1.0
WebSearch,12,no_tail,guard_grant_refresh_bdps,1.0
WebSearch,12,no_tail,guard_long_acks_suppressed,451738.0
WebSearch,12,no_tail,guard_min_share_fraction,0.0
WebSearch,12,no_tail,guard_one_rtt_acks_suppressed,2735.0
WebSearch,12,no_tail,guard_one_rtt_bypass_enabled,1.0
WebSearch,12,no_tail,guard_one_rtt_bypass_feedbacks,103.0
WebSearch,12,no_tail,guard_one_rtt_bypass_flows,103.0
WebSearch,12,no_tail,guard_rebalance_events,0.0
WebSearch,12,no_tail,guard_remaining_aware,1.0
WebSearch,12,no_tail,guard_remaining_exponent,1.0
WebSearch,12,no_tail,guard_remaining_refresh_events,7434.0
WebSearch,12,no_tail,guard_sender_srpt_enabled,1.0
WebSearch,12,no_tail,guard_sender_srpt_forced_rr,48.0
WebSearch,12,no_tail,guard_sender_srpt_non_rr,26442.0
WebSearch,12,no_tail,guard_sender_srpt_selections,519294.0
WebSearch,12,no_tail,guard_srpt_quantum_packets,64.0
WebSearch,12,no_tail,guard_tail_bypass_bdps,8.0
WebSearch,12,no_tail,guard_tail_bypass_enabled,0.0
WebSearch,12,no_tail,guard_tail_bypass_feedbacks,0.0
WebSearch,12,no_tail,guard_tail_bypass_flows,0.0
WebSearch,12,no_tail,hpcc_actual_rate_changes,795.0
WebSearch,12,no_tail,hpcc_fast_computations,0.0
WebSearch,12,no_tail,hpcc_feedback_updates,9559.0
WebSearch,12,no_tail,hpcc_full_computations,2810.0
WebSearch,12,no_tail,hpcc_rate_updates_applied,2810.0
WebSearch,12,no_tail,hpcc_valid_feedback,2863.0
WebSearch,12,no_tail,int_hops_after_strip,60554.0
WebSearch,12,no_tail,int_hops_before_strip,125375.0
WebSearch,12,no_tail,int_records_stripped,64821.0
WebSearch,12,no_tail,irn_nacks_generated,0.0
WebSearch,12,no_tail,irn_nacks_received,0.0
WebSearch,12,no_tail,irn_retransmit_bytes,0.0
WebSearch,12,no_tail,irn_retransmit_packets,0.0
WebSearch,12,no_tail,le_8KB_fct_us_mean,6.304639999999999
WebSearch,12,no_tail,le_8KB_fct_us_p95,8.8168
WebSearch,12,no_tail,le_8KB_fct_us_p99,8.83668
WebSearch,12,no_tail,le_8KB_flow_count,25.0
WebSearch,12,no_tail,le_8KB_slowdown_mean,1.005840755020926
WebSearch,12,no_tail,le_8KB_slowdown_p95,1.025199983422625
WebSearch,12,no_tail,le_8KB_slowdown_p99,1.0297942629550554
WebSearch,12,no_tail,long_to_small_slowdown_mean_ratio,1.565995701526089
WebSearch,12,no_tail,max_active_flows,3.0
WebSearch,12,no_tail,overall_fct_us_mean,316.44444782608696
WebSearch,12,no_tail,overall_fct_us_p95,1719.3334000000004
WebSearch,12,no_tail,overall_fct_us_p99,4152.1132200000075
WebSearch,12,no_tail,overall_flow_count,230.0
WebSearch,12,no_tail,overall_slowdown_mean,1.2282988780075295
WebSearch,12,no_tail,overall_slowdown_p95,2.3178653227887547
WebSearch,12,no_tail,overall_slowdown_p99,3.280971370068099
WebSearch,12,no_tail,pfc_pause_events,0.0
WebSearch,12,no_tail,pfc_resume_events,0.0
WebSearch,12,no_tail,proactive_releases,127.0
WebSearch,12,no_tail,queue_bytes_max,311740.0
WebSearch,12,no_tail,queue_bytes_mean,2449.906
WebSearch,12,no_tail,queue_bytes_p95,0.0
WebSearch,12,no_tail,queue_bytes_p99,107910.0
WebSearch,12,no_tail,queue_sample_count,400020.0
WebSearch,12,no_tail,reactive_binding_rate_changes,705.0
WebSearch,12,no_tail,reactive_binding_updates,705.0
WebSearch,12,no_tail,recovery_nacks_generated,0.0
WebSearch,12,no_tail,recovery_nacks_received,0.0
WebSearch,12,no_tail,registrations,127.0
WebSearch,12,no_tail,selected_registrations,127.0
WebSearch,12,no_tail,tie_binding_rate_changes,64.0
WebSearch,12,no_tail,tie_binding_updates,1458.0
WebSearch,12,no_tail,timeout_recoveries,0.0
WebSearch,12,no_remaining,1BDP_to_1MB_fct_us_mean,74.55443243243244
WebSearch,12,no_remaining,1BDP_to_1MB_fct_us_p95,195.27600000000018
WebSearch,12,no_remaining,1BDP_to_1MB_fct_us_p99,254.22464000000002
WebSearch,12,no_remaining,1BDP_to_1MB_flow_count,37.0
WebSearch,12,no_remaining,1BDP_to_1MB_slowdown_mean,1.3890962245171856
WebSearch,12,no_remaining,1BDP_to_1MB_slowdown_p95,2.2656437287552658
WebSearch,12,no_remaining,1BDP_to_1MB_slowdown_p99,3.0568599905142086
WebSearch,12,no_remaining,8KB_to_1BDP_fct_us_mean,10.063177083333334
WebSearch,12,no_remaining,8KB_to_1BDP_fct_us_p95,14.79275
WebSearch,12,no_remaining,8KB_to_1BDP_fct_us_p99,15.356599999999998
WebSearch,12,no_remaining,8KB_to_1BDP_flow_count,96.0
WebSearch,12,no_remaining,8KB_to_1BDP_slowdown_mean,1.0238208468123975
WebSearch,12,no_remaining,8KB_to_1BDP_slowdown_p95,1.0472838610962807
WebSearch,12,no_remaining,8KB_to_1BDP_slowdown_p99,1.065412795970004
WebSearch,12,no_remaining,aggregate_goodput_gbps,197.64948211652046
WebSearch,12,no_remaining,completion_releases,0.0
WebSearch,12,no_remaining,completion_span_us,21014.283
WebSearch,12,no_remaining,grant_binding_rate_changes,34.0
WebSearch,12,no_remaining,grant_binding_updates,617.0
WebSearch,12,no_remaining,grant_bytes_sent,19646.0
WebSearch,12,no_remaining,grant_event_rate_changes,105.0
WebSearch,12,no_remaining,grants_received,209.0
WebSearch,12,no_remaining,grants_sent,209.0
WebSearch,12,no_remaining,gt_1MB_fct_us_mean,998.4192916666666
WebSearch,12,no_remaining,gt_1MB_fct_us_p95,3534.2310500000003
WebSearch,12,no_remaining,gt_1MB_fct_us_p99,4944.281680000007
WebSearch,12,no_remaining,gt_1MB_flow_count,72.0
WebSearch,12,no_remaining,gt_1MB_slowdown_mean,1.6439434460892313
WebSearch,12,no_remaining,gt_1MB_slowdown_p95,2.958733832177908
WebSearch,12,no_remaining,gt_1MB_slowdown_p99,3.187520763652043
WebSearch,12,no_remaining,guard_ack_interval_packets,8.0
WebSearch,12,no_remaining,guard_adaptive_grant_updates,6.0
WebSearch,12,no_remaining,guard_fixed_window,1.0
WebSearch,12,no_remaining,guard_grant_refresh_bdps,1.0
WebSearch,12,no_remaining,guard_long_acks_suppressed,451738.0
WebSearch,12,no_remaining,guard_min_share_fraction,0.0
WebSearch,12,no_remaining,guard_one_rtt_acks_suppressed,2735.0
WebSearch,12,no_remaining,guard_one_rtt_bypass_enabled,1.0
WebSearch,12,no_remaining,guard_one_rtt_bypass_feedbacks,103.0
WebSearch,12,no_remaining,guard_one_rtt_bypass_flows,103.0
WebSearch,12,no_remaining,guard_rebalance_events,62.0
WebSearch,12,no_remaining,guard_remaining_aware,0.0
WebSearch,12,no_remaining,guard_remaining_exponent,1.0
WebSearch,12,no_remaining,guard_remaining_refresh_events,0.0
WebSearch,12,no_remaining,guard_sender_srpt_enabled,1.0
WebSearch,12,no_remaining,guard_sender_srpt_forced_rr,51.0
WebSearch,12,no_remaining,guard_sender_srpt_non_rr,26578.0
WebSearch,12,no_remaining,guard_sender_srpt_selections,519294.0
WebSearch,12,no_remaining,guard_srpt_quantum_packets,64.0
WebSearch,12,no_remaining,guard_tail_bypass_bdps,8.0
WebSearch,12,no_remaining,guard_tail_bypass_enabled,1.0
WebSearch,12,no_remaining,guard_tail_bypass_feedbacks,7381.0
WebSearch,12,no_remaining,guard_tail_bypass_flows,127.0
WebSearch,12,no_remaining,hpcc_actual_rate_changes,704.0
WebSearch,12,no_remaining,hpcc_fast_computations,0.0
WebSearch,12,no_remaining,hpcc_feedback_updates,8460.0
WebSearch,12,no_remaining,hpcc_full_computations,2401.0
WebSearch,12,no_remaining,hpcc_rate_updates_applied,2401.0
WebSearch,12,no_remaining,hpcc_valid_feedback,2435.0
WebSearch,12,no_remaining,int_hops_after_strip,60554.0
WebSearch,12,no_remaining,int_hops_before_strip,125375.0
WebSearch,12,no_remaining,int_records_stripped,64821.0
WebSearch,12,no_remaining,irn_nacks_generated,0.0
WebSearch,12,no_remaining,irn_nacks_received,0.0
WebSearch,12,no_remaining,irn_retransmit_bytes,0.0
WebSearch,12,no_remaining,irn_retransmit_packets,0.0
WebSearch,12,no_remaining,le_8KB_fct_us_mean,6.30388
WebSearch,12,no_remaining,le_8KB_fct_us_p95,8.8446
WebSearch,12,no_remaining,le_8KB_fct_us_p99,8.85456
WebSearch,12,no_remaining,le_8KB_flow_count,25.0
WebSearch,12,no_remaining,le_8KB_slowdown_mean,1.0052439409365257
WebSearch,12,no_remaining,le_8KB_slowdown_p95,1.020412350596537
WebSearch,12,no_remaining,le_8KB_slowdown_p99,1.0253229060203166
WebSearch,12,no_remaining,long_to_small_slowdown_mean_ratio,1.635367674594156
WebSearch,12,no_remaining,max_active_flows,4.0
WebSearch,12,no_remaining,overall_fct_us_mean,329.4276739130435
WebSearch,12,no_remaining,overall_fct_us_p95,1717.5287000000058
WebSearch,12,no_remaining,overall_fct_us_p99,4146.294090000006
WebSearch,12,no_remaining,overall_flow_count,230.0
WebSearch,12,no_remaining,overall_slowdown_mean,1.2746886445346253
WebSearch,12,no_remaining,overall_slowdown_p95,2.4906013359841257
WebSearch,12,no_remaining,overall_slowdown_p99,3.138587773922612
WebSearch,12,no_remaining,pfc_pause_events,0.0
WebSearch,12,no_remaining,pfc_resume_events,0.0
WebSearch,12,no_remaining,proactive_releases,127.0
WebSearch,12,no_remaining,queue_bytes_max,369510.0
WebSearch,12,no_remaining,queue_bytes_mean,3201.049
WebSearch,12,no_remaining,queue_bytes_p95,1090.0
WebSearch,12,no_remaining,queue_bytes_p99,107910.0
WebSearch,12,no_remaining,queue_sample_count,400020.0
WebSearch,12,no_remaining,reactive_binding_rate_changes,627.0
WebSearch,12,no_remaining,reactive_binding_updates,627.0
WebSearch,12,no_remaining,recovery_nacks_generated,0.0
WebSearch,12,no_remaining,recovery_nacks_received,0.0
WebSearch,12,no_remaining,registrations,127.0
WebSearch,12,no_remaining,selected_registrations,127.0
WebSearch,12,no_remaining,tie_binding_rate_changes,43.0
WebSearch,12,no_remaining,tie_binding_updates,1157.0
WebSearch,12,no_remaining,timeout_recoveries,0.0
WebSearch,12,no_ack_coalescing,1BDP_to_1MB_fct_us_mean,60.13594594594595
WebSearch,12,no_ack_coalescing,1BDP_to_1MB_fct_us_p95,131.16440000000011
WebSearch,12,no_ack_coalescing,1BDP_to_1MB_fct_us_p99,176.83224
WebSearch,12,no_ack_coalescing,1BDP_to_1MB_flow_count,37.0
WebSearch,12,no_ack_coalescing,1BDP_to_1MB_slowdown_mean,1.1656937622698478
WebSearch,12,no_ack_coalescing,1BDP_to_1MB_slowdown_p95,1.8017684172177715
WebSearch,12,no_ack_coalescing,1BDP_to_1MB_slowdown_p99,1.9425921388631133
WebSearch,12,no_ack_coalescing,8KB_to_1BDP_fct_us_mean,10.114552083333333
WebSearch,12,no_ack_coalescing,8KB_to_1BDP_fct_us_p95,14.9175
WebSearch,12,no_ack_coalescing,8KB_to_1BDP_fct_us_p99,15.791399999999998
WebSearch,12,no_ack_coalescing,8KB_to_1BDP_flow_count,96.0
WebSearch,12,no_ack_coalescing,8KB_to_1BDP_slowdown_mean,1.0284090998713118
WebSearch,12,no_ack_coalescing,8KB_to_1BDP_slowdown_p95,1.0645139929937888
WebSearch,12,no_ack_coalescing,8KB_to_1BDP_slowdown_p99,1.071517151672377
WebSearch,12,no_ack_coalescing,aggregate_goodput_gbps,197.822572182678
WebSearch,12,no_ack_coalescing,completion_releases,0.0
WebSearch,12,no_ack_coalescing,completion_span_us,20995.896
WebSearch,12,no_ack_coalescing,grant_binding_rate_changes,19.0
WebSearch,12,no_ack_coalescing,grant_binding_updates,621.0
WebSearch,12,no_ack_coalescing,grant_bytes_sent,883036.0
WebSearch,12,no_ack_coalescing,grant_event_rate_changes,3438.0
WebSearch,12,no_ack_coalescing,grants_received,9394.0
WebSearch,12,no_ack_coalescing,grants_sent,9394.0
WebSearch,12,no_ack_coalescing,gt_1MB_fct_us_mean,967.961736111111
WebSearch,12,no_ack_coalescing,gt_1MB_fct_us_p95,3464.1413000000002
WebSearch,12,no_ack_coalescing,gt_1MB_fct_us_p99,4866.864750000002
WebSearch,12,no_ack_coalescing,gt_1MB_flow_count,72.0
WebSearch,12,no_ack_coalescing,gt_1MB_slowdown_mean,1.5662853274298099
WebSearch,12,no_ack_coalescing,gt_1MB_slowdown_p95,2.6792535440033802
WebSearch,12,no_ack_coalescing,gt_1MB_slowdown_p99,3.344116909304975
WebSearch,12,no_ack_coalescing,guard_ack_interval_packets,1.0
WebSearch,12,no_ack_coalescing,guard_adaptive_grant_updates,0.0
WebSearch,12,no_ack_coalescing,guard_fixed_window,1.0
WebSearch,12,no_ack_coalescing,guard_grant_refresh_bdps,1.0
WebSearch,12,no_ack_coalescing,guard_long_acks_suppressed,0.0
WebSearch,12,no_ack_coalescing,guard_min_share_fraction,0.0
WebSearch,12,no_ack_coalescing,guard_one_rtt_acks_suppressed,2735.0
WebSearch,12,no_ack_coalescing,guard_one_rtt_bypass_enabled,1.0
WebSearch,12,no_ack_coalescing,guard_one_rtt_bypass_feedbacks,103.0
WebSearch,12,no_ack_coalescing,guard_one_rtt_bypass_flows,103.0
WebSearch,12,no_ack_coalescing,guard_rebalance_events,0.0
WebSearch,12,no_ack_coalescing,guard_remaining_aware,1.0
WebSearch,12,no_ack_coalescing,guard_remaining_exponent,1.0
WebSearch,12,no_ack_coalescing,guard_remaining_refresh_events,7432.0
WebSearch,12,no_ack_coalescing,guard_sender_srpt_enabled,1.0
WebSearch,12,no_ack_coalescing,guard_sender_srpt_forced_rr,235.0
WebSearch,12,no_ack_coalescing,guard_sender_srpt_non_rr,27957.0
WebSearch,12,no_ack_coalescing,guard_sender_srpt_selections,519294.0
WebSearch,12,no_ack_coalescing,guard_srpt_quantum_packets,64.0
WebSearch,12,no_ack_coalescing,guard_tail_bypass_bdps,8.0
WebSearch,12,no_ack_coalescing,guard_tail_bypass_enabled,1.0
WebSearch,12,no_ack_coalescing,guard_tail_bypass_feedbacks,58594.0
WebSearch,12,no_ack_coalescing,guard_tail_bypass_flows,127.0
WebSearch,12,no_ack_coalescing,hpcc_actual_rate_changes,720.0
WebSearch,12,no_ack_coalescing,hpcc_fast_computations,0.0
WebSearch,12,no_ack_coalescing,hpcc_feedback_updates,9156.0
WebSearch,12,no_ack_coalescing,hpcc_full_computations,2546.0
WebSearch,12,no_ack_coalescing,hpcc_rate_updates_applied,2546.0
WebSearch,12,no_ack_coalescing,hpcc_valid_feedback,2580.0
WebSearch,12,no_ack_coalescing,int_hops_after_strip,482494.0
WebSearch,12,no_ack_coalescing,int_hops_before_strip,999053.0
WebSearch,12,no_ack_coalescing,int_records_stripped,516559.0
WebSearch,12,no_ack_coalescing,irn_nacks_generated,0.0
WebSearch,12,no_ack_coalescing,irn_nacks_received,0.0
WebSearch,12,no_ack_coalescing,irn_retransmit_bytes,0.0
WebSearch,12,no_ack_coalescing,irn_retransmit_packets,0.0
WebSearch,12,no_ack_coalescing,le_8KB_fct_us_mean,6.3055200000000005
WebSearch,12,no_ack_coalescing,le_8KB_fct_us_p95,8.8354
WebSearch,12,no_ack_coalescing,le_8KB_fct_us_p99,8.8826
WebSearch,12,no_ack_coalescing,le_8KB_flow_count,25.0
WebSearch,12,no_ack_coalescing,le_8KB_slowdown_mean,1.0056319474322748
WebSearch,12,no_ack_coalescing,le_8KB_slowdown_p95,1.0180757868017254
WebSearch,12,no_ack_coalescing,le_8KB_slowdown_p99,1.0340770568054969
WebSearch,12,no_ack_coalescing,long_to_small_slowdown_mean_ratio,1.5575134933104269
WebSearch,12,no_ack_coalescing,max_active_flows,3.0
WebSearch,12,no_ack_coalescing,overall_fct_us_mean,317.5952608695652
WebSearch,12,no_ack_coalescing,overall_fct_us_p95,1741.724250000002
WebSearch,12,no_ack_coalescing,overall_fct_us_p99,4106.276570000007
WebSearch,12,no_ack_coalescing,overall_flow_count,230.0
WebSearch,12,no_ack_coalescing,overall_slowdown_mean,1.216396891532102
WebSearch,12,no_ack_coalescing,overall_slowdown_p95,2.247200672119294
WebSearch,12,no_ack_coalescing,overall_slowdown_p99,2.8835309531027793
WebSearch,12,no_ack_coalescing,pfc_pause_events,0.0
WebSearch,12,no_ack_coalescing,pfc_resume_events,0.0
WebSearch,12,no_ack_coalescing,proactive_releases,127.0
WebSearch,12,no_ack_coalescing,queue_bytes_max,355340.0
WebSearch,12,no_ack_coalescing,queue_bytes_mean,3136.112
WebSearch,12,no_ack_coalescing,queue_bytes_p95,7630.0
WebSearch,12,no_ack_coalescing,queue_bytes_p99,122080.0
WebSearch,12,no_ack_coalescing,queue_sample_count,400020.0
WebSearch,12,no_ack_coalescing,reactive_binding_rate_changes,646.0
WebSearch,12,no_ack_coalescing,reactive_binding_updates,646.0
WebSearch,12,no_ack_coalescing,recovery_nacks_generated,0.0
WebSearch,12,no_ack_coalescing,recovery_nacks_received,0.0
WebSearch,12,no_ack_coalescing,registrations,127.0
WebSearch,12,no_ack_coalescing,selected_registrations,127.0
WebSearch,12,no_ack_coalescing,tie_binding_rate_changes,55.0
WebSearch,12,no_ack_coalescing,tie_binding_updates,1279.0
WebSearch,12,no_ack_coalescing,timeout_recoveries,0.0
WebSearch,13,guard,1BDP_to_1MB_fct_us_mean,46.16016666666667
WebSearch,13,guard,1BDP_to_1MB_fct_us_p95,98.08
WebSearch,13,guard,1BDP_to_1MB_fct_us_p99,119.04509999999995
WebSearch,13,guard,1BDP_to_1MB_flow_count,36.0
WebSearch,13,guard,1BDP_to_1MB_slowdown_mean,1.0770530575210977
WebSearch,13,guard,1BDP_to_1MB_slowdown_p95,1.111895231176598
WebSearch,13,guard,1BDP_to_1MB_slowdown_p99,1.371771364129221
WebSearch,13,guard,8KB_to_1BDP_fct_us_mean,9.74332530120482
WebSearch,13,guard,8KB_to_1BDP_fct_us_p95,14.505600000000001
WebSearch,13,guard,8KB_to_1BDP_fct_us_p99,15.473200000000006
WebSearch,13,guard,8KB_to_1BDP_flow_count,83.0
WebSearch,13,guard,8KB_to_1BDP_slowdown_mean,1.018625959800122
WebSearch,13,guard,8KB_to_1BDP_slowdown_p95,1.0444588962424208
WebSearch,13,guard,8KB_to_1BDP_slowdown_p99,1.0629250023926646
WebSearch,13,guard,aggregate_goodput_gbps,97.07383761918786
WebSearch,13,guard,completion_releases,0.0
WebSearch,13,guard,completion_span_us,19157.362
WebSearch,13,guard,grant_binding_rate_changes,5.0
WebSearch,13,guard,grant_binding_updates,18.0
WebSearch,13,guard,grant_bytes_sent,333512.0
WebSearch,13,guard,grant_event_rate_changes,418.0
WebSearch,13,guard,grants_received,3548.0
WebSearch,13,guard,grants_sent,3548.0
WebSearch,13,guard,gt_1MB_fct_us_mean,413.9708965517242
WebSearch,13,guard,gt_1MB_fct_us_p95,1035.4565999999998
WebSearch,13,guard,gt_1MB_fct_us_p99,1433.90146
WebSearch,13,guard,gt_1MB_flow_count,58.0
WebSearch,13,guard,gt_1MB_slowdown_mean,1.2893917990571109
WebSearch,13,guard,gt_1MB_slowdown_p95,2.4941721651641333
WebSearch,13,guard,gt_1MB_slowdown_p99,2.6994312415290325
WebSearch,13,guard,guard_ack_interval_packets,8.0
WebSearch,13,guard,guard_adaptive_grant_updates,0.0
WebSearch,13,guard,guard_fixed_window,1.0
WebSearch,13,guard,guard_grant_refresh_bdps,1.0
WebSearch,13,guard,guard_long_acks_suppressed,201121.0
WebSearch,13,guard,guard_min_share_fraction,0.0
WebSearch,13,guard,guard_one_rtt_acks_suppressed,2445.0
WebSearch,13,guard,guard_one_rtt_bypass_enabled,1.0
WebSearch,13,guard,guard_one_rtt_bypass_feedbacks,105.0
WebSearch,13,guard,guard_one_rtt_bypass_flows,105.0
WebSearch,13,guard,guard_rebalance_events,0.0
WebSearch,13,guard,guard_remaining_aware,1.0
WebSearch,13,guard,guard_remaining_exponent,1.0
WebSearch,13,guard,guard_remaining_refresh_events,3184.0
WebSearch,13,guard,guard_sender_srpt_enabled,1.0
WebSearch,13,guard,guard_sender_srpt_forced_rr,18.0
WebSearch,13,guard,guard_sender_srpt_non_rr,8464.0
WebSearch,13,guard,guard_sender_srpt_selections,232572.0
WebSearch,13,guard,guard_srpt_quantum_packets,64.0
WebSearch,13,guard,guard_tail_bypass_bdps,8.0
WebSearch,13,guard,guard_tail_bypass_enabled,1.0
WebSearch,13,guard,guard_tail_bypass_feedbacks,6367.0
WebSearch,13,guard,guard_tail_bypass_flows,110.0
WebSearch,13,guard,hpcc_actual_rate_changes,129.0
WebSearch,13,guard,hpcc_fast_computations,0.0
WebSearch,13,guard,hpcc_feedback_updates,3175.0
WebSearch,13,guard,hpcc_full_computations,791.0
WebSearch,13,guard,hpcc_rate_updates_applied,791.0
WebSearch,13,guard,hpcc_valid_feedback,826.0
WebSearch,13,guard,int_hops_after_strip,28370.0
WebSearch,13,guard,int_hops_before_strip,57376.0
WebSearch,13,guard,int_records_stripped,29006.0
WebSearch,13,guard,irn_nacks_generated,0.0
WebSearch,13,guard,irn_nacks_received,0.0
WebSearch,13,guard,irn_retransmit_bytes,0.0
WebSearch,13,guard,irn_retransmit_packets,0.0
WebSearch,13,guard,le_8KB_fct_us_mean,6.347710526315789
WebSearch,13,guard,le_8KB_fct_us_p95,9.016549999999999
WebSearch,13,guard,le_8KB_fct_us_p99,9.124220000000001
WebSearch,13,guard,le_8KB_flow_count,38.0
WebSearch,13,guard,le_8KB_slowdown_mean,1.0038325950664906
WebSearch,13,guard,le_8KB_slowdown_p95,1.02067861760117
WebSearch,13,guard,le_8KB_slowdown_p99,1.0258065279348096
WebSearch,13,guard,long_to_small_slowdown_mean_ratio,1.2844689496974402
WebSearch,13,guard,max_active_flows,3.0
WebSearch,13,guard,overall_fct_us_mean,124.28831162790698
WebSearch,13,guard,overall_fct_us_p95,737.235300000001
WebSearch,13,guard,overall_fct_us_p99,1112.0116400000013
WebSearch,13,guard,overall_flow_count,215.0
WebSearch,13,guard,overall_slowdown_mean,1.0988382683349243
WebSearch,13,guard,overall_slowdown_p95,1.5211413806158118
WebSearch,13,guard,overall_slowdown_p99,2.5431433661958533
WebSearch,13,guard,pfc_pause_events,0.0
WebSearch,13,guard,pfc_resume_events,0.0
WebSearch,13,guard,proactive_releases,110.0
WebSearch,13,guard,queue_bytes_max,227810.0
WebSearch,13,guard,queue_bytes_mean,496.999
WebSearch,13,guard,queue_bytes_p95,0.0
WebSearch,13,guard,queue_bytes_p99,1090.0
WebSearch,13,guard,queue_sample_count,388020.0
WebSearch,13,guard,reactive_binding_rate_changes,116.0
WebSearch,13,guard,reactive_binding_updates,116.0
WebSearch,13,guard,recovery_nacks_generated,0.0
WebSearch,13,guard,recovery_nacks_received,0.0
WebSearch,13,guard,registrations,110.0
WebSearch,13,guard,selected_registrations,110.0
WebSearch,13,guard,tie_binding_rate_changes,8.0
WebSearch,13,guard,tie_binding_updates,657.0
WebSearch,13,guard,timeout_recoveries,0.0
WebSearch,13,no_priority,1BDP_to_1MB_fct_us_mean,47.35505555555555
WebSearch,13,no_priority,1BDP_to_1MB_fct_us_p95,98.05224999999999
WebSearch,13,no_priority,1BDP_to_1MB_fct_us_p99,119.00624999999994
WebSearch,13,no_priority,1BDP_to_1MB_flow_count,36.0
WebSearch,13,no_priority,1BDP_to_1MB_slowdown_mean,1.1183167236467635
WebSearch,13,no_priority,1BDP_to_1MB_slowdown_p95,1.51135392200711
WebSearch,13,no_priority,1BDP_to_1MB_slowdown_p99,1.7267439283141315
WebSearch,13,no_priority,8KB_to_1BDP_fct_us_mean,10.756084337349398
WebSearch,13,no_priority,8KB_to_1BDP_fct_us_p95,19.572
WebSearch,13,no_priority,8KB_to_1BDP_fct_us_p99,21.928420000000028
WebSearch,13,no_priority,8KB_to_1BDP_flow_count,83.0
WebSearch,13,no_priority,8KB_to_1BDP_slowdown_mean,1.1051124768299032
WebSearch,13,no_priority,8KB_to_1BDP_slowdown_p95,1.4533335355599257
WebSearch,13,no_priority,8KB_to_1BDP_slowdown_p99,1.7162175967098594
WebSearch,13,no_priority,aggregate_goodput_gbps,97.07383761918786
WebSearch,13,no_priority,completion_releases,0.0
WebSearch,13,no_priority,completion_span_us,19157.362
WebSearch,13,no_priority,grant_binding_rate_changes,5.0
WebSearch,13,no_priority,grant_binding_updates,17.0
WebSearch,13,no_priority,grant_bytes_sent,333700.0
WebSearch,13,no_priority,grant_event_rate_changes,422.0
WebSearch,13,no_priority,grants_received,3550.0
WebSearch,13,no_priority,grants_sent,3550.0
WebSearch,13,no_priority,gt_1MB_fct_us_mean,413.5195
WebSearch,13,no_priority,gt_1MB_fct_us_p95,1034.0423999999998
WebSearch,13,no_priority,gt_1MB_fct_us_p99,1430.76496
WebSearch,13,no_priority,gt_1MB_flow_count,58.0
WebSearch,13,no_priority,gt_1MB_slowdown_mean,1.2881616652339714
WebSearch,13,no_priority,gt_1MB_slowdown_p95,2.4918581259146784
WebSearch,13,no_priority,gt_1MB_slowdown_p99,2.6696060678519244
WebSearch,13,no_priority,guard_ack_interval_packets,8.0
WebSearch,13,no_priority,guard_adaptive_grant_updates,0.0
WebSearch,13,no_priority,guard_fixed_window,1.0
WebSearch,13,no_priority,guard_grant_refresh_bdps,1.0
WebSearch,13,no_priority,guard_long_acks_suppressed,201121.0
WebSearch,13,no_priority,guard_min_share_fraction,0.0
WebSearch,13,no_priority,guard_one_rtt_acks_suppressed,2445.0
WebSearch,13,no_priority,guard_one_rtt_bypass_enabled,1.0
WebSearch,13,no_priority,guard_one_rtt_bypass_feedbacks,105.0
WebSearch,13,no_priority,guard_one_rtt_bypass_flows,105.0
WebSearch,13,no_priority,guard_rebalance_events,0.0
WebSearch,13,no_priority,guard_remaining_aware,1.0
WebSearch,13,no_priority,guard_remaining_exponent,1.0
WebSearch,13,no_priority,guard_remaining_refresh_events,3185.0
WebSearch,13,no_priority,guard_sender_srpt_enabled,1.0
WebSearch,13,no_priority,guard_sender_srpt_forced_rr,17.0
WebSearch,13,no_priority,guard_sender_srpt_non_rr,8410.0
WebSearch,13,no_priority,guard_sender_srpt_selections,232572.0
WebSearch,13,no_priority,guard_srpt_quantum_packets,64.0
WebSearch,13,no_priority,guard_tail_bypass_bdps,8.0
WebSearch,13,no_priority,guard_tail_bypass_enabled,1.0
WebSearch,13,no_priority,guard_tail_bypass_feedbacks,6367.0
WebSearch,13,no_priority,guard_tail_bypass_flows,110.0
WebSearch,13,no_priority,hpcc_actual_rate_changes,136.0
WebSearch,13,no_priority,hpcc_fast_computations,0.0
WebSearch,13,no_priority,hpcc_feedback_updates,3178.0
WebSearch,13,no_priority,hpcc_full_computations,791.0
WebSearch,13,no_priority,hpcc_rate_updates_applied,791.0
WebSearch,13,no_priority,hpcc_valid_feedback,826.0
WebSearch,13,no_priority,int_hops_after_strip,28370.0
WebSearch,13,no_priority,int_hops_before_strip,57376.0
WebSearch,13,no_priority,int_records_stripped,29006.0
WebSearch,13,no_priority,irn_nacks_generated,0.0
WebSearch,13,no_priority,irn_nacks_received,0.0
WebSearch,13,no_priority,irn_retransmit_bytes,0.0
WebSearch,13,no_priority,irn_retransmit_packets,0.0
WebSearch,13,no_priority,le_8KB_fct_us_mean,6.460815789473684
WebSearch,13,no_priority,le_8KB_fct_us_p95,9.21465
WebSearch,13,no_priority,le_8KB_fct_us_p99,10.706210000000006
WebSearch,13,no_priority,le_8KB_flow_count,38.0
WebSearch,13,no_priority,le_8KB_slowdown_mean,1.0179868505251473
WebSearch,13,no_priority,le_8KB_slowdown_p95,1.073841218535986
WebSearch,13,no_priority,le_8KB_slowdown_p99,1.2287497635826203
WebSearch,13,no_priority,long_to_small_slowdown_mean_ratio,1.2654010850625914
WebSearch,13,no_priority,max_active_flows,3.0
WebSearch,13,no_priority,overall_fct_us_mean,124.77757674418605
WebSearch,13,no_priority,overall_fct_us_p95,731.5938000000007
WebSearch,13,no_priority,overall_fct_us_p99,1107.7801600000014
WebSearch,13,no_priority,overall_flow_count,215.0
WebSearch,13,no_priority,overall_slowdown_mean,1.1413051838683321
WebSearch,13,no_priority,overall_slowdown_p95,1.6866821904985725
WebSearch,13,no_priority,overall_slowdown_p99,2.533705854495211
WebSearch,13,no_priority,pfc_pause_events,0.0
WebSearch,13,no_priority,pfc_resume_events,0.0
WebSearch,13,no_priority,proactive_releases,110.0
WebSearch,13,no_priority,queue_bytes_max,227810.0
WebSearch,13,no_priority,queue_bytes_mean,506.554
WebSearch,13,no_priority,queue_bytes_p95,0.0
WebSearch,13,no_priority,queue_bytes_p99,1090.0
WebSearch,13,no_priority,queue_sample_count,388020.0
WebSearch,13,no_priority,reactive_binding_rate_changes,122.0
WebSearch,13,no_priority,reactive_binding_updates,122.0
WebSearch,13,no_priority,recovery_nacks_generated,0.0
WebSearch,13,no_priority,recovery_nacks_received,0.0
WebSearch,13,no_priority,registrations,110.0
WebSearch,13,no_priority,selected_registrations,110.0
WebSearch,13,no_priority,tie_binding_rate_changes,9.0
WebSearch,13,no_priority,tie_binding_updates,652.0
WebSearch,13,no_priority,timeout_recoveries,0.0
WebSearch,13,no_srpt,1BDP_to_1MB_fct_us_mean,52.235305555555556
WebSearch,13,no_srpt,1BDP_to_1MB_fct_us_p95,138.59975
WebSearch,13,no_srpt,1BDP_to_1MB_fct_us_p99,171.23964999999995
WebSearch,13,no_srpt,1BDP_to_1MB_flow_count,36.0
WebSearch,13,no_srpt,1BDP_to_1MB_slowdown_mean,1.1811985876475881
WebSearch,13,no_srpt,1BDP_to_1MB_slowdown_p95,1.845091160196672
WebSearch,13,no_srpt,1BDP_to_1MB_slowdown_p99,2.0185427458743486
WebSearch,13,no_srpt,8KB_to_1BDP_fct_us_mean,10.009144578313252
WebSearch,13,no_srpt,8KB_to_1BDP_fct_us_p95,15.346
WebSearch,13,no_srpt,8KB_to_1BDP_fct_us_p99,17.90324000000002
WebSearch,13,no_srpt,8KB_to_1BDP_flow_count,83.0
WebSearch,13,no_srpt,8KB_to_1BDP_slowdown_mean,1.0438861226380634
WebSearch,13,no_srpt,8KB_to_1BDP_slowdown_p95,1.2331354855138204
WebSearch,13,no_srpt,8KB_to_1BDP_slowdown_p99,1.5059601049139268
WebSearch,13,no_srpt,aggregate_goodput_gbps,97.07383761918786
WebSearch,13,no_srpt,completion_releases,0.0
WebSearch,13,no_srpt,completion_span_us,19157.362
WebSearch,13,no_srpt,grant_binding_rate_changes,5.0
WebSearch,13,no_srpt,grant_binding_updates,16.0
WebSearch,13,no_srpt,grant_bytes_sent,334358.0
WebSearch,13,no_srpt,grant_event_rate_changes,422.0
WebSearch,13,no_srpt,grants_received,3557.0
WebSearch,13,no_srpt,grants_sent,3557.0
WebSearch,13,no_srpt,gt_1MB_fct_us_mean,419.91344827586204
WebSearch,13,no_srpt,gt_1MB_fct_us_p95,1030.80975
WebSearch,13,no_srpt,gt_1MB_fct_us_p99,1606.54956
WebSearch,13,no_srpt,gt_1MB_flow_count,58.0
WebSearch,13,no_srpt,gt_1MB_slowdown_mean,1.293603237920866
WebSearch,13,no_srpt,gt_1MB_slowdown_p95,2.4614144406022693
WebSearch,13,no_srpt,gt_1MB_slowdown_p99,2.7335417847000274
WebSearch,13,no_srpt,guard_ack_interval_packets,8.0
WebSearch,13,no_srpt,guard_adaptive_grant_updates,0.0
WebSearch,13,no_srpt,guard_fixed_window,1.0
WebSearch,13,no_srpt,guard_grant_refresh_bdps,1.0
WebSearch,13,no_srpt,guard_long_acks_suppressed,201121.0
WebSearch,13,no_srpt,guard_min_share_fraction,0.0
WebSearch,13,no_srpt,guard_one_rtt_acks_suppressed,2445.0
WebSearch,13,no_srpt,guard_one_rtt_bypass_enabled,1.0
WebSearch,13,no_srpt,guard_one_rtt_bypass_feedbacks,105.0
WebSearch,13,no_srpt,guard_one_rtt_bypass_flows,105.0
WebSearch,13,no_srpt,guard_rebalance_events,0.0
WebSearch,13,no_srpt,guard_remaining_aware,1.0
WebSearch,13,no_srpt,guard_remaining_exponent,1.0
WebSearch,13,no_srpt,guard_remaining_refresh_events,3187.0
WebSearch,13,no_srpt,guard_sender_srpt_enabled,0.0
WebSearch,13,no_srpt,guard_sender_srpt_forced_rr,0.0
WebSearch,13,no_srpt,guard_sender_srpt_non_rr,0.0
WebSearch,13,no_srpt,guard_sender_srpt_selections,0.0
WebSearch,13,no_srpt,guard_srpt_quantum_packets,64.0
WebSearch,13,no_srpt,guard_tail_bypass_bdps,8.0
WebSearch,13,no_srpt,guard_tail_bypass_enabled,1.0
WebSearch,13,no_srpt,guard_tail_bypass_feedbacks,6367.0
WebSearch,13,no_srpt,guard_tail_bypass_flows,110.0
WebSearch,13,no_srpt,hpcc_actual_rate_changes,131.0
WebSearch,13,no_srpt,hpcc_fast_computations,0.0
WebSearch,13,no_srpt,hpcc_feedback_updates,3263.0
WebSearch,13,no_srpt,hpcc_full_computations,793.0
WebSearch,13,no_srpt,hpcc_rate_updates_applied,793.0
WebSearch,13,no_srpt,hpcc_valid_feedback,828.0
WebSearch,13,no_srpt,int_hops_after_strip,28370.0
WebSearch,13,no_srpt,int_hops_before_strip,57376.0
WebSearch,13,no_srpt,int_records_stripped,29006.0
WebSearch,13,no_srpt,irn_nacks_generated,0.0
WebSearch,13,no_srpt,irn_nacks_received,0.0
WebSearch,13,no_srpt,irn_retransmit_bytes,0.0
WebSearch,13,no_srpt,irn_retransmit_packets,0.0
WebSearch,13,no_srpt,le_8KB_fct_us_mean,6.390078947368421
WebSearch,13,no_srpt,le_8KB_fct_us_p95,9.0791
WebSearch,13,no_srpt,le_8KB_fct_us_p99,9.2535
WebSearch,13,no_srpt,le_8KB_flow_count,38.0
WebSearch,13,no_srpt,le_8KB_slowdown_mean,1.0116335095186981
WebSearch,13,no_srpt,le_8KB_slowdown_p95,1.0588124925349776
WebSearch,13,no_srpt,le_8KB_slowdown_p99,1.1434244237376587
WebSearch,13,no_srpt,long_to_small_slowdown_mean_ratio,1.2787271534098545
WebSearch,13,no_srpt,max_active_flows,3.0
WebSearch,13,no_srpt,overall_fct_us_mean,127.01875813953488
WebSearch,13,no_srpt,overall_fct_us_p95,737.786400000001
WebSearch,13,no_srpt,overall_fct_us_p99,1109.9215000000015
WebSearch,13,no_srpt,overall_flow_count,215.0
WebSearch,13,no_srpt,overall_slowdown_mean,1.1285430627692707
WebSearch,13,no_srpt,overall_slowdown_p95,1.7351010106116638
WebSearch,13,no_srpt,overall_slowdown_p99,2.5347474723914187
WebSearch,13,no_srpt,pfc_pause_events,0.0
WebSearch,13,no_srpt,pfc_resume_events,0.0
WebSearch,13,no_srpt,proactive_releases,110.0
WebSearch,13,no_srpt,queue_bytes_max,227810.0
WebSearch,13,no_srpt,queue_bytes_mean,517.041
WebSearch,13,no_srpt,queue_bytes_p95,0.0
WebSearch,13,no_srpt,queue_bytes_p99,1090.0
WebSearch,13,no_srpt,queue_sample_count,388020.0
WebSearch,13,no_srpt,reactive_binding_rate_changes,117.0
WebSearch,13,no_srpt,reactive_binding_updates,117.0
WebSearch,13,no_srpt,recovery_nacks_generated,0.0
WebSearch,13,no_srpt,recovery_nacks_received,0.0
WebSearch,13,no_srpt,registrations,110.0
WebSearch,13,no_srpt,selected_registrations,110.0
WebSearch,13,no_srpt,tie_binding_rate_changes,9.0
WebSearch,13,no_srpt,tie_binding_updates,660.0
WebSearch,13,no_srpt,timeout_recoveries,0.0
WebSearch,13,no_reclaim,1BDP_to_1MB_fct_us_mean,46.16016666666667
WebSearch,13,no_reclaim,1BDP_to_1MB_fct_us_p95,98.08
WebSearch,13,no_reclaim,1BDP_to_1MB_fct_us_p99,119.04509999999995
WebSearch,13,no_reclaim,1BDP_to_1MB_flow_count,36.0
WebSearch,13,no_reclaim,1BDP_to_1MB_slowdown_mean,1.0770530575210977
WebSearch,13,no_reclaim,1BDP_to_1MB_slowdown_p95,1.111895231176598
WebSearch,13,no_reclaim,1BDP_to_1MB_slowdown_p99,1.371771364129221
WebSearch,13,no_reclaim,8KB_to_1BDP_fct_us_mean,9.74332530120482
WebSearch,13,no_reclaim,8KB_to_1BDP_fct_us_p95,14.505600000000001
WebSearch,13,no_reclaim,8KB_to_1BDP_fct_us_p99,15.473200000000006
WebSearch,13,no_reclaim,8KB_to_1BDP_flow_count,83.0
WebSearch,13,no_reclaim,8KB_to_1BDP_slowdown_mean,1.018625959800122
WebSearch,13,no_reclaim,8KB_to_1BDP_slowdown_p95,1.0444588962424208
WebSearch,13,no_reclaim,8KB_to_1BDP_slowdown_p99,1.0629250023926646
WebSearch,13,no_reclaim,aggregate_goodput_gbps,97.07383761918786
WebSearch,13,no_reclaim,completion_releases,0.0
WebSearch,13,no_reclaim,completion_span_us,19157.362
WebSearch,13,no_reclaim,grant_binding_rate_changes,5.0
WebSearch,13,no_reclaim,grant_binding_updates,18.0
WebSearch,13,no_reclaim,grant_bytes_sent,333512.0
WebSearch,13,no_reclaim,grant_event_rate_changes,418.0
WebSearch,13,no_reclaim,grants_received,3548.0
WebSearch,13,no_reclaim,grants_sent,3548.0
WebSearch,13,no_reclaim,gt_1MB_fct_us_mean,413.9708965517242
WebSearch,13,no_reclaim,gt_1MB_fct_us_p95,1035.4565999999998
WebSearch,13,no_reclaim,gt_1MB_fct_us_p99,1433.90146
WebSearch,13,no_reclaim,gt_1MB_flow_count,58.0
WebSearch,13,no_reclaim,gt_1MB_slowdown_mean,1.2893917990571109
WebSearch,13,no_reclaim,gt_1MB_slowdown_p95,2.4941721651641333
WebSearch,13,no_reclaim,gt_1MB_slowdown_p99,2.6994312415290325
WebSearch,13,no_reclaim,guard_ack_interval_packets,8.0
WebSearch,13,no_reclaim,guard_adaptive_grant_updates,0.0
WebSearch,13,no_reclaim,guard_fixed_window,1.0
WebSearch,13,no_reclaim,guard_grant_refresh_bdps,1.0
WebSearch,13,no_reclaim,guard_long_acks_suppressed,201121.0
WebSearch,13,no_reclaim,guard_min_share_fraction,0.0
WebSearch,13,no_reclaim,guard_one_rtt_acks_suppressed,2445.0
WebSearch,13,no_reclaim,guard_one_rtt_bypass_enabled,1.0
WebSearch,13,no_reclaim,guard_one_rtt_bypass_feedbacks,105.0
WebSearch,13,no_reclaim,guard_one_rtt_bypass_flows,105.0
WebSearch,13,no_reclaim,guard_rebalance_events,0.0
WebSearch,13,no_reclaim,guard_remaining_aware,1.0
WebSearch,13,no_reclaim,guard_remaining_exponent,1.0
WebSearch,13,no_reclaim,guard_remaining_refresh_events,3184.0
WebSearch,13,no_reclaim,guard_sender_srpt_enabled,1.0
WebSearch,13,no_reclaim,guard_sender_srpt_forced_rr,18.0
WebSearch,13,no_reclaim,guard_sender_srpt_non_rr,8464.0
WebSearch,13,no_reclaim,guard_sender_srpt_selections,232572.0
WebSearch,13,no_reclaim,guard_srpt_quantum_packets,64.0
WebSearch,13,no_reclaim,guard_tail_bypass_bdps,8.0
WebSearch,13,no_reclaim,guard_tail_bypass_enabled,1.0
WebSearch,13,no_reclaim,guard_tail_bypass_feedbacks,6367.0
WebSearch,13,no_reclaim,guard_tail_bypass_flows,110.0
WebSearch,13,no_reclaim,hpcc_actual_rate_changes,129.0
WebSearch,13,no_reclaim,hpcc_fast_computations,0.0
WebSearch,13,no_reclaim,hpcc_feedback_updates,3175.0
WebSearch,13,no_reclaim,hpcc_full_computations,791.0
WebSearch,13,no_reclaim,hpcc_rate_updates_applied,791.0
WebSearch,13,no_reclaim,hpcc_valid_feedback,826.0
WebSearch,13,no_reclaim,int_hops_after_strip,28370.0
WebSearch,13,no_reclaim,int_hops_before_strip,57376.0
WebSearch,13,no_reclaim,int_records_stripped,29006.0
WebSearch,13,no_reclaim,irn_nacks_generated,0.0
WebSearch,13,no_reclaim,irn_nacks_received,0.0
WebSearch,13,no_reclaim,irn_retransmit_bytes,0.0
WebSearch,13,no_reclaim,irn_retransmit_packets,0.0
WebSearch,13,no_reclaim,le_8KB_fct_us_mean,6.347710526315789
WebSearch,13,no_reclaim,le_8KB_fct_us_p95,9.016549999999999
WebSearch,13,no_reclaim,le_8KB_fct_us_p99,9.124220000000001
WebSearch,13,no_reclaim,le_8KB_flow_count,38.0
WebSearch,13,no_reclaim,le_8KB_slowdown_mean,1.0038325950664906
WebSearch,13,no_reclaim,le_8KB_slowdown_p95,1.02067861760117
WebSearch,13,no_reclaim,le_8KB_slowdown_p99,1.0258065279348096
WebSearch,13,no_reclaim,long_to_small_slowdown_mean_ratio,1.2844689496974402
WebSearch,13,no_reclaim,max_active_flows,3.0
WebSearch,13,no_reclaim,overall_fct_us_mean,124.28831162790698
WebSearch,13,no_reclaim,overall_fct_us_p95,737.235300000001
WebSearch,13,no_reclaim,overall_fct_us_p99,1112.0116400000013
WebSearch,13,no_reclaim,overall_flow_count,215.0
WebSearch,13,no_reclaim,overall_slowdown_mean,1.0988382683349243
WebSearch,13,no_reclaim,overall_slowdown_p95,1.5211413806158118
WebSearch,13,no_reclaim,overall_slowdown_p99,2.5431433661958533
WebSearch,13,no_reclaim,pfc_pause_events,0.0
WebSearch,13,no_reclaim,pfc_resume_events,0.0
WebSearch,13,no_reclaim,proactive_releases,110.0
WebSearch,13,no_reclaim,queue_bytes_max,227810.0
WebSearch,13,no_reclaim,queue_bytes_mean,496.999
WebSearch,13,no_reclaim,queue_bytes_p95,0.0
WebSearch,13,no_reclaim,queue_bytes_p99,1090.0
WebSearch,13,no_reclaim,queue_sample_count,388020.0
WebSearch,13,no_reclaim,reactive_binding_rate_changes,116.0
WebSearch,13,no_reclaim,reactive_binding_updates,116.0
WebSearch,13,no_reclaim,recovery_nacks_generated,0.0
WebSearch,13,no_reclaim,recovery_nacks_received,0.0
WebSearch,13,no_reclaim,registrations,110.0
WebSearch,13,no_reclaim,selected_registrations,110.0
WebSearch,13,no_reclaim,tie_binding_rate_changes,8.0
WebSearch,13,no_reclaim,tie_binding_updates,657.0
WebSearch,13,no_reclaim,timeout_recoveries,0.0
WebSearch,13,no_one_rtt,1BDP_to_1MB_fct_us_mean,46.160555555555554
WebSearch,13,no_one_rtt,1BDP_to_1MB_fct_us_p95,98.08175
WebSearch,13,no_one_rtt,1BDP_to_1MB_fct_us_p99,119.04754999999994
WebSearch,13,no_one_rtt,1BDP_to_1MB_flow_count,36.0
WebSearch,13,no_one_rtt,1BDP_to_1MB_slowdown_mean,1.0770641045368823
WebSearch,13,no_one_rtt,1BDP_to_1MB_slowdown_p95,1.111954200725846
WebSearch,13,no_one_rtt,1BDP_to_1MB_slowdown_p99,1.371771364129221
WebSearch,13,no_one_rtt,8KB_to_1BDP_fct_us_mean,9.744506024096385
WebSearch,13,no_one_rtt,8KB_to_1BDP_fct_us_p95,14.502500000000001
WebSearch,13,no_one_rtt,8KB_to_1BDP_fct_us_p99,15.488620000000003
WebSearch,13,no_one_rtt,8KB_to_1BDP_flow_count,83.0
WebSearch,13,no_one_rtt,8KB_to_1BDP_slowdown_mean,1.0187305850018842
WebSearch,13,no_one_rtt,8KB_to_1BDP_slowdown_p95,1.0444588962424208
WebSearch,13,no_one_rtt,8KB_to_1BDP_slowdown_p99,1.0630541934108129
WebSearch,13,no_one_rtt,aggregate_goodput_gbps,97.07383761918786
WebSearch,13,no_one_rtt,completion_releases,0.0
WebSearch,13,no_one_rtt,completion_span_us,19157.362
WebSearch,13,no_one_rtt,grant_binding_rate_changes,5.0
WebSearch,13,no_one_rtt,grant_binding_updates,18.0
WebSearch,13,no_one_rtt,grant_bytes_sent,333512.0
WebSearch,13,no_one_rtt,grant_event_rate_changes,420.0
WebSearch,13,no_one_rtt,grants_received,3548.0
WebSearch,13,no_one_rtt,grants_sent,3548.0
WebSearch,13,no_one_rtt,gt_1MB_fct_us_mean,413.94506896551724
WebSearch,13,no_one_rtt,gt_1MB_fct_us_p95,1035.3308499999998
WebSearch,13,no_one_rtt,gt_1MB_fct_us_p99,1433.3299299999999
WebSearch,13,no_one_rtt,gt_1MB_flow_count,58.0
WebSearch,13,no_one_rtt,gt_1MB_slowdown_mean,1.2892439784232943
WebSearch,13,no_one_rtt,gt_1MB_slowdown_p95,2.4938738760796566
WebSearch,13,no_one_rtt,gt_1MB_slowdown_p99,2.69684259920629
WebSearch,13,no_one_rtt,guard_ack_interval_packets,8.0
WebSearch,13,no_one_rtt,guard_adaptive_grant_updates,0.0
WebSearch,13,no_one_rtt,guard_fixed_window,1.0
WebSearch,13,no_one_rtt,guard_grant_refresh_bdps,1.0
WebSearch,13,no_one_rtt,guard_long_acks_suppressed,203212.0
WebSearch,13,no_one_rtt,guard_min_share_fraction,0.0
WebSearch,13,no_one_rtt,guard_one_rtt_acks_suppressed,0.0
WebSearch,13,no_one_rtt,guard_one_rtt_bypass_enabled,0.0
WebSearch,13,no_one_rtt,guard_one_rtt_bypass_feedbacks,0.0
WebSearch,13,no_one_rtt,guard_one_rtt_bypass_flows,0.0
WebSearch,13,no_one_rtt,guard_rebalance_events,0.0
WebSearch,13,no_one_rtt,guard_remaining_aware,1.0
WebSearch,13,no_one_rtt,guard_remaining_exponent,1.0
WebSearch,13,no_one_rtt,guard_remaining_refresh_events,3184.0
WebSearch,13,no_one_rtt,guard_sender_srpt_enabled,1.0
WebSearch,13,no_one_rtt,guard_sender_srpt_forced_rr,18.0
WebSearch,13,no_one_rtt,guard_sender_srpt_non_rr,8476.0
WebSearch,13,no_one_rtt,guard_sender_srpt_selections,232572.0
WebSearch,13,no_one_rtt,guard_srpt_quantum_packets,64.0
WebSearch,13,no_one_rtt,guard_tail_bypass_bdps,8.0
WebSearch,13,no_one_rtt,guard_tail_bypass_enabled,1.0
WebSearch,13,no_one_rtt,guard_tail_bypass_feedbacks,6367.0
WebSearch,13,no_one_rtt,guard_tail_bypass_flows,110.0
WebSearch,13,no_one_rtt,hpcc_actual_rate_changes,129.0
WebSearch,13,no_one_rtt,hpcc_fast_computations,0.0
WebSearch,13,no_one_rtt,hpcc_feedback_updates,3283.0
WebSearch,13,no_one_rtt,hpcc_full_computations,791.0
WebSearch,13,no_one_rtt,hpcc_rate_updates_applied,791.0
WebSearch,13,no_one_rtt,hpcc_valid_feedback,881.0
WebSearch,13,no_one_rtt,int_hops_after_strip,28826.0
WebSearch,13,no_one_rtt,int_hops_before_strip,58186.0
WebSearch,13,no_one_rtt,int_records_stripped,29360.0
WebSearch,13,no_one_rtt,irn_nacks_generated,0.0
WebSearch,13,no_one_rtt,irn_nacks_received,0.0
WebSearch,13,no_one_rtt,irn_retransmit_bytes,0.0
WebSearch,13,no_one_rtt,irn_retransmit_packets,0.0
WebSearch,13,no_one_rtt,le_8KB_fct_us_mean,6.348578947368421
WebSearch,13,no_one_rtt,le_8KB_fct_us_p95,9.016549999999999
WebSearch,13,no_one_rtt,le_8KB_fct_us_p99,9.124220000000001
WebSearch,13,no_one_rtt,le_8KB_flow_count,38.0
WebSearch,13,no_one_rtt,le_8KB_slowdown_mean,1.0040619508692468
WebSearch,13,no_one_rtt,le_8KB_slowdown_p95,1.022387254170928
WebSearch,13,no_one_rtt,le_8KB_slowdown_p99,1.025167541524135
WebSearch,13,no_one_rtt,long_to_small_slowdown_mean_ratio,1.2840283184789114
WebSearch,13,no_one_rtt,max_active_flows,3.0
WebSearch,13,no_one_rtt,overall_fct_us_mean,124.28201860465117
WebSearch,13,no_one_rtt,overall_fct_us_p95,736.7373000000009
WebSearch,13,no_one_rtt,overall_fct_us_p99,1111.2575400000014
WebSearch,13,no_one_rtt,overall_flow_count,215.0
WebSearch,13,no_one_rtt,overall_slowdown_mean,1.0988811683724027
WebSearch,13,no_one_rtt,overall_slowdown_p95,1.5211413806158118
WebSearch,13,no_one_rtt,overall_slowdown_p99,2.5414331754448534
WebSearch,13,no_one_rtt,pfc_pause_events,0.0
WebSearch,13,no_one_rtt,pfc_resume_events,0.0
WebSearch,13,no_one_rtt,proactive_releases,110.0
WebSearch,13,no_one_rtt,queue_bytes_max,227810.0
WebSearch,13,no_one_rtt,queue_bytes_mean,498.834
WebSearch,13,no_one_rtt,queue_bytes_p95,0.0
WebSearch,13,no_one_rtt,queue_bytes_p99,1090.0
WebSearch,13,no_one_rtt,queue_sample_count,388020.0
WebSearch,13,no_one_rtt,reactive_binding_rate_changes,116.0
WebSearch,13,no_one_rtt,reactive_binding_updates,116.0
WebSearch,13,no_one_rtt,recovery_nacks_generated,0.0
WebSearch,13,no_one_rtt,recovery_nacks_received,0.0
WebSearch,13,no_one_rtt,registrations,110.0
WebSearch,13,no_one_rtt,selected_registrations,110.0
WebSearch,13,no_one_rtt,tie_binding_rate_changes,8.0
WebSearch,13,no_one_rtt,tie_binding_updates,657.0
WebSearch,13,no_one_rtt,timeout_recoveries,0.0
WebSearch,13,no_tail,1BDP_to_1MB_fct_us_mean,46.181916666666666
WebSearch,13,no_tail,1BDP_to_1MB_fct_us_p95,98.08
WebSearch,13,no_tail,1BDP_to_1MB_fct_us_p99,119.04509999999995
WebSearch,13,no_tail,1BDP_to_1MB_flow_count,36.0
WebSearch,13,no_tail,1BDP_to_1MB_slowdown_mean,1.077623444597569
WebSearch,13,no_tail,1BDP_to_1MB_slowdown_p95,1.111895231176598
WebSearch,13,no_tail,1BDP_to_1MB_slowdown_p99,1.371771364129221
WebSearch,13,no_tail,8KB_to_1BDP_fct_us_mean,9.744048192771084
WebSearch,13,no_tail,8KB_to_1BDP_fct_us_p95,14.505600000000001
WebSearch,13,no_tail,8KB_to_1BDP_fct_us_p99,15.473200000000006
WebSearch,13,no_tail,8KB_to_1BDP_flow_count,83.0
WebSearch,13,no_tail,8KB_to_1BDP_slowdown_mean,1.0187155342641472
WebSearch,13,no_tail,8KB_to_1BDP_slowdown_p95,1.0450118235871257
WebSearch,13,no_tail,8KB_to_1BDP_slowdown_p99,1.0629250023926646
WebSearch,13,no_tail,aggregate_goodput_gbps,97.07383761918786
WebSearch,13,no_tail,completion_releases,0.0
WebSearch,13,no_tail,completion_span_us,19157.362
WebSearch,13,no_tail,grant_binding_rate_changes,7.0
WebSearch,13,no_tail,grant_binding_updates,39.0
WebSearch,13,no_tail,grant_bytes_sent,333512.0
WebSearch,13,no_tail,grant_event_rate_changes,416.0
WebSearch,13,no_tail,grants_received,3548.0
WebSearch,13,no_tail,grants_sent,3548.0
WebSearch,13,no_tail,gt_1MB_fct_us_mean,415.2119655172414
WebSearch,13,no_tail,gt_1MB_fct_us_p95,1039.73515
WebSearch,13,no_tail,gt_1MB_fct_us_p99,1434.42029
WebSearch,13,no_tail,gt_1MB_flow_count,58.0
WebSearch,13,no_tail,gt_1MB_slowdown_mean,1.294522583830748
WebSearch,13,no_tail,gt_1MB_slowdown_p95,2.508303185897648
WebSearch,13,no_tail,gt_1MB_slowdown_p99,2.7009345253839263
WebSearch,13,no_tail,guard_ack_interval_packets,8.0
WebSearch,13,no_tail,guard_adaptive_grant_updates,0.0
WebSearch,13,no_tail,guard_fixed_window,1.0
WebSearch,13,no_tail,guard_grant_refresh_bdps,1.0
WebSearch,13,no_tail,guard_long_acks_suppressed,201121.0
WebSearch,13,no_tail,guard_min_share_fraction,0.0
WebSearch,13,no_tail,guard_one_rtt_acks_suppressed,2445.0
WebSearch,13,no_tail,guard_one_rtt_bypass_enabled,1.0
WebSearch,13,no_tail,guard_one_rtt_bypass_feedbacks,105.0
WebSearch,13,no_tail,guard_one_rtt_bypass_flows,105.0
WebSearch,13,no_tail,guard_rebalance_events,0.0
WebSearch,13,no_tail,guard_remaining_aware,1.0
WebSearch,13,no_tail,guard_remaining_exponent,1.0
WebSearch,13,no_tail,guard_remaining_refresh_events,3185.0
WebSearch,13,no_tail,guard_sender_srpt_enabled,1.0
WebSearch,13,no_tail,guard_sender_srpt_forced_rr,18.0
WebSearch,13,no_tail,guard_sender_srpt_non_rr,8498.0
WebSearch,13,no_tail,guard_sender_srpt_selections,232572.0
WebSearch,13,no_tail,guard_srpt_quantum_packets,64.0
WebSearch,13,no_tail,guard_tail_bypass_bdps,8.0
WebSearch,13,no_tail,guard_tail_bypass_enabled,0.0
WebSearch,13,no_tail,guard_tail_bypass_feedbacks,0.0
WebSearch,13,no_tail,guard_tail_bypass_flows,0.0
WebSearch,13,no_tail,hpcc_actual_rate_changes,168.0
WebSearch,13,no_tail,hpcc_fast_computations,0.0
WebSearch,13,no_tail,hpcc_feedback_updates,3907.0
WebSearch,13,no_tail,hpcc_full_computations,1110.0
WebSearch,13,no_tail,hpcc_rate_updates_applied,1110.0
WebSearch,13,no_tail,hpcc_valid_feedback,1157.0
WebSearch,13,no_tail,int_hops_after_strip,28370.0
WebSearch,13,no_tail,int_hops_before_strip,57376.0
WebSearch,13,no_tail,int_records_stripped,29006.0
WebSearch,13,no_tail,irn_nacks_generated,0.0
WebSearch,13,no_tail,irn_nacks_received,0.0
WebSearch,13,no_tail,irn_retransmit_bytes,0.0
WebSearch,13,no_tail,irn_retransmit_packets,0.0
WebSearch,13,no_tail,le_8KB_fct_us_mean,6.3453684210526315
WebSearch,13,no_tail,le_8KB_fct_us_p95,9.016549999999999
WebSearch,13,no_tail,le_8KB_fct_us_p99,9.124220000000001
WebSearch,13,no_tail,le_8KB_flow_count,38.0
WebSearch,13,no_tail,le_8KB_slowdown_mean,1.0035871757100485
WebSearch,13,no_tail,le_8KB_slowdown_p95,1.0203599999477158
WebSearch,13,no_tail,le_8KB_slowdown_p99,1.0209190973250488
WebSearch,13,no_tail,long_to_small_slowdown_mean_ratio,1.2898955020174103
WebSearch,13,no_tail,max_active_flows,3.0
WebSearch,13,no_tail,overall_fct_us_mean,124.62661860465117
WebSearch,13,no_tail,overall_fct_us_p95,737.5245000000009
WebSearch,13,no_tail,overall_fct_us_p99,1112.1842600000014
WebSearch,13,no_tail,overall_flow_count,215.0
WebSearch,13,no_tail,overall_slowdown_mean,1.100309097156288
WebSearch,13,no_tail,overall_slowdown_p95,1.5230252486652236
WebSearch,13,no_tail,overall_slowdown_p99,2.5442657080248603
WebSearch,13,no_tail,pfc_pause_events,0.0
WebSearch,13,no_tail,pfc_resume_events,0.0
WebSearch,13,no_tail,proactive_releases,110.0
WebSearch,13,no_tail,queue_bytes_max,227810.0
WebSearch,13,no_tail,queue_bytes_mean,512.019
WebSearch,13,no_tail,queue_bytes_p95,0.0
WebSearch,13,no_tail,queue_bytes_p99,1090.0
WebSearch,13,no_tail,queue_sample_count,388020.0
WebSearch,13,no_tail,reactive_binding_rate_changes,147.0
WebSearch,13,no_tail,reactive_binding_updates,147.0
WebSearch,13,no_tail,recovery_nacks_generated,0.0
WebSearch,13,no_tail,recovery_nacks_received,0.0
WebSearch,13,no_tail,registrations,110.0
WebSearch,13,no_tail,selected_registrations,110.0
WebSearch,13,no_tail,tie_binding_rate_changes,14.0
WebSearch,13,no_tail,tie_binding_updates,924.0
WebSearch,13,no_tail,timeout_recoveries,0.0
WebSearch,13,no_remaining,1BDP_to_1MB_fct_us_mean,49.363
WebSearch,13,no_remaining,1BDP_to_1MB_fct_us_p95,98.01775
WebSearch,13,no_remaining,1BDP_to_1MB_fct_us_p99,187.25219999999982
WebSearch,13,no_remaining,1BDP_to_1MB_flow_count,36.0
WebSearch,13,no_remaining,1BDP_to_1MB_slowdown_mean,1.1270931423013069
WebSearch,13,no_remaining,1BDP_to_1MB_slowdown_p95,1.2459504523385263
WebSearch,13,no_remaining,1BDP_to_1MB_slowdown_p99,2.324181174877881
WebSearch,13,no_remaining,8KB_to_1BDP_fct_us_mean,9.763313253012049
WebSearch,13,no_remaining,8KB_to_1BDP_fct_us_p95,14.505600000000001
WebSearch,13,no_remaining,8KB_to_1BDP_fct_us_p99,15.465640000000004
WebSearch,13,no_remaining,8KB_to_1BDP_flow_count,83.0
WebSearch,13,no_remaining,8KB_to_1BDP_slowdown_mean,1.0207260133029847
WebSearch,13,no_remaining,8KB_to_1BDP_slowdown_p95,1.0495885442232316
WebSearch,13,no_remaining,8KB_to_1BDP_slowdown_p99,1.1289264046917826
WebSearch,13,no_remaining,aggregate_goodput_gbps,97.07383761918786
WebSearch,13,no_remaining,completion_releases,0.0
WebSearch,13,no_remaining,completion_span_us,19157.362
WebSearch,13,no_remaining,grant_binding_rate_changes,4.0
WebSearch,13,no_remaining,grant_binding_updates,30.0
WebSearch,13,no_remaining,grant_bytes_sent,11844.0
WebSearch,13,no_remaining,grant_event_rate_changes,23.0
WebSearch,13,no_remaining,grants_received,126.0
WebSearch,13,no_remaining,grants_sent,126.0
WebSearch,13,no_remaining,gt_1MB_fct_us_mean,404.79618965517244
WebSearch,13,no_remaining,gt_1MB_fct_us_p95,1008.3384000000001
WebSearch,13,no_remaining,gt_1MB_fct_us_p99,1291.5171
WebSearch,13,no_remaining,gt_1MB_flow_count,58.0
WebSearch,13,no_remaining,gt_1MB_slowdown_mean,1.2752798574998685
WebSearch,13,no_remaining,gt_1MB_slowdown_p95,2.4688989487120727
WebSearch,13,no_remaining,gt_1MB_slowdown_p99,2.728364498611225
WebSearch,13,no_remaining,guard_ack_interval_packets,8.0
WebSearch,13,no_remaining,guard_adaptive_grant_updates,0.0
WebSearch,13,no_remaining,guard_fixed_window,1.0
WebSearch,13,no_remaining,guard_grant_refresh_bdps,1.0
WebSearch,13,no_remaining,guard_long_acks_suppressed,201121.0
WebSearch,13,no_remaining,guard_min_share_fraction,0.0
WebSearch,13,no_remaining,guard_one_rtt_acks_suppressed,2445.0
WebSearch,13,no_remaining,guard_one_rtt_bypass_enabled,1.0
WebSearch,13,no_remaining,guard_one_rtt_bypass_feedbacks,105.0
WebSearch,13,no_remaining,guard_one_rtt_bypass_flows,105.0
WebSearch,13,no_remaining,guard_rebalance_events,7.0
WebSearch,13,no_remaining,guard_remaining_aware,0.0
WebSearch,13,no_remaining,guard_remaining_exponent,1.0
WebSearch,13,no_remaining,guard_remaining_refresh_events,0.0
WebSearch,13,no_remaining,guard_sender_srpt_enabled,1.0
WebSearch,13,no_remaining,guard_sender_srpt_forced_rr,19.0
WebSearch,13,no_remaining,guard_sender_srpt_non_rr,5340.0
WebSearch,13,no_remaining,guard_sender_srpt_selections,232572.0
WebSearch,13,no_remaining,guard_srpt_quantum_packets,64.0
WebSearch,13,no_remaining,guard_tail_bypass_bdps,8.0
WebSearch,13,no_remaining,guard_tail_bypass_enabled,1.0
WebSearch,13,no_remaining,guard_tail_bypass_feedbacks,6367.0
WebSearch,13,no_remaining,guard_tail_bypass_flows,110.0
WebSearch,13,no_remaining,hpcc_actual_rate_changes,116.0
WebSearch,13,no_remaining,hpcc_fast_computations,0.0
WebSearch,13,no_remaining,hpcc_feedback_updates,3074.0
WebSearch,13,no_remaining,hpcc_full_computations,792.0
WebSearch,13,no_remaining,hpcc_rate_updates_applied,792.0
WebSearch,13,no_remaining,hpcc_valid_feedback,827.0
WebSearch,13,no_remaining,int_hops_after_strip,28370.0
WebSearch,13,no_remaining,int_hops_before_strip,57376.0
WebSearch,13,no_remaining,int_records_stripped,29006.0
WebSearch,13,no_remaining,irn_nacks_generated,0.0
WebSearch,13,no_remaining,irn_nacks_received,0.0
WebSearch,13,no_remaining,irn_retransmit_bytes,0.0
WebSearch,13,no_remaining,irn_retransmit_packets,0.0
WebSearch,13,no_remaining,le_8KB_fct_us_mean,6.350447368421053
WebSearch,13,no_remaining,le_8KB_fct_us_p95,9.016549999999999
WebSearch,13,no_remaining,le_8KB_fct_us_p99,9.124220000000001
WebSearch,13,no_remaining,le_8KB_flow_count,38.0
WebSearch,13,no_remaining,le_8KB_slowdown_mean,1.0042501101258703
WebSearch,13,no_remaining,le_8KB_slowdown_p95,1.0201702254444784
WebSearch,13,no_remaining,le_8KB_slowdown_p99,1.0347688384687486
WebSearch,13,no_remaining,long_to_small_slowdown_mean_ratio,1.269882716109464
WebSearch,13,no_remaining,max_active_flows,3.0
WebSearch,13,no_remaining,overall_fct_us_mean,122.35776279069768
WebSearch,13,no_remaining,overall_fct_us_p95,735.3990000000008
WebSearch,13,no_remaining,overall_fct_us_p99,1017.4803600000002
WebSearch,13,no_remaining,overall_flow_count,215.0
WebSearch,13,no_remaining,overall_slowdown_mean,1.1042946425431173
WebSearch,13,no_remaining,overall_slowdown_p95,1.5604974392109825
WebSearch,13,no_remaining,overall_slowdown_p99,2.6225867808848857
WebSearch,13,no_remaining,pfc_pause_events,0.0
WebSearch,13,no_remaining,pfc_resume_events,0.0
WebSearch,13,no_remaining,proactive_releases,110.0
WebSearch,13,no_remaining,queue_bytes_max,226720.0
WebSearch,13,no_remaining,queue_bytes_mean,480.642
WebSearch,13,no_remaining,queue_bytes_p95,0.0
WebSearch,13,no_remaining,queue_bytes_p99,1090.0
WebSearch,13,no_remaining,queue_sample_count,388020.0
WebSearch,13,no_remaining,reactive_binding_rate_changes,105.0
WebSearch,13,no_remaining,reactive_binding_updates,105.0
WebSearch,13,no_remaining,recovery_nacks_generated,0.0
WebSearch,13,no_remaining,recovery_nacks_received,0.0
WebSearch,13,no_remaining,registrations,110.0
WebSearch,13,no_remaining,selected_registrations,110.0
WebSearch,13,no_remaining,tie_binding_rate_changes,7.0
WebSearch,13,no_remaining,tie_binding_updates,657.0
WebSearch,13,no_remaining,timeout_recoveries,0.0
WebSearch,13,no_ack_coalescing,1BDP_to_1MB_fct_us_mean,48.71261111111111
WebSearch,13,no_ack_coalescing,1BDP_to_1MB_fct_us_p95,132.49724999999998
WebSearch,13,no_ack_coalescing,1BDP_to_1MB_fct_us_p99,148.32115
WebSearch,13,no_ack_coalescing,1BDP_to_1MB_flow_count,36.0
WebSearch,13,no_ack_coalescing,1BDP_to_1MB_slowdown_mean,1.0998336554639665
WebSearch,13,no_ack_coalescing,1BDP_to_1MB_slowdown_p95,1.5257800301479372
WebSearch,13,no_ack_coalescing,1BDP_to_1MB_slowdown_p99,1.8393715718213566
WebSearch,13,no_ack_coalescing,8KB_to_1BDP_fct_us_mean,9.769313253012047
WebSearch,13,no_ack_coalescing,8KB_to_1BDP_fct_us_p95,14.7413
WebSearch,13,no_ack_coalescing,8KB_to_1BDP_fct_us_p99,15.951520000000006
WebSearch,13,no_ack_coalescing,8KB_to_1BDP_flow_count,83.0
WebSearch,13,no_ack_coalescing,8KB_to_1BDP_slowdown_mean,1.0206436969966688
WebSearch,13,no_ack_coalescing,8KB_to_1BDP_slowdown_p95,1.059269048529396
WebSearch,13,no_ack_coalescing,8KB_to_1BDP_slowdown_p99,1.0730008288644202
WebSearch,13,no_ack_coalescing,aggregate_goodput_gbps,97.07383761918786
WebSearch,13,no_ack_coalescing,completion_releases,0.0
WebSearch,13,no_ack_coalescing,completion_span_us,19157.362
WebSearch,13,no_ack_coalescing,grant_binding_rate_changes,5.0
WebSearch,13,no_ack_coalescing,grant_binding_updates,22.0
WebSearch,13,no_ack_coalescing,grant_bytes_sent,334546.0
WebSearch,13,no_ack_coalescing,grant_event_rate_changes,425.0
WebSearch,13,no_ack_coalescing,grants_received,3559.0
WebSearch,13,no_ack_coalescing,grants_sent,3559.0
WebSearch,13,no_ack_coalescing,gt_1MB_fct_us_mean,407.2952931034483
WebSearch,13,no_ack_coalescing,gt_1MB_fct_us_p95,1042.9136999999998
WebSearch,13,no_ack_coalescing,gt_1MB_fct_us_p99,1427.3521699999997
WebSearch,13,no_ack_coalescing,gt_1MB_flow_count,58.0
WebSearch,13,no_ack_coalescing,gt_1MB_slowdown_mean,1.265232990815835
WebSearch,13,no_ack_coalescing,gt_1MB_slowdown_p95,2.4839311994278224
WebSearch,13,no_ack_coalescing,gt_1MB_slowdown_p99,2.6741864514340197
WebSearch,13,no_ack_coalescing,guard_ack_interval_packets,1.0
WebSearch,13,no_ack_coalescing,guard_adaptive_grant_updates,0.0
WebSearch,13,no_ack_coalescing,guard_fixed_window,1.0
WebSearch,13,no_ack_coalescing,guard_grant_refresh_bdps,1.0
WebSearch,13,no_ack_coalescing,guard_long_acks_suppressed,0.0
WebSearch,13,no_ack_coalescing,guard_min_share_fraction,0.0
WebSearch,13,no_ack_coalescing,guard_one_rtt_acks_suppressed,2445.0
WebSearch,13,no_ack_coalescing,guard_one_rtt_bypass_enabled,1.0
WebSearch,13,no_ack_coalescing,guard_one_rtt_bypass_feedbacks,105.0
WebSearch,13,no_ack_coalescing,guard_one_rtt_bypass_flows,105.0
WebSearch,13,no_ack_coalescing,guard_rebalance_events,0.0
WebSearch,13,no_ack_coalescing,guard_remaining_aware,1.0
WebSearch,13,no_ack_coalescing,guard_remaining_exponent,1.0
WebSearch,13,no_ack_coalescing,guard_remaining_refresh_events,3190.0
WebSearch,13,no_ack_coalescing,guard_sender_srpt_enabled,1.0
WebSearch,13,no_ack_coalescing,guard_sender_srpt_forced_rr,118.0
WebSearch,13,no_ack_coalescing,guard_sender_srpt_non_rr,7865.0
WebSearch,13,no_ack_coalescing,guard_sender_srpt_selections,232572.0
WebSearch,13,no_ack_coalescing,guard_srpt_quantum_packets,64.0
WebSearch,13,no_ack_coalescing,guard_tail_bypass_bdps,8.0
WebSearch,13,no_ack_coalescing,guard_tail_bypass_enabled,1.0
WebSearch,13,no_ack_coalescing,guard_tail_bypass_feedbacks,50489.0
WebSearch,13,no_ack_coalescing,guard_tail_bypass_flows,110.0
WebSearch,13,no_ack_coalescing,hpcc_actual_rate_changes,134.0
WebSearch,13,no_ack_coalescing,hpcc_fast_computations,0.0
WebSearch,13,no_ack_coalescing,hpcc_feedback_updates,3281.0
WebSearch,13,no_ack_coalescing,hpcc_full_computations,826.0
WebSearch,13,no_ack_coalescing,hpcc_rate_updates_applied,826.0
WebSearch,13,no_ack_coalescing,hpcc_valid_feedback,861.0
WebSearch,13,no_ack_coalescing,int_hops_after_strip,225220.0
WebSearch,13,no_ack_coalescing,int_hops_before_strip,455347.0
WebSearch,13,no_ack_coalescing,int_records_stripped,230127.0
WebSearch,13,no_ack_coalescing,irn_nacks_generated,0.0
WebSearch,13,no_ack_coalescing,irn_nacks_received,0.0
WebSearch,13,no_ack_coalescing,irn_retransmit_bytes,0.0
WebSearch,13,no_ack_coalescing,irn_retransmit_packets,0.0
WebSearch,13,no_ack_coalescing,le_8KB_fct_us_mean,6.362815789473684
WebSearch,13,no_ack_coalescing,le_8KB_fct_us_p95,9.030349999999999
WebSearch,13,no_ack_coalescing,le_8KB_fct_us_p99,9.18913
WebSearch,13,no_ack_coalescing,le_8KB_flow_count,38.0
WebSearch,13,no_ack_coalescing,le_8KB_slowdown_mean,1.0051977375126149
WebSearch,13,no_ack_coalescing,le_8KB_slowdown_p95,1.0240954573331325
WebSearch,13,no_ack_coalescing,le_8KB_slowdown_p99,1.0334696830871455
WebSearch,13,no_ack_coalescing,long_to_small_slowdown_mean_ratio,1.2586906472219919
WebSearch,13,no_ack_coalescing,max_active_flows,3.0
WebSearch,13,no_ack_coalescing,overall_fct_us_mean,122.92753953488372
WebSearch,13,no_ack_coalescing,overall_fct_us_p95,694.1580000000009
WebSearch,13,no_ack_coalescing,overall_fct_us_p99,1144.896680000002
WebSearch,13,no_ack_coalescing,overall_flow_count,215.0
WebSearch,13,no_ack_coalescing,overall_slowdown_mean,1.097155655535926
WebSearch,13,no_ack_coalescing,overall_slowdown_p95,1.5717264362083858
WebSearch,13,no_ack_coalescing,overall_slowdown_p99,2.5452079258729516
WebSearch,13,no_ack_coalescing,pfc_pause_events,0.0
WebSearch,13,no_ack_coalescing,pfc_resume_events,0.0
WebSearch,13,no_ack_coalescing,proactive_releases,110.0
WebSearch,13,no_ack_coalescing,queue_bytes_max,241980.0
WebSearch,13,no_ack_coalescing,queue_bytes_mean,685.14
WebSearch,13,no_ack_coalescing,queue_bytes_p95,0.0
WebSearch,13,no_ack_coalescing,queue_bytes_p99,14170.0
WebSearch,13,no_ack_coalescing,queue_sample_count,388020.0
WebSearch,13,no_ack_coalescing,reactive_binding_rate_changes,121.0
WebSearch,13,no_ack_coalescing,reactive_binding_updates,121.0
WebSearch,13,no_ack_coalescing,recovery_nacks_generated,0.0
WebSearch,13,no_ack_coalescing,recovery_nacks_received,0.0
WebSearch,13,no_ack_coalescing,registrations,110.0
WebSearch,13,no_ack_coalescing,selected_registrations,110.0
WebSearch,13,no_ack_coalescing,tie_binding_rate_changes,8.0
WebSearch,13,no_ack_coalescing,tie_binding_updates,683.0
WebSearch,13,no_ack_coalescing,timeout_recoveries,0.0
WebSearch,13,no_fixed_window,1BDP_to_1MB_fct_us_mean,46.303111111111114
WebSearch,13,no_fixed_window,1BDP_to_1MB_fct_us_p95,98.08
WebSearch,13,no_fixed_window,1BDP_to_1MB_fct_us_p99,118.89429999999994
WebSearch,13,no_fixed_window,1BDP_to_1MB_flow_count,36.0
WebSearch,13,no_fixed_window,1BDP_to_1MB_slowdown_mean,1.0845810178607884
WebSearch,13,no_fixed_window,1BDP_to_1MB_slowdown_p95,1.1517390293064134
WebSearch,13,no_fixed_window,1BDP_to_1MB_slowdown_p99,1.4196244406412204
WebSearch,13,no_fixed_window,8KB_to_1BDP_fct_us_mean,9.753939759036145
WebSearch,13,no_fixed_window,8KB_to_1BDP_fct_us_p95,14.505600000000001
WebSearch,13,no_fixed_window,8KB_to_1BDP_fct_us_p99,15.467800000000004
WebSearch,13,no_fixed_window,8KB_to_1BDP_flow_count,83.0
WebSearch,13,no_fixed_window,8KB_to_1BDP_slowdown_mean,1.019765174850894
WebSearch,13,no_fixed_window,8KB_to_1BDP_slowdown_p95,1.0444588962424208
WebSearch,13,no_fixed_window,8KB_to_1BDP_slowdown_p99,1.0959540734971533
WebSearch,13,no_fixed_window,aggregate_goodput_gbps,97.07383761918786
WebSearch,13,no_fixed_window,completion_releases,0.0
WebSearch,13,no_fixed_window,completion_span_us,19157.362
WebSearch,13,no_fixed_window,grant_binding_rate_changes,2.0
WebSearch,13,no_fixed_window,grant_binding_updates,33.0
WebSearch,13,no_fixed_window,grant_bytes_sent,331162.0
WebSearch,13,no_fixed_window,grant_event_rate_changes,396.0
WebSearch,13,no_fixed_window,grants_received,3523.0
WebSearch,13,no_fixed_window,grants_sent,3523.0
WebSearch,13,no_fixed_window,gt_1MB_fct_us_mean,471.3489827586207
WebSearch,13,no_fixed_window,gt_1MB_fct_us_p95,1288.3649999999984
WebSearch,13,no_fixed_window,gt_1MB_fct_us_p99,2356.627
WebSearch,13,no_fixed_window,gt_1MB_flow_count,58.0
WebSearch,13,no_fixed_window,gt_1MB_slowdown_mean,1.5147408007940235
WebSearch,13,no_fixed_window,gt_1MB_slowdown_p95,2.7244599892806773
WebSearch,13,no_fixed_window,gt_1MB_slowdown_p99,9.343924449842824
WebSearch,13,no_fixed_window,guard_ack_interval_packets,8.0
WebSearch,13,no_fixed_window,guard_adaptive_grant_updates,0.0
WebSearch,13,no_fixed_window,guard_fixed_window,0.0
WebSearch,13,no_fixed_window,guard_grant_refresh_bdps,1.0
WebSearch,13,no_fixed_window,guard_long_acks_suppressed,201121.0
WebSearch,13,no_fixed_window,guard_min_share_fraction,0.0
WebSearch,13,no_fixed_window,guard_one_rtt_acks_suppressed,2445.0
WebSearch,13,no_fixed_window,guard_one_rtt_bypass_enabled,1.0
WebSearch,13,no_fixed_window,guard_one_rtt_bypass_feedbacks,105.0
WebSearch,13,no_fixed_window,guard_one_rtt_bypass_flows,105.0
WebSearch,13,no_fixed_window,guard_rebalance_events,8.0
WebSearch,13,no_fixed_window,guard_remaining_aware,1.0
WebSearch,13,no_fixed_window,guard_remaining_exponent,1.0
WebSearch,13,no_fixed_window,guard_remaining_refresh_events,3184.0
WebSearch,13,no_fixed_window,guard_sender_srpt_enabled,1.0
WebSearch,13,no_fixed_window,guard_sender_srpt_forced_rr,19.0
WebSearch,13,no_fixed_window,guard_sender_srpt_non_rr,8974.0
WebSearch,13,no_fixed_window,guard_sender_srpt_selections,232572.0
WebSearch,13,no_fixed_window,guard_srpt_quantum_packets,64.0
WebSearch,13,no_fixed_window,guard_tail_bypass_bdps,8.0
WebSearch,13,no_fixed_window,guard_tail_bypass_enabled,1.0
WebSearch,13,no_fixed_window,guard_tail_bypass_feedbacks,6367.0
WebSearch,13,no_fixed_window,guard_tail_bypass_flows,110.0
WebSearch,13,no_fixed_window,hpcc_actual_rate_changes,115.0
WebSearch,13,no_fixed_window,hpcc_fast_computations,0.0
WebSearch,13,no_fixed_window,hpcc_feedback_updates,3256.0
WebSearch,13,no_fixed_window,hpcc_full_computations,811.0
WebSearch,13,no_fixed_window,hpcc_rate_updates_applied,811.0
WebSearch,13,no_fixed_window,hpcc_valid_feedback,846.0
WebSearch,13,no_fixed_window,int_hops_after_strip,28370.0
WebSearch,13,no_fixed_window,int_hops_before_strip,57376.0
WebSearch,13,no_fixed_window,int_records_stripped,29006.0
WebSearch,13,no_fixed_window,irn_nacks_generated,0.0
WebSearch,13,no_fixed_window,irn_nacks_received,0.0
WebSearch,13,no_fixed_window,irn_retransmit_bytes,0.0
WebSearch,13,no_fixed_window,irn_retransmit_packets,0.0
WebSearch,13,no_fixed_window,le_8KB_fct_us_mean,6.349684210526316
WebSearch,13,no_fixed_window,le_8KB_fct_us_p95,9.016549999999999
WebSearch,13,no_fixed_window,le_8KB_fct_us_p99,9.124220000000001
WebSearch,13,no_fixed_window,le_8KB_flow_count,38.0
WebSearch,13,no_fixed_window,le_8KB_slowdown_mean,1.0040966538677258
WebSearch,13,no_fixed_window,le_8KB_slowdown_p95,1.02067861760117
WebSearch,13,no_fixed_window,le_8KB_slowdown_p99,1.0321280956363796
WebSearch,13,no_fixed_window,long_to_small_slowdown_mean_ratio,1.5085607495646203
WebSearch,13,no_fixed_window,max_active_flows,3.0
WebSearch,13,no_fixed_window,overall_fct_us_mean,139.79543255813954
WebSearch,13,no_fixed_window,overall_fct_us_p95,764.0738000000007
WebSearch,13,no_fixed_window,overall_fct_us_p99,2124.120200000016
WebSearch,13,no_fixed_window,overall_flow_count,215.0
WebSearch,13,no_fixed_window,overall_slowdown_mean,1.1613770485983235
WebSearch,13,no_fixed_window,overall_slowdown_p95,1.403837463267839
WebSearch,13,no_fixed_window,overall_slowdown_p99,2.821802981008425
WebSearch,13,no_fixed_window,pfc_pause_events,0.0
WebSearch,13,no_fixed_window,pfc_resume_events,0.0
WebSearch,13,no_fixed_window,proactive_releases,110.0
WebSearch,13,no_fixed_window,queue_bytes_max,188570.0
WebSearch,13,no_fixed_window,queue_bytes_mean,330.496
WebSearch,13,no_fixed_window,queue_bytes_p95,0.0
WebSearch,13,no_fixed_window,queue_bytes_p99,1090.0
WebSearch,13,no_fixed_window,queue_sample_count,388020.0
WebSearch,13,no_fixed_window,reactive_binding_rate_changes,110.0
WebSearch,13,no_fixed_window,reactive_binding_updates,110.0
WebSearch,13,no_fixed_window,recovery_nacks_generated,0.0
WebSearch,13,no_fixed_window,recovery_nacks_received,0.0
WebSearch,13,no_fixed_window,registrations,110.0
WebSearch,13,no_fixed_window,selected_registrations,110.0
WebSearch,13,no_fixed_window,tie_binding_rate_changes,3.0
WebSearch,13,no_fixed_window,tie_binding_updates,668.0
WebSearch,13,no_fixed_window,timeout_recoveries,0.0
WebSearch,14,guard,1BDP_to_1MB_fct_us_mean,39.55169565217391
WebSearch,14,guard,1BDP_to_1MB_fct_us_p95,117.02829999999997
WebSearch,14,guard,1BDP_to_1MB_fct_us_p99,122.15798000000001
WebSearch,14,guard,1BDP_to_1MB_flow_count,23.0
WebSearch,14,guard,1BDP_to_1MB_slowdown_mean,1.1280709887946099
WebSearch,14,guard,1BDP_to_1MB_slowdown_p95,1.306588422894578
WebSearch,14,guard,1BDP_to_1MB_slowdown_p99,1.7990266313226988
WebSearch,14,guard,8KB_to_1BDP_fct_us_mean,9.922566666666667
WebSearch,14,guard,8KB_to_1BDP_fct_us_p95,14.95185
WebSearch,14,guard,8KB_to_1BDP_fct_us_p99,16.14772
WebSearch,14,guard,8KB_to_1BDP_flow_count,90.0
WebSearch,14,guard,8KB_to_1BDP_slowdown_mean,1.0228796547302699
WebSearch,14,guard,8KB_to_1BDP_slowdown_p95,1.049175852708359
WebSearch,14,guard,8KB_to_1BDP_slowdown_p99,1.1821732834022685
WebSearch,14,guard,aggregate_goodput_gbps,157.78197825349847
WebSearch,14,guard,completion_releases,0.0
WebSearch,14,guard,completion_span_us,21184.373
WebSearch,14,guard,grant_binding_rate_changes,13.0
WebSearch,14,guard,grant_binding_updates,346.0
WebSearch,14,guard,grant_bytes_sent,687892.0
WebSearch,14,guard,grant_event_rate_changes,1692.0
WebSearch,14,guard,grants_received,7318.0
WebSearch,14,guard,grants_sent,7318.0
WebSearch,14,guard,gt_1MB_fct_us_mean,888.5957457627118
WebSearch,14,guard,gt_1MB_fct_us_p95,2907.1849
WebSearch,14,guard,gt_1MB_fct_us_p99,3056.2160200000008
WebSearch,14,guard,gt_1MB_flow_count,59.0
WebSearch,14,guard,gt_1MB_slowdown_mean,1.5007125195152031
WebSearch,14,guard,gt_1MB_slowdown_p95,2.580688785573278
WebSearch,14,guard,gt_1MB_slowdown_p99,3.0061265286996974
WebSearch,14,guard,guard_ack_interval_packets,8.0
WebSearch,14,guard,guard_adaptive_grant_updates,0.0
WebSearch,14,guard,guard_fixed_window,1.0
WebSearch,14,guard,guard_grant_refresh_bdps,1.0
WebSearch,14,guard,guard_long_acks_suppressed,363037.0
WebSearch,14,guard,guard_min_share_fraction,0.0
WebSearch,14,guard,guard_one_rtt_acks_suppressed,2770.0
WebSearch,14,guard,guard_one_rtt_bypass_enabled,1.0
WebSearch,14,guard,guard_one_rtt_bypass_feedbacks,115.0
WebSearch,14,guard,guard_one_rtt_bypass_flows,115.0
WebSearch,14,guard,guard_rebalance_events,0.0
WebSearch,14,guard,guard_remaining_aware,1.0
WebSearch,14,guard,guard_remaining_exponent,1.0
WebSearch,14,guard,guard_remaining_refresh_events,6294.0
WebSearch,14,guard,guard_sender_srpt_enabled,1.0
WebSearch,14,guard,guard_sender_srpt_forced_rr,92.0
WebSearch,14,guard,guard_sender_srpt_non_rr,21489.0
WebSearch,14,guard,guard_sender_srpt_selections,417921.0
WebSearch,14,guard,guard_srpt_quantum_packets,64.0
WebSearch,14,guard,guard_tail_bypass_bdps,8.0
WebSearch,14,guard,guard_tail_bypass_enabled,1.0
WebSearch,14,guard,guard_tail_bypass_feedbacks,5375.0
WebSearch,14,guard,guard_tail_bypass_flows,91.0
WebSearch,14,guard,hpcc_actual_rate_changes,415.0
WebSearch,14,guard,hpcc_fast_computations,0.0
WebSearch,14,guard,hpcc_feedback_updates,7103.0
WebSearch,14,guard,hpcc_full_computations,1710.0
WebSearch,14,guard,hpcc_rate_updates_applied,1710.0
WebSearch,14,guard,hpcc_valid_feedback,1739.0
WebSearch,14,guard,int_hops_after_strip,40842.0
WebSearch,14,guard,int_hops_before_strip,92956.0
WebSearch,14,guard,int_records_stripped,52114.0
WebSearch,14,guard,irn_nacks_generated,0.0
WebSearch,14,guard,irn_nacks_received,0.0
WebSearch,14,guard,irn_retransmit_bytes,0.0
WebSearch,14,guard,irn_retransmit_packets,0.0
WebSearch,14,guard,le_8KB_fct_us_mean,7.125647058823529
WebSearch,14,guard,le_8KB_fct_us_p95,9.100249999999999
WebSearch,14,guard,le_8KB_fct_us_p99,9.16146
WebSearch,14,guard,le_8KB_flow_count,34.0
WebSearch,14,guard,le_8KB_slowdown_mean,1.005980880145362
WebSearch,14,guard,le_8KB_slowdown_p95,1.0280217484614103
WebSearch,14,guard,le_8KB_slowdown_p99,1.0285602761897548
WebSearch,14,guard,long_to_small_slowdown_mean_ratio,1.4917903005257451
WebSearch,14,guard,max_active_flows,3.0
WebSearch,14,guard,overall_fct_us_mean,264.42786893203885
WebSearch,14,guard,overall_fct_us_p95,1518.99375
WebSearch,14,guard,overall_fct_us_p99,2917.3330499999997
WebSearch,14,guard,overall_flow_count,206.0
WebSearch,14,guard,overall_slowdown_mean,1.1686902439045612
WebSearch,14,guard,overall_slowdown_p95,2.0507888173572693
WebSearch,14,guard,overall_slowdown_p99,2.5979569825644493
WebSearch,14,guard,pfc_pause_events,0.0
WebSearch,14,guard,pfc_resume_events,0.0
WebSearch,14,guard,proactive_releases,91.0
WebSearch,14,guard,queue_bytes_max,380410.0
WebSearch,14,guard,queue_bytes_mean,1482.352
WebSearch,14,guard,queue_bytes_p95,0.0
WebSearch,14,guard,queue_bytes_p99,43960.0
WebSearch,14,guard,queue_sample_count,400020.0
WebSearch,14,guard,reactive_binding_rate_changes,375.0
WebSearch,14,guard,reactive_binding_updates,375.0
WebSearch,14,guard,recovery_nacks_generated,0.0
WebSearch,14,guard,recovery_nacks_received,0.0
WebSearch,14,guard,registrations,91.0
WebSearch,14,guard,selected_registrations,91.0
WebSearch,14,guard,tie_binding_rate_changes,27.0
WebSearch,14,guard,tie_binding_updates,989.0
WebSearch,14,guard,timeout_recoveries,0.0
WebSearch,14,no_priority,1BDP_to_1MB_fct_us_mean,43.952173913043474
WebSearch,14,no_priority,1BDP_to_1MB_fct_us_p95,116.89239999999997
WebSearch,14,no_priority,1BDP_to_1MB_fct_us_p99,122.22460000000001
WebSearch,14,no_priority,1BDP_to_1MB_flow_count,23.0
WebSearch,14,no_priority,1BDP_to_1MB_slowdown_mean,1.3045086693980281
WebSearch,14,no_priority,1BDP_to_1MB_slowdown_p95,1.9313143759049671
WebSearch,14,no_priority,1BDP_to_1MB_slowdown_p99,2.397132203237981
WebSearch,14,no_priority,8KB_to_1BDP_fct_us_mean,10.607655555555555
WebSearch,14,no_priority,8KB_to_1BDP_fct_us_p95,16.234399999999997
WebSearch,14,no_priority,8KB_to_1BDP_fct_us_p99,23.056059999999988
WebSearch,14,no_priority,8KB_to_1BDP_flow_count,90.0
WebSearch,14,no_priority,8KB_to_1BDP_slowdown_mean,1.0812316574445846
WebSearch,14,no_priority,8KB_to_1BDP_slowdown_p95,1.262373386386782
WebSearch,14,no_priority,8KB_to_1BDP_slowdown_p99,1.670190629137877
WebSearch,14,no_priority,aggregate_goodput_gbps,157.78197825349847
WebSearch,14,no_priority,completion_releases,0.0
WebSearch,14,no_priority,completion_span_us,21184.373
WebSearch,14,no_priority,grant_binding_rate_changes,14.0
WebSearch,14,no_priority,grant_binding_updates,354.0
WebSearch,14,no_priority,grant_bytes_sent,687516.0
WebSearch,14,no_priority,grant_event_rate_changes,1686.0
WebSearch,14,no_priority,grants_received,7314.0
WebSearch,14,no_priority,grants_sent,7314.0
WebSearch,14,no_priority,gt_1MB_fct_us_mean,886.6382033898306
WebSearch,14,no_priority,gt_1MB_fct_us_p95,2876.3693
WebSearch,14,no_priority,gt_1MB_fct_us_p99,3054.7177600000005
WebSearch,14,no_priority,gt_1MB_flow_count,59.0
WebSearch,14,no_priority,gt_1MB_slowdown_mean,1.4972910577850922
WebSearch,14,no_priority,gt_1MB_slowdown_p95,2.5761989165207275
WebSearch,14,no_priority,gt_1MB_slowdown_p99,3.023617978971946
WebSearch,14,no_priority,guard_ack_interval_packets,8.0
WebSearch,14,no_priority,guard_adaptive_grant_updates,0.0
WebSearch,14,no_priority,guard_fixed_window,1.0
WebSearch,14,no_priority,guard_grant_refresh_bdps,1.0
WebSearch,14,no_priority,guard_long_acks_suppressed,363037.0
WebSearch,14,no_priority,guard_min_share_fraction,0.0
WebSearch,14,no_priority,guard_one_rtt_acks_suppressed,2770.0
WebSearch,14,no_priority,guard_one_rtt_bypass_enabled,1.0
WebSearch,14,no_priority,guard_one_rtt_bypass_feedbacks,115.0
WebSearch,14,no_priority,guard_one_rtt_bypass_flows,115.0
WebSearch,14,no_priority,guard_rebalance_events,0.0
WebSearch,14,no_priority,guard_remaining_aware,1.0
WebSearch,14,no_priority,guard_remaining_exponent,1.0
WebSearch,14,no_priority,guard_remaining_refresh_events,6295.0
WebSearch,14,no_priority,guard_sender_srpt_enabled,1.0
WebSearch,14,no_priority,guard_sender_srpt_forced_rr,91.0
WebSearch,14,no_priority,guard_sender_srpt_non_rr,21278.0
WebSearch,14,no_priority,guard_sender_srpt_selections,417921.0
WebSearch,14,no_priority,guard_srpt_quantum_packets,64.0
WebSearch,14,no_priority,guard_tail_bypass_bdps,8.0
WebSearch,14,no_priority,guard_tail_bypass_enabled,1.0
WebSearch,14,no_priority,guard_tail_bypass_feedbacks,5375.0
WebSearch,14,no_priority,guard_tail_bypass_flows,91.0
WebSearch,14,no_priority,hpcc_actual_rate_changes,421.0
WebSearch,14,no_priority,hpcc_fast_computations,0.0
WebSearch,14,no_priority,hpcc_feedback_updates,7110.0
WebSearch,14,no_priority,hpcc_full_computations,1718.0
WebSearch,14,no_priority,hpcc_rate_updates_applied,1718.0
WebSearch,14,no_priority,hpcc_valid_feedback,1747.0
WebSearch,14,no_priority,int_hops_after_strip,40842.0
WebSearch,14,no_priority,int_hops_before_strip,92956.0
WebSearch,14,no_priority,int_records_stripped,52114.0
WebSearch,14,no_priority,irn_nacks_generated,0.0
WebSearch,14,no_priority,irn_nacks_received,0.0
WebSearch,14,no_priority,irn_retransmit_bytes,0.0
WebSearch,14,no_priority,irn_retransmit_packets,0.0
WebSearch,14,no_priority,le_8KB_fct_us_mean,8.301235294117648
WebSearch,14,no_priority,le_8KB_fct_us_p95,18.01875
WebSearch,14,no_priority,le_8KB_fct_us_p99,23.43691000000001
WebSearch,14,no_priority,le_8KB_flow_count,34.0
WebSearch,14,no_priority,le_8KB_slowdown_mean,1.1444103347398602
WebSearch,14,no_priority,le_8KB_slowdown_p95,2.0742213088879877
WebSearch,14,no_priority,le_8KB_slowdown_p99,2.7616554815282734
WebSearch,14,no_priority,long_to_small_slowdown_mean_ratio,1.3083515696539445
WebSearch,14,no_priority,max_active_flows,3.0
WebSearch,14,no_priority,overall_fct_us_mean,264.8518689320388
WebSearch,14,no_priority,overall_fct_us_p95,1531.0875
WebSearch,14,no_priority,overall_fct_us_p99,2904.3453499999996
WebSearch,14,no_priority,overall_flow_count,206.0
WebSearch,14,no_priority,overall_slowdown_mean,1.2357508366827328
WebSearch,14,no_priority,overall_slowdown_p95,2.193846820864605
WebSearch,14,no_priority,overall_slowdown_p99,3.0743551020615034
WebSearch,14,no_priority,pfc_pause_events,0.0
WebSearch,14,no_priority,pfc_resume_events,0.0
WebSearch,14,no_priority,proactive_releases,91.0
WebSearch,14,no_priority,queue_bytes_max,390826.0
WebSearch,14,no_priority,queue_bytes_mean,1462.996
WebSearch,14,no_priority,queue_bytes_p95,0.0
WebSearch,14,no_priority,queue_bytes_p99,43600.0
WebSearch,14,no_priority,queue_sample_count,400020.0
WebSearch,14,no_priority,reactive_binding_rate_changes,376.0
WebSearch,14,no_priority,reactive_binding_updates,376.0
WebSearch,14,no_priority,recovery_nacks_generated,0.0
WebSearch,14,no_priority,recovery_nacks_received,0.0
WebSearch,14,no_priority,registrations,91.0
WebSearch,14,no_priority,selected_registrations,91.0
WebSearch,14,no_priority,tie_binding_rate_changes,31.0
WebSearch,14,no_priority,tie_binding_updates,988.0
WebSearch,14,no_priority,timeout_recoveries,0.0
WebSearch,14,no_srpt,1BDP_to_1MB_fct_us_mean,41.39417391304348
WebSearch,14,no_srpt,1BDP_to_1MB_fct_us_p95,120.48609999999996
WebSearch,14,no_srpt,1BDP_to_1MB_fct_us_p99,137.43868000000003
WebSearch,14,no_srpt,1BDP_to_1MB_flow_count,23.0
WebSearch,14,no_srpt,1BDP_to_1MB_slowdown_mean,1.184159048969653
WebSearch,14,no_srpt,1BDP_to_1MB_slowdown_p95,1.4566342839199973
WebSearch,14,no_srpt,1BDP_to_1MB_slowdown_p99,2.0601286958898037
WebSearch,14,no_srpt,8KB_to_1BDP_fct_us_mean,10.298755555555555
WebSearch,14,no_srpt,8KB_to_1BDP_fct_us_p95,15.11625
WebSearch,14,no_srpt,8KB_to_1BDP_fct_us_p99,17.630589999999998
WebSearch,14,no_srpt,8KB_to_1BDP_flow_count,90.0
WebSearch,14,no_srpt,8KB_to_1BDP_slowdown_mean,1.0631636784517393
WebSearch,14,no_srpt,8KB_to_1BDP_slowdown_p95,1.3571255433784966
WebSearch,14,no_srpt,8KB_to_1BDP_slowdown_p99,1.5481219568100364
WebSearch,14,no_srpt,aggregate_goodput_gbps,157.83495902350361
WebSearch,14,no_srpt,completion_releases,0.0
WebSearch,14,no_srpt,completion_span_us,21177.262
WebSearch,14,no_srpt,grant_binding_rate_changes,14.0
WebSearch,14,no_srpt,grant_binding_updates,371.0
WebSearch,14,no_srpt,grant_bytes_sent,693532.0
WebSearch,14,no_srpt,grant_event_rate_changes,1796.0
WebSearch,14,no_srpt,grants_received,7378.0
WebSearch,14,no_srpt,grants_sent,7378.0
WebSearch,14,no_srpt,gt_1MB_fct_us_mean,918.322440677966
WebSearch,14,no_srpt,gt_1MB_fct_us_p95,2874.0544
WebSearch,14,no_srpt,gt_1MB_fct_us_p99,3003.4922400000005
WebSearch,14,no_srpt,gt_1MB_flow_count,59.0
WebSearch,14,no_srpt,gt_1MB_slowdown_mean,1.588614490873388
WebSearch,14,no_srpt,gt_1MB_slowdown_p95,2.62746104308496
WebSearch,14,no_srpt,gt_1MB_slowdown_p99,3.0131980808768595
WebSearch,14,no_srpt,guard_ack_interval_packets,8.0
WebSearch,14,no_srpt,guard_adaptive_grant_updates,0.0
WebSearch,14,no_srpt,guard_fixed_window,1.0
WebSearch,14,no_srpt,guard_grant_refresh_bdps,1.0
WebSearch,14,no_srpt,guard_long_acks_suppressed,363037.0
WebSearch,14,no_srpt,guard_min_share_fraction,0.0
WebSearch,14,no_srpt,guard_one_rtt_acks_suppressed,2770.0
WebSearch,14,no_srpt,guard_one_rtt_bypass_enabled,1.0
WebSearch,14,no_srpt,guard_one_rtt_bypass_feedbacks,115.0
WebSearch,14,no_srpt,guard_one_rtt_bypass_flows,115.0
WebSearch,14,no_srpt,guard_rebalance_events,0.0
WebSearch,14,no_srpt,guard_remaining_aware,1.0
WebSearch,14,no_srpt,guard_remaining_exponent,1.0
WebSearch,14,no_srpt,guard_remaining_refresh_events,6298.0
WebSearch,14,no_srpt,guard_sender_srpt_enabled,0.0
WebSearch,14,no_srpt,guard_sender_srpt_forced_rr,0.0
WebSearch,14,no_srpt,guard_sender_srpt_non_rr,0.0
WebSearch,14,no_srpt,guard_sender_srpt_selections,0.0
WebSearch,14,no_srpt,guard_srpt_quantum_packets,64.0
WebSearch,14,no_srpt,guard_tail_bypass_bdps,8.0
WebSearch,14,no_srpt,guard_tail_bypass_enabled,1.0
WebSearch,14,no_srpt,guard_tail_bypass_feedbacks,5375.0
WebSearch,14,no_srpt,guard_tail_bypass_flows,91.0
WebSearch,14,no_srpt,hpcc_actual_rate_changes,494.0
WebSearch,14,no_srpt,hpcc_fast_computations,0.0
WebSearch,14,no_srpt,hpcc_feedback_updates,7272.0
WebSearch,14,no_srpt,hpcc_full_computations,1729.0
WebSearch,14,no_srpt,hpcc_rate_updates_applied,1729.0
WebSearch,14,no_srpt,hpcc_valid_feedback,1758.0
WebSearch,14,no_srpt,int_hops_after_strip,40842.0
WebSearch,14,no_srpt,int_hops_before_strip,92956.0
WebSearch,14,no_srpt,int_records_stripped,52114.0
WebSearch,14,no_srpt,irn_nacks_generated,0.0
WebSearch,14,no_srpt,irn_nacks_received,0.0
WebSearch,14,no_srpt,irn_retransmit_bytes,0.0
WebSearch,14,no_srpt,irn_retransmit_packets,0.0
WebSearch,14,no_srpt,le_8KB_fct_us_mean,7.158823529411765
WebSearch,14,no_srpt,le_8KB_fct_us_p95,9.100249999999999
WebSearch,14,no_srpt,le_8KB_fct_us_p99,9.36715
WebSearch,14,no_srpt,le_8KB_flow_count,34.0
WebSearch,14,no_srpt,le_8KB_slowdown_mean,1.011460449351982
WebSearch,14,no_srpt,le_8KB_slowdown_p95,1.0492598390344015
WebSearch,14,no_srpt,le_8KB_slowdown_p99,1.1034788224308543
WebSearch,14,no_srpt,long_to_small_slowdown_mean_ratio,1.5706145424580609
WebSearch,14,no_srpt,max_active_flows,3.0
WebSearch,14,no_srpt,overall_fct_us_mean,273.31736893203885
WebSearch,14,no_srpt,overall_fct_us_p95,1565.9515000000001
WebSearch,14,no_srpt,overall_fct_us_p99,2897.5008
WebSearch,14,no_srpt,overall_flow_count,206.0
WebSearch,14,no_srpt,overall_slowdown_mean,1.2186325214876497
WebSearch,14,no_srpt,overall_slowdown_p95,2.2081506806847067
WebSearch,14,no_srpt,overall_slowdown_p99,2.7112710250338172
WebSearch,14,no_srpt,pfc_pause_events,0.0
WebSearch,14,no_srpt,pfc_resume_events,0.0
WebSearch,14,no_srpt,proactive_releases,91.0
WebSearch,14,no_srpt,queue_bytes_max,383680.0
WebSearch,14,no_srpt,queue_bytes_mean,1724.119
WebSearch,14,no_srpt,queue_bytes_p95,0.0
WebSearch,14,no_srpt,queue_bytes_p99,62130.0
WebSearch,14,no_srpt,queue_sample_count,400020.0
WebSearch,14,no_srpt,reactive_binding_rate_changes,441.0
WebSearch,14,no_srpt,reactive_binding_updates,441.0
WebSearch,14,no_srpt,recovery_nacks_generated,0.0
WebSearch,14,no_srpt,recovery_nacks_received,0.0
WebSearch,14,no_srpt,registrations,91.0
WebSearch,14,no_srpt,selected_registrations,91.0
WebSearch,14,no_srpt,tie_binding_rate_changes,39.0
WebSearch,14,no_srpt,tie_binding_updates,917.0
WebSearch,14,no_srpt,timeout_recoveries,0.0
WebSearch,14,no_reclaim,1BDP_to_1MB_fct_us_mean,39.55169565217391
WebSearch,14,no_reclaim,1BDP_to_1MB_fct_us_p95,117.02829999999997
WebSearch,14,no_reclaim,1BDP_to_1MB_fct_us_p99,122.15798000000001
WebSearch,14,no_reclaim,1BDP_to_1MB_flow_count,23.0
WebSearch,14,no_reclaim,1BDP_to_1MB_slowdown_mean,1.1280709887946099
WebSearch,14,no_reclaim,1BDP_to_1MB_slowdown_p95,1.306588422894578
WebSearch,14,no_reclaim,1BDP_to_1MB_slowdown_p99,1.7990266313226988
WebSearch,14,no_reclaim,8KB_to_1BDP_fct_us_mean,9.922566666666667
WebSearch,14,no_reclaim,8KB_to_1BDP_fct_us_p95,14.95185
WebSearch,14,no_reclaim,8KB_to_1BDP_fct_us_p99,16.14772
WebSearch,14,no_reclaim,8KB_to_1BDP_flow_count,90.0
WebSearch,14,no_reclaim,8KB_to_1BDP_slowdown_mean,1.0228796547302699
WebSearch,14,no_reclaim,8KB_to_1BDP_slowdown_p95,1.049175852708359
WebSearch,14,no_reclaim,8KB_to_1BDP_slowdown_p99,1.1821732834022685
WebSearch,14,no_reclaim,aggregate_goodput_gbps,157.78197825349847
WebSearch,14,no_reclaim,completion_releases,0.0
WebSearch,14,no_reclaim,completion_span_us,21184.373
WebSearch,14,no_reclaim,grant_binding_rate_changes,13.0
WebSearch,14,no_reclaim,grant_binding_updates,346.0
WebSearch,14,no_reclaim,grant_bytes_sent,687892.0
WebSearch,14,no_reclaim,grant_event_rate_changes,1692.0
WebSearch,14,no_reclaim,grants_received,7318.0
WebSearch,14,no_reclaim,grants_sent,7318.0
WebSearch,14,no_reclaim,gt_1MB_fct_us_mean,888.5957457627118
WebSearch,14,no_reclaim,gt_1MB_fct_us_p95,2907.1849
WebSearch,14,no_reclaim,gt_1MB_fct_us_p99,3056.2160200000008
WebSearch,14,no_reclaim,gt_1MB_flow_count,59.0
WebSearch,14,no_reclaim,gt_1MB_slowdown_mean,1.5007125195152031
WebSearch,14,no_reclaim,gt_1MB_slowdown_p95,2.580688785573278
WebSearch,14,no_reclaim,gt_1MB_slowdown_p99,3.0061265286996974
WebSearch,14,no_reclaim,guard_ack_interval_packets,8.0
WebSearch,14,no_reclaim,guard_adaptive_grant_updates,0.0
WebSearch,14,no_reclaim,guard_fixed_window,1.0
WebSearch,14,no_reclaim,guard_grant_refresh_bdps,1.0
WebSearch,14,no_reclaim,guard_long_acks_suppressed,363037.0
WebSearch,14,no_reclaim,guard_min_share_fraction,0.0
WebSearch,14,no_reclaim,guard_one_rtt_acks_suppressed,2770.0
WebSearch,14,no_reclaim,guard_one_rtt_bypass_enabled,1.0
WebSearch,14,no_reclaim,guard_one_rtt_bypass_feedbacks,115.0
WebSearch,14,no_reclaim,guard_one_rtt_bypass_flows,115.0
WebSearch,14,no_reclaim,guard_rebalance_events,0.0
WebSearch,14,no_reclaim,guard_remaining_aware,1.0
WebSearch,14,no_reclaim,guard_remaining_exponent,1.0
WebSearch,14,no_reclaim,guard_remaining_refresh_events,6294.0
WebSearch,14,no_reclaim,guard_sender_srpt_enabled,1.0
WebSearch,14,no_reclaim,guard_sender_srpt_forced_rr,92.0
WebSearch,14,no_reclaim,guard_sender_srpt_non_rr,21489.0
WebSearch,14,no_reclaim,guard_sender_srpt_selections,417921.0
WebSearch,14,no_reclaim,guard_srpt_quantum_packets,64.0
WebSearch,14,no_reclaim,guard_tail_bypass_bdps,8.0
WebSearch,14,no_reclaim,guard_tail_bypass_enabled,1.0
WebSearch,14,no_reclaim,guard_tail_bypass_feedbacks,5375.0
WebSearch,14,no_reclaim,guard_tail_bypass_flows,91.0
WebSearch,14,no_reclaim,hpcc_actual_rate_changes,415.0
WebSearch,14,no_reclaim,hpcc_fast_computations,0.0
WebSearch,14,no_reclaim,hpcc_feedback_updates,7103.0
WebSearch,14,no_reclaim,hpcc_full_computations,1710.0
WebSearch,14,no_reclaim,hpcc_rate_updates_applied,1710.0
WebSearch,14,no_reclaim,hpcc_valid_feedback,1739.0
WebSearch,14,no_reclaim,int_hops_after_strip,40842.0
WebSearch,14,no_reclaim,int_hops_before_strip,92956.0
WebSearch,14,no_reclaim,int_records_stripped,52114.0
WebSearch,14,no_reclaim,irn_nacks_generated,0.0
WebSearch,14,no_reclaim,irn_nacks_received,0.0
WebSearch,14,no_reclaim,irn_retransmit_bytes,0.0
WebSearch,14,no_reclaim,irn_retransmit_packets,0.0
WebSearch,14,no_reclaim,le_8KB_fct_us_mean,7.125647058823529
WebSearch,14,no_reclaim,le_8KB_fct_us_p95,9.100249999999999
WebSearch,14,no_reclaim,le_8KB_fct_us_p99,9.16146
WebSearch,14,no_reclaim,le_8KB_flow_count,34.0
WebSearch,14,no_reclaim,le_8KB_slowdown_mean,1.005980880145362
WebSearch,14,no_reclaim,le_8KB_slowdown_p95,1.0280217484614103
WebSearch,14,no_reclaim,le_8KB_slowdown_p99,1.0285602761897548
WebSearch,14,no_reclaim,long_to_small_slowdown_mean_ratio,1.4917903005257451
WebSearch,14,no_reclaim,max_active_flows,3.0
WebSearch,14,no_reclaim,overall_fct_us_mean,264.42786893203885
WebSearch,14,no_reclaim,overall_fct_us_p95,1518.99375
WebSearch,14,no_reclaim,overall_fct_us_p99,2917.3330499999997
WebSearch,14,no_reclaim,overall_flow_count,206.0
WebSearch,14,no_reclaim,overall_slowdown_mean,1.1686902439045612
WebSearch,14,no_reclaim,overall_slowdown_p95,2.0507888173572693
WebSearch,14,no_reclaim,overall_slowdown_p99,2.5979569825644493
WebSearch,14,no_reclaim,pfc_pause_events,0.0
WebSearch,14,no_reclaim,pfc_resume_events,0.0
WebSearch,14,no_reclaim,proactive_releases,91.0
WebSearch,14,no_reclaim,queue_bytes_max,380410.0
WebSearch,14,no_reclaim,queue_bytes_mean,1482.352
WebSearch,14,no_reclaim,queue_bytes_p95,0.0
WebSearch,14,no_reclaim,queue_bytes_p99,43960.0
WebSearch,14,no_reclaim,queue_sample_count,400020.0
WebSearch,14,no_reclaim,reactive_binding_rate_changes,375.0
WebSearch,14,no_reclaim,reactive_binding_updates,375.0
WebSearch,14,no_reclaim,recovery_nacks_generated,0.0
WebSearch,14,no_reclaim,recovery_nacks_received,0.0
WebSearch,14,no_reclaim,registrations,91.0
WebSearch,14,no_reclaim,selected_registrations,91.0
WebSearch,14,no_reclaim,tie_binding_rate_changes,27.0
WebSearch,14,no_reclaim,tie_binding_updates,989.0
WebSearch,14,no_reclaim,timeout_recoveries,0.0
WebSearch,14,no_one_rtt,1BDP_to_1MB_fct_us_mean,39.54891304347826
WebSearch,14,no_one_rtt,1BDP_to_1MB_fct_us_p95,116.98689999999998
WebSearch,14,no_one_rtt,1BDP_to_1MB_fct_us_p99,122.24770000000001
WebSearch,14,no_one_rtt,1BDP_to_1MB_flow_count,23.0
WebSearch,14,no_one_rtt,1BDP_to_1MB_slowdown_mean,1.1280481177525337
WebSearch,14,no_one_rtt,1BDP_to_1MB_slowdown_p95,1.302929621524801
WebSearch,14,no_one_rtt,1BDP_to_1MB_slowdown_p99,1.7997171966510843
WebSearch,14,no_one_rtt,8KB_to_1BDP_fct_us_mean,9.92251111111111
WebSearch,14,no_one_rtt,8KB_to_1BDP_fct_us_p95,14.9271
WebSearch,14,no_one_rtt,8KB_to_1BDP_fct_us_p99,16.14233
WebSearch,14,no_one_rtt,8KB_to_1BDP_flow_count,90.0
WebSearch,14,no_one_rtt,8KB_to_1BDP_slowdown_mean,1.0228260569627305
WebSearch,14,no_one_rtt,8KB_to_1BDP_slowdown_p95,1.049175852708359
WebSearch,14,no_one_rtt,8KB_to_1BDP_slowdown_p99,1.173848307167624
WebSearch,14,no_one_rtt,aggregate_goodput_gbps,157.78462235067965
WebSearch,14,no_one_rtt,completion_releases,0.0
WebSearch,14,no_one_rtt,completion_span_us,21184.018
WebSearch,14,no_one_rtt,grant_binding_rate_changes,15.0
WebSearch,14,no_one_rtt,grant_binding_updates,352.0
WebSearch,14,no_one_rtt,grant_bytes_sent,687046.0
WebSearch,14,no_one_rtt,grant_event_rate_changes,1678.0
WebSearch,14,no_one_rtt,grants_received,7309.0
WebSearch,14,no_one_rtt,grants_sent,7309.0
WebSearch,14,no_one_rtt,gt_1MB_fct_us_mean,886.4522372881356
WebSearch,14,no_one_rtt,gt_1MB_fct_us_p95,2867.2339
WebSearch,14,no_one_rtt,gt_1MB_fct_us_p99,3054.5177800000006
WebSearch,14,no_one_rtt,gt_1MB_flow_count,59.0
WebSearch,14,no_one_rtt,gt_1MB_slowdown_mean,1.4970911839870402
WebSearch,14,no_one_rtt,gt_1MB_slowdown_p95,2.5828437923230347
WebSearch,14,no_one_rtt,gt_1MB_slowdown_p99,3.0167739034078975
WebSearch,14,no_one_rtt,guard_ack_interval_packets,8.0
WebSearch,14,no_one_rtt,guard_adaptive_grant_updates,0.0
WebSearch,14,no_one_rtt,guard_fixed_window,1.0
WebSearch,14,no_one_rtt,guard_grant_refresh_bdps,1.0
WebSearch,14,no_one_rtt,guard_long_acks_suppressed,365409.0
WebSearch,14,no_one_rtt,guard_min_share_fraction,0.0
WebSearch,14,no_one_rtt,guard_one_rtt_acks_suppressed,0.0
WebSearch,14,no_one_rtt,guard_one_rtt_bypass_enabled,0.0
WebSearch,14,no_one_rtt,guard_one_rtt_bypass_feedbacks,0.0
WebSearch,14,no_one_rtt,guard_one_rtt_bypass_flows,0.0
WebSearch,14,no_one_rtt,guard_rebalance_events,0.0
WebSearch,14,no_one_rtt,guard_remaining_aware,1.0
WebSearch,14,no_one_rtt,guard_remaining_exponent,1.0
WebSearch,14,no_one_rtt,guard_remaining_refresh_events,6294.0
WebSearch,14,no_one_rtt,guard_sender_srpt_enabled,1.0
WebSearch,14,no_one_rtt,guard_sender_srpt_forced_rr,92.0
WebSearch,14,no_one_rtt,guard_sender_srpt_non_rr,21445.0
WebSearch,14,no_one_rtt,guard_sender_srpt_selections,417921.0
WebSearch,14,no_one_rtt,guard_srpt_quantum_packets,64.0
WebSearch,14,no_one_rtt,guard_tail_bypass_bdps,8.0
WebSearch,14,no_one_rtt,guard_tail_bypass_enabled,1.0
WebSearch,14,no_one_rtt,guard_tail_bypass_feedbacks,5375.0
WebSearch,14,no_one_rtt,guard_tail_bypass_flows,91.0
WebSearch,14,no_one_rtt,hpcc_actual_rate_changes,417.0
WebSearch,14,no_one_rtt,hpcc_fast_computations,0.0
WebSearch,14,no_one_rtt,hpcc_feedback_updates,7219.0
WebSearch,14,no_one_rtt,hpcc_full_computations,1716.0
WebSearch,14,no_one_rtt,hpcc_rate_updates_applied,1716.0
WebSearch,14,no_one_rtt,hpcc_valid_feedback,1819.0
WebSearch,14,no_one_rtt,int_hops_after_strip,41398.0
WebSearch,14,no_one_rtt,int_hops_before_strip,93910.0
WebSearch,14,no_one_rtt,int_records_stripped,52512.0
WebSearch,14,no_one_rtt,irn_nacks_generated,0.0
WebSearch,14,no_one_rtt,irn_nacks_received,0.0
WebSearch,14,no_one_rtt,irn_retransmit_bytes,0.0
WebSearch,14,no_one_rtt,irn_retransmit_packets,0.0
WebSearch,14,no_one_rtt,le_8KB_fct_us_mean,7.131705882352941
WebSearch,14,no_one_rtt,le_8KB_fct_us_p95,9.100249999999999
WebSearch,14,no_one_rtt,le_8KB_fct_us_p99,9.18625
WebSearch,14,no_one_rtt,le_8KB_flow_count,34.0
WebSearch,14,no_one_rtt,le_8KB_slowdown_mean,1.0066857526120618
WebSearch,14,no_one_rtt,le_8KB_slowdown_p95,1.0282085253456221
WebSearch,14,no_one_rtt,le_8KB_slowdown_p99,1.0322381899202397
WebSearch,14,no_one_rtt,long_to_small_slowdown_mean_ratio,1.4871484771712686
WebSearch,14,no_one_rtt,max_active_flows,3.0
WebSearch,14,no_one_rtt,overall_fct_us_mean,263.81461650485437
WebSearch,14,no_one_rtt,overall_fct_us_p95,1526.676
WebSearch,14,no_one_rtt,overall_fct_us_p99,2903.5025499999997
WebSearch,14,no_one_rtt,overall_flow_count,206.0
WebSearch,14,no_one_rtt,overall_slowdown_mean,1.1677434333932015
WebSearch,14,no_one_rtt,overall_slowdown_p95,2.0203253044038036
WebSearch,14,no_one_rtt,overall_slowdown_p99,2.60573379259884
WebSearch,14,no_one_rtt,pfc_pause_events,0.0
WebSearch,14,no_one_rtt,pfc_resume_events,0.0
WebSearch,14,no_one_rtt,proactive_releases,91.0
WebSearch,14,no_one_rtt,queue_bytes_max,390220.0
WebSearch,14,no_one_rtt,queue_bytes_mean,1456.591
WebSearch,14,no_one_rtt,queue_bytes_p95,0.0
WebSearch,14,no_one_rtt,queue_bytes_p99,42510.0
WebSearch,14,no_one_rtt,queue_sample_count,400020.0
WebSearch,14,no_one_rtt,reactive_binding_rate_changes,374.0
WebSearch,14,no_one_rtt,reactive_binding_updates,374.0
WebSearch,14,no_one_rtt,recovery_nacks_generated,0.0
WebSearch,14,no_one_rtt,recovery_nacks_received,0.0
WebSearch,14,no_one_rtt,registrations,91.0
WebSearch,14,no_one_rtt,selected_registrations,91.0
WebSearch,14,no_one_rtt,tie_binding_rate_changes,28.0
WebSearch,14,no_one_rtt,tie_binding_updates,990.0
WebSearch,14,no_one_rtt,timeout_recoveries,0.0
WebSearch,14,no_tail,1BDP_to_1MB_fct_us_mean,39.660304347826084
WebSearch,14,no_tail,1BDP_to_1MB_fct_us_p95,117.06249999999997
WebSearch,14,no_tail,1BDP_to_1MB_fct_us_p99,122.33404
WebSearch,14,no_tail,1BDP_to_1MB_flow_count,23.0
WebSearch,14,no_tail,1BDP_to_1MB_slowdown_mean,1.130642818785152
WebSearch,14,no_tail,1BDP_to_1MB_slowdown_p95,1.339967399718649
WebSearch,14,no_tail,1BDP_to_1MB_slowdown_p99,1.8098156102126468
WebSearch,14,no_tail,8KB_to_1BDP_fct_us_mean,9.923922222222222
WebSearch,14,no_tail,8KB_to_1BDP_fct_us_p95,14.9194
WebSearch,14,no_tail,8KB_to_1BDP_fct_us_p99,16.13892
WebSearch,14,no_tail,8KB_to_1BDP_flow_count,90.0
WebSearch,14,no_tail,8KB_to_1BDP_slowdown_mean,1.0230830126711812
WebSearch,14,no_tail,8KB_to_1BDP_slowdown_p95,1.0535014523937698
WebSearch,14,no_tail,8KB_to_1BDP_slowdown_p99,1.1815412811040784
WebSearch,14,no_tail,aggregate_goodput_gbps,157.79309895538285
WebSearch,14,no_tail,completion_releases,0.0
WebSearch,14,no_tail,completion_span_us,21182.88
WebSearch,14,no_tail,grant_binding_rate_changes,19.0
WebSearch,14,no_tail,grant_binding_updates,375.0
WebSearch,14,no_tail,grant_bytes_sent,688644.0
WebSearch,14,no_tail,grant_event_rate_changes,1694.0
WebSearch,14,no_tail,grants_received,7326.0
WebSearch,14,no_tail,grants_sent,7326.0
WebSearch,14,no_tail,gt_1MB_fct_us_mean,891.2203898305086
WebSearch,14,no_tail,gt_1MB_fct_us_p95,2905.1125
WebSearch,14,no_tail,gt_1MB_fct_us_p99,3055.2607200000007
WebSearch,14,no_tail,gt_1MB_flow_count,59.0
WebSearch,14,no_tail,gt_1MB_slowdown_mean,1.5138392559590639
WebSearch,14,no_tail,gt_1MB_slowdown_p95,2.635678482674012
WebSearch,14,no_tail,gt_1MB_slowdown_p99,3.121915445530486
WebSearch,14,no_tail,guard_ack_interval_packets,8.0
WebSearch,14,no_tail,guard_adaptive_grant_updates,0.0
WebSearch,14,no_tail,guard_fixed_window,1.0
WebSearch,14,no_tail,guard_grant_refresh_bdps,1.0
WebSearch,14,no_tail,guard_long_acks_suppressed,363037.0
WebSearch,14,no_tail,guard_min_share_fraction,0.0
WebSearch,14,no_tail,guard_one_rtt_acks_suppressed,2770.0
WebSearch,14,no_tail,guard_one_rtt_bypass_enabled,1.0
WebSearch,14,no_tail,guard_one_rtt_bypass_feedbacks,115.0
WebSearch,14,no_tail,guard_one_rtt_bypass_flows,115.0
WebSearch,14,no_tail,guard_rebalance_events,0.0
WebSearch,14,no_tail,guard_remaining_aware,1.0
WebSearch,14,no_tail,guard_remaining_exponent,1.0
WebSearch,14,no_tail,guard_remaining_refresh_events,6297.0
WebSearch,14,no_tail,guard_sender_srpt_enabled,1.0
WebSearch,14,no_tail,guard_sender_srpt_forced_rr,93.0
WebSearch,14,no_tail,guard_sender_srpt_non_rr,20856.0
WebSearch,14,no_tail,guard_sender_srpt_selections,417921.0
WebSearch,14,no_tail,guard_srpt_quantum_packets,64.0
WebSearch,14,no_tail,guard_tail_bypass_bdps,8.0
WebSearch,14,no_tail,guard_tail_bypass_enabled,0.0
WebSearch,14,no_tail,guard_tail_bypass_feedbacks,0.0
WebSearch,14,no_tail,guard_tail_bypass_flows,0.0
WebSearch,14,no_tail,hpcc_actual_rate_changes,492.0
WebSearch,14,no_tail,hpcc_fast_computations,0.0
WebSearch,14,no_tail,hpcc_feedback_updates,7725.0
WebSearch,14,no_tail,hpcc_full_computations,1968.0
WebSearch,14,no_tail,hpcc_rate_updates_applied,1968.0
WebSearch,14,no_tail,hpcc_valid_feedback,2009.0
WebSearch,14,no_tail,int_hops_after_strip,40842.0
WebSearch,14,no_tail,int_hops_before_strip,92956.0
WebSearch,14,no_tail,int_records_stripped,52114.0
WebSearch,14,no_tail,irn_nacks_generated,0.0
WebSearch,14,no_tail,irn_nacks_received,0.0
WebSearch,14,no_tail,irn_retransmit_bytes,0.0
WebSearch,14,no_tail,irn_retransmit_packets,0.0
WebSearch,14,no_tail,le_8KB_fct_us_mean,7.126705882352941
WebSearch,14,no_tail,le_8KB_fct_us_p95,9.100249999999999
WebSearch,14,no_tail,le_8KB_fct_us_p99,9.16615
WebSearch,14,no_tail,le_8KB_flow_count,34.0
WebSearch,14,no_tail,le_8KB_slowdown_mean,1.0063761219577165
WebSearch,14,no_tail,le_8KB_slowdown_p95,1.0280217484614103
WebSearch,14,no_tail,le_8KB_slowdown_p99,1.029086119894206
WebSearch,14,no_tail,long_to_small_slowdown_mean_ratio,1.5042479873371526
WebSearch,14,no_tail,max_active_flows,3.0
WebSearch,14,no_tail,overall_fct_us_mean,265.19248058252424
WebSearch,14,no_tail,overall_fct_us_p95,1536.3032500000002
WebSearch,14,no_tail,overall_fct_us_p99,2910.3357499999997
WebSearch,14,no_tail,overall_flow_count,206.0
WebSearch,14,no_tail,overall_slowdown_mean,1.1728910690320968
WebSearch,14,no_tail,overall_slowdown_p95,2.052342287587313
WebSearch,14,no_tail,overall_slowdown_p99,2.6964135159008764
WebSearch,14,no_tail,pfc_pause_events,0.0
WebSearch,14,no_tail,pfc_resume_events,0.0
WebSearch,14,no_tail,proactive_releases,91.0
WebSearch,14,no_tail,queue_bytes_max,390220.0
WebSearch,14,no_tail,queue_bytes_mean,1510.817
WebSearch,14,no_tail,queue_bytes_p95,0.0
WebSearch,14,no_tail,queue_bytes_p99,42510.0
WebSearch,14,no_tail,queue_sample_count,400020.0
WebSearch,14,no_tail,reactive_binding_rate_changes,437.0
WebSearch,14,no_tail,reactive_binding_updates,437.0
WebSearch,14,no_tail,recovery_nacks_generated,0.0
WebSearch,14,no_tail,recovery_nacks_received,0.0
WebSearch,14,no_tail,registrations,91.0
WebSearch,14,no_tail,selected_registrations,91.0
WebSearch,14,no_tail,tie_binding_rate_changes,36.0
WebSearch,14,no_tail,tie_binding_updates,1156.0
WebSearch,14,no_tail,timeout_recoveries,0.0
WebSearch,14,no_remaining,1BDP_to_1MB_fct_us_mean,49.089260869565216
WebSearch,14,no_remaining,1BDP_to_1MB_fct_us_p95,172.89979999999989
WebSearch,14,no_remaining,1BDP_to_1MB_fct_us_p99,189.49796000000003
WebSearch,14,no_remaining,1BDP_to_1MB_flow_count,23.0
WebSearch,14,no_remaining,1BDP_to_1MB_slowdown_mean,1.2928777137760743
WebSearch,14,no_remaining,1BDP_to_1MB_slowdown_p95,2.3366777314142233
WebSearch,14,no_remaining,1BDP_to_1MB_slowdown_p99,2.736947779395161
WebSearch,14,no_remaining,8KB_to_1BDP_fct_us_mean,9.918144444444446
WebSearch,14,no_remaining,8KB_to_1BDP_fct_us_p95,14.944149999999999
WebSearch,14,no_remaining,8KB_to_1BDP_fct_us_p99,16.13001
WebSearch,14,no_remaining,8KB_to_1BDP_flow_count,90.0
WebSearch,14,no_remaining,8KB_to_1BDP_slowdown_mean,1.0223010662634149
WebSearch,14,no_remaining,8KB_to_1BDP_slowdown_p95,1.0487973627358855
WebSearch,14,no_remaining,8KB_to_1BDP_slowdown_p99,1.1829542774393167
WebSearch,14,no_remaining,aggregate_goodput_gbps,157.81340032686256
WebSearch,14,no_remaining,completion_releases,0.0
WebSearch,14,no_remaining,completion_span_us,21180.155
WebSearch,14,no_remaining,grant_binding_rate_changes,21.0
WebSearch,14,no_remaining,grant_binding_updates,375.0
WebSearch,14,no_remaining,grant_bytes_sent,12690.0
WebSearch,14,no_remaining,grant_event_rate_changes,55.0
WebSearch,14,no_remaining,grants_received,135.0
WebSearch,14,no_remaining,grants_sent,135.0
WebSearch,14,no_remaining,gt_1MB_fct_us_mean,880.4398474576271
WebSearch,14,no_remaining,gt_1MB_fct_us_p95,2591.5340000000006
WebSearch,14,no_remaining,gt_1MB_fct_us_p99,3040.9283400000004
WebSearch,14,no_remaining,gt_1MB_flow_count,59.0
WebSearch,14,no_remaining,gt_1MB_slowdown_mean,1.5485932446065644
WebSearch,14,no_remaining,gt_1MB_slowdown_p95,2.570152733634465
WebSearch,14,no_remaining,gt_1MB_slowdown_p99,2.9418803483901756
WebSearch,14,no_remaining,guard_ack_interval_packets,8.0
WebSearch,14,no_remaining,guard_adaptive_grant_updates,4.0
WebSearch,14,no_remaining,guard_fixed_window,1.0
WebSearch,14,no_remaining,guard_grant_refresh_bdps,1.0
WebSearch,14,no_remaining,guard_long_acks_suppressed,363037.0
WebSearch,14,no_remaining,guard_min_share_fraction,0.0
WebSearch,14,no_remaining,guard_one_rtt_acks_suppressed,2770.0
WebSearch,14,no_remaining,guard_one_rtt_bypass_enabled,1.0
WebSearch,14,no_remaining,guard_one_rtt_bypass_feedbacks,115.0
WebSearch,14,no_remaining,guard_one_rtt_bypass_flows,115.0
WebSearch,14,no_remaining,guard_rebalance_events,33.0
WebSearch,14,no_remaining,guard_remaining_aware,0.0
WebSearch,14,no_remaining,guard_remaining_exponent,1.0
WebSearch,14,no_remaining,guard_remaining_refresh_events,0.0
WebSearch,14,no_remaining,guard_sender_srpt_enabled,1.0
WebSearch,14,no_remaining,guard_sender_srpt_forced_rr,66.0
WebSearch,14,no_remaining,guard_sender_srpt_non_rr,19580.0
WebSearch,14,no_remaining,guard_sender_srpt_selections,417921.0
WebSearch,14,no_remaining,guard_srpt_quantum_packets,64.0
WebSearch,14,no_remaining,guard_tail_bypass_bdps,8.0
WebSearch,14,no_remaining,guard_tail_bypass_enabled,1.0
WebSearch,14,no_remaining,guard_tail_bypass_feedbacks,5375.0
WebSearch,14,no_remaining,guard_tail_bypass_flows,91.0
WebSearch,14,no_remaining,hpcc_actual_rate_changes,392.0
WebSearch,14,no_remaining,hpcc_fast_computations,0.0
WebSearch,14,no_remaining,hpcc_feedback_updates,6969.0
WebSearch,14,no_remaining,hpcc_full_computations,1674.0
WebSearch,14,no_remaining,hpcc_rate_updates_applied,1674.0
WebSearch,14,no_remaining,hpcc_valid_feedback,1703.0
WebSearch,14,no_remaining,int_hops_after_strip,40842.0
WebSearch,14,no_remaining,int_hops_before_strip,92956.0
WebSearch,14,no_remaining,int_records_stripped,52114.0
WebSearch,14,no_remaining,irn_nacks_generated,0.0
WebSearch,14,no_remaining,irn_nacks_received,0.0
WebSearch,14,no_remaining,irn_retransmit_bytes,0.0
WebSearch,14,no_remaining,irn_retransmit_packets,0.0
WebSearch,14,no_remaining,le_8KB_fct_us_mean,7.126911764705882
WebSearch,14,no_remaining,le_8KB_fct_us_p95,9.09455
WebSearch,14,no_remaining,le_8KB_fct_us_p99,9.16009
WebSearch,14,no_remaining,le_8KB_flow_count,34.0
WebSearch,14,no_remaining,le_8KB_slowdown_mean,1.0063829444362113
WebSearch,14,no_remaining,le_8KB_slowdown_p95,1.024708312127545
WebSearch,14,no_remaining,le_8KB_slowdown_p99,1.0280186115645003
WebSearch,14,no_remaining,long_to_small_slowdown_mean_ratio,1.5387713525631204
WebSearch,14,no_remaining,max_active_flows,3.0
WebSearch,14,no_remaining,overall_fct_us_mean,263.1551067961165
WebSearch,14,no_remaining,overall_fct_us_p95,1416.51975
WebSearch,14,no_remaining,overall_fct_us_p99,2884.5374999999963
WebSearch,14,no_remaining,overall_flow_count,206.0
WebSearch,14,no_remaining,overall_slowdown_mean,1.200617985063959
WebSearch,14,no_remaining,overall_slowdown_p95,2.1270717486174577
WebSearch,14,no_remaining,overall_slowdown_p99,2.836203989016195
WebSearch,14,no_remaining,pfc_pause_events,0.0
WebSearch,14,no_remaining,pfc_resume_events,0.0
WebSearch,14,no_remaining,proactive_releases,91.0
WebSearch,14,no_remaining,queue_bytes_max,348800.0
WebSearch,14,no_remaining,queue_bytes_mean,1670.662
WebSearch,14,no_remaining,queue_bytes_p95,0.0
WebSearch,14,no_remaining,queue_bytes_p99,49050.0
WebSearch,14,no_remaining,queue_sample_count,400020.0
WebSearch,14,no_remaining,reactive_binding_rate_changes,347.0
WebSearch,14,no_remaining,reactive_binding_updates,347.0
WebSearch,14,no_remaining,recovery_nacks_generated,0.0
WebSearch,14,no_remaining,recovery_nacks_received,0.0
WebSearch,14,no_remaining,registrations,91.0
WebSearch,14,no_remaining,selected_registrations,91.0
WebSearch,14,no_remaining,tie_binding_rate_changes,24.0
WebSearch,14,no_remaining,tie_binding_updates,952.0
WebSearch,14,no_remaining,timeout_recoveries,0.0
WebSearch,14,no_ack_coalescing,1BDP_to_1MB_fct_us_mean,38.803999999999995
WebSearch,14,no_ack_coalescing,1BDP_to_1MB_fct_us_p95,112.17549999999997
WebSearch,14,no_ack_coalescing,1BDP_to_1MB_fct_us_p99,121.09160000000001
WebSearch,14,no_ack_coalescing,1BDP_to_1MB_flow_count,23.0
WebSearch,14,no_ack_coalescing,1BDP_to_1MB_slowdown_mean,1.1131621903186641
WebSearch,14,no_ack_coalescing,1BDP_to_1MB_slowdown_p95,1.294532772870827
WebSearch,14,no_ack_coalescing,1BDP_to_1MB_slowdown_p99,1.7960032013624332
WebSearch,14,no_ack_coalescing,8KB_to_1BDP_fct_us_mean,9.989366666666667
WebSearch,14,no_ack_coalescing,8KB_to_1BDP_fct_us_p95,15.059099999999999
WebSearch,14,no_ack_coalescing,8KB_to_1BDP_fct_us_p99,16.22571
WebSearch,14,no_ack_coalescing,8KB_to_1BDP_flow_count,90.0
WebSearch,14,no_ack_coalescing,8KB_to_1BDP_slowdown_mean,1.0294851933172287
WebSearch,14,no_ack_coalescing,8KB_to_1BDP_slowdown_p95,1.0640949009876903
WebSearch,14,no_ack_coalescing,8KB_to_1BDP_slowdown_p99,1.218567883702318
WebSearch,14,no_ack_coalescing,aggregate_goodput_gbps,158.46429626442358
WebSearch,14,no_ack_coalescing,completion_releases,0.0
WebSearch,14,no_ack_coalescing,completion_span_us,21093.157
WebSearch,14,no_ack_coalescing,grant_binding_rate_changes,14.0
WebSearch,14,no_ack_coalescing,grant_binding_updates,384.0
WebSearch,14,no_ack_coalescing,grant_bytes_sent,687704.0
WebSearch,14,no_ack_coalescing,grant_event_rate_changes,1677.0
WebSearch,14,no_ack_coalescing,grants_received,7316.0
WebSearch,14,no_ack_coalescing,grants_sent,7316.0
WebSearch,14,no_ack_coalescing,gt_1MB_fct_us_mean,879.2655593220338
WebSearch,14,no_ack_coalescing,gt_1MB_fct_us_p95,2802.5197
WebSearch,14,no_ack_coalescing,gt_1MB_fct_us_p99,3050.7115200000007
WebSearch,14,no_ack_coalescing,gt_1MB_flow_count,59.0
WebSearch,14,no_ack_coalescing,gt_1MB_slowdown_mean,1.494584714723184
WebSearch,14,no_ack_coalescing,gt_1MB_slowdown_p95,2.6355153801521984
WebSearch,14,no_ack_coalescing,gt_1MB_slowdown_p99,3.0355680407737182
WebSearch,14,no_ack_coalescing,guard_ack_interval_packets,1.0
WebSearch,14,no_ack_coalescing,guard_adaptive_grant_updates,0.0
WebSearch,14,no_ack_coalescing,guard_fixed_window,1.0
WebSearch,14,no_ack_coalescing,guard_grant_refresh_bdps,1.0
WebSearch,14,no_ack_coalescing,guard_long_acks_suppressed,0.0
WebSearch,14,no_ack_coalescing,guard_min_share_fraction,0.0
WebSearch,14,no_ack_coalescing,guard_one_rtt_acks_suppressed,2770.0
WebSearch,14,no_ack_coalescing,guard_one_rtt_bypass_enabled,1.0
WebSearch,14,no_ack_coalescing,guard_one_rtt_bypass_feedbacks,115.0
WebSearch,14,no_ack_coalescing,guard_one_rtt_bypass_flows,115.0
WebSearch,14,no_ack_coalescing,guard_rebalance_events,0.0
WebSearch,14,no_ack_coalescing,guard_remaining_aware,1.0
WebSearch,14,no_ack_coalescing,guard_remaining_exponent,1.0
WebSearch,14,no_ack_coalescing,guard_remaining_refresh_events,6297.0
WebSearch,14,no_ack_coalescing,guard_sender_srpt_enabled,1.0
WebSearch,14,no_ack_coalescing,guard_sender_srpt_forced_rr,288.0
WebSearch,14,no_ack_coalescing,guard_sender_srpt_non_rr,20863.0
WebSearch,14,no_ack_coalescing,guard_sender_srpt_selections,417921.0
WebSearch,14,no_ack_coalescing,guard_srpt_quantum_packets,64.0
WebSearch,14,no_ack_coalescing,guard_tail_bypass_bdps,8.0
WebSearch,14,no_ack_coalescing,guard_tail_bypass_enabled,1.0
WebSearch,14,no_ack_coalescing,guard_tail_bypass_feedbacks,42724.0
WebSearch,14,no_ack_coalescing,guard_tail_bypass_flows,91.0
WebSearch,14,no_ack_coalescing,hpcc_actual_rate_changes,446.0
WebSearch,14,no_ack_coalescing,hpcc_fast_computations,0.0
WebSearch,14,no_ack_coalescing,hpcc_feedback_updates,7413.0
WebSearch,14,no_ack_coalescing,hpcc_full_computations,1839.0
WebSearch,14,no_ack_coalescing,hpcc_rate_updates_applied,1839.0
WebSearch,14,no_ack_coalescing,hpcc_valid_feedback,1868.0
WebSearch,14,no_ack_coalescing,int_hops_after_strip,324854.0
WebSearch,14,no_ack_coalescing,int_hops_before_strip,740005.0
WebSearch,14,no_ack_coalescing,int_records_stripped,415151.0
WebSearch,14,no_ack_coalescing,irn_nacks_generated,0.0
WebSearch,14,no_ack_coalescing,irn_nacks_received,0.0
WebSearch,14,no_ack_coalescing,irn_retransmit_bytes,0.0
WebSearch,14,no_ack_coalescing,irn_retransmit_packets,0.0
WebSearch,14,no_ack_coalescing,le_8KB_fct_us_mean,7.144529411764705
WebSearch,14,no_ack_coalescing,le_8KB_fct_us_p95,9.150849999999998
WebSearch,14,no_ack_coalescing,le_8KB_fct_us_p99,9.29415
WebSearch,14,no_ack_coalescing,le_8KB_flow_count,34.0
WebSearch,14,no_ack_coalescing,le_8KB_slowdown_mean,1.0088592512043764
WebSearch,14,no_ack_coalescing,le_8KB_slowdown_p95,1.030512327571154
WebSearch,14,no_ack_coalescing,le_8KB_slowdown_p99,1.0427097187944512
WebSearch,14,no_ack_coalescing,long_to_small_slowdown_mean_ratio,1.48146008765737
WebSearch,14,no_ack_coalescing,max_active_flows,3.0
WebSearch,14,no_ack_coalescing,overall_fct_us_mean,261.70445145631066
WebSearch,14,no_ack_coalescing,overall_fct_us_p95,1550.52975
WebSearch,14,no_ack_coalescing,overall_fct_us_p99,2814.09415
WebSearch,14,no_ack_coalescing,overall_flow_count,206.0
WebSearch,14,no_ack_coalescing,overall_slowdown_mean,1.1686316042985267
WebSearch,14,no_ack_coalescing,overall_slowdown_p95,2.0115623367973394
WebSearch,14,no_ack_coalescing,overall_slowdown_p99,2.6390722798509554
WebSearch,14,no_ack_coalescing,pfc_pause_events,0.0
WebSearch,14,no_ack_coalescing,pfc_resume_events,0.0
WebSearch,14,no_ack_coalescing,proactive_releases,91.0
WebSearch,14,no_ack_coalescing,queue_bytes_max,403300.0
WebSearch,14,no_ack_coalescing,queue_bytes_mean,1825.966
WebSearch,14,no_ack_coalescing,queue_bytes_p95,1090.0
WebSearch,14,no_ack_coalescing,queue_bytes_p99,51230.0
WebSearch,14,no_ack_coalescing,queue_sample_count,400020.0
WebSearch,14,no_ack_coalescing,reactive_binding_rate_changes,397.0
WebSearch,14,no_ack_coalescing,reactive_binding_updates,397.0
WebSearch,14,no_ack_coalescing,recovery_nacks_generated,0.0
WebSearch,14,no_ack_coalescing,recovery_nacks_received,0.0
WebSearch,14,no_ack_coalescing,registrations,91.0
WebSearch,14,no_ack_coalescing,selected_registrations,91.0
WebSearch,14,no_ack_coalescing,tie_binding_rate_changes,35.0
WebSearch,14,no_ack_coalescing,tie_binding_updates,1058.0
WebSearch,14,no_ack_coalescing,timeout_recoveries,0.0
WebSearch,15,guard,1BDP_to_1MB_fct_us_mean,57.095074999999994
WebSearch,15,guard,1BDP_to_1MB_fct_us_p95,109.63309999999984
WebSearch,15,guard,1BDP_to_1MB_fct_us_p99,221.05957999999993
WebSearch,15,guard,1BDP_to_1MB_flow_count,40.0
WebSearch,15,guard,1BDP_to_1MB_slowdown_mean,1.1611867630584805
WebSearch,15,guard,1BDP_to_1MB_slowdown_p95,1.3670288270383801
WebSearch,15,guard,1BDP_to_1MB_slowdown_p99,2.8018154248106777
WebSearch,15,guard,8KB_to_1BDP_fct_us_mean,10.684551020408163
WebSearch,15,guard,8KB_to_1BDP_fct_us_p95,15.1164
WebSearch,15,guard,8KB_to_1BDP_fct_us_p99,17.06705
WebSearch,15,guard,8KB_to_1BDP_flow_count,98.0
WebSearch,15,guard,8KB_to_1BDP_slowdown_mean,1.0242921842211656
WebSearch,15,guard,8KB_to_1BDP_slowdown_p95,1.0474158094802961
WebSearch,15,guard,8KB_to_1BDP_slowdown_p99,1.0804974776484741
WebSearch,15,guard,aggregate_goodput_gbps,161.21747185240582
WebSearch,15,guard,completion_releases,0.0
WebSearch,15,guard,completion_span_us,19796.985
WebSearch,15,guard,grant_binding_rate_changes,11.0
WebSearch,15,guard,grant_binding_updates,307.0
WebSearch,15,guard,grant_bytes_sent,603386.0
WebSearch,15,guard,grant_event_rate_changes,1417.0
WebSearch,15,guard,grants_received,6419.0
WebSearch,15,guard,grants_sent,6419.0
WebSearch,15,guard,gt_1MB_fct_us_mean,717.8676769230769
WebSearch,15,guard,gt_1MB_fct_us_p95,2714.754399999999
WebSearch,15,guard,gt_1MB_fct_us_p99,3996.8491599999998
WebSearch,15,guard,gt_1MB_flow_count,65.0
WebSearch,15,guard,gt_1MB_slowdown_mean,1.4237575781116245
WebSearch,15,guard,gt_1MB_slowdown_p95,2.5268720734606953
WebSearch,15,guard,gt_1MB_slowdown_p99,2.894127352401858
WebSearch,15,guard,guard_ack_interval_packets,8.0
WebSearch,15,guard,guard_adaptive_grant_updates,0.0
WebSearch,15,guard,guard_fixed_window,1.0
WebSearch,15,guard,guard_grant_refresh_bdps,1.0
WebSearch,15,guard,guard_long_acks_suppressed,345914.0
WebSearch,15,guard,guard_min_share_fraction,0.0
WebSearch,15,guard,guard_one_rtt_acks_suppressed,3457.0
WebSearch,15,guard,guard_one_rtt_bypass_enabled,1.0
WebSearch,15,guard,guard_one_rtt_bypass_feedbacks,100.0
WebSearch,15,guard,guard_one_rtt_bypass_flows,100.0
WebSearch,15,guard,guard_rebalance_events,0.0
WebSearch,15,guard,guard_remaining_aware,1.0
WebSearch,15,guard,guard_remaining_exponent,1.0
WebSearch,15,guard,guard_remaining_refresh_events,5534.0
WebSearch,15,guard,guard_sender_srpt_enabled,1.0
WebSearch,15,guard,guard_sender_srpt_forced_rr,49.0
WebSearch,15,guard,guard_sender_srpt_non_rr,11962.0
WebSearch,15,guard,guard_sender_srpt_selections,399065.0
WebSearch,15,guard,guard_srpt_quantum_packets,64.0
WebSearch,15,guard,guard_tail_bypass_bdps,8.0
WebSearch,15,guard,guard_tail_bypass_enabled,1.0
WebSearch,15,guard,guard_tail_bypass_feedbacks,7398.0
WebSearch,15,guard,guard_tail_bypass_flows,118.0
WebSearch,15,guard,hpcc_actual_rate_changes,458.0
WebSearch,15,guard,hpcc_fast_computations,0.0
WebSearch,15,guard,hpcc_feedback_updates,5771.0
WebSearch,15,guard,hpcc_full_computations,1820.0
WebSearch,15,guard,hpcc_rate_updates_applied,1820.0
WebSearch,15,guard,hpcc_valid_feedback,1860.0
WebSearch,15,guard,int_hops_after_strip,49738.0
WebSearch,15,guard,int_hops_before_strip,99432.0
WebSearch,15,guard,int_records_stripped,49694.0
WebSearch,15,guard,irn_nacks_generated,0.0
WebSearch,15,guard,irn_nacks_received,0.0
WebSearch,15,guard,irn_retransmit_bytes,0.0
WebSearch,15,guard,irn_retransmit_packets,0.0
WebSearch,15,guard,le_8KB_fct_us_mean,7.2714
WebSearch,15,guard,le_8KB_fct_us_p95,8.9385
WebSearch,15,guard,le_8KB_fct_us_p99,8.9413
WebSearch,15,guard,le_8KB_flow_count,15.0
WebSearch,15,guard,le_8KB_slowdown_mean,1.0068600098023464
WebSearch,15,guard,le_8KB_slowdown_p95,1.021818382698579
WebSearch,15,guard,le_8KB_slowdown_p99,1.023790938853576
WebSearch,15,guard,long_to_small_slowdown_mean_ratio,1.4140571323228122
WebSearch,15,guard,max_active_flows,3.0
WebSearch,15,guard,overall_fct_us_mean,229.822747706422
WebSearch,15,guard,overall_fct_us_p95,1151.7891000000013
WebSearch,15,guard,overall_fct_us_p99,3135.1646600000054
WebSearch,15,guard,overall_flow_count,218.0
WebSearch,15,guard,overall_slowdown_mean,1.1673176481665333
WebSearch,15,guard,overall_slowdown_p95,1.9818535573094178
WebSearch,15,guard,overall_slowdown_p99,2.791841919997093
WebSearch,15,guard,pfc_pause_events,0.0
WebSearch,15,guard,pfc_resume_events,0.0
WebSearch,15,guard,proactive_releases,118.0
WebSearch,15,guard,queue_bytes_max,318280.0
WebSearch,15,guard,queue_bytes_mean,1582.839
WebSearch,15,guard,queue_bytes_p95,0.0
WebSearch,15,guard,queue_bytes_p99,65400.0
WebSearch,15,guard,queue_sample_count,398020.0
WebSearch,15,guard,reactive_binding_rate_changes,420.0
WebSearch,15,guard,reactive_binding_updates,420.0
WebSearch,15,guard,recovery_nacks_generated,0.0
WebSearch,15,guard,recovery_nacks_received,0.0
WebSearch,15,guard,registrations,118.0
WebSearch,15,guard,selected_registrations,118.0
WebSearch,15,guard,tie_binding_rate_changes,27.0
WebSearch,15,guard,tie_binding_updates,1093.0
WebSearch,15,guard,timeout_recoveries,0.0
WebSearch,15,no_priority,1BDP_to_1MB_fct_us_mean,63.18920000000001
WebSearch,15,no_priority,1BDP_to_1MB_fct_us_p95,140.87844999999993
WebSearch,15,no_priority,1BDP_to_1MB_fct_us_p99,218.10214999999997
WebSearch,15,no_priority,1BDP_to_1MB_flow_count,40.0
WebSearch,15,no_priority,1BDP_to_1MB_slowdown_mean,1.3476463738168902
WebSearch,15,no_priority,1BDP_to_1MB_slowdown_p95,2.6183740698044673
WebSearch,15,no_priority,1BDP_to_1MB_slowdown_p99,3.1055989984499384
WebSearch,15,no_priority,8KB_to_1BDP_fct_us_mean,12.05087755102041
WebSearch,15,no_priority,8KB_to_1BDP_fct_us_p95,20.788500000000003
WebSearch,15,no_priority,8KB_to_1BDP_fct_us_p99,31.986250000000005
WebSearch,15,no_priority,8KB_to_1BDP_flow_count,98.0
WebSearch,15,no_priority,8KB_to_1BDP_slowdown_mean,1.1396490588451809
WebSearch,15,no_priority,8KB_to_1BDP_slowdown_p95,1.5437434810636987
WebSearch,15,no_priority,8KB_to_1BDP_slowdown_p99,2.1783360494076676
WebSearch,15,no_priority,aggregate_goodput_gbps,161.21747185240582
WebSearch,15,no_priority,completion_releases,0.0
WebSearch,15,no_priority,completion_span_us,19796.985
WebSearch,15,no_priority,grant_binding_rate_changes,11.0
WebSearch,15,no_priority,grant_binding_updates,312.0
WebSearch,15,no_priority,grant_bytes_sent,603950.0
WebSearch,15,no_priority,grant_event_rate_changes,1424.0
WebSearch,15,no_priority,grants_received,6425.0
WebSearch,15,no_priority,grants_sent,6425.0
WebSearch,15,no_priority,gt_1MB_fct_us_mean,717.7438769230769
WebSearch,15,no_priority,gt_1MB_fct_us_p95,2702.295399999999
WebSearch,15,no_priority,gt_1MB_fct_us_p99,3993.8149999999996
WebSearch,15,no_priority,gt_1MB_flow_count,65.0
WebSearch,15,no_priority,gt_1MB_slowdown_mean,1.4229791469272115
WebSearch,15,no_priority,gt_1MB_slowdown_p95,2.5343561952560463
WebSearch,15,no_priority,gt_1MB_slowdown_p99,2.896345566064193
WebSearch,15,no_priority,guard_ack_interval_packets,8.0
WebSearch,15,no_priority,guard_adaptive_grant_updates,0.0
WebSearch,15,no_priority,guard_fixed_window,1.0
WebSearch,15,no_priority,guard_grant_refresh_bdps,1.0
WebSearch,15,no_priority,guard_long_acks_suppressed,345914.0
WebSearch,15,no_priority,guard_min_share_fraction,0.0
WebSearch,15,no_priority,guard_one_rtt_acks_suppressed,3457.0
WebSearch,15,no_priority,guard_one_rtt_bypass_enabled,1.0
WebSearch,15,no_priority,guard_one_rtt_bypass_feedbacks,100.0
WebSearch,15,no_priority,guard_one_rtt_bypass_flows,100.0
WebSearch,15,no_priority,guard_rebalance_events,0.0
WebSearch,15,no_priority,guard_remaining_aware,1.0
WebSearch,15,no_priority,guard_remaining_exponent,1.0
WebSearch,15,no_priority,guard_remaining_refresh_events,5537.0
WebSearch,15,no_priority,guard_sender_srpt_enabled,1.0
WebSearch,15,no_priority,guard_sender_srpt_forced_rr,49.0
WebSearch,15,no_priority,guard_sender_srpt_non_rr,11802.0
WebSearch,15,no_priority,guard_sender_srpt_selections,399065.0
WebSearch,15,no_priority,guard_srpt_quantum_packets,64.0
WebSearch,15,no_priority,guard_tail_bypass_bdps,8.0
WebSearch,15,no_priority,guard_tail_bypass_enabled,1.0
WebSearch,15,no_priority,guard_tail_bypass_feedbacks,7398.0
WebSearch,15,no_priority,guard_tail_bypass_flows,118.0
WebSearch,15,no_priority,hpcc_actual_rate_changes,467.0
WebSearch,15,no_priority,hpcc_fast_computations,0.0
WebSearch,15,no_priority,hpcc_feedback_updates,5777.0
WebSearch,15,no_priority,hpcc_full_computations,1825.0
WebSearch,15,no_priority,hpcc_rate_updates_applied,1825.0
WebSearch,15,no_priority,hpcc_valid_feedback,1865.0
WebSearch,15,no_priority,int_hops_after_strip,49738.0
WebSearch,15,no_priority,int_hops_before_strip,99432.0
WebSearch,15,no_priority,int_records_stripped,49694.0
WebSearch,15,no_priority,irn_nacks_generated,0.0
WebSearch,15,no_priority,irn_nacks_received,0.0
WebSearch,15,no_priority,irn_retransmit_bytes,0.0
WebSearch,15,no_priority,irn_retransmit_packets,0.0
WebSearch,15,no_priority,le_8KB_fct_us_mean,8.646866666666666
WebSearch,15,no_priority,le_8KB_fct_us_p95,17.782
WebSearch,15,no_priority,le_8KB_fct_us_p99,18.526799999999998
WebSearch,15,no_priority,le_8KB_flow_count,15.0
WebSearch,15,no_priority,le_8KB_slowdown_mean,1.178463911583664
WebSearch,15,no_priority,le_8KB_slowdown_p95,2.099800779242344
WebSearch,15,no_priority,le_8KB_slowdown_p99,2.1482446167120104
WebSearch,15,no_priority,long_to_small_slowdown_mean_ratio,1.2074864006781156
WebSearch,15,no_priority,max_active_flows,3.0
WebSearch,15,no_priority,overall_fct_us_mean,231.6128853211009
WebSearch,15,no_priority,overall_fct_us_p95,1143.2858000000015
WebSearch,15,no_priority,overall_fct_us_p99,3120.264200000006
WebSearch,15,no_priority,overall_flow_count,218.0
WebSearch,15,no_priority,overall_slowdown_mean,1.2649636052455369
WebSearch,15,no_priority,overall_slowdown_p95,2.158215311586573
WebSearch,15,no_priority,overall_slowdown_p99,2.923091577233763
WebSearch,15,no_priority,pfc_pause_events,0.0
WebSearch,15,no_priority,pfc_resume_events,0.0
WebSearch,15,no_priority,proactive_releases,118.0
WebSearch,15,no_priority,queue_bytes_max,310650.0
WebSearch,15,no_priority,queue_bytes_mean,1626.057
WebSearch,15,no_priority,queue_bytes_p95,0.0
WebSearch,15,no_priority,queue_bytes_p99,70850.0
WebSearch,15,no_priority,queue_sample_count,398020.0
WebSearch,15,no_priority,reactive_binding_rate_changes,429.0
WebSearch,15,no_priority,reactive_binding_updates,429.0
WebSearch,15,no_priority,recovery_nacks_generated,0.0
WebSearch,15,no_priority,recovery_nacks_received,0.0
WebSearch,15,no_priority,registrations,118.0
WebSearch,15,no_priority,selected_registrations,118.0
WebSearch,15,no_priority,tie_binding_rate_changes,27.0
WebSearch,15,no_priority,tie_binding_updates,1084.0
WebSearch,15,no_priority,timeout_recoveries,0.0
WebSearch,15,no_srpt,1BDP_to_1MB_fct_us_mean,59.226725
WebSearch,15,no_srpt,1BDP_to_1MB_fct_us_p95,132.30754999999988
WebSearch,15,no_srpt,1BDP_to_1MB_fct_us_p99,226.80745999999994
WebSearch,15,no_srpt,1BDP_to_1MB_flow_count,40.0
WebSearch,15,no_srpt,1BDP_to_1MB_slowdown_mean,1.2066864027823287
WebSearch,15,no_srpt,1BDP_to_1MB_slowdown_p95,1.9523588351032424
WebSearch,15,no_srpt,1BDP_to_1MB_slowdown_p99,2.8746895770535095
WebSearch,15,no_srpt,8KB_to_1BDP_fct_us_mean,11.03973469387755
WebSearch,15,no_srpt,8KB_to_1BDP_fct_us_p95,16.020850000000003
WebSearch,15,no_srpt,8KB_to_1BDP_fct_us_p99,17.340030000000006
WebSearch,15,no_srpt,8KB_to_1BDP_flow_count,98.0
WebSearch,15,no_srpt,8KB_to_1BDP_slowdown_mean,1.0586414993027697
WebSearch,15,no_srpt,8KB_to_1BDP_slowdown_p95,1.3266872195562396
WebSearch,15,no_srpt,8KB_to_1BDP_slowdown_p99,1.5387876705404822
WebSearch,15,no_srpt,aggregate_goodput_gbps,161.21747185240582
WebSearch,15,no_srpt,completion_releases,0.0
WebSearch,15,no_srpt,completion_span_us,19796.985
WebSearch,15,no_srpt,grant_binding_rate_changes,11.0
WebSearch,15,no_srpt,grant_binding_updates,292.0
WebSearch,15,no_srpt,grant_bytes_sent,603856.0
WebSearch,15,no_srpt,grant_event_rate_changes,1416.0
WebSearch,15,no_srpt,grants_received,6424.0
WebSearch,15,no_srpt,grants_sent,6424.0
WebSearch,15,no_srpt,gt_1MB_fct_us_mean,729.8242307692308
WebSearch,15,no_srpt,gt_1MB_fct_us_p95,2672.026799999999
WebSearch,15,no_srpt,gt_1MB_fct_us_p99,3954.68484
WebSearch,15,no_srpt,gt_1MB_flow_count,65.0
WebSearch,15,no_srpt,gt_1MB_slowdown_mean,1.5016388129827
WebSearch,15,no_srpt,gt_1MB_slowdown_p95,2.640284629704021
WebSearch,15,no_srpt,gt_1MB_slowdown_p99,3.15026940225824
WebSearch,15,no_srpt,guard_ack_interval_packets,8.0
WebSearch,15,no_srpt,guard_adaptive_grant_updates,0.0
WebSearch,15,no_srpt,guard_fixed_window,1.0
WebSearch,15,no_srpt,guard_grant_refresh_bdps,1.0
WebSearch,15,no_srpt,guard_long_acks_suppressed,345914.0
WebSearch,15,no_srpt,guard_min_share_fraction,0.0
WebSearch,15,no_srpt,guard_one_rtt_acks_suppressed,3457.0
WebSearch,15,no_srpt,guard_one_rtt_bypass_enabled,1.0
WebSearch,15,no_srpt,guard_one_rtt_bypass_feedbacks,100.0
WebSearch,15,no_srpt,guard_one_rtt_bypass_flows,100.0
WebSearch,15,no_srpt,guard_rebalance_events,0.0
WebSearch,15,no_srpt,guard_remaining_aware,1.0
WebSearch,15,no_srpt,guard_remaining_exponent,1.0
WebSearch,15,no_srpt,guard_remaining_refresh_events,5539.0
WebSearch,15,no_srpt,guard_sender_srpt_enabled,0.0
WebSearch,15,no_srpt,guard_sender_srpt_forced_rr,0.0
WebSearch,15,no_srpt,guard_sender_srpt_non_rr,0.0
WebSearch,15,no_srpt,guard_sender_srpt_selections,0.0
WebSearch,15,no_srpt,guard_srpt_quantum_packets,64.0
WebSearch,15,no_srpt,guard_tail_bypass_bdps,8.0
WebSearch,15,no_srpt,guard_tail_bypass_enabled,1.0
WebSearch,15,no_srpt,guard_tail_bypass_feedbacks,7398.0
WebSearch,15,no_srpt,guard_tail_bypass_flows,118.0
WebSearch,15,no_srpt,hpcc_actual_rate_changes,468.0
WebSearch,15,no_srpt,hpcc_fast_computations,0.0
WebSearch,15,no_srpt,hpcc_feedback_updates,5877.0
WebSearch,15,no_srpt,hpcc_full_computations,1834.0
WebSearch,15,no_srpt,hpcc_rate_updates_applied,1834.0
WebSearch,15,no_srpt,hpcc_valid_feedback,1874.0
WebSearch,15,no_srpt,int_hops_after_strip,49738.0
WebSearch,15,no_srpt,int_hops_before_strip,99432.0
WebSearch,15,no_srpt,int_records_stripped,49694.0
WebSearch,15,no_srpt,irn_nacks_generated,0.0
WebSearch,15,no_srpt,irn_nacks_received,0.0
WebSearch,15,no_srpt,irn_retransmit_bytes,0.0
WebSearch,15,no_srpt,irn_retransmit_packets,0.0
WebSearch,15,no_srpt,le_8KB_fct_us_mean,7.358333333333333
WebSearch,15,no_srpt,le_8KB_fct_us_p95,9.2409
WebSearch,15,no_srpt,le_8KB_fct_us_p99,9.24258
WebSearch,15,no_srpt,le_8KB_flow_count,15.0
WebSearch,15,no_srpt,le_8KB_slowdown_mean,1.017583927720713
WebSearch,15,no_srpt,le_8KB_slowdown_p95,1.061015844376155
WebSearch,15,no_srpt,le_8KB_slowdown_p99,1.0658628317706362
WebSearch,15,no_srpt,long_to_small_slowdown_mean_ratio,1.4756903800025831
WebSearch,15,no_srpt,max_active_flows,3.0
WebSearch,15,no_srpt,overall_fct_us_mean,233.94455504587157
WebSearch,15,no_srpt,overall_fct_us_p95,1152.1998000000015
WebSearch,15,no_srpt,overall_fct_us_p99,3133.872870000006
WebSearch,15,no_srpt,overall_flow_count,218.0
WebSearch,15,no_srpt,overall_slowdown_mean,1.2150669945075725
WebSearch,15,no_srpt,overall_slowdown_p95,2.043148853578019
WebSearch,15,no_srpt,overall_slowdown_p99,3.0951910759595895
WebSearch,15,no_srpt,pfc_pause_events,0.0
WebSearch,15,no_srpt,pfc_resume_events,0.0
WebSearch,15,no_srpt,proactive_releases,118.0
WebSearch,15,no_srpt,queue_bytes_max,344440.0
WebSearch,15,no_srpt,queue_bytes_mean,1665.705
WebSearch,15,no_srpt,queue_bytes_p95,0.0
WebSearch,15,no_srpt,queue_bytes_p99,73030.0
WebSearch,15,no_srpt,queue_sample_count,398020.0
WebSearch,15,no_srpt,reactive_binding_rate_changes,428.0
WebSearch,15,no_srpt,reactive_binding_updates,428.0
WebSearch,15,no_srpt,recovery_nacks_generated,0.0
WebSearch,15,no_srpt,recovery_nacks_received,0.0
WebSearch,15,no_srpt,registrations,118.0
WebSearch,15,no_srpt,selected_registrations,118.0
WebSearch,15,no_srpt,tie_binding_rate_changes,29.0
WebSearch,15,no_srpt,tie_binding_updates,1114.0
WebSearch,15,no_srpt,timeout_recoveries,0.0
WebSearch,15,no_reclaim,1BDP_to_1MB_fct_us_mean,57.095074999999994
WebSearch,15,no_reclaim,1BDP_to_1MB_fct_us_p95,109.63309999999984
WebSearch,15,no_reclaim,1BDP_to_1MB_fct_us_p99,221.05957999999993
WebSearch,15,no_reclaim,1BDP_to_1MB_flow_count,40.0
WebSearch,15,no_reclaim,1BDP_to_1MB_slowdown_mean,1.1611867630584805
WebSearch,15,no_reclaim,1BDP_to_1MB_slowdown_p95,1.3670288270383801
WebSearch,15,no_reclaim,1BDP_to_1MB_slowdown_p99,2.8018154248106777
WebSearch,15,no_reclaim,8KB_to_1BDP_fct_us_mean,10.684551020408163
WebSearch,15,no_reclaim,8KB_to_1BDP_fct_us_p95,15.1164
WebSearch,15,no_reclaim,8KB_to_1BDP_fct_us_p99,17.06705
WebSearch,15,no_reclaim,8KB_to_1BDP_flow_count,98.0
WebSearch,15,no_reclaim,8KB_to_1BDP_slowdown_mean,1.0242921842211656
WebSearch,15,no_reclaim,8KB_to_1BDP_slowdown_p95,1.0474158094802961
WebSearch,15,no_reclaim,8KB_to_1BDP_slowdown_p99,1.0804974776484741
WebSearch,15,no_reclaim,aggregate_goodput_gbps,161.21747185240582
WebSearch,15,no_reclaim,completion_releases,0.0
WebSearch,15,no_reclaim,completion_span_us,19796.985
WebSearch,15,no_reclaim,grant_binding_rate_changes,11.0
WebSearch,15,no_reclaim,grant_binding_updates,307.0
WebSearch,15,no_reclaim,grant_bytes_sent,603386.0
WebSearch,15,no_reclaim,grant_event_rate_changes,1417.0
WebSearch,15,no_reclaim,grants_received,6419.0
WebSearch,15,no_reclaim,grants_sent,6419.0
WebSearch,15,no_reclaim,gt_1MB_fct_us_mean,717.8676769230769
WebSearch,15,no_reclaim,gt_1MB_fct_us_p95,2714.754399999999
WebSearch,15,no_reclaim,gt_1MB_fct_us_p99,3996.8491599999998
WebSearch,15,no_reclaim,gt_1MB_flow_count,65.0
WebSearch,15,no_reclaim,gt_1MB_slowdown_mean,1.4237575781116245
WebSearch,15,no_reclaim,gt_1MB_slowdown_p95,2.5268720734606953
WebSearch,15,no_reclaim,gt_1MB_slowdown_p99,2.894127352401858
WebSearch,15,no_reclaim,guard_ack_interval_packets,8.0
WebSearch,15,no_reclaim,guard_adaptive_grant_updates,0.0
WebSearch,15,no_reclaim,guard_fixed_window,1.0
WebSearch,15,no_reclaim,guard_grant_refresh_bdps,1.0
WebSearch,15,no_reclaim,guard_long_acks_suppressed,345914.0
WebSearch,15,no_reclaim,guard_min_share_fraction,0.0
WebSearch,15,no_reclaim,guard_one_rtt_acks_suppressed,3457.0
WebSearch,15,no_reclaim,guard_one_rtt_bypass_enabled,1.0
WebSearch,15,no_reclaim,guard_one_rtt_bypass_feedbacks,100.0
WebSearch,15,no_reclaim,guard_one_rtt_bypass_flows,100.0
WebSearch,15,no_reclaim,guard_rebalance_events,0.0
WebSearch,15,no_reclaim,guard_remaining_aware,1.0
WebSearch,15,no_reclaim,guard_remaining_exponent,1.0
WebSearch,15,no_reclaim,guard_remaining_refresh_events,5534.0
WebSearch,15,no_reclaim,guard_sender_srpt_enabled,1.0
WebSearch,15,no_reclaim,guard_sender_srpt_forced_rr,49.0
WebSearch,15,no_reclaim,guard_sender_srpt_non_rr,11962.0
WebSearch,15,no_reclaim,guard_sender_srpt_selections,399065.0
WebSearch,15,no_reclaim,guard_srpt_quantum_packets,64.0
WebSearch,15,no_reclaim,guard_tail_bypass_bdps,8.0
WebSearch,15,no_reclaim,guard_tail_bypass_enabled,1.0
WebSearch,15,no_reclaim,guard_tail_bypass_feedbacks,7398.0
WebSearch,15,no_reclaim,guard_tail_bypass_flows,118.0
WebSearch,15,no_reclaim,hpcc_actual_rate_changes,458.0
WebSearch,15,no_reclaim,hpcc_fast_computations,0.0
WebSearch,15,no_reclaim,hpcc_feedback_updates,5771.0
WebSearch,15,no_reclaim,hpcc_full_computations,1820.0
WebSearch,15,no_reclaim,hpcc_rate_updates_applied,1820.0
WebSearch,15,no_reclaim,hpcc_valid_feedback,1860.0
WebSearch,15,no_reclaim,int_hops_after_strip,49738.0
WebSearch,15,no_reclaim,int_hops_before_strip,99432.0
WebSearch,15,no_reclaim,int_records_stripped,49694.0
WebSearch,15,no_reclaim,irn_nacks_generated,0.0
WebSearch,15,no_reclaim,irn_nacks_received,0.0
WebSearch,15,no_reclaim,irn_retransmit_bytes,0.0
WebSearch,15,no_reclaim,irn_retransmit_packets,0.0
WebSearch,15,no_reclaim,le_8KB_fct_us_mean,7.2714
WebSearch,15,no_reclaim,le_8KB_fct_us_p95,8.9385
WebSearch,15,no_reclaim,le_8KB_fct_us_p99,8.9413
WebSearch,15,no_reclaim,le_8KB_flow_count,15.0
WebSearch,15,no_reclaim,le_8KB_slowdown_mean,1.0068600098023464
WebSearch,15,no_reclaim,le_8KB_slowdown_p95,1.021818382698579
WebSearch,15,no_reclaim,le_8KB_slowdown_p99,1.023790938853576
WebSearch,15,no_reclaim,long_to_small_slowdown_mean_ratio,1.4140571323228122
WebSearch,15,no_reclaim,max_active_flows,3.0
WebSearch,15,no_reclaim,overall_fct_us_mean,229.822747706422
WebSearch,15,no_reclaim,overall_fct_us_p95,1151.7891000000013
WebSearch,15,no_reclaim,overall_fct_us_p99,3135.1646600000054
WebSearch,15,no_reclaim,overall_flow_count,218.0
WebSearch,15,no_reclaim,overall_slowdown_mean,1.1673176481665333
WebSearch,15,no_reclaim,overall_slowdown_p95,1.9818535573094178
WebSearch,15,no_reclaim,overall_slowdown_p99,2.791841919997093
WebSearch,15,no_reclaim,pfc_pause_events,0.0
WebSearch,15,no_reclaim,pfc_resume_events,0.0
WebSearch,15,no_reclaim,proactive_releases,118.0
WebSearch,15,no_reclaim,queue_bytes_max,318280.0
WebSearch,15,no_reclaim,queue_bytes_mean,1582.839
WebSearch,15,no_reclaim,queue_bytes_p95,0.0
WebSearch,15,no_reclaim,queue_bytes_p99,65400.0
WebSearch,15,no_reclaim,queue_sample_count,398020.0
WebSearch,15,no_reclaim,reactive_binding_rate_changes,420.0
WebSearch,15,no_reclaim,reactive_binding_updates,420.0
WebSearch,15,no_reclaim,recovery_nacks_generated,0.0
WebSearch,15,no_reclaim,recovery_nacks_received,0.0
WebSearch,15,no_reclaim,registrations,118.0
WebSearch,15,no_reclaim,selected_registrations,118.0
WebSearch,15,no_reclaim,tie_binding_rate_changes,27.0
WebSearch,15,no_reclaim,tie_binding_updates,1093.0
WebSearch,15,no_reclaim,timeout_recoveries,0.0
WebSearch,15,no_one_rtt,1BDP_to_1MB_fct_us_mean,57.125075
WebSearch,15,no_one_rtt,1BDP_to_1MB_fct_us_p95,109.62004999999984
WebSearch,15,no_one_rtt,1BDP_to_1MB_fct_us_p99,221.76054999999997
WebSearch,15,no_one_rtt,1BDP_to_1MB_flow_count,40.0
WebSearch,15,no_one_rtt,1BDP_to_1MB_slowdown_mean,1.1618502462533389
WebSearch,15,no_one_rtt,1BDP_to_1MB_slowdown_p95,1.3668635430158358
WebSearch,15,no_one_rtt,1BDP_to_1MB_slowdown_p99,2.81070383225575
WebSearch,15,no_one_rtt,8KB_to_1BDP_fct_us_mean,10.685489795918366
WebSearch,15,no_one_rtt,8KB_to_1BDP_fct_us_p95,15.12215
WebSearch,15,no_one_rtt,8KB_to_1BDP_fct_us_p99,17.06705
WebSearch,15,no_one_rtt,8KB_to_1BDP_flow_count,98.0
WebSearch,15,no_one_rtt,8KB_to_1BDP_slowdown_mean,1.0243857817263886
WebSearch,15,no_one_rtt,8KB_to_1BDP_slowdown_p95,1.0464320131839997
WebSearch,15,no_one_rtt,8KB_to_1BDP_slowdown_p99,1.0804974776484741
WebSearch,15,no_one_rtt,aggregate_goodput_gbps,161.21747185240582
WebSearch,15,no_one_rtt,completion_releases,0.0
WebSearch,15,no_one_rtt,completion_span_us,19796.985
WebSearch,15,no_one_rtt,grant_binding_rate_changes,12.0
WebSearch,15,no_one_rtt,grant_binding_updates,307.0
WebSearch,15,no_one_rtt,grant_bytes_sent,603386.0
WebSearch,15,no_one_rtt,grant_event_rate_changes,1414.0
WebSearch,15,no_one_rtt,grants_received,6419.0
WebSearch,15,no_one_rtt,grants_sent,6419.0
WebSearch,15,no_one_rtt,gt_1MB_fct_us_mean,717.9684923076923
WebSearch,15,no_one_rtt,gt_1MB_fct_us_p95,2714.3633999999993
WebSearch,15,no_one_rtt,gt_1MB_fct_us_p99,3992.68156
WebSearch,15,no_one_rtt,gt_1MB_flow_count,65.0
WebSearch,15,no_one_rtt,gt_1MB_slowdown_mean,1.42190788805842
WebSearch,15,no_one_rtt,gt_1MB_slowdown_p95,2.511810545009432
WebSearch,15,no_one_rtt,gt_1MB_slowdown_p99,2.829799751778793
WebSearch,15,no_one_rtt,guard_ack_interval_packets,8.0
WebSearch,15,no_one_rtt,guard_adaptive_grant_updates,0.0
WebSearch,15,no_one_rtt,guard_fixed_window,1.0
WebSearch,15,no_one_rtt,guard_grant_refresh_bdps,1.0
WebSearch,15,no_one_rtt,guard_long_acks_suppressed,348891.0
WebSearch,15,no_one_rtt,guard_min_share_fraction,0.0
WebSearch,15,no_one_rtt,guard_one_rtt_acks_suppressed,0.0
WebSearch,15,no_one_rtt,guard_one_rtt_bypass_enabled,0.0
WebSearch,15,no_one_rtt,guard_one_rtt_bypass_feedbacks,0.0
WebSearch,15,no_one_rtt,guard_one_rtt_bypass_flows,0.0
WebSearch,15,no_one_rtt,guard_rebalance_events,0.0
WebSearch,15,no_one_rtt,guard_remaining_aware,1.0
WebSearch,15,no_one_rtt,guard_remaining_exponent,1.0
WebSearch,15,no_one_rtt,guard_remaining_refresh_events,5535.0
WebSearch,15,no_one_rtt,guard_sender_srpt_enabled,1.0
WebSearch,15,no_one_rtt,guard_sender_srpt_forced_rr,40.0
WebSearch,15,no_one_rtt,guard_sender_srpt_non_rr,11934.0
WebSearch,15,no_one_rtt,guard_sender_srpt_selections,399065.0
WebSearch,15,no_one_rtt,guard_srpt_quantum_packets,64.0
WebSearch,15,no_one_rtt,guard_tail_bypass_bdps,8.0
WebSearch,15,no_one_rtt,guard_tail_bypass_enabled,1.0
WebSearch,15,no_one_rtt,guard_tail_bypass_feedbacks,7398.0
WebSearch,15,no_one_rtt,guard_tail_bypass_flows,118.0
WebSearch,15,no_one_rtt,hpcc_actual_rate_changes,460.0
WebSearch,15,no_one_rtt,hpcc_fast_computations,0.0
WebSearch,15,no_one_rtt,hpcc_feedback_updates,5875.0
WebSearch,15,no_one_rtt,hpcc_full_computations,1821.0
WebSearch,15,no_one_rtt,hpcc_rate_updates_applied,1821.0
WebSearch,15,no_one_rtt,hpcc_valid_feedback,1932.0
WebSearch,15,no_one_rtt,int_hops_after_strip,50466.0
WebSearch,15,no_one_rtt,int_hops_before_strip,100640.0
WebSearch,15,no_one_rtt,int_records_stripped,50174.0
WebSearch,15,no_one_rtt,irn_nacks_generated,0.0
WebSearch,15,no_one_rtt,irn_nacks_received,0.0
WebSearch,15,no_one_rtt,irn_retransmit_bytes,0.0
WebSearch,15,no_one_rtt,irn_retransmit_packets,0.0
WebSearch,15,no_one_rtt,le_8KB_fct_us_mean,7.276533333333333
WebSearch,15,no_one_rtt,le_8KB_fct_us_p95,8.951500000000001
WebSearch,15,no_one_rtt,le_8KB_fct_us_p99,8.965499999999999
WebSearch,15,no_one_rtt,le_8KB_flow_count,15.0
WebSearch,15,no_one_rtt,le_8KB_slowdown_mean,1.0070143545404135
WebSearch,15,no_one_rtt,le_8KB_slowdown_p95,1.0210852852551675
WebSearch,15,no_one_rtt,le_8KB_slowdown_p99,1.0261185461690174
WebSearch,15,no_one_rtt,long_to_small_slowdown_mean_ratio,1.4120035942361095
WebSearch,15,no_one_rtt,max_active_flows,3.0
WebSearch,15,no_one_rtt,overall_fct_us_mean,229.85908715596332
WebSearch,15,no_one_rtt,overall_fct_us_p95,1152.5339000000013
WebSearch,15,no_one_rtt,overall_fct_us_p99,3133.323250000006
WebSearch,15,no_one_rtt,overall_flow_count,218.0
WebSearch,15,no_one_rtt,overall_slowdown_mean,1.1669405711065282
WebSearch,15,no_one_rtt,overall_slowdown_p95,1.9541174689257508
WebSearch,15,no_one_rtt,overall_slowdown_p99,2.7576460382351597
WebSearch,15,no_one_rtt,pfc_pause_events,0.0
WebSearch,15,no_one_rtt,pfc_resume_events,0.0
WebSearch,15,no_one_rtt,proactive_releases,118.0
WebSearch,15,no_one_rtt,queue_bytes_max,325910.0
WebSearch,15,no_one_rtt,queue_bytes_mean,1587.746
WebSearch,15,no_one_rtt,queue_bytes_p95,0.0
WebSearch,15,no_one_rtt,queue_bytes_p99,66490.0
WebSearch,15,no_one_rtt,queue_sample_count,398020.0
WebSearch,15,no_one_rtt,reactive_binding_rate_changes,423.0
WebSearch,15,no_one_rtt,reactive_binding_updates,423.0
WebSearch,15,no_one_rtt,recovery_nacks_generated,0.0
WebSearch,15,no_one_rtt,recovery_nacks_received,0.0
WebSearch,15,no_one_rtt,registrations,118.0
WebSearch,15,no_one_rtt,selected_registrations,118.0
WebSearch,15,no_one_rtt,tie_binding_rate_changes,25.0
WebSearch,15,no_one_rtt,tie_binding_updates,1091.0
WebSearch,15,no_one_rtt,timeout_recoveries,0.0
WebSearch,15,no_tail,1BDP_to_1MB_fct_us_mean,61.259575
WebSearch,15,no_tail,1BDP_to_1MB_fct_us_p95,111.16039999999973
WebSearch,15,no_tail,1BDP_to_1MB_fct_us_p99,303.7639999999999
WebSearch,15,no_tail,1BDP_to_1MB_flow_count,40.0
WebSearch,15,no_tail,1BDP_to_1MB_slowdown_mean,1.2154740532230375
WebSearch,15,no_tail,1BDP_to_1MB_slowdown_p95,1.386355791050411
WebSearch,15,no_tail,1BDP_to_1MB_slowdown_p99,3.850220877309698
WebSearch,15,no_tail,8KB_to_1BDP_fct_us_mean,10.683469387755101
WebSearch,15,no_tail,8KB_to_1BDP_fct_us_p95,15.081550000000002
WebSearch,15,no_tail,8KB_to_1BDP_fct_us_p99,17.06705
WebSearch,15,no_tail,8KB_to_1BDP_flow_count,98.0
WebSearch,15,no_tail,8KB_to_1BDP_slowdown_mean,1.024142072712063
WebSearch,15,no_tail,8KB_to_1BDP_slowdown_p95,1.0472991168819408
WebSearch,15,no_tail,8KB_to_1BDP_slowdown_p99,1.0804974776484741
WebSearch,15,no_tail,aggregate_goodput_gbps,161.21747185240582
WebSearch,15,no_tail,completion_releases,0.0
WebSearch,15,no_tail,completion_span_us,19796.985
WebSearch,15,no_tail,grant_binding_rate_changes,18.0
WebSearch,15,no_tail,grant_binding_updates,340.0
WebSearch,15,no_tail,grant_bytes_sent,603198.0
WebSearch,15,no_tail,grant_event_rate_changes,1390.0
WebSearch,15,no_tail,grants_received,6417.0
WebSearch,15,no_tail,grants_sent,6417.0
WebSearch,15,no_tail,gt_1MB_fct_us_mean,727.3437692307692
WebSearch,15,no_tail,gt_1MB_fct_us_p95,2742.2599999999993
WebSearch,15,no_tail,gt_1MB_fct_us_p99,3996.8491599999998
WebSearch,15,no_tail,gt_1MB_flow_count,65.0
WebSearch,15,no_tail,gt_1MB_slowdown_mean,1.4619577237530617
WebSearch,15,no_tail,gt_1MB_slowdown_p95,2.903092752781639
WebSearch,15,no_tail,gt_1MB_slowdown_p99,3.4052948989990637
WebSearch,15,no_tail,guard_ack_interval_packets,8.0
WebSearch,15,no_tail,guard_adaptive_grant_updates,0.0
WebSearch,15,no_tail,guard_fixed_window,1.0
WebSearch,15,no_tail,guard_grant_refresh_bdps,1.0
WebSearch,15,no_tail,guard_long_acks_suppressed,345914.0
WebSearch,15,no_tail,guard_min_share_fraction,0.0
WebSearch,15,no_tail,guard_one_rtt_acks_suppressed,3457.0
WebSearch,15,no_tail,guard_one_rtt_bypass_enabled,1.0
WebSearch,15,no_tail,guard_one_rtt_bypass_feedbacks,100.0
WebSearch,15,no_tail,guard_one_rtt_bypass_flows,100.0
WebSearch,15,no_tail,guard_rebalance_events,0.0
WebSearch,15,no_tail,guard_remaining_aware,1.0
WebSearch,15,no_tail,guard_remaining_exponent,1.0
WebSearch,15,no_tail,guard_remaining_refresh_events,5536.0
WebSearch,15,no_tail,guard_sender_srpt_enabled,1.0
WebSearch,15,no_tail,guard_sender_srpt_forced_rr,51.0
WebSearch,15,no_tail,guard_sender_srpt_non_rr,11800.0
WebSearch,15,no_tail,guard_sender_srpt_selections,399065.0
WebSearch,15,no_tail,guard_srpt_quantum_packets,64.0
WebSearch,15,no_tail,guard_tail_bypass_bdps,8.0
WebSearch,15,no_tail,guard_tail_bypass_enabled,0.0
WebSearch,15,no_tail,guard_tail_bypass_feedbacks,0.0
WebSearch,15,no_tail,guard_tail_bypass_flows,0.0
WebSearch,15,no_tail,hpcc_actual_rate_changes,625.0
WebSearch,15,no_tail,hpcc_fast_computations,0.0
WebSearch,15,no_tail,hpcc_feedback_updates,6594.0
WebSearch,15,no_tail,hpcc_full_computations,2216.0
WebSearch,15,no_tail,hpcc_rate_updates_applied,2216.0
WebSearch,15,no_tail,hpcc_valid_feedback,2273.0
WebSearch,15,no_tail,int_hops_after_strip,49738.0
WebSearch,15,no_tail,int_hops_before_strip,99432.0
WebSearch,15,no_tail,int_records_stripped,49694.0
WebSearch,15,no_tail,irn_nacks_generated,0.0
WebSearch,15,no_tail,irn_nacks_received,0.0
WebSearch,15,no_tail,irn_retransmit_bytes,0.0
WebSearch,15,no_tail,irn_retransmit_packets,0.0
WebSearch,15,no_tail,le_8KB_fct_us_mean,7.268266666666666
WebSearch,15,no_tail,le_8KB_fct_us_p95,8.946100000000001
WebSearch,15,no_tail,le_8KB_fct_us_p99,8.96122
WebSearch,15,no_tail,le_8KB_flow_count,15.0
WebSearch,15,no_tail,le_8KB_slowdown_mean,1.0066454754733576
WebSearch,15,no_tail,le_8KB_slowdown_p95,1.0194842160427893
WebSearch,15,no_tail,le_8KB_slowdown_p99,1.0254317802074122
WebSearch,15,no_tail,long_to_small_slowdown_mean_ratio,1.452306456814502
WebSearch,15,no_tail,max_active_flows,3.0
WebSearch,15,no_tail,overall_fct_us_mean,233.4116146788991
WebSearch,15,no_tail,overall_fct_us_p95,1144.7846000000015
WebSearch,15,no_tail,overall_fct_us_p99,3144.7379600000054
WebSearch,15,no_tail,overall_flow_count,218.0
WebSearch,15,no_tail,overall_slowdown_mean,1.1885863276640047
WebSearch,15,no_tail,overall_slowdown_p95,2.001635106636988
WebSearch,15,no_tail,overall_slowdown_p99,3.216051216396857
WebSearch,15,no_tail,pfc_pause_events,0.0
WebSearch,15,no_tail,pfc_resume_events,0.0
WebSearch,15,no_tail,proactive_releases,118.0
WebSearch,15,no_tail,queue_bytes_max,428370.0
WebSearch,15,no_tail,queue_bytes_mean,1734.242
WebSearch,15,no_tail,queue_bytes_p95,0.0
WebSearch,15,no_tail,queue_bytes_p99,77390.0
WebSearch,15,no_tail,queue_sample_count,398020.0
WebSearch,15,no_tail,reactive_binding_rate_changes,567.0
WebSearch,15,no_tail,reactive_binding_updates,567.0
WebSearch,15,no_tail,recovery_nacks_generated,0.0
WebSearch,15,no_tail,recovery_nacks_received,0.0
WebSearch,15,no_tail,registrations,118.0
WebSearch,15,no_tail,selected_registrations,118.0
WebSearch,15,no_tail,tie_binding_rate_changes,40.0
WebSearch,15,no_tail,tie_binding_updates,1309.0
WebSearch,15,no_tail,timeout_recoveries,0.0
WebSearch,15,no_remaining,1BDP_to_1MB_fct_us_mean,62.439099999999996
WebSearch,15,no_remaining,1BDP_to_1MB_fct_us_p95,163.4666499999999
WebSearch,15,no_remaining,1BDP_to_1MB_fct_us_p99,230.43079999999998
WebSearch,15,no_remaining,1BDP_to_1MB_flow_count,40.0
WebSearch,15,no_remaining,1BDP_to_1MB_slowdown_mean,1.2519785984448015
WebSearch,15,no_remaining,1BDP_to_1MB_slowdown_p95,2.128278081341682
WebSearch,15,no_remaining,1BDP_to_1MB_slowdown_p99,2.9205116663677604
WebSearch,15,no_remaining,8KB_to_1BDP_fct_us_mean,10.66304081632653
WebSearch,15,no_remaining,8KB_to_1BDP_fct_us_p95,15.110700000000001
WebSearch,15,no_remaining,8KB_to_1BDP_fct_us_p99,16.616
WebSearch,15,no_remaining,8KB_to_1BDP_flow_count,98.0
WebSearch,15,no_remaining,8KB_to_1BDP_slowdown_mean,1.022444878107851
WebSearch,15,no_remaining,8KB_to_1BDP_slowdown_p95,1.0456892683970924
WebSearch,15,no_remaining,8KB_to_1BDP_slowdown_p99,1.0763816004027078
WebSearch,15,no_remaining,aggregate_goodput_gbps,161.21747185240582
WebSearch,15,no_remaining,completion_releases,0.0
WebSearch,15,no_remaining,completion_span_us,19796.985
WebSearch,15,no_remaining,grant_binding_rate_changes,13.0
WebSearch,15,no_remaining,grant_binding_updates,430.0
WebSearch,15,no_remaining,grant_bytes_sent,14476.0
WebSearch,15,no_remaining,grant_event_rate_changes,48.0
WebSearch,15,no_remaining,grants_received,154.0
WebSearch,15,no_remaining,grants_sent,154.0
WebSearch,15,no_remaining,gt_1MB_fct_us_mean,739.8254153846154
WebSearch,15,no_remaining,gt_1MB_fct_us_p95,3013.374799999998
WebSearch,15,no_remaining,gt_1MB_fct_us_p99,3952.58968
WebSearch,15,no_remaining,gt_1MB_flow_count,65.0
WebSearch,15,no_remaining,gt_1MB_slowdown_mean,1.5103902101339628
WebSearch,15,no_remaining,gt_1MB_slowdown_p95,2.6974566952388908
WebSearch,15,no_remaining,gt_1MB_slowdown_p99,3.183746386140335
WebSearch,15,no_remaining,guard_ack_interval_packets,8.0
WebSearch,15,no_remaining,guard_adaptive_grant_updates,0.0
WebSearch,15,no_remaining,guard_fixed_window,1.0
WebSearch,15,no_remaining,guard_grant_refresh_bdps,1.0
WebSearch,15,no_remaining,guard_long_acks_suppressed,345914.0
WebSearch,15,no_remaining,guard_min_share_fraction,0.0
WebSearch,15,no_remaining,guard_one_rtt_acks_suppressed,3457.0
WebSearch,15,no_remaining,guard_one_rtt_bypass_enabled,1.0
WebSearch,15,no_remaining,guard_one_rtt_bypass_feedbacks,100.0
WebSearch,15,no_remaining,guard_one_rtt_bypass_flows,100.0
WebSearch,15,no_remaining,guard_rebalance_events,27.0
WebSearch,15,no_remaining,guard_remaining_aware,0.0
WebSearch,15,no_remaining,guard_remaining_exponent,1.0
WebSearch,15,no_remaining,guard_remaining_refresh_events,0.0
WebSearch,15,no_remaining,guard_sender_srpt_enabled,1.0
WebSearch,15,no_remaining,guard_sender_srpt_forced_rr,51.0
WebSearch,15,no_remaining,guard_sender_srpt_non_rr,11415.0
WebSearch,15,no_remaining,guard_sender_srpt_selections,399065.0
WebSearch,15,no_remaining,guard_srpt_quantum_packets,64.0
WebSearch,15,no_remaining,guard_tail_bypass_bdps,8.0
WebSearch,15,no_remaining,guard_tail_bypass_enabled,1.0
WebSearch,15,no_remaining,guard_tail_bypass_feedbacks,7398.0
WebSearch,15,no_remaining,guard_tail_bypass_flows,118.0
WebSearch,15,no_remaining,hpcc_actual_rate_changes,478.0
WebSearch,15,no_remaining,hpcc_fast_computations,0.0
WebSearch,15,no_remaining,hpcc_feedback_updates,5731.0
WebSearch,15,no_remaining,hpcc_full_computations,1785.0
WebSearch,15,no_remaining,hpcc_rate_updates_applied,1785.0
WebSearch,15,no_remaining,hpcc_valid_feedback,1825.0
WebSearch,15,no_remaining,int_hops_after_strip,49738.0
WebSearch,15,no_remaining,int_hops_before_strip,99432.0
WebSearch,15,no_remaining,int_records_stripped,49694.0
WebSearch,15,no_remaining,irn_nacks_generated,0.0
WebSearch,15,no_remaining,irn_nacks_received,0.0
WebSearch,15,no_remaining,irn_retransmit_bytes,0.0
WebSearch,15,no_remaining,irn_retransmit_packets,0.0
WebSearch,15,no_remaining,le_8KB_fct_us_mean,7.2722
WebSearch,15,no_remaining,le_8KB_fct_us_p95,8.9142
WebSearch,15,no_remaining,le_8KB_fct_us_p99,8.95004
WebSearch,15,no_remaining,le_8KB_flow_count,15.0
WebSearch,15,no_remaining,le_8KB_slowdown_mean,1.0076071921166714
WebSearch,15,no_remaining,le_8KB_slowdown_p95,1.0238974143839037
WebSearch,15,no_remaining,le_8KB_slowdown_p99,1.0257645916969411
WebSearch,15,no_remaining,long_to_small_slowdown_mean_ratio,1.498987127077864
WebSearch,15,no_remaining,max_active_flows,3.0
WebSearch,15,no_remaining,overall_fct_us_mean,237.34072018348624
WebSearch,15,no_remaining,overall_fct_us_p95,1228.8274000000008
WebSearch,15,no_remaining,overall_fct_us_p99,3325.2833800000026
WebSearch,15,no_remaining,overall_flow_count,218.0
WebSearch,15,no_remaining,overall_slowdown_mean,1.2090285024441245
WebSearch,15,no_remaining,overall_slowdown_p95,2.1031665215005653
WebSearch,15,no_remaining,overall_slowdown_p99,3.052455456888771
WebSearch,15,no_remaining,pfc_pause_events,0.0
WebSearch,15,no_remaining,pfc_resume_events,0.0
WebSearch,15,no_remaining,proactive_releases,118.0
WebSearch,15,no_remaining,queue_bytes_max,336810.0
WebSearch,15,no_remaining,queue_bytes_mean,1978.994
WebSearch,15,no_remaining,queue_bytes_p95,0.0
WebSearch,15,no_remaining,queue_bytes_p99,82840.0
WebSearch,15,no_remaining,queue_sample_count,398020.0
WebSearch,15,no_remaining,reactive_binding_rate_changes,436.0
WebSearch,15,no_remaining,reactive_binding_updates,436.0
WebSearch,15,no_remaining,recovery_nacks_generated,0.0
WebSearch,15,no_remaining,recovery_nacks_received,0.0
WebSearch,15,no_remaining,registrations,118.0
WebSearch,15,no_remaining,selected_registrations,118.0
WebSearch,15,no_remaining,tie_binding_rate_changes,29.0
WebSearch,15,no_remaining,tie_binding_updates,919.0
WebSearch,15,no_remaining,timeout_recoveries,0.0
WebSearch,15,no_ack_coalescing,1BDP_to_1MB_fct_us_mean,57.367125
WebSearch,15,no_ack_coalescing,1BDP_to_1MB_fct_us_p95,129.1085499999999
WebSearch,15,no_ack_coalescing,1BDP_to_1MB_fct_us_p99,213.08294999999995
WebSearch,15,no_ack_coalescing,1BDP_to_1MB_flow_count,40.0
WebSearch,15,no_ack_coalescing,1BDP_to_1MB_slowdown_mean,1.1628617185821326
WebSearch,15,no_ack_coalescing,1BDP_to_1MB_slowdown_p95,1.609446438076111
WebSearch,15,no_ack_coalescing,1BDP_to_1MB_slowdown_p99,2.7007358143242133
WebSearch,15,no_ack_coalescing,8KB_to_1BDP_fct_us_mean,10.692132653061224
WebSearch,15,no_ack_coalescing,8KB_to_1BDP_fct_us_p95,15.453599999999998
WebSearch,15,no_ack_coalescing,8KB_to_1BDP_fct_us_p99,16.568469999999998
WebSearch,15,no_ack_coalescing,8KB_to_1BDP_flow_count,98.0
WebSearch,15,no_ack_coalescing,8KB_to_1BDP_slowdown_mean,1.0245314473542202
WebSearch,15,no_ack_coalescing,8KB_to_1BDP_slowdown_p95,1.0644336384834394
WebSearch,15,no_ack_coalescing,8KB_to_1BDP_slowdown_p99,1.068800449529984
WebSearch,15,no_ack_coalescing,aggregate_goodput_gbps,161.21747185240582
WebSearch,15,no_ack_coalescing,completion_releases,0.0
WebSearch,15,no_ack_coalescing,completion_span_us,19796.985
WebSearch,15,no_ack_coalescing,grant_binding_rate_changes,17.0
WebSearch,15,no_ack_coalescing,grant_binding_updates,325.0
WebSearch,15,no_ack_coalescing,grant_bytes_sent,606582.0
WebSearch,15,no_ack_coalescing,grant_event_rate_changes,1467.0
WebSearch,15,no_ack_coalescing,grants_received,6453.0
WebSearch,15,no_ack_coalescing,grants_sent,6453.0
WebSearch,15,no_ack_coalescing,gt_1MB_fct_us_mean,717.1482923076924
WebSearch,15,no_ack_coalescing,gt_1MB_fct_us_p95,2573.7341999999994
WebSearch,15,no_ack_coalescing,gt_1MB_fct_us_p99,4036.5704399999995
WebSearch,15,no_ack_coalescing,gt_1MB_flow_count,65.0
WebSearch,15,no_ack_coalescing,gt_1MB_slowdown_mean,1.434125472690208
WebSearch,15,no_ack_coalescing,gt_1MB_slowdown_p95,2.601164093585027
WebSearch,15,no_ack_coalescing,gt_1MB_slowdown_p99,2.971463844788241
WebSearch,15,no_ack_coalescing,guard_ack_interval_packets,1.0
WebSearch,15,no_ack_coalescing,guard_adaptive_grant_updates,0.0
WebSearch,15,no_ack_coalescing,guard_fixed_window,1.0
WebSearch,15,no_ack_coalescing,guard_grant_refresh_bdps,1.0
WebSearch,15,no_ack_coalescing,guard_long_acks_suppressed,0.0
WebSearch,15,no_ack_coalescing,guard_min_share_fraction,0.0
WebSearch,15,no_ack_coalescing,guard_one_rtt_acks_suppressed,3457.0
WebSearch,15,no_ack_coalescing,guard_one_rtt_bypass_enabled,1.0
WebSearch,15,no_ack_coalescing,guard_one_rtt_bypass_feedbacks,100.0
WebSearch,15,no_ack_coalescing,guard_one_rtt_bypass_flows,100.0
WebSearch,15,no_ack_coalescing,guard_rebalance_events,0.0
WebSearch,15,no_ack_coalescing,guard_remaining_aware,1.0
WebSearch,15,no_ack_coalescing,guard_remaining_exponent,1.0
WebSearch,15,no_ack_coalescing,guard_remaining_refresh_events,5538.0
WebSearch,15,no_ack_coalescing,guard_sender_srpt_enabled,1.0
WebSearch,15,no_ack_coalescing,guard_sender_srpt_forced_rr,102.0
WebSearch,15,no_ack_coalescing,guard_sender_srpt_non_rr,10295.0
WebSearch,15,no_ack_coalescing,guard_sender_srpt_selections,399065.0
WebSearch,15,no_ack_coalescing,guard_srpt_quantum_packets,64.0
WebSearch,15,no_ack_coalescing,guard_tail_bypass_bdps,8.0
WebSearch,15,no_ack_coalescing,guard_tail_bypass_enabled,1.0
WebSearch,15,no_ack_coalescing,guard_tail_bypass_feedbacks,58766.0
WebSearch,15,no_ack_coalescing,guard_tail_bypass_flows,118.0
WebSearch,15,no_ack_coalescing,hpcc_actual_rate_changes,492.0
WebSearch,15,no_ack_coalescing,hpcc_fast_computations,0.0
WebSearch,15,no_ack_coalescing,hpcc_feedback_updates,5885.0
WebSearch,15,no_ack_coalescing,hpcc_full_computations,1906.0
WebSearch,15,no_ack_coalescing,hpcc_rate_updates_applied,1906.0
WebSearch,15,no_ack_coalescing,hpcc_valid_feedback,1946.0
WebSearch,15,no_ack_coalescing,int_hops_after_strip,395706.0
WebSearch,15,no_ack_coalescing,int_hops_before_strip,791314.0
WebSearch,15,no_ack_coalescing,int_records_stripped,395608.0
WebSearch,15,no_ack_coalescing,irn_nacks_generated,0.0
WebSearch,15,no_ack_coalescing,irn_nacks_received,0.0
WebSearch,15,no_ack_coalescing,irn_retransmit_bytes,0.0
WebSearch,15,no_ack_coalescing,irn_retransmit_packets,0.0
WebSearch,15,no_ack_coalescing,le_8KB_fct_us_mean,7.297266666666667
WebSearch,15,no_ack_coalescing,le_8KB_fct_us_p95,8.9768
WebSearch,15,no_ack_coalescing,le_8KB_fct_us_p99,9.019359999999999
WebSearch,15,no_ack_coalescing,le_8KB_flow_count,15.0
WebSearch,15,no_ack_coalescing,le_8KB_slowdown_mean,1.0104248771402644
WebSearch,15,no_ack_coalescing,le_8KB_slowdown_p95,1.0292439087930352
WebSearch,15,no_ack_coalescing,le_8KB_slowdown_p99,1.033340190693315
WebSearch,15,no_ack_coalescing,long_to_small_slowdown_mean_ratio,1.419329140776021
WebSearch,15,no_ack_coalescing,max_active_flows,3.0
WebSearch,15,no_ack_coalescing,overall_fct_us_mean,229.66335779816515
WebSearch,15,no_ack_coalescing,overall_fct_us_p95,1189.6303500000015
WebSearch,15,no_ack_coalescing,overall_fct_us_p99,2852.2813900000037
WebSearch,15,no_ack_coalescing,overall_flow_count,218.0
WebSearch,15,no_ack_coalescing,overall_slowdown_mean,1.171069171862231
WebSearch,15,no_ack_coalescing,overall_slowdown_p95,1.9628033516119678
WebSearch,15,no_ack_coalescing,overall_slowdown_p99,2.8948690752872928
WebSearch,15,no_ack_coalescing,pfc_pause_events,0.0
WebSearch,15,no_ack_coalescing,pfc_resume_events,0.0
WebSearch,15,no_ack_coalescing,proactive_releases,118.0
WebSearch,15,no_ack_coalescing,queue_bytes_max,319370.0
WebSearch,15,no_ack_coalescing,queue_bytes_mean,2217.672
WebSearch,15,no_ack_coalescing,queue_bytes_p95,4360.0
WebSearch,15,no_ack_coalescing,queue_bytes_p99,82840.0
WebSearch,15,no_ack_coalescing,queue_sample_count,398020.0
WebSearch,15,no_ack_coalescing,reactive_binding_rate_changes,440.0
WebSearch,15,no_ack_coalescing,reactive_binding_updates,440.0
WebSearch,15,no_ack_coalescing,recovery_nacks_generated,0.0
WebSearch,15,no_ack_coalescing,recovery_nacks_received,0.0
WebSearch,15,no_ack_coalescing,registrations,118.0
WebSearch,15,no_ack_coalescing,selected_registrations,118.0
WebSearch,15,no_ack_coalescing,tie_binding_rate_changes,35.0
WebSearch,15,no_ack_coalescing,tie_binding_updates,1141.0
WebSearch,15,no_ack_coalescing,timeout_recoveries,0.0
FbHdp,11,guard,1BDP_to_1MB_fct_us_mean,33.64615355805243
FbHdp,11,guard,1BDP_to_1MB_fct_us_p95,86.30179999999993
FbHdp,11,guard,1BDP_to_1MB_fct_us_p99,180.64469999999997
FbHdp,11,guard,1BDP_to_1MB_flow_count,267.0
FbHdp,11,guard,1BDP_to_1MB_slowdown_mean,1.143098535027088
FbHdp,11,guard,1BDP_to_1MB_slowdown_p95,1.4749175336560023
FbHdp,11,guard,1BDP_to_1MB_slowdown_p99,2.0867203894678883
FbHdp,11,guard,8KB_to_1BDP_fct_us_mean,11.574535420098847
FbHdp,11,guard,8KB_to_1BDP_fct_us_p95,16.413200000000003
FbHdp,11,guard,8KB_to_1BDP_fct_us_p99,17.569180000000003
FbHdp,11,guard,8KB_to_1BDP_flow_count,607.0
FbHdp,11,guard,8KB_to_1BDP_slowdown_mean,1.0351401997462806
FbHdp,11,guard,8KB_to_1BDP_slowdown_p95,1.0673585971197599
FbHdp,11,guard,8KB_to_1BDP_slowdown_p99,1.340910674193561
FbHdp,11,guard,aggregate_goodput_gbps,163.2383216280854
FbHdp,11,guard,completion_releases,0.0
FbHdp,11,guard,completion_span_us,21103.07
FbHdp,11,guard,grant_binding_rate_changes,8.0
FbHdp,11,guard,grant_binding_updates,120.0
FbHdp,11,guard,grant_bytes_sent,534296.0
FbHdp,11,guard,grant_event_rate_changes,906.0
FbHdp,11,guard,grants_received,5684.0
FbHdp,11,guard,grants_sent,5684.0
FbHdp,11,guard,gt_1MB_fct_us_mean,439.424625
FbHdp,11,guard,gt_1MB_fct_us_p95,1098.3060999999996
FbHdp,11,guard,gt_1MB_fct_us_p99,1686.694
FbHdp,11,guard,gt_1MB_flow_count,104.0
FbHdp,11,guard,gt_1MB_slowdown_mean,1.6337687485413732
FbHdp,11,guard,gt_1MB_slowdown_p95,3.132308360773033
FbHdp,11,guard,gt_1MB_slowdown_p99,3.2389401461328244
FbHdp,11,guard,guard_ack_interval_packets,8.0
FbHdp,11,guard,guard_adaptive_grant_updates,0.0
FbHdp,11,guard,guard_fixed_window,1.0
FbHdp,11,guard,guard_grant_refresh_bdps,1.0
FbHdp,11,guard,guard_long_acks_suppressed,352444.0
FbHdp,11,guard,guard_min_share_fraction,0.0
FbHdp,11,guard,guard_one_rtt_acks_suppressed,25971.0
FbHdp,11,guard,guard_one_rtt_bypass_enabled,1.0
FbHdp,11,guard,guard_one_rtt_bypass_feedbacks,2772.0
FbHdp,11,guard,guard_one_rtt_bypass_flows,2772.0
FbHdp,11,guard,guard_rebalance_events,0.0
FbHdp,11,guard,guard_remaining_aware,1.0
FbHdp,11,guard,guard_remaining_exponent,1.0
FbHdp,11,guard,guard_remaining_refresh_events,4670.0
FbHdp,11,guard,guard_sender_srpt_enabled,1.0
FbHdp,11,guard,guard_sender_srpt_forced_rr,102.0
FbHdp,11,guard,guard_sender_srpt_non_rr,27874.0
FbHdp,11,guard,guard_sender_srpt_selections,432267.0
FbHdp,11,guard,guard_srpt_quantum_packets,64.0
FbHdp,11,guard,guard_tail_bypass_bdps,8.0
FbHdp,11,guard,guard_tail_bypass_enabled,1.0
FbHdp,11,guard,guard_tail_bypass_feedbacks,18527.0
FbHdp,11,guard,guard_tail_bypass_flows,489.0
FbHdp,11,guard,hpcc_actual_rate_changes,554.0
FbHdp,11,guard,hpcc_fast_computations,0.0
FbHdp,11,guard,hpcc_feedback_updates,4082.0
FbHdp,11,guard,hpcc_full_computations,1765.0
FbHdp,11,guard,hpcc_rate_updates_applied,1765.0
FbHdp,11,guard,hpcc_valid_feedback,1840.0
FbHdp,11,guard,int_hops_after_strip,66132.0
FbHdp,11,guard,int_hops_before_strip,119984.0
FbHdp,11,guard,int_records_stripped,53852.0
FbHdp,11,guard,irn_nacks_generated,0.0
FbHdp,11,guard,irn_nacks_received,0.0
FbHdp,11,guard,irn_retransmit_bytes,0.0
FbHdp,11,guard,irn_retransmit_packets,0.0
FbHdp,11,guard,le_8KB_fct_us_mean,6.516404292597459
FbHdp,11,guard,le_8KB_fct_us_p95,8.5559
FbHdp,11,guard,le_8KB_fct_us_p99,8.898719999999999
FbHdp,11,guard,le_8KB_flow_count,2283.0
FbHdp,11,guard,le_8KB_slowdown_mean,1.0028809740520943
FbHdp,11,guard,le_8KB_slowdown_p95,1.0171490767819449
FbHdp,11,guard,le_8KB_slowdown_p99,1.024410945288498
FbHdp,11,guard,long_to_small_slowdown_mean_ratio,1.6290754245144425
FbHdp,11,guard,max_active_flows,3.0
FbHdp,11,guard,overall_fct_us_mean,23.48554983134008
FbHdp,11,guard,overall_fct_us_p95,36.433
FbHdp,11,guard,overall_fct_us_p99,490.5696000000012
FbHdp,11,guard,overall_flow_count,3261.0
FbHdp,11,guard,overall_slowdown_mean,1.0404865451418148
FbHdp,11,guard,overall_slowdown_p95,1.1306034433580157
FbHdp,11,guard,overall_slowdown_p99,1.9648115007794689
FbHdp,11,guard,pfc_pause_events,0.0
FbHdp,11,guard,pfc_resume_events,0.0
FbHdp,11,guard,proactive_releases,489.0
FbHdp,11,guard,queue_bytes_max,393490.0
FbHdp,11,guard,queue_bytes_mean,2684.364
FbHdp,11,guard,queue_bytes_p95,0.0
FbHdp,11,guard,queue_bytes_p99,107910.0
FbHdp,11,guard,queue_sample_count,400020.0
FbHdp,11,guard,reactive_binding_rate_changes,517.0
FbHdp,11,guard,reactive_binding_updates,517.0
FbHdp,11,guard,recovery_nacks_generated,0.0
FbHdp,11,guard,recovery_nacks_received,0.0
FbHdp,11,guard,registrations,489.0
FbHdp,11,guard,selected_registrations,489.0
FbHdp,11,guard,tie_binding_rate_changes,29.0
FbHdp,11,guard,tie_binding_updates,1128.0
FbHdp,11,guard,timeout_recoveries,0.0
FbHdp,11,no_priority,1BDP_to_1MB_fct_us_mean,40.16031460674157
FbHdp,11,no_priority,1BDP_to_1MB_fct_us_p95,96.5909
FbHdp,11,no_priority,1BDP_to_1MB_fct_us_p99,181.42385999999982
FbHdp,11,no_priority,1BDP_to_1MB_flow_count,267.0
FbHdp,11,no_priority,1BDP_to_1MB_slowdown_mean,1.3946772274602104
FbHdp,11,no_priority,1BDP_to_1MB_slowdown_p95,2.666774157706425
FbHdp,11,no_priority,1BDP_to_1MB_slowdown_p99,3.4357876082038867
FbHdp,11,no_priority,8KB_to_1BDP_fct_us_mean,13.78385337726524
FbHdp,11,no_priority,8KB_to_1BDP_fct_us_p95,25.558100000000003
FbHdp,11,no_priority,8KB_to_1BDP_fct_us_p99,34.83776000000001
FbHdp,11,no_priority,8KB_to_1BDP_flow_count,607.0
FbHdp,11,no_priority,8KB_to_1BDP_slowdown_mean,1.2112627200013595
FbHdp,11,no_priority,8KB_to_1BDP_slowdown_p95,1.932778973970776
FbHdp,11,no_priority,8KB_to_1BDP_slowdown_p99,2.678595376715861
FbHdp,11,no_priority,aggregate_goodput_gbps,163.1743217521838
FbHdp,11,no_priority,completion_releases,0.0
FbHdp,11,no_priority,completion_span_us,21111.347
FbHdp,11,no_priority,grant_binding_rate_changes,9.0
FbHdp,11,no_priority,grant_binding_updates,141.0
FbHdp,11,no_priority,grant_bytes_sent,540218.0
FbHdp,11,no_priority,grant_event_rate_changes,966.0
FbHdp,11,no_priority,grants_received,5747.0
FbHdp,11,no_priority,grants_sent,5747.0
FbHdp,11,no_priority,gt_1MB_fct_us_mean,440.8612211538462
FbHdp,11,no_priority,gt_1MB_fct_us_p95,1109.1035999999995
FbHdp,11,no_priority,gt_1MB_fct_us_p99,1690.00751
FbHdp,11,no_priority,gt_1MB_flow_count,104.0
FbHdp,11,no_priority,gt_1MB_slowdown_mean,1.634902398984629
FbHdp,11,no_priority,gt_1MB_slowdown_p95,3.039313783061895
FbHdp,11,no_priority,gt_1MB_slowdown_p99,3.238781452318475
FbHdp,11,no_priority,guard_ack_interval_packets,8.0
FbHdp,11,no_priority,guard_adaptive_grant_updates,0.0
FbHdp,11,no_priority,guard_fixed_window,1.0
FbHdp,11,no_priority,guard_grant_refresh_bdps,1.0
FbHdp,11,no_priority,guard_long_acks_suppressed,352444.0
FbHdp,11,no_priority,guard_min_share_fraction,0.0
FbHdp,11,no_priority,guard_one_rtt_acks_suppressed,25971.0
FbHdp,11,no_priority,guard_one_rtt_bypass_enabled,1.0
FbHdp,11,no_priority,guard_one_rtt_bypass_feedbacks,2772.0
FbHdp,11,no_priority,guard_one_rtt_bypass_flows,2772.0
FbHdp,11,no_priority,guard_rebalance_events,0.0
FbHdp,11,no_priority,guard_remaining_aware,1.0
FbHdp,11,no_priority,guard_remaining_exponent,1.0
FbHdp,11,no_priority,guard_remaining_refresh_events,4683.0
FbHdp,11,no_priority,guard_sender_srpt_enabled,1.0
FbHdp,11,no_priority,guard_sender_srpt_forced_rr,77.0
FbHdp,11,no_priority,guard_sender_srpt_non_rr,27413.0
FbHdp,11,no_priority,guard_sender_srpt_selections,432267.0
FbHdp,11,no_priority,guard_srpt_quantum_packets,64.0
FbHdp,11,no_priority,guard_tail_bypass_bdps,8.0
FbHdp,11,no_priority,guard_tail_bypass_enabled,1.0
FbHdp,11,no_priority,guard_tail_bypass_feedbacks,18529.0
FbHdp,11,no_priority,guard_tail_bypass_flows,489.0
FbHdp,11,no_priority,hpcc_actual_rate_changes,593.0
FbHdp,11,no_priority,hpcc_fast_computations,0.0
FbHdp,11,no_priority,hpcc_feedback_updates,4138.0
FbHdp,11,no_priority,hpcc_full_computations,1807.0
FbHdp,11,no_priority,hpcc_rate_updates_applied,1807.0
FbHdp,11,no_priority,hpcc_valid_feedback,1882.0
FbHdp,11,no_priority,int_hops_after_strip,66132.0
FbHdp,11,no_priority,int_hops_before_strip,119984.0
FbHdp,11,no_priority,int_records_stripped,53852.0
FbHdp,11,no_priority,irn_nacks_generated,0.0
FbHdp,11,no_priority,irn_nacks_received,0.0
FbHdp,11,no_priority,irn_retransmit_bytes,0.0
FbHdp,11,no_priority,irn_retransmit_packets,0.0
FbHdp,11,no_priority,le_8KB_fct_us_mean,7.68160008760403
FbHdp,11,no_priority,le_8KB_fct_us_p95,17.512500000000003
FbHdp,11,no_priority,le_8KB_fct_us_p99,26.276699999999998
FbHdp,11,no_priority,le_8KB_flow_count,2283.0
FbHdp,11,no_priority,le_8KB_slowdown_mean,1.1418833818563425
FbHdp,11,no_priority,le_8KB_slowdown_p95,2.0803066602779117
FbHdp,11,no_priority,le_8KB_slowdown_p99,3.137781550525259
FbHdp,11,no_priority,long_to_small_slowdown_mean_ratio,1.4317595167439892
FbHdp,11,no_priority,max_active_flows,3.0
FbHdp,11,no_priority,overall_fct_us_mean,25.291708984973937
FbHdp,11,no_priority,overall_fct_us_p95,48.918
FbHdp,11,no_priority,overall_fct_us_p99,481.38340000000096
FbHdp,11,no_priority,overall_flow_count,3261.0
FbHdp,11,no_priority,overall_slowdown_mean,1.1912189208970048
FbHdp,11,no_priority,overall_slowdown_p95,2.1246142891051507
FbHdp,11,no_priority,overall_slowdown_p99,3.1506116010363296
FbHdp,11,no_priority,pfc_pause_events,0.0
FbHdp,11,no_priority,pfc_resume_events,0.0
FbHdp,11,no_priority,proactive_releases,489.0
FbHdp,11,no_priority,queue_bytes_max,423741.0
FbHdp,11,no_priority,queue_bytes_mean,2994.124
FbHdp,11,no_priority,queue_bytes_p95,0.0
FbHdp,11,no_priority,queue_bytes_p99,111713.0
FbHdp,11,no_priority,queue_sample_count,400020.0
FbHdp,11,no_priority,reactive_binding_rate_changes,539.0
FbHdp,11,no_priority,reactive_binding_updates,539.0
FbHdp,11,no_priority,recovery_nacks_generated,0.0
FbHdp,11,no_priority,recovery_nacks_received,0.0
FbHdp,11,no_priority,registrations,489.0
FbHdp,11,no_priority,selected_registrations,489.0
FbHdp,11,no_priority,tie_binding_rate_changes,45.0
FbHdp,11,no_priority,tie_binding_updates,1127.0
FbHdp,11,no_priority,timeout_recoveries,0.0
FbHdp,11,no_srpt,1BDP_to_1MB_fct_us_mean,36.650483146067415
FbHdp,11,no_srpt,1BDP_to_1MB_fct_us_p95,86.64889999999995
FbHdp,11,no_srpt,1BDP_to_1MB_fct_us_p99,183.95613999999978
FbHdp,11,no_srpt,1BDP_to_1MB_flow_count,267.0
FbHdp,11,no_srpt,1BDP_to_1MB_slowdown_mean,1.2374456826437406
FbHdp,11,no_srpt,1BDP_to_1MB_slowdown_p95,1.9414577381482896
FbHdp,11,no_srpt,1BDP_to_1MB_slowdown_p99,2.6632353555061217
FbHdp,11,no_srpt,8KB_to_1BDP_fct_us_mean,12.167375617792421
FbHdp,11,no_srpt,8KB_to_1BDP_fct_us_p95,17.562400000000004
FbHdp,11,no_srpt,8KB_to_1BDP_fct_us_p99,22.983360000000005
FbHdp,11,no_srpt,8KB_to_1BDP_flow_count,607.0
FbHdp,11,no_srpt,8KB_to_1BDP_slowdown_mean,1.0908196283263853
FbHdp,11,no_srpt,8KB_to_1BDP_slowdown_p95,1.508381638486103
FbHdp,11,no_srpt,8KB_to_1BDP_slowdown_p99,1.686923807418575
FbHdp,11,no_srpt,aggregate_goodput_gbps,163.0713098984728
FbHdp,11,no_srpt,completion_releases,0.0
FbHdp,11,no_srpt,completion_span_us,21124.683
FbHdp,11,no_srpt,grant_binding_rate_changes,8.0
FbHdp,11,no_srpt,grant_binding_updates,109.0
FbHdp,11,no_srpt,grant_bytes_sent,537962.0
FbHdp,11,no_srpt,grant_event_rate_changes,923.0
FbHdp,11,no_srpt,grants_received,5723.0
FbHdp,11,no_srpt,grants_sent,5723.0
FbHdp,11,no_srpt,gt_1MB_fct_us_mean,450.1894423076923
FbHdp,11,no_srpt,gt_1MB_fct_us_p95,1084.97725
FbHdp,11,no_srpt,gt_1MB_fct_us_p99,1675.0942
FbHdp,11,no_srpt,gt_1MB_flow_count,104.0
FbHdp,11,no_srpt,gt_1MB_slowdown_mean,1.6816874503614554
FbHdp,11,no_srpt,gt_1MB_slowdown_p95,3.1894479612551474
FbHdp,11,no_srpt,gt_1MB_slowdown_p99,3.5293796951211633
FbHdp,11,no_srpt,guard_ack_interval_packets,8.0
FbHdp,11,no_srpt,guard_adaptive_grant_updates,0.0
FbHdp,11,no_srpt,guard_fixed_window,1.0
FbHdp,11,no_srpt,guard_grant_refresh_bdps,1.0
FbHdp,11,no_srpt,guard_long_acks_suppressed,352444.0
FbHdp,11,no_srpt,guard_min_share_fraction,0.0
FbHdp,11,no_srpt,guard_one_rtt_acks_suppressed,25971.0
FbHdp,11,no_srpt,guard_one_rtt_bypass_enabled,1.0
FbHdp,11,no_srpt,guard_one_rtt_bypass_feedbacks,2772.0
FbHdp,11,no_srpt,guard_one_rtt_bypass_flows,2772.0
FbHdp,11,no_srpt,guard_rebalance_events,0.0
FbHdp,11,no_srpt,guard_remaining_aware,1.0
FbHdp,11,no_srpt,guard_remaining_exponent,1.0
FbHdp,11,no_srpt,guard_remaining_refresh_events,4689.0
FbHdp,11,no_srpt,guard_sender_srpt_enabled,0.0
FbHdp,11,no_srpt,guard_sender_srpt_forced_rr,0.0
FbHdp,11,no_srpt,guard_sender_srpt_non_rr,0.0
FbHdp,11,no_srpt,guard_sender_srpt_selections,0.0
FbHdp,11,no_srpt,guard_srpt_quantum_packets,64.0
FbHdp,11,no_srpt,guard_tail_bypass_bdps,8.0
FbHdp,11,no_srpt,guard_tail_bypass_enabled,1.0
FbHdp,11,no_srpt,guard_tail_bypass_feedbacks,18529.0
FbHdp,11,no_srpt,guard_tail_bypass_flows,489.0
FbHdp,11,no_srpt,hpcc_actual_rate_changes,623.0
FbHdp,11,no_srpt,hpcc_fast_computations,0.0
FbHdp,11,no_srpt,hpcc_feedback_updates,4199.0
FbHdp,11,no_srpt,hpcc_full_computations,1801.0
FbHdp,11,no_srpt,hpcc_rate_updates_applied,1801.0
FbHdp,11,no_srpt,hpcc_valid_feedback,1876.0
FbHdp,11,no_srpt,int_hops_after_strip,66132.0
FbHdp,11,no_srpt,int_hops_before_strip,119984.0
FbHdp,11,no_srpt,int_records_stripped,53852.0
FbHdp,11,no_srpt,irn_nacks_generated,0.0
FbHdp,11,no_srpt,irn_nacks_received,0.0
FbHdp,11,no_srpt,irn_retransmit_bytes,0.0
FbHdp,11,no_srpt,irn_retransmit_packets,0.0
FbHdp,11,no_srpt,le_8KB_fct_us_mean,6.5190262812089355
FbHdp,11,no_srpt,le_8KB_fct_us_p95,8.561
FbHdp,11,no_srpt,le_8KB_fct_us_p99,8.89754
FbHdp,11,no_srpt,le_8KB_flow_count,2283.0
FbHdp,11,no_srpt,le_8KB_slowdown_mean,1.0032568550735186
FbHdp,11,no_srpt,le_8KB_slowdown_p95,1.0179529423716553
FbHdp,11,no_srpt,le_8KB_slowdown_p99,1.026536913335421
FbHdp,11,no_srpt,long_to_small_slowdown_mean_ratio,1.676228217985335
FbHdp,11,no_srpt,max_active_flows,3.0
FbHdp,11,no_srpt,overall_fct_us_mean,24.187033118675252
FbHdp,11,no_srpt,overall_fct_us_p95,40.447
FbHdp,11,no_srpt,overall_fct_us_p99,502.80160000000114
FbHdp,11,no_srpt,overall_flow_count,3261.0
FbHdp,11,no_srpt,overall_slowdown_mean,1.0603668833579971
FbHdp,11,no_srpt,overall_slowdown_p95,1.3509356168728195
FbHdp,11,no_srpt,overall_slowdown_p99,2.0809138381160412
FbHdp,11,no_srpt,pfc_pause_events,0.0
FbHdp,11,no_srpt,pfc_resume_events,0.0
FbHdp,11,no_srpt,proactive_releases,489.0
FbHdp,11,no_srpt,queue_bytes_max,428620.0
FbHdp,11,no_srpt,queue_bytes_mean,2726.048
FbHdp,11,no_srpt,queue_bytes_p95,0.0
FbHdp,11,no_srpt,queue_bytes_p99,107910.0
FbHdp,11,no_srpt,queue_sample_count,400020.0
FbHdp,11,no_srpt,reactive_binding_rate_changes,577.0
FbHdp,11,no_srpt,reactive_binding_updates,577.0
FbHdp,11,no_srpt,recovery_nacks_generated,0.0
FbHdp,11,no_srpt,recovery_nacks_received,0.0
FbHdp,11,no_srpt,registrations,489.0
FbHdp,11,no_srpt,selected_registrations,489.0
FbHdp,11,no_srpt,tie_binding_rate_changes,38.0
FbHdp,11,no_srpt,tie_binding_updates,1115.0
FbHdp,11,no_srpt,timeout_recoveries,0.0
FbHdp,11,no_reclaim,1BDP_to_1MB_fct_us_mean,33.64615355805243
FbHdp,11,no_reclaim,1BDP_to_1MB_fct_us_p95,86.30179999999993
FbHdp,11,no_reclaim,1BDP_to_1MB_fct_us_p99,180.64469999999997
FbHdp,11,no_reclaim,1BDP_to_1MB_flow_count,267.0
FbHdp,11,no_reclaim,1BDP_to_1MB_slowdown_mean,1.143098535027088
FbHdp,11,no_reclaim,1BDP_to_1MB_slowdown_p95,1.4749175336560023
FbHdp,11,no_reclaim,1BDP_to_1MB_slowdown_p99,2.0867203894678883
FbHdp,11,no_reclaim,8KB_to_1BDP_fct_us_mean,11.574535420098847
FbHdp,11,no_reclaim,8KB_to_1BDP_fct_us_p95,16.413200000000003
FbHdp,11,no_reclaim,8KB_to_1BDP_fct_us_p99,17.569180000000003
FbHdp,11,no_reclaim,8KB_to_1BDP_flow_count,607.0
FbHdp,11,no_reclaim,8KB_to_1BDP_slowdown_mean,1.0351401997462806
FbHdp,11,no_reclaim,8KB_to_1BDP_slowdown_p95,1.0673585971197599
FbHdp,11,no_reclaim,8KB_to_1BDP_slowdown_p99,1.340910674193561
FbHdp,11,no_reclaim,aggregate_goodput_gbps,163.2383216280854
FbHdp,11,no_reclaim,completion_releases,0.0
FbHdp,11,no_reclaim,completion_span_us,21103.07
FbHdp,11,no_reclaim,grant_binding_rate_changes,8.0
FbHdp,11,no_reclaim,grant_binding_updates,120.0
FbHdp,11,no_reclaim,grant_bytes_sent,534296.0
FbHdp,11,no_reclaim,grant_event_rate_changes,906.0
FbHdp,11,no_reclaim,grants_received,5684.0
FbHdp,11,no_reclaim,grants_sent,5684.0
FbHdp,11,no_reclaim,gt_1MB_fct_us_mean,439.424625
FbHdp,11,no_reclaim,gt_1MB_fct_us_p95,1098.3060999999996
FbHdp,11,no_reclaim,gt_1MB_fct_us_p99,1686.694
FbHdp,11,no_reclaim,gt_1MB_flow_count,104.0
FbHdp,11,no_reclaim,gt_1MB_slowdown_mean,1.6337687485413732
FbHdp,11,no_reclaim,gt_1MB_slowdown_p95,3.132308360773033
FbHdp,11,no_reclaim,gt_1MB_slowdown_p99,3.2389401461328244
FbHdp,11,no_reclaim,guard_ack_interval_packets,8.0
FbHdp,11,no_reclaim,guard_adaptive_grant_updates,0.0
FbHdp,11,no_reclaim,guard_fixed_window,1.0
FbHdp,11,no_reclaim,guard_grant_refresh_bdps,1.0
FbHdp,11,no_reclaim,guard_long_acks_suppressed,352444.0
FbHdp,11,no_reclaim,guard_min_share_fraction,0.0
FbHdp,11,no_reclaim,guard_one_rtt_acks_suppressed,25971.0
FbHdp,11,no_reclaim,guard_one_rtt_bypass_enabled,1.0
FbHdp,11,no_reclaim,guard_one_rtt_bypass_feedbacks,2772.0
FbHdp,11,no_reclaim,guard_one_rtt_bypass_flows,2772.0
FbHdp,11,no_reclaim,guard_rebalance_events,0.0
FbHdp,11,no_reclaim,guard_remaining_aware,1.0
FbHdp,11,no_reclaim,guard_remaining_exponent,1.0
FbHdp,11,no_reclaim,guard_remaining_refresh_events,4670.0
FbHdp,11,no_reclaim,guard_sender_srpt_enabled,1.0
FbHdp,11,no_reclaim,guard_sender_srpt_forced_rr,102.0
FbHdp,11,no_reclaim,guard_sender_srpt_non_rr,27874.0
FbHdp,11,no_reclaim,guard_sender_srpt_selections,432267.0
FbHdp,11,no_reclaim,guard_srpt_quantum_packets,64.0
FbHdp,11,no_reclaim,guard_tail_bypass_bdps,8.0
FbHdp,11,no_reclaim,guard_tail_bypass_enabled,1.0
FbHdp,11,no_reclaim,guard_tail_bypass_feedbacks,18527.0
FbHdp,11,no_reclaim,guard_tail_bypass_flows,489.0
FbHdp,11,no_reclaim,hpcc_actual_rate_changes,554.0
FbHdp,11,no_reclaim,hpcc_fast_computations,0.0
FbHdp,11,no_reclaim,hpcc_feedback_updates,4082.0
FbHdp,11,no_reclaim,hpcc_full_computations,1765.0
FbHdp,11,no_reclaim,hpcc_rate_updates_applied,1765.0
FbHdp,11,no_reclaim,hpcc_valid_feedback,1840.0
FbHdp,11,no_reclaim,int_hops_after_strip,66132.0
FbHdp,11,no_reclaim,int_hops_before_strip,119984.0
FbHdp,11,no_reclaim,int_records_stripped,53852.0
FbHdp,11,no_reclaim,irn_nacks_generated,0.0
FbHdp,11,no_reclaim,irn_nacks_received,0.0
FbHdp,11,no_reclaim,irn_retransmit_bytes,0.0
FbHdp,11,no_reclaim,irn_retransmit_packets,0.0
FbHdp,11,no_reclaim,le_8KB_fct_us_mean,6.516404292597459
FbHdp,11,no_reclaim,le_8KB_fct_us_p95,8.5559
FbHdp,11,no_reclaim,le_8KB_fct_us_p99,8.898719999999999
FbHdp,11,no_reclaim,le_8KB_flow_count,2283.0
FbHdp,11,no_reclaim,le_8KB_slowdown_mean,1.0028809740520943
FbHdp,11,no_reclaim,le_8KB_slowdown_p95,1.0171490767819449
FbHdp,11,no_reclaim,le_8KB_slowdown_p99,1.024410945288498
FbHdp,11,no_reclaim,long_to_small_slowdown_mean_ratio,1.6290754245144425
FbHdp,11,no_reclaim,max_active_flows,3.0
FbHdp,11,no_reclaim,overall_fct_us_mean,23.48554983134008
FbHdp,11,no_reclaim,overall_fct_us_p95,36.433
FbHdp,11,no_reclaim,overall_fct_us_p99,490.5696000000012
FbHdp,11,no_reclaim,overall_flow_count,3261.0
FbHdp,11,no_reclaim,overall_slowdown_mean,1.0404865451418148
FbHdp,11,no_reclaim,overall_slowdown_p95,1.1306034433580157
FbHdp,11,no_reclaim,overall_slowdown_p99,1.9648115007794689
FbHdp,11,no_reclaim,pfc_pause_events,0.0
FbHdp,11,no_reclaim,pfc_resume_events,0.0
FbHdp,11,no_reclaim,proactive_releases,489.0
FbHdp,11,no_reclaim,queue_bytes_max,393490.0
FbHdp,11,no_reclaim,queue_bytes_mean,2684.364
FbHdp,11,no_reclaim,queue_bytes_p95,0.0
FbHdp,11,no_reclaim,queue_bytes_p99,107910.0
FbHdp,11,no_reclaim,queue_sample_count,400020.0
FbHdp,11,no_reclaim,reactive_binding_rate_changes,517.0
FbHdp,11,no_reclaim,reactive_binding_updates,517.0
FbHdp,11,no_reclaim,recovery_nacks_generated,0.0
FbHdp,11,no_reclaim,recovery_nacks_received,0.0
FbHdp,11,no_reclaim,registrations,489.0
FbHdp,11,no_reclaim,selected_registrations,489.0
FbHdp,11,no_reclaim,tie_binding_rate_changes,29.0
FbHdp,11,no_reclaim,tie_binding_updates,1128.0
FbHdp,11,no_reclaim,timeout_recoveries,0.0
FbHdp,11,no_one_rtt,1BDP_to_1MB_fct_us_mean,33.66004119850187
FbHdp,11,no_one_rtt,1BDP_to_1MB_fct_us_p95,86.31089999999993
FbHdp,11,no_one_rtt,1BDP_to_1MB_fct_us_p99,180.644
FbHdp,11,no_one_rtt,1BDP_to_1MB_flow_count,267.0
FbHdp,11,no_one_rtt,1BDP_to_1MB_slowdown_mean,1.1439846923456296
FbHdp,11,no_one_rtt,1BDP_to_1MB_slowdown_p95,1.4783201081516923
FbHdp,11,no_one_rtt,1BDP_to_1MB_slowdown_p99,2.085871314203325
FbHdp,11,no_one_rtt,8KB_to_1BDP_fct_us_mean,11.577726523887975
FbHdp,11,no_one_rtt,8KB_to_1BDP_fct_us_p95,16.416500000000003
FbHdp,11,no_one_rtt,8KB_to_1BDP_fct_us_p99,17.570020000000003
FbHdp,11,no_one_rtt,8KB_to_1BDP_flow_count,607.0
FbHdp,11,no_one_rtt,8KB_to_1BDP_slowdown_mean,1.0354469463944014
FbHdp,11,no_one_rtt,8KB_to_1BDP_slowdown_p95,1.0690121681021236
FbHdp,11,no_one_rtt,8KB_to_1BDP_slowdown_p99,1.341049765463928
FbHdp,11,no_one_rtt,aggregate_goodput_gbps,163.2026465434411
FbHdp,11,no_one_rtt,completion_releases,0.0
FbHdp,11,no_one_rtt,completion_span_us,21107.683
FbHdp,11,no_one_rtt,grant_binding_rate_changes,7.0
FbHdp,11,no_one_rtt,grant_binding_updates,115.0
FbHdp,11,no_one_rtt,grant_bytes_sent,534014.0
FbHdp,11,no_one_rtt,grant_event_rate_changes,897.0
FbHdp,11,no_one_rtt,grants_received,5681.0
FbHdp,11,no_one_rtt,grants_sent,5681.0
FbHdp,11,no_one_rtt,gt_1MB_fct_us_mean,439.4691730769231
FbHdp,11,no_one_rtt,gt_1MB_fct_us_p95,1098.7145999999996
FbHdp,11,no_one_rtt,gt_1MB_fct_us_p99,1684.61788
FbHdp,11,no_one_rtt,gt_1MB_flow_count,104.0
FbHdp,11,no_one_rtt,gt_1MB_slowdown_mean,1.6327982813723922
FbHdp,11,no_one_rtt,gt_1MB_slowdown_p95,2.9762664928344833
FbHdp,11,no_one_rtt,gt_1MB_slowdown_p99,3.232792180415545
FbHdp,11,no_one_rtt,guard_ack_interval_packets,8.0
FbHdp,11,no_one_rtt,guard_adaptive_grant_updates,0.0
FbHdp,11,no_one_rtt,guard_fixed_window,1.0
FbHdp,11,no_one_rtt,guard_grant_refresh_bdps,1.0
FbHdp,11,no_one_rtt,guard_long_acks_suppressed,374737.0
FbHdp,11,no_one_rtt,guard_min_share_fraction,0.0
FbHdp,11,no_one_rtt,guard_one_rtt_acks_suppressed,0.0
FbHdp,11,no_one_rtt,guard_one_rtt_bypass_enabled,0.0
FbHdp,11,no_one_rtt,guard_one_rtt_bypass_feedbacks,0.0
FbHdp,11,no_one_rtt,guard_one_rtt_bypass_flows,0.0
FbHdp,11,no_one_rtt,guard_rebalance_events,0.0
FbHdp,11,no_one_rtt,guard_remaining_aware,1.0
FbHdp,11,no_one_rtt,guard_remaining_exponent,1.0
FbHdp,11,no_one_rtt,guard_remaining_refresh_events,4671.0
FbHdp,11,no_one_rtt,guard_sender_srpt_enabled,1.0
FbHdp,11,no_one_rtt,guard_sender_srpt_forced_rr,99.0
FbHdp,11,no_one_rtt,guard_sender_srpt_non_rr,28027.0
FbHdp,11,no_one_rtt,guard_sender_srpt_selections,432267.0
FbHdp,11,no_one_rtt,guard_srpt_quantum_packets,64.0
FbHdp,11,no_one_rtt,guard_tail_bypass_bdps,8.0
FbHdp,11,no_one_rtt,guard_tail_bypass_enabled,1.0
FbHdp,11,no_one_rtt,guard_tail_bypass_feedbacks,18527.0
FbHdp,11,no_one_rtt,guard_tail_bypass_flows,489.0
FbHdp,11,no_one_rtt,hpcc_actual_rate_changes,547.0
FbHdp,11,no_one_rtt,hpcc_fast_computations,0.0
FbHdp,11,no_one_rtt,hpcc_feedback_updates,6889.0
FbHdp,11,no_one_rtt,hpcc_full_computations,1774.0
FbHdp,11,no_one_rtt,hpcc_rate_updates_applied,1774.0
FbHdp,11,no_one_rtt,hpcc_valid_feedback,3446.0
FbHdp,11,no_one_rtt,int_hops_after_strip,71340.0
FbHdp,11,no_one_rtt,int_hops_before_strip,128870.0
FbHdp,11,no_one_rtt,int_records_stripped,57530.0
FbHdp,11,no_one_rtt,irn_nacks_generated,0.0
FbHdp,11,no_one_rtt,irn_nacks_received,0.0
FbHdp,11,no_one_rtt,irn_retransmit_bytes,0.0
FbHdp,11,no_one_rtt,irn_retransmit_packets,0.0
FbHdp,11,no_one_rtt,le_8KB_fct_us_mean,6.516868593955322
FbHdp,11,no_one_rtt,le_8KB_fct_us_p95,8.5589
FbHdp,11,no_one_rtt,le_8KB_fct_us_p99,8.90918
FbHdp,11,no_one_rtt,le_8KB_flow_count,2283.0
FbHdp,11,no_one_rtt,le_8KB_slowdown_mean,1.0029570882735337
FbHdp,11,no_one_rtt,le_8KB_slowdown_p95,1.0170765849359837
FbHdp,11,no_one_rtt,le_8KB_slowdown_p99,1.0255052502845543
FbHdp,11,no_one_rtt,long_to_small_slowdown_mean_ratio,1.6279841884193191
FbHdp,11,no_one_rtt,max_active_flows,3.0
FbHdp,11,no_one_rtt,overall_fct_us_mean,23.48902667893284
FbHdp,11,no_one_rtt,overall_fct_us_p95,36.474
FbHdp,11,no_one_rtt,overall_fct_us_p99,497.89060000000006
FbHdp,11,no_one_rtt,overall_flow_count,3261.0
FbHdp,11,no_one_rtt,overall_slowdown_mean,1.0406385351453207
FbHdp,11,no_one_rtt,overall_slowdown_p95,1.1310997524159412
FbHdp,11,no_one_rtt,overall_slowdown_p99,1.965197371027524
FbHdp,11,no_one_rtt,pfc_pause_events,0.0
FbHdp,11,no_one_rtt,pfc_resume_events,0.0
FbHdp,11,no_one_rtt,proactive_releases,489.0
FbHdp,11,no_one_rtt,queue_bytes_max,388040.0
FbHdp,11,no_one_rtt,queue_bytes_mean,2660.22
FbHdp,11,no_one_rtt,queue_bytes_p95,0.0
FbHdp,11,no_one_rtt,queue_bytes_p99,107910.0
FbHdp,11,no_one_rtt,queue_sample_count,400020.0
FbHdp,11,no_one_rtt,reactive_binding_rate_changes,512.0
FbHdp,11,no_one_rtt,reactive_binding_updates,512.0
FbHdp,11,no_one_rtt,recovery_nacks_generated,0.0
FbHdp,11,no_one_rtt,recovery_nacks_received,0.0
FbHdp,11,no_one_rtt,registrations,489.0
FbHdp,11,no_one_rtt,selected_registrations,489.0
FbHdp,11,no_one_rtt,tie_binding_rate_changes,28.0
FbHdp,11,no_one_rtt,tie_binding_updates,1147.0
FbHdp,11,no_one_rtt,timeout_recoveries,0.0
FbHdp,11,no_tail,1BDP_to_1MB_fct_us_mean,36.48949063670412
FbHdp,11,no_tail,1BDP_to_1MB_fct_us_p95,89.77219999999998
FbHdp,11,no_tail,1BDP_to_1MB_fct_us_p99,223.21931999999975
FbHdp,11,no_tail,1BDP_to_1MB_flow_count,267.0
FbHdp,11,no_tail,1BDP_to_1MB_slowdown_mean,1.2009933388388885
FbHdp,11,no_tail,1BDP_to_1MB_slowdown_p95,1.6019183758421263
FbHdp,11,no_tail,1BDP_to_1MB_slowdown_p99,2.8098058503041834
FbHdp,11,no_tail,8KB_to_1BDP_fct_us_mean,11.57912355848435
FbHdp,11,no_tail,8KB_to_1BDP_fct_us_p95,16.410200000000003
FbHdp,11,no_tail,8KB_to_1BDP_fct_us_p99,17.569180000000003
FbHdp,11,no_tail,8KB_to_1BDP_flow_count,607.0
FbHdp,11,no_tail,8KB_to_1BDP_slowdown_mean,1.0355427337697471
FbHdp,11,no_tail,8KB_to_1BDP_slowdown_p95,1.0676457170026394
FbHdp,11,no_tail,8KB_to_1BDP_slowdown_p99,1.341770159357777
FbHdp,11,no_tail,aggregate_goodput_gbps,163.29891141319084
FbHdp,11,no_tail,completion_releases,0.0
FbHdp,11,no_tail,completion_span_us,21095.24
FbHdp,11,no_tail,grant_binding_rate_changes,14.0
FbHdp,11,no_tail,grant_binding_updates,210.0
FbHdp,11,no_tail,grant_bytes_sent,535800.0
FbHdp,11,no_tail,grant_event_rate_changes,876.0
FbHdp,11,no_tail,grants_received,5700.0
FbHdp,11,no_tail,grants_sent,5700.0
FbHdp,11,no_tail,gt_1MB_fct_us_mean,451.48743269230766
FbHdp,11,no_tail,gt_1MB_fct_us_p95,1131.4667
FbHdp,11,no_tail,gt_1MB_fct_us_p99,1639.0620399999998
FbHdp,11,no_tail,gt_1MB_flow_count,104.0
FbHdp,11,no_tail,gt_1MB_slowdown_mean,1.7023736497998234
FbHdp,11,no_tail,gt_1MB_slowdown_p95,3.21265369763908
FbHdp,11,no_tail,gt_1MB_slowdown_p99,3.8231410454973545
FbHdp,11,no_tail,guard_ack_interval_packets,8.0
FbHdp,11,no_tail,guard_adaptive_grant_updates,0.0
FbHdp,11,no_tail,guard_fixed_window,1.0
FbHdp,11,no_tail,guard_grant_refresh_bdps,1.0
FbHdp,11,no_tail,guard_long_acks_suppressed,352444.0
FbHdp,11,no_tail,guard_min_share_fraction,0.0
FbHdp,11,no_tail,guard_one_rtt_acks_suppressed,25971.0
FbHdp,11,no_tail,guard_one_rtt_bypass_enabled,1.0
FbHdp,11,no_tail,guard_one_rtt_bypass_feedbacks,2772.0
FbHdp,11,no_tail,guard_one_rtt_bypass_flows,2772.0
FbHdp,11,no_tail,guard_rebalance_events,0.0
FbHdp,11,no_tail,guard_remaining_aware,1.0
FbHdp,11,no_tail,guard_remaining_exponent,1.0
FbHdp,11,no_tail,guard_remaining_refresh_events,4675.0
FbHdp,11,no_tail,guard_sender_srpt_enabled,1.0
FbHdp,11,no_tail,guard_sender_srpt_forced_rr,95.0
FbHdp,11,no_tail,guard_sender_srpt_non_rr,27139.0
FbHdp,11,no_tail,guard_sender_srpt_selections,432267.0
FbHdp,11,no_tail,guard_srpt_quantum_packets,64.0
FbHdp,11,no_tail,guard_tail_bypass_bdps,8.0
FbHdp,11,no_tail,guard_tail_bypass_enabled,0.0
FbHdp,11,no_tail,guard_tail_bypass_feedbacks,0.0
FbHdp,11,no_tail,guard_tail_bypass_flows,0.0
FbHdp,11,no_tail,hpcc_actual_rate_changes,917.0
FbHdp,11,no_tail,hpcc_fast_computations,0.0
FbHdp,11,no_tail,hpcc_feedback_updates,6360.0
FbHdp,11,no_tail,hpcc_full_computations,2711.0
FbHdp,11,no_tail,hpcc_rate_updates_applied,2711.0
FbHdp,11,no_tail,hpcc_valid_feedback,2921.0
FbHdp,11,no_tail,int_hops_after_strip,66132.0
FbHdp,11,no_tail,int_hops_before_strip,119984.0
FbHdp,11,no_tail,int_records_stripped,53852.0
FbHdp,11,no_tail,irn_nacks_generated,0.0
FbHdp,11,no_tail,irn_nacks_received,0.0
FbHdp,11,no_tail,irn_retransmit_bytes,0.0
FbHdp,11,no_tail,irn_retransmit_packets,0.0
FbHdp,11,no_tail,le_8KB_fct_us_mean,6.5166898817345595
FbHdp,11,no_tail,le_8KB_fct_us_p95,8.563
FbHdp,11,no_tail,le_8KB_fct_us_p99,8.90418
FbHdp,11,no_tail,le_8KB_flow_count,2283.0
FbHdp,11,no_tail,le_8KB_slowdown_mean,1.0028465582553383
FbHdp,11,no_tail,le_8KB_slowdown_p95,1.0170777515198415
FbHdp,11,no_tail,le_8KB_slowdown_p99,1.0239915264740687
FbHdp,11,no_tail,long_to_small_slowdown_mean_ratio,1.6975414990319746
FbHdp,11,no_tail,max_active_flows,3.0
FbHdp,11,no_tail,overall_fct_us_mean,24.10411468874578
FbHdp,11,no_tail,overall_fct_us_p95,36.433
FbHdp,11,no_tail,overall_fct_us_p99,509.81720000000007
FbHdp,11,no_tail,overall_flow_count,3261.0
FbHdp,11,no_tail,overall_slowdown_mean,1.0474655666802632
FbHdp,11,no_tail,overall_slowdown_p95,1.143762333218676
FbHdp,11,no_tail,overall_slowdown_p99,2.0626665052460993
FbHdp,11,no_tail,pfc_pause_events,0.0
FbHdp,11,no_tail,pfc_resume_events,0.0
FbHdp,11,no_tail,proactive_releases,489.0
FbHdp,11,no_tail,queue_bytes_max,389130.0
FbHdp,11,no_tail,queue_bytes_mean,2881.06
FbHdp,11,no_tail,queue_bytes_p95,0.0
FbHdp,11,no_tail,queue_bytes_p99,110090.0
FbHdp,11,no_tail,queue_sample_count,400020.0
FbHdp,11,no_tail,reactive_binding_rate_changes,835.0
FbHdp,11,no_tail,reactive_binding_updates,835.0
FbHdp,11,no_tail,recovery_nacks_generated,0.0
FbHdp,11,no_tail,recovery_nacks_received,0.0
FbHdp,11,no_tail,registrations,489.0
FbHdp,11,no_tail,selected_registrations,489.0
FbHdp,11,no_tail,tie_binding_rate_changes,68.0
FbHdp,11,no_tail,tie_binding_updates,1666.0
FbHdp,11,no_tail,timeout_recoveries,0.0
FbHdp,11,no_remaining,1BDP_to_1MB_fct_us_mean,34.984078651685394
FbHdp,11,no_remaining,1BDP_to_1MB_fct_us_p95,89.15539999999999
FbHdp,11,no_remaining,1BDP_to_1MB_fct_us_p99,179.92753999999988
FbHdp,11,no_remaining,1BDP_to_1MB_flow_count,267.0
FbHdp,11,no_remaining,1BDP_to_1MB_slowdown_mean,1.1924101370081739
FbHdp,11,no_remaining,1BDP_to_1MB_slowdown_p95,1.7824178682969194
FbHdp,11,no_remaining,1BDP_to_1MB_slowdown_p99,2.1588056367112527
FbHdp,11,no_remaining,8KB_to_1BDP_fct_us_mean,11.623390444810545
FbHdp,11,no_remaining,8KB_to_1BDP_fct_us_p95,16.499000000000002
FbHdp,11,no_remaining,8KB_to_1BDP_fct_us_p99,17.90682000000002
FbHdp,11,no_remaining,8KB_to_1BDP_flow_count,607.0
FbHdp,11,no_remaining,8KB_to_1BDP_slowdown_mean,1.0394562147070354
FbHdp,11,no_remaining,8KB_to_1BDP_slowdown_p95,1.11852005939351
FbHdp,11,no_remaining,8KB_to_1BDP_slowdown_p99,1.3935714917030766
FbHdp,11,no_remaining,aggregate_goodput_gbps,163.30960247719491
FbHdp,11,no_remaining,completion_releases,0.0
FbHdp,11,no_remaining,completion_span_us,21093.859
FbHdp,11,no_remaining,grant_binding_rate_changes,10.0
FbHdp,11,no_remaining,grant_binding_updates,117.0
FbHdp,11,no_remaining,grant_bytes_sent,59690.0
FbHdp,11,no_remaining,grant_event_rate_changes,199.0
FbHdp,11,no_remaining,grants_received,635.0
FbHdp,11,no_remaining,grants_sent,635.0
FbHdp,11,no_remaining,gt_1MB_fct_us_mean,445.1971442307692
FbHdp,11,no_remaining,gt_1MB_fct_us_p95,1093.6058999999998
FbHdp,11,no_remaining,gt_1MB_fct_us_p99,1688.1326299999998
FbHdp,11,no_remaining,gt_1MB_flow_count,104.0
FbHdp,11,no_remaining,gt_1MB_slowdown_mean,1.6779848584703947
FbHdp,11,no_remaining,gt_1MB_slowdown_p95,3.1282886301919506
FbHdp,11,no_remaining,gt_1MB_slowdown_p99,3.3695115758095726
FbHdp,11,no_remaining,guard_ack_interval_packets,8.0
FbHdp,11,no_remaining,guard_adaptive_grant_updates,0.0
FbHdp,11,no_remaining,guard_fixed_window,1.0
FbHdp,11,no_remaining,guard_grant_refresh_bdps,1.0
FbHdp,11,no_remaining,guard_long_acks_suppressed,352444.0
FbHdp,11,no_remaining,guard_min_share_fraction,0.0
FbHdp,11,no_remaining,guard_one_rtt_acks_suppressed,25971.0
FbHdp,11,no_remaining,guard_one_rtt_bypass_enabled,1.0
FbHdp,11,no_remaining,guard_one_rtt_bypass_feedbacks,2772.0
FbHdp,11,no_remaining,guard_one_rtt_bypass_flows,2772.0
FbHdp,11,no_remaining,guard_rebalance_events,9.0
FbHdp,11,no_remaining,guard_remaining_aware,0.0
FbHdp,11,no_remaining,guard_remaining_exponent,1.0
FbHdp,11,no_remaining,guard_remaining_refresh_events,0.0
FbHdp,11,no_remaining,guard_sender_srpt_enabled,1.0
FbHdp,11,no_remaining,guard_sender_srpt_forced_rr,98.0
FbHdp,11,no_remaining,guard_sender_srpt_non_rr,28546.0
FbHdp,11,no_remaining,guard_sender_srpt_selections,432267.0
FbHdp,11,no_remaining,guard_srpt_quantum_packets,64.0
FbHdp,11,no_remaining,guard_tail_bypass_bdps,8.0
FbHdp,11,no_remaining,guard_tail_bypass_enabled,1.0
FbHdp,11,no_remaining,guard_tail_bypass_feedbacks,18527.0
FbHdp,11,no_remaining,guard_tail_bypass_flows,489.0
FbHdp,11,no_remaining,hpcc_actual_rate_changes,573.0
FbHdp,11,no_remaining,hpcc_fast_computations,0.0
FbHdp,11,no_remaining,hpcc_feedback_updates,4045.0
FbHdp,11,no_remaining,hpcc_full_computations,1751.0
FbHdp,11,no_remaining,hpcc_rate_updates_applied,1751.0
FbHdp,11,no_remaining,hpcc_valid_feedback,1826.0
FbHdp,11,no_remaining,int_hops_after_strip,66132.0
FbHdp,11,no_remaining,int_hops_before_strip,119984.0
FbHdp,11,no_remaining,int_records_stripped,53852.0
FbHdp,11,no_remaining,irn_nacks_generated,0.0
FbHdp,11,no_remaining,irn_nacks_received,0.0
FbHdp,11,no_remaining,irn_retransmit_bytes,0.0
FbHdp,11,no_remaining,irn_retransmit_packets,0.0
FbHdp,11,no_remaining,le_8KB_fct_us_mean,6.516508541392904
FbHdp,11,no_remaining,le_8KB_fct_us_p95,8.552900000000001
FbHdp,11,no_remaining,le_8KB_fct_us_p99,8.883359999999998
FbHdp,11,no_remaining,le_8KB_flow_count,2283.0
FbHdp,11,no_remaining,le_8KB_slowdown_mean,1.0028263957857007
FbHdp,11,no_remaining,le_8KB_slowdown_p95,1.017145483375296
FbHdp,11,no_remaining,le_8KB_slowdown_p99,1.0242470746943013
FbHdp,11,no_remaining,long_to_small_slowdown_mean_ratio,1.6732555759620953
FbHdp,11,no_remaining,max_active_flows,3.0
FbHdp,11,no_remaining,overall_fct_us_mean,23.788359092302976
FbHdp,11,no_remaining,overall_fct_us_p95,38.606
FbHdp,11,no_remaining,overall_fct_us_p99,497.1278000000003
FbHdp,11,no_remaining,overall_flow_count,3261.0
FbHdp,11,no_remaining,overall_slowdown_mean,1.0466993301956542
FbHdp,11,no_remaining,overall_slowdown_p95,1.2066214599122458
FbHdp,11,no_remaining,overall_slowdown_p99,2.0180086666508497
FbHdp,11,no_remaining,pfc_pause_events,0.0
FbHdp,11,no_remaining,pfc_resume_events,0.0
FbHdp,11,no_remaining,proactive_releases,489.0
FbHdp,11,no_remaining,queue_bytes_max,368670.0
FbHdp,11,no_remaining,queue_bytes_mean,2856.513
FbHdp,11,no_remaining,queue_bytes_p95,0.0
FbHdp,11,no_remaining,queue_bytes_p99,107910.0
FbHdp,11,no_remaining,queue_sample_count,400020.0
FbHdp,11,no_remaining,reactive_binding_rate_changes,534.0
FbHdp,11,no_remaining,reactive_binding_updates,534.0
FbHdp,11,no_remaining,recovery_nacks_generated,0.0
FbHdp,11,no_remaining,recovery_nacks_received,0.0
FbHdp,11,no_remaining,registrations,489.0
FbHdp,11,no_remaining,selected_registrations,489.0
FbHdp,11,no_remaining,tie_binding_rate_changes,29.0
FbHdp,11,no_remaining,tie_binding_updates,1100.0
FbHdp,11,no_remaining,timeout_recoveries,0.0
FbHdp,11,no_ack_coalescing,1BDP_to_1MB_fct_us_mean,34.09822846441948
FbHdp,11,no_ack_coalescing,1BDP_to_1MB_fct_us_p95,82.84949999999996
FbHdp,11,no_ack_coalescing,1BDP_to_1MB_fct_us_p99,183.6692599999999
FbHdp,11,no_ack_coalescing,1BDP_to_1MB_flow_count,267.0
FbHdp,11,no_ack_coalescing,1BDP_to_1MB_slowdown_mean,1.148161819437032
FbHdp,11,no_ack_coalescing,1BDP_to_1MB_slowdown_p95,1.529245404976909
FbHdp,11,no_ack_coalescing,1BDP_to_1MB_slowdown_p99,2.2804361997424434
FbHdp,11,no_ack_coalescing,8KB_to_1BDP_fct_us_mean,11.671945634266887
FbHdp,11,no_ack_coalescing,8KB_to_1BDP_fct_us_p95,16.6907
FbHdp,11,no_ack_coalescing,8KB_to_1BDP_fct_us_p99,18.087780000000006
FbHdp,11,no_ack_coalescing,8KB_to_1BDP_flow_count,607.0
FbHdp,11,no_ack_coalescing,8KB_to_1BDP_slowdown_mean,1.042764128249616
FbHdp,11,no_ack_coalescing,8KB_to_1BDP_slowdown_p95,1.080680375657598
FbHdp,11,no_ack_coalescing,8KB_to_1BDP_slowdown_p99,1.3496774321258185
FbHdp,11,no_ack_coalescing,aggregate_goodput_gbps,162.45738480294267
FbHdp,11,no_ack_coalescing,completion_releases,0.0
FbHdp,11,no_ack_coalescing,completion_span_us,21204.513
FbHdp,11,no_ack_coalescing,grant_binding_rate_changes,7.0
FbHdp,11,no_ack_coalescing,grant_binding_updates,126.0
FbHdp,11,no_ack_coalescing,grant_bytes_sent,534484.0
FbHdp,11,no_ack_coalescing,grant_event_rate_changes,879.0
FbHdp,11,no_ack_coalescing,grants_received,5686.0
FbHdp,11,no_ack_coalescing,grants_sent,5686.0
FbHdp,11,no_ack_coalescing,gt_1MB_fct_us_mean,449.96524999999997
FbHdp,11,no_ack_coalescing,gt_1MB_fct_us_p95,1131.8789
FbHdp,11,no_ack_coalescing,gt_1MB_fct_us_p99,1747.78871
FbHdp,11,no_ack_coalescing,gt_1MB_flow_count,104.0
FbHdp,11,no_ack_coalescing,gt_1MB_slowdown_mean,1.6568460975960189
FbHdp,11,no_ack_coalescing,gt_1MB_slowdown_p95,3.1245200177804406
FbHdp,11,no_ack_coalescing,gt_1MB_slowdown_p99,3.7647695867915942
FbHdp,11,no_ack_coalescing,guard_ack_interval_packets,1.0
FbHdp,11,no_ack_coalescing,guard_adaptive_grant_updates,0.0
FbHdp,11,no_ack_coalescing,guard_fixed_window,1.0
FbHdp,11,no_ack_coalescing,guard_grant_refresh_bdps,1.0
FbHdp,11,no_ack_coalescing,guard_long_acks_suppressed,0.0
FbHdp,11,no_ack_coalescing,guard_min_share_fraction,0.0
FbHdp,11,no_ack_coalescing,guard_one_rtt_acks_suppressed,25971.0
FbHdp,11,no_ack_coalescing,guard_one_rtt_bypass_enabled,1.0
FbHdp,11,no_ack_coalescing,guard_one_rtt_bypass_feedbacks,2772.0
FbHdp,11,no_ack_coalescing,guard_one_rtt_bypass_flows,2772.0
FbHdp,11,no_ack_coalescing,guard_rebalance_events,0.0
FbHdp,11,no_ack_coalescing,guard_remaining_aware,1.0
FbHdp,11,no_ack_coalescing,guard_remaining_exponent,1.0
FbHdp,11,no_ack_coalescing,guard_remaining_refresh_events,4673.0
FbHdp,11,no_ack_coalescing,guard_sender_srpt_enabled,1.0
FbHdp,11,no_ack_coalescing,guard_sender_srpt_forced_rr,298.0
FbHdp,11,no_ack_coalescing,guard_sender_srpt_non_rr,27163.0
FbHdp,11,no_ack_coalescing,guard_sender_srpt_selections,432267.0
FbHdp,11,no_ack_coalescing,guard_srpt_quantum_packets,64.0
FbHdp,11,no_ack_coalescing,guard_tail_bypass_bdps,8.0
FbHdp,11,no_ack_coalescing,guard_tail_bypass_enabled,1.0
FbHdp,11,no_ack_coalescing,guard_tail_bypass_feedbacks,144414.0
FbHdp,11,no_ack_coalescing,guard_tail_bypass_flows,489.0
FbHdp,11,no_ack_coalescing,hpcc_actual_rate_changes,632.0
FbHdp,11,no_ack_coalescing,hpcc_fast_computations,0.0
FbHdp,11,no_ack_coalescing,hpcc_feedback_updates,4144.0
FbHdp,11,no_ack_coalescing,hpcc_full_computations,1875.0
FbHdp,11,no_ack_coalescing,hpcc_rate_updates_applied,1875.0
FbHdp,11,no_ack_coalescing,hpcc_valid_feedback,1950.0
FbHdp,11,no_ack_coalescing,int_hops_after_strip,502300.0
FbHdp,11,no_ack_coalescing,int_hops_before_strip,908596.0
FbHdp,11,no_ack_coalescing,int_records_stripped,406296.0
FbHdp,11,no_ack_coalescing,irn_nacks_generated,0.0
FbHdp,11,no_ack_coalescing,irn_nacks_received,0.0
FbHdp,11,no_ack_coalescing,irn_retransmit_bytes,0.0
FbHdp,11,no_ack_coalescing,irn_retransmit_packets,0.0
FbHdp,11,no_ack_coalescing,le_8KB_fct_us_mean,6.519858081471748
FbHdp,11,no_ack_coalescing,le_8KB_fct_us_p95,8.5679
FbHdp,11,no_ack_coalescing,le_8KB_fct_us_p99,8.91972
FbHdp,11,no_ack_coalescing,le_8KB_flow_count,2283.0
FbHdp,11,no_ack_coalescing,le_8KB_slowdown_mean,1.0032155582132716
FbHdp,11,no_ack_coalescing,le_8KB_slowdown_p95,1.0181701452415632
FbHdp,11,no_ack_coalescing,le_8KB_slowdown_p99,1.0267034253303458
FbHdp,11,no_ack_coalescing,long_to_small_slowdown_mean_ratio,1.6515354890895675
FbHdp,11,no_ack_coalescing,max_active_flows,3.0
FbHdp,11,no_ack_coalescing,overall_fct_us_mean,23.87927629561484
FbHdp,11,no_ack_coalescing,overall_fct_us_p95,35.937
FbHdp,11,no_ack_coalescing,overall_fct_us_p99,469.8942000000003
FbHdp,11,no_ack_coalescing,overall_flow_count,3261.0
FbHdp,11,no_ack_coalescing,overall_slowdown_mean,1.0432904462398314
FbHdp,11,no_ack_coalescing,overall_slowdown_p95,1.1363704649590625
FbHdp,11,no_ack_coalescing,overall_slowdown_p99,2.0138909025898597
FbHdp,11,no_ack_coalescing,pfc_pause_events,0.0
FbHdp,11,no_ack_coalescing,pfc_resume_events,0.0
FbHdp,11,no_ack_coalescing,proactive_releases,489.0
FbHdp,11,no_ack_coalescing,queue_bytes_max,393886.0
FbHdp,11,no_ack_coalescing,queue_bytes_mean,3326.597
FbHdp,11,no_ack_coalescing,queue_bytes_p95,6540.0
FbHdp,11,no_ack_coalescing,queue_bytes_p99,122080.0
FbHdp,11,no_ack_coalescing,queue_sample_count,400020.0
FbHdp,11,no_ack_coalescing,reactive_binding_rate_changes,581.0
FbHdp,11,no_ack_coalescing,reactive_binding_updates,581.0
FbHdp,11,no_ack_coalescing,recovery_nacks_generated,0.0
FbHdp,11,no_ack_coalescing,recovery_nacks_received,0.0
FbHdp,11,no_ack_coalescing,registrations,489.0
FbHdp,11,no_ack_coalescing,selected_registrations,489.0
FbHdp,11,no_ack_coalescing,tie_binding_rate_changes,44.0
FbHdp,11,no_ack_coalescing,tie_binding_updates,1168.0
FbHdp,11,no_ack_coalescing,timeout_recoveries,0.0
FbHdp,11,no_fixed_window,1BDP_to_1MB_fct_us_mean,33.82520973782771
FbHdp,11,no_fixed_window,1BDP_to_1MB_fct_us_p95,86.36269999999993
FbHdp,11,no_fixed_window,1BDP_to_1MB_fct_us_p99,179.52233999999982
FbHdp,11,no_fixed_window,1BDP_to_1MB_flow_count,267.0
FbHdp,11,no_fixed_window,1BDP_to_1MB_slowdown_mean,1.1503431768696781
FbHdp,11,no_fixed_window,1BDP_to_1MB_slowdown_p95,1.6114842914332537
FbHdp,11,no_fixed_window,1BDP_to_1MB_slowdown_p99,2.134641243665492
FbHdp,11,no_fixed_window,8KB_to_1BDP_fct_us_mean,11.578100494233938
FbHdp,11,no_fixed_window,8KB_to_1BDP_fct_us_p95,16.413200000000003
FbHdp,11,no_fixed_window,8KB_to_1BDP_fct_us_p99,17.569180000000003
FbHdp,11,no_fixed_window,8KB_to_1BDP_flow_count,607.0
FbHdp,11,no_fixed_window,8KB_to_1BDP_slowdown_mean,1.0354675974137117
FbHdp,11,no_fixed_window,8KB_to_1BDP_slowdown_p95,1.074542124021307
FbHdp,11,no_fixed_window,8KB_to_1BDP_slowdown_p99,1.341579826104367
FbHdp,11,no_fixed_window,aggregate_goodput_gbps,163.45990538406602
FbHdp,11,no_fixed_window,completion_releases,0.0
FbHdp,11,no_fixed_window,completion_span_us,21074.463
FbHdp,11,no_fixed_window,grant_binding_rate_changes,4.0
FbHdp,11,no_fixed_window,grant_binding_updates,207.0
FbHdp,11,no_fixed_window,grant_bytes_sent,532510.0
FbHdp,11,no_fixed_window,grant_event_rate_changes,919.0
FbHdp,11,no_fixed_window,grants_received,5665.0
FbHdp,11,no_fixed_window,grants_sent,5665.0
FbHdp,11,no_fixed_window,gt_1MB_fct_us_mean,444.3043076923077
FbHdp,11,no_fixed_window,gt_1MB_fct_us_p95,1105.4628499999997
FbHdp,11,no_fixed_window,gt_1MB_fct_us_p99,1679.67338
FbHdp,11,no_fixed_window,gt_1MB_flow_count,104.0
FbHdp,11,no_fixed_window,gt_1MB_slowdown_mean,1.664828408037418
FbHdp,11,no_fixed_window,gt_1MB_slowdown_p95,3.054650383305211
FbHdp,11,no_fixed_window,gt_1MB_slowdown_p99,3.1979085094523456
FbHdp,11,no_fixed_window,guard_ack_interval_packets,8.0
FbHdp,11,no_fixed_window,guard_adaptive_grant_updates,0.0
FbHdp,11,no_fixed_window,guard_fixed_window,0.0
FbHdp,11,no_fixed_window,guard_grant_refresh_bdps,1.0
FbHdp,11,no_fixed_window,guard_long_acks_suppressed,352444.0
FbHdp,11,no_fixed_window,guard_min_share_fraction,0.0
FbHdp,11,no_fixed_window,guard_one_rtt_acks_suppressed,25971.0
FbHdp,11,no_fixed_window,guard_one_rtt_bypass_enabled,1.0
FbHdp,11,no_fixed_window,guard_one_rtt_bypass_feedbacks,2772.0
FbHdp,11,no_fixed_window,guard_one_rtt_bypass_flows,2772.0
FbHdp,11,no_fixed_window,guard_rebalance_events,0.0
FbHdp,11,no_fixed_window,guard_remaining_aware,1.0
FbHdp,11,no_fixed_window,guard_remaining_exponent,1.0
FbHdp,11,no_fixed_window,guard_remaining_refresh_events,4670.0
FbHdp,11,no_fixed_window,guard_sender_srpt_enabled,1.0
FbHdp,11,no_fixed_window,guard_sender_srpt_forced_rr,96.0
FbHdp,11,no_fixed_window,guard_sender_srpt_non_rr,29383.0
FbHdp,11,no_fixed_window,guard_sender_srpt_selections,432267.0
FbHdp,11,no_fixed_window,guard_srpt_quantum_packets,64.0
FbHdp,11,no_fixed_window,guard_tail_bypass_bdps,8.0
FbHdp,11,no_fixed_window,guard_tail_bypass_enabled,1.0
FbHdp,11,no_fixed_window,guard_tail_bypass_feedbacks,18513.0
FbHdp,11,no_fixed_window,guard_tail_bypass_flows,489.0
FbHdp,11,no_fixed_window,hpcc_actual_rate_changes,520.0
FbHdp,11,no_fixed_window,hpcc_fast_computations,0.0
FbHdp,11,no_fixed_window,hpcc_feedback_updates,4202.0
FbHdp,11,no_fixed_window,hpcc_full_computations,1847.0
FbHdp,11,no_fixed_window,hpcc_rate_updates_applied,1847.0
FbHdp,11,no_fixed_window,hpcc_valid_feedback,1922.0
FbHdp,11,no_fixed_window,int_hops_after_strip,66132.0
FbHdp,11,no_fixed_window,int_hops_before_strip,119984.0
FbHdp,11,no_fixed_window,int_records_stripped,53852.0
FbHdp,11,no_fixed_window,irn_nacks_generated,0.0
FbHdp,11,no_fixed_window,irn_nacks_received,0.0
FbHdp,11,no_fixed_window,irn_retransmit_bytes,0.0
FbHdp,11,no_fixed_window,irn_retransmit_packets,0.0
FbHdp,11,no_fixed_window,le_8KB_fct_us_mean,6.516824791940429
FbHdp,11,no_fixed_window,le_8KB_fct_us_p95,8.5559
FbHdp,11,no_fixed_window,le_8KB_fct_us_p99,8.902539999999998
FbHdp,11,no_fixed_window,le_8KB_flow_count,2283.0
FbHdp,11,no_fixed_window,le_8KB_slowdown_mean,1.002860700524659
FbHdp,11,no_fixed_window,le_8KB_slowdown_p95,1.016862925851362
FbHdp,11,no_fixed_window,le_8KB_slowdown_p99,1.0246434718862727
FbHdp,11,no_fixed_window,long_to_small_slowdown_mean_ratio,1.6600794179754401
FbHdp,11,no_fixed_window,max_active_flows,3.0
FbHdp,11,no_fixed_window,overall_fct_us_mean,23.65679147500767
FbHdp,11,no_fixed_window,overall_fct_us_p95,36.625
FbHdp,11,no_fixed_window,overall_fct_us_p99,500.66120000000035
FbHdp,11,no_fixed_window,overall_flow_count,3261.0
FbHdp,11,no_fixed_window,overall_slowdown_mean,1.0421170173529637
FbHdp,11,no_fixed_window,overall_slowdown_p95,1.1317198165860947
FbHdp,11,no_fixed_window,overall_slowdown_p99,1.9676940933555775
FbHdp,11,no_fixed_window,pfc_pause_events,0.0
FbHdp,11,no_fixed_window,pfc_resume_events,0.0
FbHdp,11,no_fixed_window,proactive_releases,489.0
FbHdp,11,no_fixed_window,queue_bytes_max,338150.0
FbHdp,11,no_fixed_window,queue_bytes_mean,2228.649
FbHdp,11,no_fixed_window,queue_bytes_p95,0.0
FbHdp,11,no_fixed_window,queue_bytes_p99,89380.0
FbHdp,11,no_fixed_window,queue_sample_count,400020.0
FbHdp,11,no_fixed_window,reactive_binding_rate_changes,481.0
FbHdp,11,no_fixed_window,reactive_binding_updates,481.0
FbHdp,11,no_fixed_window,recovery_nacks_generated,0.0
FbHdp,11,no_fixed_window,recovery_nacks_received,0.0
FbHdp,11,no_fixed_window,registrations,489.0
FbHdp,11,no_fixed_window,selected_registrations,489.0
FbHdp,11,no_fixed_window,tie_binding_rate_changes,35.0
FbHdp,11,no_fixed_window,tie_binding_updates,1159.0
FbHdp,11,no_fixed_window,timeout_recoveries,0.0
FbHdp,12,guard,1BDP_to_1MB_fct_us_mean,33.38192114695341
FbHdp,12,guard,1BDP_to_1MB_fct_us_p95,80.64620000000001
FbHdp,12,guard,1BDP_to_1MB_fct_us_p99,135.251820000002
FbHdp,12,guard,1BDP_to_1MB_flow_count,279.0
FbHdp,12,guard,1BDP_to_1MB_slowdown_mean,1.1354032668228131
FbHdp,12,guard,1BDP_to_1MB_slowdown_p95,1.4944480245245724
FbHdp,12,guard,1BDP_to_1MB_slowdown_p99,1.907354923000287
FbHdp,12,guard,8KB_to_1BDP_fct_us_mean,11.399262214983713
FbHdp,12,guard,8KB_to_1BDP_fct_us_p95,16.0362
FbHdp,12,guard,8KB_to_1BDP_fct_us_p99,18.24558
FbHdp,12,guard,8KB_to_1BDP_flow_count,614.0
FbHdp,12,guard,8KB_to_1BDP_slowdown_mean,1.0311398585203795
FbHdp,12,guard,8KB_to_1BDP_slowdown_p95,1.0565067165051054
FbHdp,12,guard,8KB_to_1BDP_slowdown_p99,1.2927961958913599
FbHdp,12,guard,aggregate_goodput_gbps,154.58493936470984
FbHdp,12,guard,completion_releases,0.0
FbHdp,12,guard,completion_span_us,20697.188
FbHdp,12,guard,grant_binding_rate_changes,1.0
FbHdp,12,guard,grant_binding_updates,99.0
FbHdp,12,guard,grant_bytes_sent,540030.0
FbHdp,12,guard,grant_event_rate_changes,900.0
FbHdp,12,guard,grants_received,5745.0
FbHdp,12,guard,grants_sent,5745.0
FbHdp,12,guard,gt_1MB_fct_us_mean,447.57413414634146
FbHdp,12,guard,gt_1MB_fct_us_p95,1254.4288500000002
FbHdp,12,guard,gt_1MB_fct_us_p99,1442.4773399999995
FbHdp,12,guard,gt_1MB_flow_count,82.0
FbHdp,12,guard,gt_1MB_slowdown_mean,1.432835198451642
FbHdp,12,guard,gt_1MB_slowdown_p95,2.16828808076338
FbHdp,12,guard,gt_1MB_slowdown_p99,2.2756858437927834
FbHdp,12,guard,guard_ack_interval_packets,8.0
FbHdp,12,guard,guard_adaptive_grant_updates,0.0
FbHdp,12,guard,guard_fixed_window,1.0
FbHdp,12,guard,guard_grant_refresh_bdps,1.0
FbHdp,12,guard,guard_long_acks_suppressed,325476.0
FbHdp,12,guard,guard_min_share_fraction,0.0
FbHdp,12,guard,guard_one_rtt_acks_suppressed,26136.0
FbHdp,12,guard,guard_one_rtt_bypass_enabled,1.0
FbHdp,12,guard,guard_one_rtt_bypass_feedbacks,2781.0
FbHdp,12,guard,guard_one_rtt_bypass_flows,2781.0
FbHdp,12,guard,guard_rebalance_events,0.0
FbHdp,12,guard,guard_remaining_aware,1.0
FbHdp,12,guard,guard_remaining_exponent,1.0
FbHdp,12,guard,guard_remaining_refresh_events,4780.0
FbHdp,12,guard,guard_sender_srpt_enabled,1.0
FbHdp,12,guard,guard_sender_srpt_forced_rr,90.0
FbHdp,12,guard,guard_sender_srpt_non_rr,22127.0
FbHdp,12,guard,guard_sender_srpt_selections,401601.0
FbHdp,12,guard,guard_srpt_quantum_packets,64.0
FbHdp,12,guard,guard_tail_bypass_bdps,8.0
FbHdp,12,guard,guard_tail_bypass_enabled,1.0
FbHdp,12,guard,guard_tail_bypass_feedbacks,16781.0
FbHdp,12,guard,guard_tail_bypass_flows,477.0
FbHdp,12,guard,hpcc_actual_rate_changes,281.0
FbHdp,12,guard,hpcc_fast_computations,0.0
FbHdp,12,guard,hpcc_feedback_updates,4321.0
FbHdp,12,guard,hpcc_full_computations,1045.0
FbHdp,12,guard,hpcc_rate_updates_applied,1045.0
FbHdp,12,guard,hpcc_valid_feedback,1094.0
FbHdp,12,guard,int_hops_after_strip,48068.0
FbHdp,12,guard,int_hops_before_strip,98057.0
FbHdp,12,guard,int_records_stripped,49989.0
FbHdp,12,guard,irn_nacks_generated,0.0
FbHdp,12,guard,irn_nacks_received,0.0
FbHdp,12,guard,irn_retransmit_bytes,0.0
FbHdp,12,guard,irn_retransmit_packets,0.0
FbHdp,12,guard,le_8KB_fct_us_mean,6.416129653964082
FbHdp,12,guard,le_8KB_fct_us_p95,8.5479
FbHdp,12,guard,le_8KB_fct_us_p99,8.84254
FbHdp,12,guard,le_8KB_flow_count,2283.0
FbHdp,12,guard,le_8KB_slowdown_mean,1.002190307703846
FbHdp,12,guard,le_8KB_slowdown_p95,1.0146963977028076
FbHdp,12,guard,le_8KB_slowdown_p99,1.0241550468647733
FbHdp,12,guard,long_to_small_slowdown_mean_ratio,1.429703707407091
FbHdp,12,guard,max_active_flows,3.0
FbHdp,12,guard,overall_fct_us_mean,20.767896255371394
FbHdp,12,guard,overall_fct_us_p95,31.287100000000034
FbHdp,12,guard,overall_fct_us_p99,339.54675999999995
FbHdp,12,guard,overall_flow_count,3258.0
FbHdp,12,guard,overall_slowdown_mean,1.0298926775125825
FbHdp,12,guard,overall_slowdown_p95,1.0986640783801203
FbHdp,12,guard,overall_slowdown_p99,1.6160076364158442
FbHdp,12,guard,pfc_pause_events,0.0
FbHdp,12,guard,pfc_resume_events,0.0
FbHdp,12,guard,proactive_releases,477.0
FbHdp,12,guard,queue_bytes_max,228900.0
FbHdp,12,guard,queue_bytes_mean,1674.031
FbHdp,12,guard,queue_bytes_p95,0.0
FbHdp,12,guard,queue_bytes_p99,83930.0
FbHdp,12,guard,queue_sample_count,400020.0
FbHdp,12,guard,reactive_binding_rate_changes,256.0
FbHdp,12,guard,reactive_binding_updates,256.0
FbHdp,12,guard,recovery_nacks_generated,0.0
FbHdp,12,guard,recovery_nacks_received,0.0
FbHdp,12,guard,registrations,477.0
FbHdp,12,guard,selected_registrations,477.0
FbHdp,12,guard,tie_binding_rate_changes,24.0
FbHdp,12,guard,tie_binding_updates,690.0
FbHdp,12,guard,timeout_recoveries,0.0
FbHdp,12,no_priority,1BDP_to_1MB_fct_us_mean,38.05132616487455
FbHdp,12,no_priority,1BDP_to_1MB_fct_us_p95,91.9111
FbHdp,12,no_priority,1BDP_to_1MB_fct_us_p99,151.77998000000065
FbHdp,12,no_priority,1BDP_to_1MB_flow_count,279.0
FbHdp,12,no_priority,1BDP_to_1MB_slowdown_mean,1.3144426139216083
FbHdp,12,no_priority,1BDP_to_1MB_slowdown_p95,2.3422420528102372
FbHdp,12,no_priority,1BDP_to_1MB_slowdown_p99,2.9990122635601333
FbHdp,12,no_priority,8KB_to_1BDP_fct_us_mean,12.944084690553746
FbHdp,12,no_priority,8KB_to_1BDP_fct_us_p95,23.0888
FbHdp,12,no_priority,8KB_to_1BDP_fct_us_p99,28.492480000000004
FbHdp,12,no_priority,8KB_to_1BDP_flow_count,614.0
FbHdp,12,no_priority,8KB_to_1BDP_slowdown_mean,1.157993946199561
FbHdp,12,no_priority,8KB_to_1BDP_slowdown_p95,1.8139165540004345
FbHdp,12,no_priority,8KB_to_1BDP_slowdown_p99,2.154478217176575
FbHdp,12,no_priority,aggregate_goodput_gbps,154.55295674399176
FbHdp,12,no_priority,completion_releases,0.0
FbHdp,12,no_priority,completion_span_us,20701.471
FbHdp,12,no_priority,grant_binding_rate_changes,0.0
FbHdp,12,no_priority,grant_binding_updates,112.0
FbHdp,12,no_priority,grant_bytes_sent,544448.0
FbHdp,12,no_priority,grant_event_rate_changes,967.0
FbHdp,12,no_priority,grants_received,5792.0
FbHdp,12,no_priority,grants_sent,5792.0
FbHdp,12,no_priority,gt_1MB_fct_us_mean,444.2056829268293
FbHdp,12,no_priority,gt_1MB_fct_us_p95,1260.3037500000005
FbHdp,12,no_priority,gt_1MB_fct_us_p99,1438.3014699999994
FbHdp,12,no_priority,gt_1MB_flow_count,82.0
FbHdp,12,no_priority,gt_1MB_slowdown_mean,1.4138309313669994
FbHdp,12,no_priority,gt_1MB_slowdown_p95,2.105761531314109
FbHdp,12,no_priority,gt_1MB_slowdown_p99,2.2461370385934303
FbHdp,12,no_priority,guard_ack_interval_packets,8.0
FbHdp,12,no_priority,guard_adaptive_grant_updates,0.0
FbHdp,12,no_priority,guard_fixed_window,1.0
FbHdp,12,no_priority,guard_grant_refresh_bdps,1.0
FbHdp,12,no_priority,guard_long_acks_suppressed,325476.0
FbHdp,12,no_priority,guard_min_share_fraction,0.0
FbHdp,12,no_priority,guard_one_rtt_acks_suppressed,26136.0
FbHdp,12,no_priority,guard_one_rtt_bypass_enabled,1.0
FbHdp,12,no_priority,guard_one_rtt_bypass_feedbacks,2781.0
FbHdp,12,no_priority,guard_one_rtt_bypass_flows,2781.0
FbHdp,12,no_priority,guard_rebalance_events,0.0
FbHdp,12,no_priority,guard_remaining_aware,1.0
FbHdp,12,no_priority,guard_remaining_exponent,1.0
FbHdp,12,no_priority,guard_remaining_refresh_events,4787.0
FbHdp,12,no_priority,guard_sender_srpt_enabled,1.0
FbHdp,12,no_priority,guard_sender_srpt_forced_rr,77.0
FbHdp,12,no_priority,guard_sender_srpt_non_rr,22154.0
FbHdp,12,no_priority,guard_sender_srpt_selections,401601.0
FbHdp,12,no_priority,guard_srpt_quantum_packets,64.0
FbHdp,12,no_priority,guard_tail_bypass_bdps,8.0
FbHdp,12,no_priority,guard_tail_bypass_enabled,1.0
FbHdp,12,no_priority,guard_tail_bypass_feedbacks,16781.0
FbHdp,12,no_priority,guard_tail_bypass_flows,477.0
FbHdp,12,no_priority,hpcc_actual_rate_changes,304.0
FbHdp,12,no_priority,hpcc_fast_computations,0.0
FbHdp,12,no_priority,hpcc_feedback_updates,4373.0
FbHdp,12,no_priority,hpcc_full_computations,1072.0
FbHdp,12,no_priority,hpcc_rate_updates_applied,1072.0
FbHdp,12,no_priority,hpcc_valid_feedback,1121.0
FbHdp,12,no_priority,int_hops_after_strip,48068.0
FbHdp,12,no_priority,int_hops_before_strip,98057.0
FbHdp,12,no_priority,int_records_stripped,49989.0
FbHdp,12,no_priority,irn_nacks_generated,0.0
FbHdp,12,no_priority,irn_nacks_received,0.0
FbHdp,12,no_priority,irn_retransmit_bytes,0.0
FbHdp,12,no_priority,irn_retransmit_packets,0.0
FbHdp,12,no_priority,le_8KB_fct_us_mean,7.318411300919843
FbHdp,12,no_priority,le_8KB_fct_us_p95,17.168300000000002
FbHdp,12,no_priority,le_8KB_fct_us_p99,23.865919999999978
FbHdp,12,no_priority,le_8KB_flow_count,2283.0
FbHdp,12,no_priority,le_8KB_slowdown_mean,1.1103528064078727
FbHdp,12,no_priority,le_8KB_slowdown_p95,2.049502662108967
FbHdp,12,no_priority,le_8KB_slowdown_p99,2.8562899703196982
FbHdp,12,no_priority,long_to_small_slowdown_mean_ratio,1.2733168441667795
FbHdp,12,no_priority,max_active_flows,3.0
FbHdp,12,no_priority,overall_fct_us_mean,22.006380294659298
FbHdp,12,no_priority,overall_fct_us_p95,42.322900000000004
FbHdp,12,no_priority,overall_fct_us_p99,334.2423199999995
FbHdp,12,no_priority,overall_flow_count,3258.0
FbHdp,12,no_priority,overall_slowdown_mean,1.1444467052338634
FbHdp,12,no_priority,overall_slowdown_p95,2.0373885667045353
FbHdp,12,no_priority,overall_slowdown_p99,2.64630408465744
FbHdp,12,no_priority,pfc_pause_events,0.0
FbHdp,12,no_priority,pfc_resume_events,0.0
FbHdp,12,no_priority,proactive_releases,477.0
FbHdp,12,no_priority,queue_bytes_max,329097.0
FbHdp,12,no_priority,queue_bytes_mean,1871.519
FbHdp,12,no_priority,queue_bytes_p95,0.0
FbHdp,12,no_priority,queue_bytes_p99,88678.0
FbHdp,12,no_priority,queue_sample_count,400020.0
FbHdp,12,no_priority,reactive_binding_rate_changes,272.0
FbHdp,12,no_priority,reactive_binding_updates,272.0
FbHdp,12,no_priority,recovery_nacks_generated,0.0
FbHdp,12,no_priority,recovery_nacks_received,0.0
FbHdp,12,no_priority,registrations,477.0
FbHdp,12,no_priority,selected_registrations,477.0
FbHdp,12,no_priority,tie_binding_rate_changes,32.0
FbHdp,12,no_priority,tie_binding_updates,688.0
FbHdp,12,no_priority,timeout_recoveries,0.0
FbHdp,12,no_srpt,1BDP_to_1MB_fct_us_mean,34.66602508960573
FbHdp,12,no_srpt,1BDP_to_1MB_fct_us_p95,83.01710000000008
FbHdp,12,no_srpt,1BDP_to_1MB_fct_us_p99,133.5182200000018
FbHdp,12,no_srpt,1BDP_to_1MB_flow_count,279.0
FbHdp,12,no_srpt,1BDP_to_1MB_slowdown_mean,1.1844760318150616
FbHdp,12,no_srpt,1BDP_to_1MB_slowdown_p95,1.7330981163576218
FbHdp,12,no_srpt,1BDP_to_1MB_slowdown_p99,2.2224935479768697
FbHdp,12,no_srpt,8KB_to_1BDP_fct_us_mean,11.834477198697067
FbHdp,12,no_srpt,8KB_to_1BDP_fct_us_p95,17.419250000000005
FbHdp,12,no_srpt,8KB_to_1BDP_fct_us_p99,20.82162
FbHdp,12,no_srpt,8KB_to_1BDP_flow_count,614.0
FbHdp,12,no_srpt,8KB_to_1BDP_slowdown_mean,1.0687648392441067
FbHdp,12,no_srpt,8KB_to_1BDP_slowdown_p95,1.3954049517786116
FbHdp,12,no_srpt,8KB_to_1BDP_slowdown_p99,1.6623681941574369
FbHdp,12,no_srpt,aggregate_goodput_gbps,154.87761551462972
FbHdp,12,no_srpt,completion_releases,0.0
FbHdp,12,no_srpt,completion_span_us,20658.076
FbHdp,12,no_srpt,grant_binding_rate_changes,1.0
FbHdp,12,no_srpt,grant_binding_updates,97.0
FbHdp,12,no_srpt,grant_bytes_sent,542568.0
FbHdp,12,no_srpt,grant_event_rate_changes,924.0
FbHdp,12,no_srpt,grants_received,5772.0
FbHdp,12,no_srpt,grants_sent,5772.0
FbHdp,12,no_srpt,gt_1MB_fct_us_mean,459.6275365853658
FbHdp,12,no_srpt,gt_1MB_fct_us_p95,1351.9224000000002
FbHdp,12,no_srpt,gt_1MB_fct_us_p99,1534.6648999999998
FbHdp,12,no_srpt,gt_1MB_flow_count,82.0
FbHdp,12,no_srpt,gt_1MB_slowdown_mean,1.4629926530415078
FbHdp,12,no_srpt,gt_1MB_slowdown_p95,2.1670596955966026
FbHdp,12,no_srpt,gt_1MB_slowdown_p99,2.392721266381667
FbHdp,12,no_srpt,guard_ack_interval_packets,8.0
FbHdp,12,no_srpt,guard_adaptive_grant_updates,0.0
FbHdp,12,no_srpt,guard_fixed_window,1.0
FbHdp,12,no_srpt,guard_grant_refresh_bdps,1.0
FbHdp,12,no_srpt,guard_long_acks_suppressed,325476.0
FbHdp,12,no_srpt,guard_min_share_fraction,0.0
FbHdp,12,no_srpt,guard_one_rtt_acks_suppressed,26136.0
FbHdp,12,no_srpt,guard_one_rtt_bypass_enabled,1.0
FbHdp,12,no_srpt,guard_one_rtt_bypass_feedbacks,2781.0
FbHdp,12,no_srpt,guard_one_rtt_bypass_flows,2781.0
FbHdp,12,no_srpt,guard_rebalance_events,0.0
FbHdp,12,no_srpt,guard_remaining_aware,1.0
FbHdp,12,no_srpt,guard_remaining_exponent,1.0
FbHdp,12,no_srpt,guard_remaining_refresh_events,4793.0
FbHdp,12,no_srpt,guard_sender_srpt_enabled,0.0
FbHdp,12,no_srpt,guard_sender_srpt_forced_rr,0.0
FbHdp,12,no_srpt,guard_sender_srpt_non_rr,0.0
FbHdp,12,no_srpt,guard_sender_srpt_selections,0.0
FbHdp,12,no_srpt,guard_srpt_quantum_packets,64.0
FbHdp,12,no_srpt,guard_tail_bypass_bdps,8.0
FbHdp,12,no_srpt,guard_tail_bypass_enabled,1.0
FbHdp,12,no_srpt,guard_tail_bypass_feedbacks,16782.0
FbHdp,12,no_srpt,guard_tail_bypass_flows,477.0
FbHdp,12,no_srpt,hpcc_actual_rate_changes,300.0
FbHdp,12,no_srpt,hpcc_fast_computations,0.0
FbHdp,12,no_srpt,hpcc_feedback_updates,4455.0
FbHdp,12,no_srpt,hpcc_full_computations,1067.0
FbHdp,12,no_srpt,hpcc_rate_updates_applied,1067.0
FbHdp,12,no_srpt,hpcc_valid_feedback,1116.0
FbHdp,12,no_srpt,int_hops_after_strip,48068.0
FbHdp,12,no_srpt,int_hops_before_strip,98057.0
FbHdp,12,no_srpt,int_records_stripped,49989.0
FbHdp,12,no_srpt,irn_nacks_generated,0.0
FbHdp,12,no_srpt,irn_nacks_received,0.0
FbHdp,12,no_srpt,irn_retransmit_bytes,0.0
FbHdp,12,no_srpt,irn_retransmit_packets,0.0
FbHdp,12,no_srpt,le_8KB_fct_us_mean,6.419148488830486
FbHdp,12,no_srpt,le_8KB_fct_us_p95,8.5449
FbHdp,12,no_srpt,le_8KB_fct_us_p99,8.846599999999997
FbHdp,12,no_srpt,le_8KB_flow_count,2283.0
FbHdp,12,no_srpt,le_8KB_slowdown_mean,1.0026640819048256
FbHdp,12,no_srpt,le_8KB_slowdown_p95,1.0158013699058734
FbHdp,12,no_srpt,le_8KB_slowdown_p99,1.030718406300222
FbHdp,12,no_srpt,long_to_small_slowdown_mean_ratio,1.4591054765442144
FbHdp,12,no_srpt,max_active_flows,3.0
FbHdp,12,no_srpt,overall_fct_us_mean,21.265366482504604
FbHdp,12,no_srpt,overall_fct_us_p95,33.23
FbHdp,12,no_srpt,overall_fct_us_p99,351.1938799999968
FbHdp,12,no_srpt,overall_flow_count,3258.0
FbHdp,12,no_srpt,overall_slowdown_mean,1.0422768326305722
FbHdp,12,no_srpt,overall_slowdown_p95,1.247332264919156
FbHdp,12,no_srpt,overall_slowdown_p99,1.7722657636836918
FbHdp,12,no_srpt,pfc_pause_events,0.0
FbHdp,12,no_srpt,pfc_resume_events,0.0
FbHdp,12,no_srpt,proactive_releases,477.0
FbHdp,12,no_srpt,queue_bytes_max,255060.0
FbHdp,12,no_srpt,queue_bytes_mean,1738.603
FbHdp,12,no_srpt,queue_bytes_p95,0.0
FbHdp,12,no_srpt,queue_bytes_p99,88290.0
FbHdp,12,no_srpt,queue_sample_count,400020.0
FbHdp,12,no_srpt,reactive_binding_rate_changes,277.0
FbHdp,12,no_srpt,reactive_binding_updates,277.0
FbHdp,12,no_srpt,recovery_nacks_generated,0.0
FbHdp,12,no_srpt,recovery_nacks_received,0.0
FbHdp,12,no_srpt,registrations,477.0
FbHdp,12,no_srpt,selected_registrations,477.0
FbHdp,12,no_srpt,tie_binding_rate_changes,22.0
FbHdp,12,no_srpt,tie_binding_updates,693.0
FbHdp,12,no_srpt,timeout_recoveries,0.0
FbHdp,12,no_reclaim,1BDP_to_1MB_fct_us_mean,33.38192114695341
FbHdp,12,no_reclaim,1BDP_to_1MB_fct_us_p95,80.64620000000001
FbHdp,12,no_reclaim,1BDP_to_1MB_fct_us_p99,135.251820000002
FbHdp,12,no_reclaim,1BDP_to_1MB_flow_count,279.0
FbHdp,12,no_reclaim,1BDP_to_1MB_slowdown_mean,1.1354032668228131
FbHdp,12,no_reclaim,1BDP_to_1MB_slowdown_p95,1.4944480245245724
FbHdp,12,no_reclaim,1BDP_to_1MB_slowdown_p99,1.907354923000287
FbHdp,12,no_reclaim,8KB_to_1BDP_fct_us_mean,11.399262214983713
FbHdp,12,no_reclaim,8KB_to_1BDP_fct_us_p95,16.0362
FbHdp,12,no_reclaim,8KB_to_1BDP_fct_us_p99,18.24558
FbHdp,12,no_reclaim,8KB_to_1BDP_flow_count,614.0
FbHdp,12,no_reclaim,8KB_to_1BDP_slowdown_mean,1.0311398585203795
FbHdp,12,no_reclaim,8KB_to_1BDP_slowdown_p95,1.0565067165051054
FbHdp,12,no_reclaim,8KB_to_1BDP_slowdown_p99,1.2927961958913599
FbHdp,12,no_reclaim,aggregate_goodput_gbps,154.58493936470984
FbHdp,12,no_reclaim,completion_releases,0.0
FbHdp,12,no_reclaim,completion_span_us,20697.188
FbHdp,12,no_reclaim,grant_binding_rate_changes,1.0
FbHdp,12,no_reclaim,grant_binding_updates,99.0
FbHdp,12,no_reclaim,grant_bytes_sent,540030.0
FbHdp,12,no_reclaim,grant_event_rate_changes,900.0
FbHdp,12,no_reclaim,grants_received,5745.0
FbHdp,12,no_reclaim,grants_sent,5745.0
FbHdp,12,no_reclaim,gt_1MB_fct_us_mean,447.57413414634146
FbHdp,12,no_reclaim,gt_1MB_fct_us_p95,1254.4288500000002
FbHdp,12,no_reclaim,gt_1MB_fct_us_p99,1442.4773399999995
FbHdp,12,no_reclaim,gt_1MB_flow_count,82.0
FbHdp,12,no_reclaim,gt_1MB_slowdown_mean,1.432835198451642
FbHdp,12,no_reclaim,gt_1MB_slowdown_p95,2.16828808076338
FbHdp,12,no_reclaim,gt_1MB_slowdown_p99,2.2756858437927834
FbHdp,12,no_reclaim,guard_ack_interval_packets,8.0
FbHdp,12,no_reclaim,guard_adaptive_grant_updates,0.0
FbHdp,12,no_reclaim,guard_fixed_window,1.0
FbHdp,12,no_reclaim,guard_grant_refresh_bdps,1.0
FbHdp,12,no_reclaim,guard_long_acks_suppressed,325476.0
FbHdp,12,no_reclaim,guard_min_share_fraction,0.0
FbHdp,12,no_reclaim,guard_one_rtt_acks_suppressed,26136.0
FbHdp,12,no_reclaim,guard_one_rtt_bypass_enabled,1.0
FbHdp,12,no_reclaim,guard_one_rtt_bypass_feedbacks,2781.0
FbHdp,12,no_reclaim,guard_one_rtt_bypass_flows,2781.0
FbHdp,12,no_reclaim,guard_rebalance_events,0.0
FbHdp,12,no_reclaim,guard_remaining_aware,1.0
FbHdp,12,no_reclaim,guard_remaining_exponent,1.0
FbHdp,12,no_reclaim,guard_remaining_refresh_events,4780.0
FbHdp,12,no_reclaim,guard_sender_srpt_enabled,1.0
FbHdp,12,no_reclaim,guard_sender_srpt_forced_rr,90.0
FbHdp,12,no_reclaim,guard_sender_srpt_non_rr,22127.0
FbHdp,12,no_reclaim,guard_sender_srpt_selections,401601.0
FbHdp,12,no_reclaim,guard_srpt_quantum_packets,64.0
FbHdp,12,no_reclaim,guard_tail_bypass_bdps,8.0
FbHdp,12,no_reclaim,guard_tail_bypass_enabled,1.0
FbHdp,12,no_reclaim,guard_tail_bypass_feedbacks,16781.0
FbHdp,12,no_reclaim,guard_tail_bypass_flows,477.0
FbHdp,12,no_reclaim,hpcc_actual_rate_changes,281.0
FbHdp,12,no_reclaim,hpcc_fast_computations,0.0
FbHdp,12,no_reclaim,hpcc_feedback_updates,4321.0
FbHdp,12,no_reclaim,hpcc_full_computations,1045.0
FbHdp,12,no_reclaim,hpcc_rate_updates_applied,1045.0
FbHdp,12,no_reclaim,hpcc_valid_feedback,1094.0
FbHdp,12,no_reclaim,int_hops_after_strip,48068.0
FbHdp,12,no_reclaim,int_hops_before_strip,98057.0
FbHdp,12,no_reclaim,int_records_stripped,49989.0
FbHdp,12,no_reclaim,irn_nacks_generated,0.0
FbHdp,12,no_reclaim,irn_nacks_received,0.0
FbHdp,12,no_reclaim,irn_retransmit_bytes,0.0
FbHdp,12,no_reclaim,irn_retransmit_packets,0.0
FbHdp,12,no_reclaim,le_8KB_fct_us_mean,6.416129653964082
FbHdp,12,no_reclaim,le_8KB_fct_us_p95,8.5479
FbHdp,12,no_reclaim,le_8KB_fct_us_p99,8.84254
FbHdp,12,no_reclaim,le_8KB_flow_count,2283.0
FbHdp,12,no_reclaim,le_8KB_slowdown_mean,1.002190307703846
FbHdp,12,no_reclaim,le_8KB_slowdown_p95,1.0146963977028076
FbHdp,12,no_reclaim,le_8KB_slowdown_p99,1.0241550468647733
FbHdp,12,no_reclaim,long_to_small_slowdown_mean_ratio,1.429703707407091
FbHdp,12,no_reclaim,max_active_flows,3.0
FbHdp,12,no_reclaim,overall_fct_us_mean,20.767896255371394
FbHdp,12,no_reclaim,overall_fct_us_p95,31.287100000000034
FbHdp,12,no_reclaim,overall_fct_us_p99,339.54675999999995
FbHdp,12,no_reclaim,overall_flow_count,3258.0
FbHdp,12,no_reclaim,overall_slowdown_mean,1.0298926775125825
FbHdp,12,no_reclaim,overall_slowdown_p95,1.0986640783801203
FbHdp,12,no_reclaim,overall_slowdown_p99,1.6160076364158442
FbHdp,12,no_reclaim,pfc_pause_events,0.0
FbHdp,12,no_reclaim,pfc_resume_events,0.0
FbHdp,12,no_reclaim,proactive_releases,477.0
FbHdp,12,no_reclaim,queue_bytes_max,228900.0
FbHdp,12,no_reclaim,queue_bytes_mean,1674.031
FbHdp,12,no_reclaim,queue_bytes_p95,0.0
FbHdp,12,no_reclaim,queue_bytes_p99,83930.0
FbHdp,12,no_reclaim,queue_sample_count,400020.0
FbHdp,12,no_reclaim,reactive_binding_rate_changes,256.0
FbHdp,12,no_reclaim,reactive_binding_updates,256.0
FbHdp,12,no_reclaim,recovery_nacks_generated,0.0
FbHdp,12,no_reclaim,recovery_nacks_received,0.0
FbHdp,12,no_reclaim,registrations,477.0
FbHdp,12,no_reclaim,selected_registrations,477.0
FbHdp,12,no_reclaim,tie_binding_rate_changes,24.0
FbHdp,12,no_reclaim,tie_binding_updates,690.0
FbHdp,12,no_reclaim,timeout_recoveries,0.0
FbHdp,12,no_one_rtt,1BDP_to_1MB_fct_us_mean,33.401003584229386
FbHdp,12,no_one_rtt,1BDP_to_1MB_fct_us_p95,80.6434
FbHdp,12,no_one_rtt,1BDP_to_1MB_fct_us_p99,135.29454000000203
FbHdp,12,no_one_rtt,1BDP_to_1MB_flow_count,279.0
FbHdp,12,no_one_rtt,1BDP_to_1MB_slowdown_mean,1.135846594814411
FbHdp,12,no_one_rtt,1BDP_to_1MB_slowdown_p95,1.4883323360849223
FbHdp,12,no_one_rtt,1BDP_to_1MB_slowdown_p99,1.9098560704626648
FbHdp,12,no_one_rtt,8KB_to_1BDP_fct_us_mean,11.401188925081433
FbHdp,12,no_one_rtt,8KB_to_1BDP_fct_us_p95,16.063499999999998
FbHdp,12,no_one_rtt,8KB_to_1BDP_fct_us_p99,18.24625
FbHdp,12,no_one_rtt,8KB_to_1BDP_flow_count,614.0
FbHdp,12,no_one_rtt,8KB_to_1BDP_slowdown_mean,1.0312937811800262
FbHdp,12,no_one_rtt,8KB_to_1BDP_slowdown_p95,1.0566208443230203
FbHdp,12,no_one_rtt,8KB_to_1BDP_slowdown_p99,1.2929570656787226
FbHdp,12,no_one_rtt,aggregate_goodput_gbps,154.59754787272595
FbHdp,12,no_one_rtt,completion_releases,0.0
FbHdp,12,no_one_rtt,completion_span_us,20695.5
FbHdp,12,no_one_rtt,grant_binding_rate_changes,1.0
FbHdp,12,no_one_rtt,grant_binding_updates,98.0
FbHdp,12,no_one_rtt,grant_bytes_sent,539936.0
FbHdp,12,no_one_rtt,grant_event_rate_changes,897.0
FbHdp,12,no_one_rtt,grants_received,5744.0
FbHdp,12,no_one_rtt,grants_sent,5744.0
FbHdp,12,no_one_rtt,gt_1MB_fct_us_mean,447.1610853658537
FbHdp,12,no_one_rtt,gt_1MB_fct_us_p95,1251.9188500000005
FbHdp,12,no_one_rtt,gt_1MB_fct_us_p99,1434.3262299999994
FbHdp,12,no_one_rtt,gt_1MB_flow_count,82.0
FbHdp,12,no_one_rtt,gt_1MB_slowdown_mean,1.432078053713491
FbHdp,12,no_one_rtt,gt_1MB_slowdown_p95,2.169145600889259
FbHdp,12,no_one_rtt,gt_1MB_slowdown_p99,2.273476498692421
FbHdp,12,no_one_rtt,guard_ack_interval_packets,8.0
FbHdp,12,no_one_rtt,guard_adaptive_grant_updates,0.0
FbHdp,12,no_one_rtt,guard_fixed_window,1.0
FbHdp,12,no_one_rtt,guard_grant_refresh_bdps,1.0
FbHdp,12,no_one_rtt,guard_long_acks_suppressed,347876.0
FbHdp,12,no_one_rtt,guard_min_share_fraction,0.0
FbHdp,12,no_one_rtt,guard_one_rtt_acks_suppressed,0.0
FbHdp,12,no_one_rtt,guard_one_rtt_bypass_enabled,0.0
FbHdp,12,no_one_rtt,guard_one_rtt_bypass_feedbacks,0.0
FbHdp,12,no_one_rtt,guard_one_rtt_bypass_flows,0.0
FbHdp,12,no_one_rtt,guard_rebalance_events,0.0
FbHdp,12,no_one_rtt,guard_remaining_aware,1.0
FbHdp,12,no_one_rtt,guard_remaining_exponent,1.0
FbHdp,12,no_one_rtt,guard_remaining_refresh_events,4781.0
FbHdp,12,no_one_rtt,guard_sender_srpt_enabled,1.0
FbHdp,12,no_one_rtt,guard_sender_srpt_forced_rr,88.0
FbHdp,12,no_one_rtt,guard_sender_srpt_non_rr,22119.0
FbHdp,12,no_one_rtt,guard_sender_srpt_selections,401601.0
FbHdp,12,no_one_rtt,guard_srpt_quantum_packets,64.0
FbHdp,12,no_one_rtt,guard_tail_bypass_bdps,8.0
FbHdp,12,no_one_rtt,guard_tail_bypass_enabled,1.0
FbHdp,12,no_one_rtt,guard_tail_bypass_feedbacks,16781.0
FbHdp,12,no_one_rtt,guard_tail_bypass_flows,477.0
FbHdp,12,no_one_rtt,hpcc_actual_rate_changes,281.0
FbHdp,12,no_one_rtt,hpcc_fast_computations,0.0
FbHdp,12,no_one_rtt,hpcc_feedback_updates,7150.0
FbHdp,12,no_one_rtt,hpcc_full_computations,1057.0
FbHdp,12,no_one_rtt,hpcc_rate_updates_applied,1057.0
FbHdp,12,no_one_rtt,hpcc_valid_feedback,2648.0
FbHdp,12,no_one_rtt,int_hops_after_strip,53118.0
FbHdp,12,no_one_rtt,int_hops_before_strip,106843.0
FbHdp,12,no_one_rtt,int_records_stripped,53725.0
FbHdp,12,no_one_rtt,irn_nacks_generated,0.0
FbHdp,12,no_one_rtt,irn_nacks_received,0.0
FbHdp,12,no_one_rtt,irn_retransmit_bytes,0.0
FbHdp,12,no_one_rtt,irn_retransmit_packets,0.0
FbHdp,12,no_one_rtt,le_8KB_fct_us_mean,6.416236968900569
FbHdp,12,no_one_rtt,le_8KB_fct_us_p95,8.536900000000001
FbHdp,12,no_one_rtt,le_8KB_fct_us_p99,8.84044
FbHdp,12,no_one_rtt,le_8KB_flow_count,2283.0
FbHdp,12,no_one_rtt,le_8KB_slowdown_mean,1.0021737390112009
FbHdp,12,no_one_rtt,le_8KB_slowdown_p95,1.014656361656276
FbHdp,12,no_one_rtt,le_8KB_slowdown_p99,1.0239976514729492
FbHdp,12,no_one_rtt,long_to_small_slowdown_mean_ratio,1.4289718418749
FbHdp,12,no_one_rtt,max_active_flows,3.0
FbHdp,12,no_one_rtt,overall_fct_us_mean,20.759572744014733
FbHdp,12,no_one_rtt,overall_fct_us_p95,31.28500000000004
FbHdp,12,no_one_rtt,overall_fct_us_p99,339.2623399999999
FbHdp,12,no_one_rtt,overall_flow_count,3258.0
FbHdp,12,no_one_rtt,overall_slowdown_mean,1.0299289834760084
FbHdp,12,no_one_rtt,overall_slowdown_p95,1.0975032985634205
FbHdp,12,no_one_rtt,overall_slowdown_p99,1.6164341631929848
FbHdp,12,no_one_rtt,pfc_pause_events,0.0
FbHdp,12,no_one_rtt,pfc_resume_events,0.0
FbHdp,12,no_one_rtt,proactive_releases,477.0
FbHdp,12,no_one_rtt,queue_bytes_max,228900.0
FbHdp,12,no_one_rtt,queue_bytes_mean,1679.41
FbHdp,12,no_one_rtt,queue_bytes_p95,0.0
FbHdp,12,no_one_rtt,queue_bytes_p99,83930.0
FbHdp,12,no_one_rtt,queue_sample_count,400020.0
FbHdp,12,no_one_rtt,reactive_binding_rate_changes,256.0
FbHdp,12,no_one_rtt,reactive_binding_updates,256.0
FbHdp,12,no_one_rtt,recovery_nacks_generated,0.0
FbHdp,12,no_one_rtt,recovery_nacks_received,0.0
FbHdp,12,no_one_rtt,registrations,477.0
FbHdp,12,no_one_rtt,selected_registrations,477.0
FbHdp,12,no_one_rtt,tie_binding_rate_changes,24.0
FbHdp,12,no_one_rtt,tie_binding_updates,703.0
FbHdp,12,no_one_rtt,timeout_recoveries,0.0
FbHdp,12,no_tail,1BDP_to_1MB_fct_us_mean,33.824003584229395
FbHdp,12,no_tail,1BDP_to_1MB_fct_us_p95,86.90610000000004
FbHdp,12,no_tail,1BDP_to_1MB_fct_us_p99,136.0075200000021
FbHdp,12,no_tail,1BDP_to_1MB_flow_count,279.0
FbHdp,12,no_tail,1BDP_to_1MB_slowdown_mean,1.142209758168011
FbHdp,12,no_tail,1BDP_to_1MB_slowdown_p95,1.5192343517317326
FbHdp,12,no_tail,1BDP_to_1MB_slowdown_p99,1.9402417755060153
FbHdp,12,no_tail,8KB_to_1BDP_fct_us_mean,11.39957980456026
FbHdp,12,no_tail,8KB_to_1BDP_fct_us_p95,16.0362
FbHdp,12,no_tail,8KB_to_1BDP_fct_us_p99,18.238690000000002
FbHdp,12,no_tail,8KB_to_1BDP_flow_count,614.0
FbHdp,12,no_tail,8KB_to_1BDP_slowdown_mean,1.031180214978385
FbHdp,12,no_tail,8KB_to_1BDP_slowdown_p95,1.0566208443230203
FbHdp,12,no_tail,8KB_to_1BDP_slowdown_p99,1.2927961958913599
FbHdp,12,no_tail,aggregate_goodput_gbps,154.58493936470984
FbHdp,12,no_tail,completion_releases,0.0
FbHdp,12,no_tail,completion_span_us,20697.188
FbHdp,12,no_tail,grant_binding_rate_changes,4.0
FbHdp,12,no_tail,grant_binding_updates,175.0
FbHdp,12,no_tail,grant_bytes_sent,541346.0
FbHdp,12,no_tail,grant_event_rate_changes,895.0
FbHdp,12,no_tail,grants_received,5759.0
FbHdp,12,no_tail,grants_sent,5759.0
FbHdp,12,no_tail,gt_1MB_fct_us_mean,449.16035365853656
FbHdp,12,no_tail,gt_1MB_fct_us_p95,1240.8684500000004
FbHdp,12,no_tail,gt_1MB_fct_us_p99,1498.5882599999995
FbHdp,12,no_tail,gt_1MB_flow_count,82.0
FbHdp,12,no_tail,gt_1MB_slowdown_mean,1.4376873161094335
FbHdp,12,no_tail,gt_1MB_slowdown_p95,2.2386716848400035
FbHdp,12,no_tail,gt_1MB_slowdown_p99,2.2759691476890005
FbHdp,12,no_tail,guard_ack_interval_packets,8.0
FbHdp,12,no_tail,guard_adaptive_grant_updates,0.0
FbHdp,12,no_tail,guard_fixed_window,1.0
FbHdp,12,no_tail,guard_grant_refresh_bdps,1.0
FbHdp,12,no_tail,guard_long_acks_suppressed,325476.0
FbHdp,12,no_tail,guard_min_share_fraction,0.0
FbHdp,12,no_tail,guard_one_rtt_acks_suppressed,26136.0
FbHdp,12,no_tail,guard_one_rtt_bypass_enabled,1.0
FbHdp,12,no_tail,guard_one_rtt_bypass_feedbacks,2781.0
FbHdp,12,no_tail,guard_one_rtt_bypass_flows,2781.0
FbHdp,12,no_tail,guard_rebalance_events,0.0
FbHdp,12,no_tail,guard_remaining_aware,1.0
FbHdp,12,no_tail,guard_remaining_exponent,1.0
FbHdp,12,no_tail,guard_remaining_refresh_events,4787.0
FbHdp,12,no_tail,guard_sender_srpt_enabled,1.0
FbHdp,12,no_tail,guard_sender_srpt_forced_rr,90.0
FbHdp,12,no_tail,guard_sender_srpt_non_rr,21277.0
FbHdp,12,no_tail,guard_sender_srpt_selections,401601.0
FbHdp,12,no_tail,guard_srpt_quantum_packets,64.0
FbHdp,12,no_tail,guard_tail_bypass_bdps,8.0
FbHdp,12,no_tail,guard_tail_bypass_enabled,0.0
FbHdp,12,no_tail,guard_tail_bypass_feedbacks,0.0
FbHdp,12,no_tail,guard_tail_bypass_flows,0.0
FbHdp,12,no_tail,hpcc_actual_rate_changes,493.0
FbHdp,12,no_tail,hpcc_fast_computations,0.0
FbHdp,12,no_tail,hpcc_feedback_updates,6402.0
FbHdp,12,no_tail,hpcc_full_computations,1802.0
FbHdp,12,no_tail,hpcc_rate_updates_applied,1802.0
FbHdp,12,no_tail,hpcc_valid_feedback,2001.0
FbHdp,12,no_tail,int_hops_after_strip,48068.0
FbHdp,12,no_tail,int_hops_before_strip,98057.0
FbHdp,12,no_tail,int_records_stripped,49989.0
FbHdp,12,no_tail,irn_nacks_generated,0.0
FbHdp,12,no_tail,irn_nacks_received,0.0
FbHdp,12,no_tail,irn_retransmit_bytes,0.0
FbHdp,12,no_tail,irn_retransmit_packets,0.0
FbHdp,12,no_tail,le_8KB_fct_us_mean,6.416349978098992
FbHdp,12,no_tail,le_8KB_fct_us_p95,8.552700000000002
FbHdp,12,no_tail,le_8KB_fct_us_p99,8.824779999999997
FbHdp,12,no_tail,le_8KB_flow_count,2283.0
FbHdp,12,no_tail,le_8KB_slowdown_mean,1.0022060897513445
FbHdp,12,no_tail,le_8KB_slowdown_p95,1.0146104381416694
FbHdp,12,no_tail,le_8KB_slowdown_p99,1.0241593341260404
FbHdp,12,no_tail,long_to_small_slowdown_mean_ratio,1.434522630436356
FbHdp,12,no_tail,max_active_flows,3.0
FbHdp,12,no_tail,overall_fct_us_mean,20.845891651319825
FbHdp,12,no_tail,overall_fct_us_p95,31.289650000000037
FbHdp,12,no_tail,overall_fct_us_p99,343.19464999999946
FbHdp,12,no_tail,overall_flow_count,3258.0
FbHdp,12,no_tail,overall_slowdown_mean,1.0306163404999682
FbHdp,12,no_tail,overall_slowdown_p95,1.0998984464053072
FbHdp,12,no_tail,overall_slowdown_p99,1.6390556647882404
FbHdp,12,no_tail,pfc_pause_events,0.0
FbHdp,12,no_tail,pfc_resume_events,0.0
FbHdp,12,no_tail,proactive_releases,477.0
FbHdp,12,no_tail,queue_bytes_max,226720.0
FbHdp,12,no_tail,queue_bytes_mean,1655.982
FbHdp,12,no_tail,queue_bytes_p95,0.0
FbHdp,12,no_tail,queue_bytes_p99,78480.0
FbHdp,12,no_tail,queue_sample_count,400020.0
FbHdp,12,no_tail,reactive_binding_rate_changes,461.0
FbHdp,12,no_tail,reactive_binding_updates,461.0
FbHdp,12,no_tail,recovery_nacks_generated,0.0
FbHdp,12,no_tail,recovery_nacks_received,0.0
FbHdp,12,no_tail,registrations,477.0
FbHdp,12,no_tail,selected_registrations,477.0
FbHdp,12,no_tail,tie_binding_rate_changes,28.0
FbHdp,12,no_tail,tie_binding_updates,1166.0
FbHdp,12,no_tail,timeout_recoveries,0.0
FbHdp,12,no_remaining,1BDP_to_1MB_fct_us_mean,35.259838709677425
FbHdp,12,no_remaining,1BDP_to_1MB_fct_us_p95,86.03860000000002
FbHdp,12,no_remaining,1BDP_to_1MB_fct_us_p99,171.68818000000073
FbHdp,12,no_remaining,1BDP_to_1MB_flow_count,279.0
FbHdp,12,no_remaining,1BDP_to_1MB_slowdown_mean,1.1874374895953013
FbHdp,12,no_remaining,1BDP_to_1MB_slowdown_p95,1.8083483183688944
FbHdp,12,no_remaining,1BDP_to_1MB_slowdown_p99,2.358270546704464
FbHdp,12,no_remaining,8KB_to_1BDP_fct_us_mean,11.448271986970683
FbHdp,12,no_remaining,8KB_to_1BDP_fct_us_p95,16.127299999999998
FbHdp,12,no_remaining,8KB_to_1BDP_fct_us_p99,18.558619999999998
FbHdp,12,no_remaining,8KB_to_1BDP_flow_count,614.0
FbHdp,12,no_remaining,8KB_to_1BDP_slowdown_mean,1.0354926708737964
FbHdp,12,no_remaining,8KB_to_1BDP_slowdown_p95,1.06169150313576
FbHdp,12,no_remaining,8KB_to_1BDP_slowdown_p99,1.3814210166621093
FbHdp,12,no_remaining,aggregate_goodput_gbps,154.83723116317768
FbHdp,12,no_remaining,completion_releases,0.0
FbHdp,12,no_remaining,completion_span_us,20663.464
FbHdp,12,no_remaining,grant_binding_rate_changes,3.0
FbHdp,12,no_remaining,grant_binding_updates,109.0
FbHdp,12,no_remaining,grant_bytes_sent,56306.0
FbHdp,12,no_remaining,grant_event_rate_changes,168.0
FbHdp,12,no_remaining,grants_received,599.0
FbHdp,12,no_remaining,grants_sent,599.0
FbHdp,12,no_remaining,gt_1MB_fct_us_mean,455.8468902439024
FbHdp,12,no_remaining,gt_1MB_fct_us_p95,1218.6638000000003
FbHdp,12,no_remaining,gt_1MB_fct_us_p99,1417.6118099999994
FbHdp,12,no_remaining,gt_1MB_flow_count,82.0
FbHdp,12,no_remaining,gt_1MB_slowdown_mean,1.4973066620683106
FbHdp,12,no_remaining,gt_1MB_slowdown_p95,2.346126897549941
FbHdp,12,no_remaining,gt_1MB_slowdown_p99,2.6045004147546065
FbHdp,12,no_remaining,guard_ack_interval_packets,8.0
FbHdp,12,no_remaining,guard_adaptive_grant_updates,0.0
FbHdp,12,no_remaining,guard_fixed_window,1.0
FbHdp,12,no_remaining,guard_grant_refresh_bdps,1.0
FbHdp,12,no_remaining,guard_long_acks_suppressed,325476.0
FbHdp,12,no_remaining,guard_min_share_fraction,0.0
FbHdp,12,no_remaining,guard_one_rtt_acks_suppressed,26136.0
FbHdp,12,no_remaining,guard_one_rtt_bypass_enabled,1.0
FbHdp,12,no_remaining,guard_one_rtt_bypass_feedbacks,2781.0
FbHdp,12,no_remaining,guard_one_rtt_bypass_flows,2781.0
FbHdp,12,no_remaining,guard_rebalance_events,9.0
FbHdp,12,no_remaining,guard_remaining_aware,0.0
FbHdp,12,no_remaining,guard_remaining_exponent,1.0
FbHdp,12,no_remaining,guard_remaining_refresh_events,0.0
FbHdp,12,no_remaining,guard_sender_srpt_enabled,1.0
FbHdp,12,no_remaining,guard_sender_srpt_forced_rr,91.0
FbHdp,12,no_remaining,guard_sender_srpt_non_rr,20820.0
FbHdp,12,no_remaining,guard_sender_srpt_selections,401601.0
FbHdp,12,no_remaining,guard_srpt_quantum_packets,64.0
FbHdp,12,no_remaining,guard_tail_bypass_bdps,8.0
FbHdp,12,no_remaining,guard_tail_bypass_enabled,1.0
FbHdp,12,no_remaining,guard_tail_bypass_feedbacks,16781.0
FbHdp,12,no_remaining,guard_tail_bypass_flows,477.0
FbHdp,12,no_remaining,hpcc_actual_rate_changes,322.0
FbHdp,12,no_remaining,hpcc_fast_computations,0.0
FbHdp,12,no_remaining,hpcc_feedback_updates,4253.0
FbHdp,12,no_remaining,hpcc_full_computations,1041.0
FbHdp,12,no_remaining,hpcc_rate_updates_applied,1041.0
FbHdp,12,no_remaining,hpcc_valid_feedback,1090.0
FbHdp,12,no_remaining,int_hops_after_strip,48068.0
FbHdp,12,no_remaining,int_hops_before_strip,98057.0
FbHdp,12,no_remaining,int_records_stripped,49989.0
FbHdp,12,no_remaining,irn_nacks_generated,0.0
FbHdp,12,no_remaining,irn_nacks_received,0.0
FbHdp,12,no_remaining,irn_retransmit_bytes,0.0
FbHdp,12,no_remaining,irn_retransmit_packets,0.0
FbHdp,12,no_remaining,le_8KB_fct_us_mean,6.415847130968025
FbHdp,12,no_remaining,le_8KB_fct_us_p95,8.5426
FbHdp,12,no_remaining,le_8KB_fct_us_p99,8.839179999999999
FbHdp,12,no_remaining,le_8KB_flow_count,2283.0
FbHdp,12,no_remaining,le_8KB_slowdown_mean,1.0021667178025895
FbHdp,12,no_remaining,le_8KB_slowdown_p95,1.014564392914411
FbHdp,12,no_remaining,le_8KB_slowdown_p99,1.0231547984596552
FbHdp,12,no_remaining,long_to_small_slowdown_mean_ratio,1.4940694352247044
FbHdp,12,no_remaining,max_active_flows,3.0
FbHdp,12,no_remaining,overall_fct_us_mean,21.14596623695519
FbHdp,12,no_remaining,overall_fct_us_p95,32.4084
FbHdp,12,no_remaining,overall_fct_us_p99,350.5009499999991
FbHdp,12,no_remaining,overall_flow_count,3258.0
FbHdp,12,no_remaining,overall_slowdown_mean,1.0367751143482238
FbHdp,12,no_remaining,overall_slowdown_p95,1.1247086022278896
FbHdp,12,no_remaining,overall_slowdown_p99,1.8529817840210656
FbHdp,12,no_remaining,pfc_pause_events,0.0
FbHdp,12,no_remaining,pfc_resume_events,0.0
FbHdp,12,no_remaining,proactive_releases,477.0
FbHdp,12,no_remaining,queue_bytes_max,269230.0
FbHdp,12,no_remaining,queue_bytes_mean,1923.889
FbHdp,12,no_remaining,queue_bytes_p95,0.0
FbHdp,12,no_remaining,queue_bytes_p99,87200.0
FbHdp,12,no_remaining,queue_sample_count,400020.0
FbHdp,12,no_remaining,reactive_binding_rate_changes,293.0
FbHdp,12,no_remaining,reactive_binding_updates,293.0
FbHdp,12,no_remaining,recovery_nacks_generated,0.0
FbHdp,12,no_remaining,recovery_nacks_received,0.0
FbHdp,12,no_remaining,registrations,477.0
FbHdp,12,no_remaining,selected_registrations,477.0
FbHdp,12,no_remaining,tie_binding_rate_changes,26.0
FbHdp,12,no_remaining,tie_binding_updates,639.0
FbHdp,12,no_remaining,timeout_recoveries,0.0
FbHdp,12,no_ack_coalescing,1BDP_to_1MB_fct_us_mean,33.630756272401435
FbHdp,12,no_ack_coalescing,1BDP_to_1MB_fct_us_p95,85.0168
FbHdp,12,no_ack_coalescing,1BDP_to_1MB_fct_us_p99,131.63888000000182
FbHdp,12,no_ack_coalescing,1BDP_to_1MB_flow_count,279.0
FbHdp,12,no_ack_coalescing,1BDP_to_1MB_slowdown_mean,1.137916825000635
FbHdp,12,no_ack_coalescing,1BDP_to_1MB_slowdown_p95,1.582895292895448
FbHdp,12,no_ack_coalescing,1BDP_to_1MB_slowdown_p99,2.144525979166117
FbHdp,12,no_ack_coalescing,8KB_to_1BDP_fct_us_mean,11.480879478827362
FbHdp,12,no_ack_coalescing,8KB_to_1BDP_fct_us_p95,16.25005
FbHdp,12,no_ack_coalescing,8KB_to_1BDP_fct_us_p99,18.795050000000003
FbHdp,12,no_ack_coalescing,8KB_to_1BDP_flow_count,614.0
FbHdp,12,no_ack_coalescing,8KB_to_1BDP_slowdown_mean,1.0373603039435813
FbHdp,12,no_ack_coalescing,8KB_to_1BDP_slowdown_p95,1.073890459768974
FbHdp,12,no_ack_coalescing,8KB_to_1BDP_slowdown_p99,1.3113624432314888
FbHdp,12,no_ack_coalescing,aggregate_goodput_gbps,154.73879454798416
FbHdp,12,no_ack_coalescing,completion_releases,0.0
FbHdp,12,no_ack_coalescing,completion_span_us,20676.609
FbHdp,12,no_ack_coalescing,grant_binding_rate_changes,1.0
FbHdp,12,no_ack_coalescing,grant_binding_updates,102.0
FbHdp,12,no_ack_coalescing,grant_bytes_sent,540876.0
FbHdp,12,no_ack_coalescing,grant_event_rate_changes,905.0
FbHdp,12,no_ack_coalescing,grants_received,5754.0
FbHdp,12,no_ack_coalescing,grants_sent,5754.0
FbHdp,12,no_ack_coalescing,gt_1MB_fct_us_mean,444.6136707317074
FbHdp,12,no_ack_coalescing,gt_1MB_fct_us_p95,1250.0110000000004
FbHdp,12,no_ack_coalescing,gt_1MB_fct_us_p99,1455.2875599999993
FbHdp,12,no_ack_coalescing,gt_1MB_flow_count,82.0
FbHdp,12,no_ack_coalescing,gt_1MB_slowdown_mean,1.4276982153486126
FbHdp,12,no_ack_coalescing,gt_1MB_slowdown_p95,2.1727394012251593
FbHdp,12,no_ack_coalescing,gt_1MB_slowdown_p99,2.3556757130344224
FbHdp,12,no_ack_coalescing,guard_ack_interval_packets,1.0
FbHdp,12,no_ack_coalescing,guard_adaptive_grant_updates,0.0
FbHdp,12,no_ack_coalescing,guard_fixed_window,1.0
FbHdp,12,no_ack_coalescing,guard_grant_refresh_bdps,1.0
FbHdp,12,no_ack_coalescing,guard_long_acks_suppressed,0.0
FbHdp,12,no_ack_coalescing,guard_min_share_fraction,0.0
FbHdp,12,no_ack_coalescing,guard_one_rtt_acks_suppressed,26136.0
FbHdp,12,no_ack_coalescing,guard_one_rtt_bypass_enabled,1.0
FbHdp,12,no_ack_coalescing,guard_one_rtt_bypass_feedbacks,2781.0
FbHdp,12,no_ack_coalescing,guard_one_rtt_bypass_flows,2781.0
FbHdp,12,no_ack_coalescing,guard_rebalance_events,0.0
FbHdp,12,no_ack_coalescing,guard_remaining_aware,1.0
FbHdp,12,no_ack_coalescing,guard_remaining_exponent,1.0
FbHdp,12,no_ack_coalescing,guard_remaining_refresh_events,4786.0
FbHdp,12,no_ack_coalescing,guard_sender_srpt_enabled,1.0
FbHdp,12,no_ack_coalescing,guard_sender_srpt_forced_rr,232.0
FbHdp,12,no_ack_coalescing,guard_sender_srpt_non_rr,20242.0
FbHdp,12,no_ack_coalescing,guard_sender_srpt_selections,401601.0
FbHdp,12,no_ack_coalescing,guard_srpt_quantum_packets,64.0
FbHdp,12,no_ack_coalescing,guard_tail_bypass_bdps,8.0
FbHdp,12,no_ack_coalescing,guard_tail_bypass_enabled,1.0
FbHdp,12,no_ack_coalescing,guard_tail_bypass_feedbacks,130346.0
FbHdp,12,no_ack_coalescing,guard_tail_bypass_flows,477.0
FbHdp,12,no_ack_coalescing,hpcc_actual_rate_changes,288.0
FbHdp,12,no_ack_coalescing,hpcc_fast_computations,0.0
FbHdp,12,no_ack_coalescing,hpcc_feedback_updates,4379.0
FbHdp,12,no_ack_coalescing,hpcc_full_computations,1076.0
FbHdp,12,no_ack_coalescing,hpcc_rate_updates_applied,1076.0
FbHdp,12,no_ack_coalescing,hpcc_valid_feedback,1125.0
FbHdp,12,no_ack_coalescing,int_hops_after_strip,358618.0
FbHdp,12,no_ack_coalescing,int_hops_before_strip,734083.0
FbHdp,12,no_ack_coalescing,int_records_stripped,375465.0
FbHdp,12,no_ack_coalescing,irn_nacks_generated,0.0
FbHdp,12,no_ack_coalescing,irn_nacks_received,0.0
FbHdp,12,no_ack_coalescing,irn_retransmit_bytes,0.0
FbHdp,12,no_ack_coalescing,irn_retransmit_packets,0.0
FbHdp,12,no_ack_coalescing,le_8KB_fct_us_mean,6.416131406044678
FbHdp,12,no_ack_coalescing,le_8KB_fct_us_p95,8.5478
FbHdp,12,no_ack_coalescing,le_8KB_fct_us_p99,8.854799999999997
FbHdp,12,no_ack_coalescing,le_8KB_flow_count,2283.0
FbHdp,12,no_ack_coalescing,le_8KB_slowdown_mean,1.0022606459544756
FbHdp,12,no_ack_coalescing,le_8KB_slowdown_p95,1.0153739522855325
FbHdp,12,no_ack_coalescing,le_8KB_slowdown_p99,1.0240351613671106
FbHdp,12,no_ack_coalescing,long_to_small_slowdown_mean_ratio,1.4244779749772407
FbHdp,12,no_ack_coalescing,max_active_flows,3.0
FbHdp,12,no_ack_coalescing,overall_fct_us_mean,20.730076734192757
FbHdp,12,no_ack_coalescing,overall_fct_us_p95,32.084900000000026
FbHdp,12,no_ack_coalescing,overall_fct_us_p99,346.2851999999999
FbHdp,12,no_ack_coalescing,overall_flow_count,3258.0
FbHdp,12,no_ack_coalescing,overall_slowdown_mean,1.0312002238088367
FbHdp,12,no_ack_coalescing,overall_slowdown_p95,1.0952741432003574
FbHdp,12,no_ack_coalescing,overall_slowdown_p99,1.6595398102450423
FbHdp,12,no_ack_coalescing,pfc_pause_events,0.0
FbHdp,12,no_ack_coalescing,pfc_resume_events,0.0
FbHdp,12,no_ack_coalescing,proactive_releases,477.0
FbHdp,12,no_ack_coalescing,queue_bytes_max,244160.0
FbHdp,12,no_ack_coalescing,queue_bytes_mean,2115.196
FbHdp,12,no_ack_coalescing,queue_bytes_p95,3270.0
FbHdp,12,no_ack_coalescing,queue_bytes_p99,91560.0
FbHdp,12,no_ack_coalescing,queue_sample_count,400020.0
FbHdp,12,no_ack_coalescing,reactive_binding_rate_changes,262.0
FbHdp,12,no_ack_coalescing,reactive_binding_updates,262.0
FbHdp,12,no_ack_coalescing,recovery_nacks_generated,0.0
FbHdp,12,no_ack_coalescing,recovery_nacks_received,0.0
FbHdp,12,no_ack_coalescing,registrations,477.0
FbHdp,12,no_ack_coalescing,selected_registrations,477.0
FbHdp,12,no_ack_coalescing,tie_binding_rate_changes,25.0
FbHdp,12,no_ack_coalescing,tie_binding_updates,712.0
FbHdp,12,no_ack_coalescing,timeout_recoveries,0.0
FbHdp,12,no_fixed_window,1BDP_to_1MB_fct_us_mean,33.301792114695346
FbHdp,12,no_fixed_window,1BDP_to_1MB_fct_us_p95,80.80050000000004
FbHdp,12,no_fixed_window,1BDP_to_1MB_fct_us_p99,131.42474000000112
FbHdp,12,no_fixed_window,1BDP_to_1MB_flow_count,279.0
FbHdp,12,no_fixed_window,1BDP_to_1MB_slowdown_mean,1.1358256093611374
FbHdp,12,no_fixed_window,1BDP_to_1MB_slowdown_p95,1.5384366437780224
FbHdp,12,no_fixed_window,1BDP_to_1MB_slowdown_p99,1.8185014076603045
FbHdp,12,no_fixed_window,8KB_to_1BDP_fct_us_mean,11.401636807817589
FbHdp,12,no_fixed_window,8KB_to_1BDP_fct_us_p95,16.0362
FbHdp,12,no_fixed_window,8KB_to_1BDP_fct_us_p99,18.24458
FbHdp,12,no_fixed_window,8KB_to_1BDP_flow_count,614.0
FbHdp,12,no_fixed_window,8KB_to_1BDP_slowdown_mean,1.0313759949367094
FbHdp,12,no_fixed_window,8KB_to_1BDP_slowdown_p95,1.0565067165051054
FbHdp,12,no_fixed_window,8KB_to_1BDP_slowdown_p99,1.2927373190797657
FbHdp,12,no_fixed_window,aggregate_goodput_gbps,154.3374141393053
FbHdp,12,no_fixed_window,completion_releases,0.0
FbHdp,12,no_fixed_window,completion_span_us,20730.382
FbHdp,12,no_fixed_window,grant_binding_rate_changes,0.0
FbHdp,12,no_fixed_window,grant_binding_updates,129.0
FbHdp,12,no_fixed_window,grant_bytes_sent,538056.0
FbHdp,12,no_fixed_window,grant_event_rate_changes,862.0
FbHdp,12,no_fixed_window,grants_received,5724.0
FbHdp,12,no_fixed_window,grants_sent,5724.0
FbHdp,12,no_fixed_window,gt_1MB_fct_us_mean,454.9648414634146
FbHdp,12,no_fixed_window,gt_1MB_fct_us_p95,1260.34715
FbHdp,12,no_fixed_window,gt_1MB_fct_us_p99,1471.1619999999996
FbHdp,12,no_fixed_window,gt_1MB_flow_count,82.0
FbHdp,12,no_fixed_window,gt_1MB_slowdown_mean,1.449845465972031
FbHdp,12,no_fixed_window,gt_1MB_slowdown_p95,2.1251136723200204
FbHdp,12,no_fixed_window,gt_1MB_slowdown_p99,2.3095860721787336
FbHdp,12,no_fixed_window,guard_ack_interval_packets,8.0
FbHdp,12,no_fixed_window,guard_adaptive_grant_updates,0.0
FbHdp,12,no_fixed_window,guard_fixed_window,0.0
FbHdp,12,no_fixed_window,guard_grant_refresh_bdps,1.0
FbHdp,12,no_fixed_window,guard_long_acks_suppressed,325476.0
FbHdp,12,no_fixed_window,guard_min_share_fraction,0.0
FbHdp,12,no_fixed_window,guard_one_rtt_acks_suppressed,26136.0
FbHdp,12,no_fixed_window,guard_one_rtt_bypass_enabled,1.0
FbHdp,12,no_fixed_window,guard_one_rtt_bypass_feedbacks,2781.0
FbHdp,12,no_fixed_window,guard_one_rtt_bypass_flows,2781.0
FbHdp,12,no_fixed_window,guard_rebalance_events,0.0
FbHdp,12,no_fixed_window,guard_remaining_aware,1.0
FbHdp,12,no_fixed_window,guard_remaining_exponent,1.0
FbHdp,12,no_fixed_window,guard_remaining_refresh_events,4782.0
FbHdp,12,no_fixed_window,guard_sender_srpt_enabled,1.0
FbHdp,12,no_fixed_window,guard_sender_srpt_forced_rr,92.0
FbHdp,12,no_fixed_window,guard_sender_srpt_non_rr,23281.0
FbHdp,12,no_fixed_window,guard_sender_srpt_selections,401601.0
FbHdp,12,no_fixed_window,guard_srpt_quantum_packets,64.0
FbHdp,12,no_fixed_window,guard_tail_bypass_bdps,8.0
FbHdp,12,no_fixed_window,guard_tail_bypass_enabled,1.0
FbHdp,12,no_fixed_window,guard_tail_bypass_feedbacks,16782.0
FbHdp,12,no_fixed_window,guard_tail_bypass_flows,477.0
FbHdp,12,no_fixed_window,hpcc_actual_rate_changes,270.0
FbHdp,12,no_fixed_window,hpcc_fast_computations,0.0
FbHdp,12,no_fixed_window,hpcc_feedback_updates,4383.0
FbHdp,12,no_fixed_window,hpcc_full_computations,1091.0
FbHdp,12,no_fixed_window,hpcc_rate_updates_applied,1091.0
FbHdp,12,no_fixed_window,hpcc_valid_feedback,1140.0
FbHdp,12,no_fixed_window,int_hops_after_strip,48068.0
FbHdp,12,no_fixed_window,int_hops_before_strip,98057.0
FbHdp,12,no_fixed_window,int_records_stripped,49989.0
FbHdp,12,no_fixed_window,irn_nacks_generated,0.0
FbHdp,12,no_fixed_window,irn_nacks_received,0.0
FbHdp,12,no_fixed_window,irn_retransmit_bytes,0.0
FbHdp,12,no_fixed_window,irn_retransmit_packets,0.0
FbHdp,12,no_fixed_window,le_8KB_fct_us_mean,6.416536574682435
FbHdp,12,no_fixed_window,le_8KB_fct_us_p95,8.5469
FbHdp,12,no_fixed_window,le_8KB_fct_us_p99,8.842619999999998
FbHdp,12,no_fixed_window,le_8KB_flow_count,2283.0
FbHdp,12,no_fixed_window,le_8KB_slowdown_mean,1.002197138643516
FbHdp,12,no_fixed_window,le_8KB_slowdown_p95,1.0146806075768882
FbHdp,12,no_fixed_window,le_8KB_slowdown_p99,1.024508877630642
FbHdp,12,no_fixed_window,long_to_small_slowdown_mean_ratio,1.446666938137951
FbHdp,12,no_fixed_window,max_active_flows,3.0
FbHdp,12,no_fixed_window,overall_fct_us_mean,20.94778238182934
FbHdp,12,no_fixed_window,overall_fct_us_p95,31.116700000000012
FbHdp,12,no_fixed_window,overall_fct_us_p99,338.08833999999865
FbHdp,12,no_fixed_window,overall_flow_count,3258.0
FbHdp,12,no_fixed_window,overall_slowdown_mean,1.0304062620122008
FbHdp,12,no_fixed_window,overall_slowdown_p95,1.099435216421346
FbHdp,12,no_fixed_window,overall_slowdown_p99,1.6689864476384864
FbHdp,12,no_fixed_window,pfc_pause_events,0.0
FbHdp,12,no_fixed_window,pfc_resume_events,0.0
FbHdp,12,no_fixed_window,proactive_releases,477.0
FbHdp,12,no_fixed_window,queue_bytes_max,226720.0
FbHdp,12,no_fixed_window,queue_bytes_mean,1418.402
FbHdp,12,no_fixed_window,queue_bytes_p95,0.0
FbHdp,12,no_fixed_window,queue_bytes_p99,74120.0
FbHdp,12,no_fixed_window,queue_sample_count,400020.0
FbHdp,12,no_fixed_window,reactive_binding_rate_changes,245.0
FbHdp,12,no_fixed_window,reactive_binding_updates,245.0
FbHdp,12,no_fixed_window,recovery_nacks_generated,0.0
FbHdp,12,no_fixed_window,recovery_nacks_received,0.0
FbHdp,12,no_fixed_window,registrations,477.0
FbHdp,12,no_fixed_window,selected_registrations,477.0
FbHdp,12,no_fixed_window,tie_binding_rate_changes,25.0
FbHdp,12,no_fixed_window,tie_binding_updates,717.0
FbHdp,12,no_fixed_window,timeout_recoveries,0.0
FbHdp,13,guard,1BDP_to_1MB_fct_us_mean,39.29319475655431
FbHdp,13,guard,1BDP_to_1MB_fct_us_p95,100.60459999999993
FbHdp,13,guard,1BDP_to_1MB_fct_us_p99,206.09375999999935
FbHdp,13,guard,1BDP_to_1MB_flow_count,267.0
FbHdp,13,guard,1BDP_to_1MB_slowdown_mean,1.1654338884474729
FbHdp,13,guard,1BDP_to_1MB_slowdown_p95,1.659529538805854
FbHdp,13,guard,1BDP_to_1MB_slowdown_p99,2.3926454425281465
FbHdp,13,guard,8KB_to_1BDP_fct_us_mean,11.573472426470587
FbHdp,13,guard,8KB_to_1BDP_fct_us_p95,16.054350000000003
FbHdp,13,guard,8KB_to_1BDP_fct_us_p99,17.845710000000018
FbHdp,13,guard,8KB_to_1BDP_flow_count,544.0
FbHdp,13,guard,8KB_to_1BDP_slowdown_mean,1.0359154031656894
FbHdp,13,guard,8KB_to_1BDP_slowdown_p95,1.0701035852521
FbHdp,13,guard,8KB_to_1BDP_slowdown_p99,1.3290098740377134
FbHdp,13,guard,aggregate_goodput_gbps,167.3554207614151
FbHdp,13,guard,completion_releases,0.0
FbHdp,13,guard,completion_span_us,20123.031
FbHdp,13,guard,grant_binding_rate_changes,7.0
FbHdp,13,guard,grant_binding_updates,130.0
FbHdp,13,guard,grant_bytes_sent,597276.0
FbHdp,13,guard,grant_event_rate_changes,1387.0
FbHdp,13,guard,grants_received,6354.0
FbHdp,13,guard,grants_sent,6354.0
FbHdp,13,guard,gt_1MB_fct_us_mean,529.7301208791208
FbHdp,13,guard,gt_1MB_fct_us_p95,1500.763
FbHdp,13,guard,gt_1MB_fct_us_p99,2750.625999999997
FbHdp,13,guard,gt_1MB_flow_count,91.0
FbHdp,13,guard,gt_1MB_slowdown_mean,1.728043976233394
FbHdp,13,guard,gt_1MB_slowdown_p95,3.7722893423353314
FbHdp,13,guard,gt_1MB_slowdown_p99,5.102009024910776
FbHdp,13,guard,guard_ack_interval_packets,8.0
FbHdp,13,guard,guard_adaptive_grant_updates,0.0
FbHdp,13,guard,guard_fixed_window,1.0
FbHdp,13,guard,guard_grant_refresh_bdps,1.0
FbHdp,13,guard,guard_long_acks_suppressed,346951.0
FbHdp,13,guard,guard_min_share_fraction,0.0
FbHdp,13,guard,guard_one_rtt_acks_suppressed,22640.0
FbHdp,13,guard,guard_one_rtt_bypass_enabled,1.0
FbHdp,13,guard,guard_one_rtt_bypass_feedbacks,2741.0
FbHdp,13,guard,guard_one_rtt_bypass_flows,2741.0
FbHdp,13,guard,guard_rebalance_events,0.0
FbHdp,13,guard,guard_remaining_aware,1.0
FbHdp,13,guard,guard_remaining_exponent,1.0
FbHdp,13,guard,guard_remaining_refresh_events,5077.0
FbHdp,13,guard,guard_sender_srpt_enabled,1.0
FbHdp,13,guard,guard_sender_srpt_forced_rr,172.0
FbHdp,13,guard,guard_sender_srpt_non_rr,38997.0
FbHdp,13,guard,guard_sender_srpt_selections,422595.0
FbHdp,13,guard,guard_srpt_quantum_packets,64.0
FbHdp,13,guard,guard_tail_bypass_bdps,8.0
FbHdp,13,guard,guard_tail_bypass_enabled,1.0
FbHdp,13,guard,guard_tail_bypass_feedbacks,17850.0
FbHdp,13,guard,guard_tail_bypass_flows,471.0
FbHdp,13,guard,hpcc_actual_rate_changes,595.0
FbHdp,13,guard,hpcc_fast_computations,0.0
FbHdp,13,guard,hpcc_feedback_updates,4749.0
FbHdp,13,guard,hpcc_full_computations,1394.0
FbHdp,13,guard,hpcc_rate_updates_applied,1394.0
FbHdp,13,guard,hpcc_valid_feedback,1448.0
FbHdp,13,guard,int_hops_after_strip,52794.0
FbHdp,13,guard,int_hops_before_strip,105798.0
FbHdp,13,guard,int_records_stripped,53004.0
FbHdp,13,guard,irn_nacks_generated,0.0
FbHdp,13,guard,irn_nacks_received,0.0
FbHdp,13,guard,irn_retransmit_bytes,0.0
FbHdp,13,guard,irn_retransmit_packets,0.0
FbHdp,13,guard,le_8KB_fct_us_mean,6.474174458874459
FbHdp,13,guard,le_8KB_fct_us_p95,8.559
FbHdp,13,guard,le_8KB_fct_us_p99,8.880929999999996
FbHdp,13,guard,le_8KB_flow_count,2310.0
FbHdp,13,guard,le_8KB_slowdown_mean,1.0025255497933911
FbHdp,13,guard,le_8KB_slowdown_p95,1.01600634399464
FbHdp,13,guard,le_8KB_slowdown_p99,1.0251784858648778
FbHdp,13,guard,long_to_small_slowdown_mean_ratio,1.7236907095181002
FbHdp,13,guard,max_active_flows,3.0
FbHdp,13,guard,overall_fct_us_mean,24.890422166874224
FbHdp,13,guard,overall_fct_us_p95,39.319899999999876
FbHdp,13,guard,overall_fct_us_p99,502.77516999999693
FbHdp,13,guard,overall_flow_count,3212.0
FbHdp,13,guard,overall_slowdown_mean,1.0422773503728464
FbHdp,13,guard,overall_slowdown_p95,1.1438586176174304
FbHdp,13,guard,overall_slowdown_p99,1.8726349400324167
FbHdp,13,guard,pfc_pause_events,0.0
FbHdp,13,guard,pfc_resume_events,0.0
FbHdp,13,guard,proactive_releases,471.0
FbHdp,13,guard,queue_bytes_max,469582.0
FbHdp,13,guard,queue_bytes_mean,3028.065
FbHdp,13,guard,queue_bytes_p95,0.0
FbHdp,13,guard,queue_bytes_p99,110090.0
FbHdp,13,guard,queue_sample_count,400020.0
FbHdp,13,guard,reactive_binding_rate_changes,554.0
FbHdp,13,guard,reactive_binding_updates,554.0
FbHdp,13,guard,recovery_nacks_generated,0.0
FbHdp,13,guard,recovery_nacks_received,0.0
FbHdp,13,guard,registrations,471.0
FbHdp,13,guard,selected_registrations,471.0
FbHdp,13,guard,tie_binding_rate_changes,34.0
FbHdp,13,guard,tie_binding_updates,710.0
FbHdp,13,guard,timeout_recoveries,0.0
FbHdp,13,no_priority,1BDP_to_1MB_fct_us_mean,46.0589925093633
FbHdp,13,no_priority,1BDP_to_1MB_fct_us_p95,120.89539999999994
FbHdp,13,no_priority,1BDP_to_1MB_fct_us_p99,208.05173999999954
FbHdp,13,no_priority,1BDP_to_1MB_flow_count,267.0
FbHdp,13,no_priority,1BDP_to_1MB_slowdown_mean,1.3999185088700963
FbHdp,13,no_priority,1BDP_to_1MB_slowdown_p95,2.4750350370565464
FbHdp,13,no_priority,1BDP_to_1MB_slowdown_p99,3.1812590000762153
FbHdp,13,no_priority,8KB_to_1BDP_fct_us_mean,13.943033088235294
FbHdp,13,no_priority,8KB_to_1BDP_fct_us_p95,29.13780000000001
FbHdp,13,no_priority,8KB_to_1BDP_fct_us_p99,36.53887000000003
FbHdp,13,no_priority,8KB_to_1BDP_flow_count,544.0
FbHdp,13,no_priority,8KB_to_1BDP_slowdown_mean,1.2208949914582303
FbHdp,13,no_priority,8KB_to_1BDP_slowdown_p95,2.0701401140782103
FbHdp,13,no_priority,8KB_to_1BDP_slowdown_p99,2.8757405192877936
FbHdp,13,no_priority,aggregate_goodput_gbps,167.39195529081266
FbHdp,13,no_priority,completion_releases,0.0
FbHdp,13,no_priority,completion_span_us,20118.639
FbHdp,13,no_priority,grant_binding_rate_changes,6.0
FbHdp,13,no_priority,grant_binding_updates,144.0
FbHdp,13,no_priority,grant_bytes_sent,600378.0
FbHdp,13,no_priority,grant_event_rate_changes,1380.0
FbHdp,13,no_priority,grants_received,6387.0
FbHdp,13,no_priority,grants_sent,6387.0
FbHdp,13,no_priority,gt_1MB_fct_us_mean,548.8476373626373
FbHdp,13,no_priority,gt_1MB_fct_us_p95,1649.5405
FbHdp,13,no_priority,gt_1MB_fct_us_p99,3063.8312
FbHdp,13,no_priority,gt_1MB_flow_count,91.0
FbHdp,13,no_priority,gt_1MB_slowdown_mean,1.8584559007776427
FbHdp,13,no_priority,gt_1MB_slowdown_p95,3.6215428668911085
FbHdp,13,no_priority,gt_1MB_slowdown_p99,6.518480028083818
FbHdp,13,no_priority,guard_ack_interval_packets,8.0
FbHdp,13,no_priority,guard_adaptive_grant_updates,0.0
FbHdp,13,no_priority,guard_fixed_window,1.0
FbHdp,13,no_priority,guard_grant_refresh_bdps,1.0
FbHdp,13,no_priority,guard_long_acks_suppressed,346951.0
FbHdp,13,no_priority,guard_min_share_fraction,0.0
FbHdp,13,no_priority,guard_one_rtt_acks_suppressed,22640.0
FbHdp,13,no_priority,guard_one_rtt_bypass_enabled,1.0
FbHdp,13,no_priority,guard_one_rtt_bypass_feedbacks,2741.0
FbHdp,13,no_priority,guard_one_rtt_bypass_flows,2741.0
FbHdp,13,no_priority,guard_rebalance_events,0.0
FbHdp,13,no_priority,guard_remaining_aware,1.0
FbHdp,13,no_priority,guard_remaining_exponent,1.0
FbHdp,13,no_priority,guard_remaining_refresh_events,5089.0
FbHdp,13,no_priority,guard_sender_srpt_enabled,1.0
FbHdp,13,no_priority,guard_sender_srpt_forced_rr,154.0
FbHdp,13,no_priority,guard_sender_srpt_non_rr,36919.0
FbHdp,13,no_priority,guard_sender_srpt_selections,422595.0
FbHdp,13,no_priority,guard_srpt_quantum_packets,64.0
FbHdp,13,no_priority,guard_tail_bypass_bdps,8.0
FbHdp,13,no_priority,guard_tail_bypass_enabled,1.0
FbHdp,13,no_priority,guard_tail_bypass_feedbacks,17850.0
FbHdp,13,no_priority,guard_tail_bypass_flows,471.0
FbHdp,13,no_priority,hpcc_actual_rate_changes,656.0
FbHdp,13,no_priority,hpcc_fast_computations,0.0
FbHdp,13,no_priority,hpcc_feedback_updates,4873.0
FbHdp,13,no_priority,hpcc_full_computations,1477.0
FbHdp,13,no_priority,hpcc_rate_updates_applied,1477.0
FbHdp,13,no_priority,hpcc_valid_feedback,1531.0
FbHdp,13,no_priority,int_hops_after_strip,52794.0
FbHdp,13,no_priority,int_hops_before_strip,105798.0
FbHdp,13,no_priority,int_records_stripped,53004.0
FbHdp,13,no_priority,irn_nacks_generated,0.0
FbHdp,13,no_priority,irn_nacks_received,0.0
FbHdp,13,no_priority,irn_retransmit_bytes,0.0
FbHdp,13,no_priority,irn_retransmit_packets,0.0
FbHdp,13,no_priority,le_8KB_fct_us_mean,7.80945670995671
FbHdp,13,no_priority,le_8KB_fct_us_p95,19.46235
FbHdp,13,no_priority,le_8KB_fct_us_p99,28.564789999999945
FbHdp,13,no_priority,le_8KB_flow_count,2310.0
FbHdp,13,no_priority,le_8KB_slowdown_mean,1.1623212171140949
FbHdp,13,no_priority,le_8KB_slowdown_p95,2.3219119613011756
FbHdp,13,no_priority,le_8KB_slowdown_p99,3.4081480879708352
FbHdp,13,no_priority,long_to_small_slowdown_mean_ratio,1.5989176429145529
FbHdp,13,no_priority,max_active_flows,3.0
FbHdp,13,no_priority,overall_fct_us_mean,27.356083748443336
FbHdp,13,no_priority,overall_fct_us_p95,52.6737499999999
FbHdp,13,no_priority,overall_fct_us_p99,480.8371199999998
FbHdp,13,no_priority,overall_flow_count,3212.0
FbHdp,13,no_priority,overall_slowdown_mean,1.2117143884576331
FbHdp,13,no_priority,overall_slowdown_p95,2.3553911264949328
FbHdp,13,no_priority,overall_slowdown_p99,3.341306594538244
FbHdp,13,no_priority,pfc_pause_events,0.0
FbHdp,13,no_priority,pfc_resume_events,0.0
FbHdp,13,no_priority,proactive_releases,471.0
FbHdp,13,no_priority,queue_bytes_max,422920.0
FbHdp,13,no_priority,queue_bytes_mean,3028.369
FbHdp,13,no_priority,queue_bytes_p95,0.0
FbHdp,13,no_priority,queue_bytes_p99,112270.0
FbHdp,13,no_priority,queue_sample_count,400020.0
FbHdp,13,no_priority,reactive_binding_rate_changes,604.0
FbHdp,13,no_priority,reactive_binding_updates,604.0
FbHdp,13,no_priority,recovery_nacks_generated,0.0
FbHdp,13,no_priority,recovery_nacks_received,0.0
FbHdp,13,no_priority,registrations,471.0
FbHdp,13,no_priority,selected_registrations,471.0
FbHdp,13,no_priority,tie_binding_rate_changes,46.0
FbHdp,13,no_priority,tie_binding_updates,729.0
FbHdp,13,no_priority,timeout_recoveries,0.0
FbHdp,13,no_srpt,1BDP_to_1MB_fct_us_mean,41.788367041198505
FbHdp,13,no_srpt,1BDP_to_1MB_fct_us_p95,104.72859999999997
FbHdp,13,no_srpt,1BDP_to_1MB_fct_us_p99,206.33381999999932
FbHdp,13,no_srpt,1BDP_to_1MB_flow_count,267.0
FbHdp,13,no_srpt,1BDP_to_1MB_slowdown_mean,1.2539018435939884
FbHdp,13,no_srpt,1BDP_to_1MB_slowdown_p95,1.9355404246808356
FbHdp,13,no_srpt,1BDP_to_1MB_slowdown_p99,2.679156136612792
FbHdp,13,no_srpt,8KB_to_1BDP_fct_us_mean,12.15647794117647
FbHdp,13,no_srpt,8KB_to_1BDP_fct_us_p95,17.463200000000004
FbHdp,13,no_srpt,8KB_to_1BDP_fct_us_p99,24.065860000000008
FbHdp,13,no_srpt,8KB_to_1BDP_flow_count,544.0
FbHdp,13,no_srpt,8KB_to_1BDP_slowdown_mean,1.0881075925279848
FbHdp,13,no_srpt,8KB_to_1BDP_slowdown_p95,1.5022796052631584
FbHdp,13,no_srpt,8KB_to_1BDP_slowdown_p99,1.9036361929669972
FbHdp,13,no_srpt,aggregate_goodput_gbps,167.37612336685564
FbHdp,13,no_srpt,completion_releases,0.0
FbHdp,13,no_srpt,completion_span_us,20120.542
FbHdp,13,no_srpt,grant_binding_rate_changes,5.0
FbHdp,13,no_srpt,grant_binding_updates,128.0
FbHdp,13,no_srpt,grant_bytes_sent,595866.0
FbHdp,13,no_srpt,grant_event_rate_changes,1371.0
FbHdp,13,no_srpt,grants_received,6339.0
FbHdp,13,no_srpt,grants_sent,6339.0
FbHdp,13,no_srpt,gt_1MB_fct_us_mean,548.2487582417583
FbHdp,13,no_srpt,gt_1MB_fct_us_p95,1554.1185
FbHdp,13,no_srpt,gt_1MB_fct_us_p99,2833.212199999999
FbHdp,13,no_srpt,gt_1MB_flow_count,91.0
FbHdp,13,no_srpt,gt_1MB_slowdown_mean,1.7809016330920167
FbHdp,13,no_srpt,gt_1MB_slowdown_p95,4.157816003730807
FbHdp,13,no_srpt,gt_1MB_slowdown_p99,5.07894649733824
FbHdp,13,no_srpt,guard_ack_interval_packets,8.0
FbHdp,13,no_srpt,guard_adaptive_grant_updates,0.0
FbHdp,13,no_srpt,guard_fixed_window,1.0
FbHdp,13,no_srpt,guard_grant_refresh_bdps,1.0
FbHdp,13,no_srpt,guard_long_acks_suppressed,346951.0
FbHdp,13,no_srpt,guard_min_share_fraction,0.0
FbHdp,13,no_srpt,guard_one_rtt_acks_suppressed,22640.0
FbHdp,13,no_srpt,guard_one_rtt_bypass_enabled,1.0
FbHdp,13,no_srpt,guard_one_rtt_bypass_feedbacks,2741.0
FbHdp,13,no_srpt,guard_one_rtt_bypass_flows,2741.0
FbHdp,13,no_srpt,guard_rebalance_events,0.0
FbHdp,13,no_srpt,guard_remaining_aware,1.0
FbHdp,13,no_srpt,guard_remaining_exponent,1.0
FbHdp,13,no_srpt,guard_remaining_refresh_events,5095.0
FbHdp,13,no_srpt,guard_sender_srpt_enabled,0.0
FbHdp,13,no_srpt,guard_sender_srpt_forced_rr,0.0
FbHdp,13,no_srpt,guard_sender_srpt_non_rr,0.0
FbHdp,13,no_srpt,guard_sender_srpt_selections,0.0
FbHdp,13,no_srpt,guard_srpt_quantum_packets,64.0
FbHdp,13,no_srpt,guard_tail_bypass_bdps,8.0
FbHdp,13,no_srpt,guard_tail_bypass_enabled,1.0
FbHdp,13,no_srpt,guard_tail_bypass_feedbacks,17850.0
FbHdp,13,no_srpt,guard_tail_bypass_flows,471.0
FbHdp,13,no_srpt,hpcc_actual_rate_changes,555.0
FbHdp,13,no_srpt,hpcc_fast_computations,0.0
FbHdp,13,no_srpt,hpcc_feedback_updates,5084.0
FbHdp,13,no_srpt,hpcc_full_computations,1450.0
FbHdp,13,no_srpt,hpcc_rate_updates_applied,1450.0
FbHdp,13,no_srpt,hpcc_valid_feedback,1504.0
FbHdp,13,no_srpt,int_hops_after_strip,52794.0
FbHdp,13,no_srpt,int_hops_before_strip,105798.0
FbHdp,13,no_srpt,int_records_stripped,53004.0
FbHdp,13,no_srpt,irn_nacks_generated,0.0
FbHdp,13,no_srpt,irn_nacks_received,0.0
FbHdp,13,no_srpt,irn_retransmit_bytes,0.0
FbHdp,13,no_srpt,irn_retransmit_packets,0.0
FbHdp,13,no_srpt,le_8KB_fct_us_mean,6.480433333333333
FbHdp,13,no_srpt,le_8KB_fct_us_p95,8.57255
FbHdp,13,no_srpt,le_8KB_fct_us_p99,8.947099999999999
FbHdp,13,no_srpt,le_8KB_flow_count,2310.0
FbHdp,13,no_srpt,le_8KB_slowdown_mean,1.0033797026237803
FbHdp,13,no_srpt,le_8KB_slowdown_p95,1.0182294918930115
FbHdp,13,no_srpt,le_8KB_slowdown_p99,1.0375459858667353
FbHdp,13,no_srpt,long_to_small_slowdown_mean_ratio,1.774902988803801
FbHdp,13,no_srpt,max_active_flows,3.0
FbHdp,13,no_srpt,overall_fct_us_mean,25.725733499377334
FbHdp,13,no_srpt,overall_fct_us_p95,46.36169999999976
FbHdp,13,no_srpt,overall_fct_us_p99,534.4389299999949
FbHdp,13,no_srpt,overall_flow_count,3212.0
FbHdp,13,no_srpt,overall_slowdown_mean,1.0605826538751946
FbHdp,13,no_srpt,overall_slowdown_p95,1.3414961341397378
FbHdp,13,no_srpt,overall_slowdown_p99,2.0918575514761066
FbHdp,13,no_srpt,pfc_pause_events,0.0
FbHdp,13,no_srpt,pfc_resume_events,0.0
FbHdp,13,no_srpt,proactive_releases,471.0
FbHdp,13,no_srpt,queue_bytes_max,568004.0
FbHdp,13,no_srpt,queue_bytes_mean,3078.036
FbHdp,13,no_srpt,queue_bytes_p95,0.0
FbHdp,13,no_srpt,queue_bytes_p99,110090.0
FbHdp,13,no_srpt,queue_sample_count,400020.0
FbHdp,13,no_srpt,reactive_binding_rate_changes,510.0
FbHdp,13,no_srpt,reactive_binding_updates,510.0
FbHdp,13,no_srpt,recovery_nacks_generated,0.0
FbHdp,13,no_srpt,recovery_nacks_received,0.0
FbHdp,13,no_srpt,registrations,471.0
FbHdp,13,no_srpt,selected_registrations,471.0
FbHdp,13,no_srpt,tie_binding_rate_changes,40.0
FbHdp,13,no_srpt,tie_binding_updates,812.0
FbHdp,13,no_srpt,timeout_recoveries,0.0
FbHdp,13,no_reclaim,1BDP_to_1MB_fct_us_mean,39.29319475655431
FbHdp,13,no_reclaim,1BDP_to_1MB_fct_us_p95,100.60459999999993
FbHdp,13,no_reclaim,1BDP_to_1MB_fct_us_p99,206.09375999999935
FbHdp,13,no_reclaim,1BDP_to_1MB_flow_count,267.0
FbHdp,13,no_reclaim,1BDP_to_1MB_slowdown_mean,1.1654338884474729
FbHdp,13,no_reclaim,1BDP_to_1MB_slowdown_p95,1.659529538805854
FbHdp,13,no_reclaim,1BDP_to_1MB_slowdown_p99,2.3926454425281465
FbHdp,13,no_reclaim,8KB_to_1BDP_fct_us_mean,11.573472426470587
FbHdp,13,no_reclaim,8KB_to_1BDP_fct_us_p95,16.054350000000003
FbHdp,13,no_reclaim,8KB_to_1BDP_fct_us_p99,17.845710000000018
FbHdp,13,no_reclaim,8KB_to_1BDP_flow_count,544.0
FbHdp,13,no_reclaim,8KB_to_1BDP_slowdown_mean,1.0359154031656894
FbHdp,13,no_reclaim,8KB_to_1BDP_slowdown_p95,1.0701035852521
FbHdp,13,no_reclaim,8KB_to_1BDP_slowdown_p99,1.3290098740377134
FbHdp,13,no_reclaim,aggregate_goodput_gbps,167.3554207614151
FbHdp,13,no_reclaim,completion_releases,0.0
FbHdp,13,no_reclaim,completion_span_us,20123.031
FbHdp,13,no_reclaim,grant_binding_rate_changes,7.0
FbHdp,13,no_reclaim,grant_binding_updates,130.0
FbHdp,13,no_reclaim,grant_bytes_sent,597276.0
FbHdp,13,no_reclaim,grant_event_rate_changes,1387.0
FbHdp,13,no_reclaim,grants_received,6354.0
FbHdp,13,no_reclaim,grants_sent,6354.0
FbHdp,13,no_reclaim,gt_1MB_fct_us_mean,529.7301208791208
FbHdp,13,no_reclaim,gt_1MB_fct_us_p95,1500.763
FbHdp,13,no_reclaim,gt_1MB_fct_us_p99,2750.625999999997
FbHdp,13,no_reclaim,gt_1MB_flow_count,91.0
FbHdp,13,no_reclaim,gt_1MB_slowdown_mean,1.728043976233394
FbHdp,13,no_reclaim,gt_1MB_slowdown_p95,3.7722893423353314
FbHdp,13,no_reclaim,gt_1MB_slowdown_p99,5.102009024910776
FbHdp,13,no_reclaim,guard_ack_interval_packets,8.0
FbHdp,13,no_reclaim,guard_adaptive_grant_updates,0.0
FbHdp,13,no_reclaim,guard_fixed_window,1.0
FbHdp,13,no_reclaim,guard_grant_refresh_bdps,1.0
FbHdp,13,no_reclaim,guard_long_acks_suppressed,346951.0
FbHdp,13,no_reclaim,guard_min_share_fraction,0.0
FbHdp,13,no_reclaim,guard_one_rtt_acks_suppressed,22640.0
FbHdp,13,no_reclaim,guard_one_rtt_bypass_enabled,1.0
FbHdp,13,no_reclaim,guard_one_rtt_bypass_feedbacks,2741.0
FbHdp,13,no_reclaim,guard_one_rtt_bypass_flows,2741.0
FbHdp,13,no_reclaim,guard_rebalance_events,0.0
FbHdp,13,no_reclaim,guard_remaining_aware,1.0
FbHdp,13,no_reclaim,guard_remaining_exponent,1.0
FbHdp,13,no_reclaim,guard_remaining_refresh_events,5077.0
FbHdp,13,no_reclaim,guard_sender_srpt_enabled,1.0
FbHdp,13,no_reclaim,guard_sender_srpt_forced_rr,172.0
FbHdp,13,no_reclaim,guard_sender_srpt_non_rr,38997.0
FbHdp,13,no_reclaim,guard_sender_srpt_selections,422595.0
FbHdp,13,no_reclaim,guard_srpt_quantum_packets,64.0
FbHdp,13,no_reclaim,guard_tail_bypass_bdps,8.0
FbHdp,13,no_reclaim,guard_tail_bypass_enabled,1.0
FbHdp,13,no_reclaim,guard_tail_bypass_feedbacks,17850.0
FbHdp,13,no_reclaim,guard_tail_bypass_flows,471.0
FbHdp,13,no_reclaim,hpcc_actual_rate_changes,595.0
FbHdp,13,no_reclaim,hpcc_fast_computations,0.0
FbHdp,13,no_reclaim,hpcc_feedback_updates,4749.0
FbHdp,13,no_reclaim,hpcc_full_computations,1394.0
FbHdp,13,no_reclaim,hpcc_rate_updates_applied,1394.0
FbHdp,13,no_reclaim,hpcc_valid_feedback,1448.0
FbHdp,13,no_reclaim,int_hops_after_strip,52794.0
FbHdp,13,no_reclaim,int_hops_before_strip,105798.0
FbHdp,13,no_reclaim,int_records_stripped,53004.0
FbHdp,13,no_reclaim,irn_nacks_generated,0.0
FbHdp,13,no_reclaim,irn_nacks_received,0.0
FbHdp,13,no_reclaim,irn_retransmit_bytes,0.0
FbHdp,13,no_reclaim,irn_retransmit_packets,0.0
FbHdp,13,no_reclaim,le_8KB_fct_us_mean,6.474174458874459
FbHdp,13,no_reclaim,le_8KB_fct_us_p95,8.559
FbHdp,13,no_reclaim,le_8KB_fct_us_p99,8.880929999999996
FbHdp,13,no_reclaim,le_8KB_flow_count,2310.0
FbHdp,13,no_reclaim,le_8KB_slowdown_mean,1.0025255497933911
FbHdp,13,no_reclaim,le_8KB_slowdown_p95,1.01600634399464
FbHdp,13,no_reclaim,le_8KB_slowdown_p99,1.0251784858648778
FbHdp,13,no_reclaim,long_to_small_slowdown_mean_ratio,1.7236907095181002
FbHdp,13,no_reclaim,max_active_flows,3.0
FbHdp,13,no_reclaim,overall_fct_us_mean,24.890422166874224
FbHdp,13,no_reclaim,overall_fct_us_p95,39.319899999999876
FbHdp,13,no_reclaim,overall_fct_us_p99,502.77516999999693
FbHdp,13,no_reclaim,overall_flow_count,3212.0
FbHdp,13,no_reclaim,overall_slowdown_mean,1.0422773503728464
FbHdp,13,no_reclaim,overall_slowdown_p95,1.1438586176174304
FbHdp,13,no_reclaim,overall_slowdown_p99,1.8726349400324167
FbHdp,13,no_reclaim,pfc_pause_events,0.0
FbHdp,13,no_reclaim,pfc_resume_events,0.0
FbHdp,13,no_reclaim,proactive_releases,471.0
FbHdp,13,no_reclaim,queue_bytes_max,469582.0
FbHdp,13,no_reclaim,queue_bytes_mean,3028.065
FbHdp,13,no_reclaim,queue_bytes_p95,0.0
FbHdp,13,no_reclaim,queue_bytes_p99,110090.0
FbHdp,13,no_reclaim,queue_sample_count,400020.0
FbHdp,13,no_reclaim,reactive_binding_rate_changes,554.0
FbHdp,13,no_reclaim,reactive_binding_updates,554.0
FbHdp,13,no_reclaim,recovery_nacks_generated,0.0
FbHdp,13,no_reclaim,recovery_nacks_received,0.0
FbHdp,13,no_reclaim,registrations,471.0
FbHdp,13,no_reclaim,selected_registrations,471.0
FbHdp,13,no_reclaim,tie_binding_rate_changes,34.0
FbHdp,13,no_reclaim,tie_binding_updates,710.0
FbHdp,13,no_reclaim,timeout_recoveries,0.0
FbHdp,13,no_one_rtt,1BDP_to_1MB_fct_us_mean,39.268554307116105
FbHdp,13,no_one_rtt,1BDP_to_1MB_fct_us_p95,100.60459999999993
FbHdp,13,no_one_rtt,1BDP_to_1MB_fct_us_p99,206.4333399999993
FbHdp,13,no_one_rtt,1BDP_to_1MB_flow_count,267.0
FbHdp,13,no_one_rtt,1BDP_to_1MB_slowdown_mean,1.1645628755505373
FbHdp,13,no_one_rtt,1BDP_to_1MB_slowdown_p95,1.65968926238627
FbHdp,13,no_one_rtt,1BDP_to_1MB_slowdown_p99,2.4281644643174287
FbHdp,13,no_one_rtt,8KB_to_1BDP_fct_us_mean,11.572373161764705
FbHdp,13,no_one_rtt,8KB_to_1BDP_fct_us_p95,16.036750000000005
FbHdp,13,no_one_rtt,8KB_to_1BDP_fct_us_p99,17.571660000000005
FbHdp,13,no_one_rtt,8KB_to_1BDP_flow_count,544.0
FbHdp,13,no_one_rtt,8KB_to_1BDP_slowdown_mean,1.0358975205161314
FbHdp,13,no_one_rtt,8KB_to_1BDP_slowdown_p95,1.0719277834628305
FbHdp,13,no_one_rtt,8KB_to_1BDP_slowdown_p99,1.3269223091359947
FbHdp,13,no_one_rtt,aggregate_goodput_gbps,167.35536254515844
FbHdp,13,no_one_rtt,completion_releases,0.0
FbHdp,13,no_one_rtt,completion_span_us,20123.038
FbHdp,13,no_one_rtt,grant_binding_rate_changes,8.0
FbHdp,13,no_one_rtt,grant_binding_updates,118.0
FbHdp,13,no_one_rtt,grant_bytes_sent,596524.0
FbHdp,13,no_one_rtt,grant_event_rate_changes,1354.0
FbHdp,13,no_one_rtt,grants_received,6346.0
FbHdp,13,no_one_rtt,grants_sent,6346.0
FbHdp,13,no_one_rtt,gt_1MB_fct_us_mean,529.7947142857143
FbHdp,13,no_one_rtt,gt_1MB_fct_us_p95,1503.2685000000001
FbHdp,13,no_one_rtt,gt_1MB_fct_us_p99,2658.4312999999975
FbHdp,13,no_one_rtt,gt_1MB_flow_count,91.0
FbHdp,13,no_one_rtt,gt_1MB_slowdown_mean,1.7298346830390683
FbHdp,13,no_one_rtt,gt_1MB_slowdown_p95,4.149045704864432
FbHdp,13,no_one_rtt,gt_1MB_slowdown_p99,4.703725877673959
FbHdp,13,no_one_rtt,guard_ack_interval_packets,8.0
FbHdp,13,no_one_rtt,guard_adaptive_grant_updates,0.0
FbHdp,13,no_one_rtt,guard_fixed_window,1.0
FbHdp,13,no_one_rtt,guard_grant_refresh_bdps,1.0
FbHdp,13,no_one_rtt,guard_long_acks_suppressed,366326.0
FbHdp,13,no_one_rtt,guard_min_share_fraction,0.0
FbHdp,13,no_one_rtt,guard_one_rtt_acks_suppressed,0.0
FbHdp,13,no_one_rtt,guard_one_rtt_bypass_enabled,0.0
FbHdp,13,no_one_rtt,guard_one_rtt_bypass_feedbacks,0.0
FbHdp,13,no_one_rtt,guard_one_rtt_bypass_flows,0.0
FbHdp,13,no_one_rtt,guard_rebalance_events,0.0
FbHdp,13,no_one_rtt,guard_remaining_aware,1.0
FbHdp,13,no_one_rtt,guard_remaining_exponent,1.0
FbHdp,13,no_one_rtt,guard_remaining_refresh_events,5079.0
FbHdp,13,no_one_rtt,guard_sender_srpt_enabled,1.0
FbHdp,13,no_one_rtt,guard_sender_srpt_forced_rr,172.0
FbHdp,13,no_one_rtt,guard_sender_srpt_non_rr,39256.0
FbHdp,13,no_one_rtt,guard_sender_srpt_selections,422595.0
FbHdp,13,no_one_rtt,guard_srpt_quantum_packets,64.0
FbHdp,13,no_one_rtt,guard_tail_bypass_bdps,8.0
FbHdp,13,no_one_rtt,guard_tail_bypass_enabled,1.0
FbHdp,13,no_one_rtt,guard_tail_bypass_feedbacks,17850.0
FbHdp,13,no_one_rtt,guard_tail_bypass_flows,471.0
FbHdp,13,no_one_rtt,hpcc_actual_rate_changes,607.0
FbHdp,13,no_one_rtt,hpcc_fast_computations,0.0
FbHdp,13,no_one_rtt,hpcc_feedback_updates,7520.0
FbHdp,13,no_one_rtt,hpcc_full_computations,1395.0
FbHdp,13,no_one_rtt,hpcc_rate_updates_applied,1395.0
FbHdp,13,no_one_rtt,hpcc_valid_feedback,3009.0
FbHdp,13,no_one_rtt,int_hops_after_strip,57458.0
FbHdp,13,no_one_rtt,int_hops_before_strip,113727.0
FbHdp,13,no_one_rtt,int_records_stripped,56269.0
FbHdp,13,no_one_rtt,irn_nacks_generated,0.0
FbHdp,13,no_one_rtt,irn_nacks_received,0.0
FbHdp,13,no_one_rtt,irn_retransmit_bytes,0.0
FbHdp,13,no_one_rtt,irn_retransmit_packets,0.0
FbHdp,13,no_one_rtt,le_8KB_fct_us_mean,6.473725541125542
FbHdp,13,no_one_rtt,le_8KB_fct_us_p95,8.562100000000001
FbHdp,13,no_one_rtt,le_8KB_fct_us_p99,8.895299999999995
FbHdp,13,no_one_rtt,le_8KB_flow_count,2310.0
FbHdp,13,no_one_rtt,le_8KB_slowdown_mean,1.0025818205478587
FbHdp,13,no_one_rtt,le_8KB_slowdown_p95,1.0165364139411883
FbHdp,13,no_one_rtt,le_8KB_slowdown_p99,1.0244766108778993
FbHdp,13,no_one_rtt,long_to_small_slowdown_mean_ratio,1.725380061343825
FbHdp,13,no_one_rtt,max_active_flows,3.0
FbHdp,13,no_one_rtt,overall_fct_us_mean,24.88969489414695
FbHdp,13,no_one_rtt,overall_fct_us_p95,39.29459999999986
FbHdp,13,no_one_rtt,overall_fct_us_p99,502.49509999999725
FbHdp,13,no_one_rtt,overall_flow_count,3212.0
FbHdp,13,no_one_rtt,overall_slowdown_mean,1.0422931197244327
FbHdp,13,no_one_rtt,overall_slowdown_p95,1.1422598805612485
FbHdp,13,no_one_rtt,overall_slowdown_p99,1.8963927727699135
FbHdp,13,no_one_rtt,pfc_pause_events,0.0
FbHdp,13,no_one_rtt,pfc_resume_events,0.0
FbHdp,13,no_one_rtt,proactive_releases,471.0
FbHdp,13,no_one_rtt,queue_bytes_max,527560.0
FbHdp,13,no_one_rtt,queue_bytes_mean,3090.692
FbHdp,13,no_one_rtt,queue_bytes_p95,0.0
FbHdp,13,no_one_rtt,queue_bytes_p99,110090.0
FbHdp,13,no_one_rtt,queue_sample_count,400020.0
FbHdp,13,no_one_rtt,reactive_binding_rate_changes,557.0
FbHdp,13,no_one_rtt,reactive_binding_updates,557.0
FbHdp,13,no_one_rtt,recovery_nacks_generated,0.0
FbHdp,13,no_one_rtt,recovery_nacks_received,0.0
FbHdp,13,no_one_rtt,registrations,471.0
FbHdp,13,no_one_rtt,selected_registrations,471.0
FbHdp,13,no_one_rtt,tie_binding_rate_changes,42.0
FbHdp,13,no_one_rtt,tie_binding_updates,720.0
FbHdp,13,no_one_rtt,timeout_recoveries,0.0
FbHdp,13,no_tail,1BDP_to_1MB_fct_us_mean,57.696359550561795
FbHdp,13,no_tail,1BDP_to_1MB_fct_us_p95,120.74509999999998
FbHdp,13,no_tail,1BDP_to_1MB_fct_us_p99,318.43231999999585
FbHdp,13,no_tail,1BDP_to_1MB_flow_count,267.0
FbHdp,13,no_tail,1BDP_to_1MB_slowdown_mean,1.5065194564114233
FbHdp,13,no_tail,1BDP_to_1MB_slowdown_p95,1.989865085415961
FbHdp,13,no_tail,1BDP_to_1MB_slowdown_p99,4.940275297865018
FbHdp,13,no_tail,8KB_to_1BDP_fct_us_mean,11.576485294117647
FbHdp,13,no_tail,8KB_to_1BDP_fct_us_p95,16.054350000000003
FbHdp,13,no_tail,8KB_to_1BDP_fct_us_p99,18.129570000000044
FbHdp,13,no_tail,8KB_to_1BDP_flow_count,544.0
FbHdp,13,no_tail,8KB_to_1BDP_slowdown_mean,1.0361233668064551
FbHdp,13,no_tail,8KB_to_1BDP_slowdown_p95,1.072629557440335
FbHdp,13,no_tail,8KB_to_1BDP_slowdown_p99,1.3174259126808336
FbHdp,13,no_tail,aggregate_goodput_gbps,167.3554207614151
FbHdp,13,no_tail,completion_releases,0.0
FbHdp,13,no_tail,completion_span_us,20123.031
FbHdp,13,no_tail,grant_binding_rate_changes,14.0
FbHdp,13,no_tail,grant_binding_updates,378.0
FbHdp,13,no_tail,grant_bytes_sent,607334.0
FbHdp,13,no_tail,grant_event_rate_changes,1412.0
FbHdp,13,no_tail,grants_received,6461.0
FbHdp,13,no_tail,grants_sent,6461.0
FbHdp,13,no_tail,gt_1MB_fct_us_mean,544.5511758241759
FbHdp,13,no_tail,gt_1MB_fct_us_p95,1590.856
FbHdp,13,no_tail,gt_1MB_fct_us_p99,2362.1829999999977
FbHdp,13,no_tail,gt_1MB_flow_count,91.0
FbHdp,13,no_tail,gt_1MB_slowdown_mean,1.840600824074197
FbHdp,13,no_tail,gt_1MB_slowdown_p95,4.401077704804289
FbHdp,13,no_tail,gt_1MB_slowdown_p99,6.239031467439075
FbHdp,13,no_tail,guard_ack_interval_packets,8.0
FbHdp,13,no_tail,guard_adaptive_grant_updates,0.0
FbHdp,13,no_tail,guard_fixed_window,1.0
FbHdp,13,no_tail,guard_grant_refresh_bdps,1.0
FbHdp,13,no_tail,guard_long_acks_suppressed,346951.0
FbHdp,13,no_tail,guard_min_share_fraction,0.0
FbHdp,13,no_tail,guard_one_rtt_acks_suppressed,22640.0
FbHdp,13,no_tail,guard_one_rtt_bypass_enabled,1.0
FbHdp,13,no_tail,guard_one_rtt_bypass_feedbacks,2741.0
FbHdp,13,no_tail,guard_one_rtt_bypass_flows,2741.0
FbHdp,13,no_tail,guard_rebalance_events,0.0
FbHdp,13,no_tail,guard_remaining_aware,1.0
FbHdp,13,no_tail,guard_remaining_exponent,1.0
FbHdp,13,no_tail,guard_remaining_refresh_events,5088.0
FbHdp,13,no_tail,guard_sender_srpt_enabled,1.0
FbHdp,13,no_tail,guard_sender_srpt_forced_rr,157.0
FbHdp,13,no_tail,guard_sender_srpt_non_rr,36137.0
FbHdp,13,no_tail,guard_sender_srpt_selections,422595.0
FbHdp,13,no_tail,guard_srpt_quantum_packets,64.0
FbHdp,13,no_tail,guard_tail_bypass_bdps,8.0
FbHdp,13,no_tail,guard_tail_bypass_enabled,0.0
FbHdp,13,no_tail,guard_tail_bypass_feedbacks,0.0
FbHdp,13,no_tail,guard_tail_bypass_flows,0.0
FbHdp,13,no_tail,hpcc_actual_rate_changes,888.0
FbHdp,13,no_tail,hpcc_fast_computations,0.0
FbHdp,13,no_tail,hpcc_feedback_updates,7201.0
FbHdp,13,no_tail,hpcc_full_computations,2379.0
FbHdp,13,no_tail,hpcc_rate_updates_applied,2379.0
FbHdp,13,no_tail,hpcc_valid_feedback,2581.0
FbHdp,13,no_tail,int_hops_after_strip,52794.0
FbHdp,13,no_tail,int_hops_before_strip,105798.0
FbHdp,13,no_tail,int_records_stripped,53004.0
FbHdp,13,no_tail,irn_nacks_generated,0.0
FbHdp,13,no_tail,irn_nacks_received,0.0
FbHdp,13,no_tail,irn_retransmit_bytes,0.0
FbHdp,13,no_tail,irn_retransmit_packets,0.0
FbHdp,13,no_tail,le_8KB_fct_us_mean,6.473723809523809
FbHdp,13,no_tail,le_8KB_fct_us_p95,8.552
FbHdp,13,no_tail,le_8KB_fct_us_p99,8.890369999999999
FbHdp,13,no_tail,le_8KB_flow_count,2310.0
FbHdp,13,no_tail,le_8KB_slowdown_mean,1.002529781191044
FbHdp,13,no_tail,le_8KB_slowdown_p95,1.0159025283191265
FbHdp,13,no_tail,le_8KB_slowdown_p99,1.023812653130619
FbHdp,13,no_tail,long_to_small_slowdown_mean_ratio,1.835956256469002
FbHdp,13,no_tail,max_active_flows,4.0
FbHdp,13,no_tail,overall_fct_us_mean,26.840284869240346
FbHdp,13,no_tail,overall_fct_us_p95,40.953299999999984
FbHdp,13,no_tail,overall_fct_us_p99,555.1471599999996
FbHdp,13,no_tail,overall_flow_count,3212.0
FbHdp,13,no_tail,overall_slowdown_mean,1.0738574956247278
FbHdp,13,no_tail,overall_slowdown_p95,1.1581255112710855
FbHdp,13,no_tail,overall_slowdown_p99,2.1234884647604897
FbHdp,13,no_tail,pfc_pause_events,0.0
FbHdp,13,no_tail,pfc_resume_events,0.0
FbHdp,13,no_tail,proactive_releases,471.0
FbHdp,13,no_tail,queue_bytes_max,432422.0
FbHdp,13,no_tail,queue_bytes_mean,2799.602
FbHdp,13,no_tail,queue_bytes_p95,0.0
FbHdp,13,no_tail,queue_bytes_p99,109000.0
FbHdp,13,no_tail,queue_sample_count,400020.0
FbHdp,13,no_tail,reactive_binding_rate_changes,824.0
FbHdp,13,no_tail,reactive_binding_updates,824.0
FbHdp,13,no_tail,recovery_nacks_generated,0.0
FbHdp,13,no_tail,recovery_nacks_received,0.0
FbHdp,13,no_tail,registrations,471.0
FbHdp,13,no_tail,selected_registrations,471.0
FbHdp,13,no_tail,tie_binding_rate_changes,50.0
FbHdp,13,no_tail,tie_binding_updates,1177.0
FbHdp,13,no_tail,timeout_recoveries,0.0
FbHdp,13,no_remaining,1BDP_to_1MB_fct_us_mean,41.62527715355805
FbHdp,13,no_remaining,1BDP_to_1MB_fct_us_p95,107.85559999999995
FbHdp,13,no_remaining,1BDP_to_1MB_fct_us_p99,205.28139999999917
FbHdp,13,no_remaining,1BDP_to_1MB_flow_count,267.0
FbHdp,13,no_remaining,1BDP_to_1MB_slowdown_mean,1.2329761369774077
FbHdp,13,no_remaining,1BDP_to_1MB_slowdown_p95,1.9872896449282713
FbHdp,13,no_remaining,1BDP_to_1MB_slowdown_p99,2.516150133636729
FbHdp,13,no_remaining,8KB_to_1BDP_fct_us_mean,11.63035294117647
FbHdp,13,no_remaining,8KB_to_1BDP_fct_us_p95,16.088300000000004
FbHdp,13,no_remaining,8KB_to_1BDP_fct_us_p99,17.560100000000006
FbHdp,13,no_remaining,8KB_to_1BDP_flow_count,544.0
FbHdp,13,no_remaining,8KB_to_1BDP_slowdown_mean,1.0412340782237348
FbHdp,13,no_remaining,8KB_to_1BDP_slowdown_p95,1.2088484306272376
FbHdp,13,no_remaining,8KB_to_1BDP_slowdown_p99,1.3385463376119664
FbHdp,13,no_remaining,aggregate_goodput_gbps,167.42796472481882
FbHdp,13,no_remaining,completion_releases,0.0
FbHdp,13,no_remaining,completion_span_us,20114.312
FbHdp,13,no_remaining,grant_binding_rate_changes,12.0
FbHdp,13,no_remaining,grant_binding_updates,137.0
FbHdp,13,no_remaining,grant_bytes_sent,60818.0
FbHdp,13,no_remaining,grant_event_rate_changes,235.0
FbHdp,13,no_remaining,grants_received,647.0
FbHdp,13,no_remaining,grants_sent,647.0
FbHdp,13,no_remaining,gt_1MB_fct_us_mean,533.3021098901098
FbHdp,13,no_remaining,gt_1MB_fct_us_p95,1360.702
FbHdp,13,no_remaining,gt_1MB_fct_us_p99,2832.7643999999987
FbHdp,13,no_remaining,gt_1MB_flow_count,91.0
FbHdp,13,no_remaining,gt_1MB_slowdown_mean,1.78380261951464
FbHdp,13,no_remaining,gt_1MB_slowdown_p95,4.0980950467444135
FbHdp,13,no_remaining,gt_1MB_slowdown_p99,4.682732062616794
FbHdp,13,no_remaining,guard_ack_interval_packets,8.0
FbHdp,13,no_remaining,guard_adaptive_grant_updates,0.0
FbHdp,13,no_remaining,guard_fixed_window,1.0
FbHdp,13,no_remaining,guard_grant_refresh_bdps,1.0
FbHdp,13,no_remaining,guard_long_acks_suppressed,346951.0
FbHdp,13,no_remaining,guard_min_share_fraction,0.0
FbHdp,13,no_remaining,guard_one_rtt_acks_suppressed,22640.0
FbHdp,13,no_remaining,guard_one_rtt_bypass_enabled,1.0
FbHdp,13,no_remaining,guard_one_rtt_bypass_feedbacks,2741.0
FbHdp,13,no_remaining,guard_one_rtt_bypass_flows,2741.0
FbHdp,13,no_remaining,guard_rebalance_events,12.0
FbHdp,13,no_remaining,guard_remaining_aware,0.0
FbHdp,13,no_remaining,guard_remaining_exponent,1.0
FbHdp,13,no_remaining,guard_remaining_refresh_events,0.0
FbHdp,13,no_remaining,guard_sender_srpt_enabled,1.0
FbHdp,13,no_remaining,guard_sender_srpt_forced_rr,155.0
FbHdp,13,no_remaining,guard_sender_srpt_non_rr,38405.0
FbHdp,13,no_remaining,guard_sender_srpt_selections,422595.0
FbHdp,13,no_remaining,guard_srpt_quantum_packets,64.0
FbHdp,13,no_remaining,guard_tail_bypass_bdps,8.0
FbHdp,13,no_remaining,guard_tail_bypass_enabled,1.0
FbHdp,13,no_remaining,guard_tail_bypass_feedbacks,17850.0
FbHdp,13,no_remaining,guard_tail_bypass_flows,471.0
FbHdp,13,no_remaining,hpcc_actual_rate_changes,633.0
FbHdp,13,no_remaining,hpcc_fast_computations,0.0
FbHdp,13,no_remaining,hpcc_feedback_updates,4722.0
FbHdp,13,no_remaining,hpcc_full_computations,1366.0
FbHdp,13,no_remaining,hpcc_rate_updates_applied,1366.0
FbHdp,13,no_remaining,hpcc_valid_feedback,1420.0
FbHdp,13,no_remaining,int_hops_after_strip,52794.0
FbHdp,13,no_remaining,int_hops_before_strip,105798.0
FbHdp,13,no_remaining,int_records_stripped,53004.0
FbHdp,13,no_remaining,irn_nacks_generated,0.0
FbHdp,13,no_remaining,irn_nacks_received,0.0
FbHdp,13,no_remaining,irn_retransmit_bytes,0.0
FbHdp,13,no_remaining,irn_retransmit_packets,0.0
FbHdp,13,no_remaining,le_8KB_fct_us_mean,6.4745406926406925
FbHdp,13,no_remaining,le_8KB_fct_us_p95,8.5591
FbHdp,13,no_remaining,le_8KB_fct_us_p99,8.880929999999996
FbHdp,13,no_remaining,le_8KB_flow_count,2310.0
FbHdp,13,no_remaining,le_8KB_slowdown_mean,1.0026104493375778
FbHdp,13,no_remaining,le_8KB_slowdown_p95,1.0162915226502485
FbHdp,13,no_remaining,le_8KB_slowdown_p99,1.0253408679454754
FbHdp,13,no_remaining,long_to_small_slowdown_mean_ratio,1.779158217125299
FbHdp,13,no_remaining,max_active_flows,3.0
FbHdp,13,no_remaining,overall_fct_us_mean,25.195374221668743
FbHdp,13,no_remaining,overall_fct_us_p95,43.93589999999992
FbHdp,13,no_remaining,overall_fct_us_p99,518.5750499999956
FbHdp,13,no_remaining,overall_flow_count,3212.0
FbHdp,13,no_remaining,overall_slowdown_mean,1.0504334195119291
FbHdp,13,no_remaining,overall_slowdown_p95,1.210204425807568
FbHdp,13,no_remaining,overall_slowdown_p99,2.076776062276698
FbHdp,13,no_remaining,pfc_pause_events,0.0
FbHdp,13,no_remaining,pfc_resume_events,0.0
FbHdp,13,no_remaining,proactive_releases,471.0
FbHdp,13,no_remaining,queue_bytes_max,552630.0
FbHdp,13,no_remaining,queue_bytes_mean,3191.094
FbHdp,13,no_remaining,queue_bytes_p95,0.0
FbHdp,13,no_remaining,queue_bytes_p99,109000.0
FbHdp,13,no_remaining,queue_sample_count,400020.0
FbHdp,13,no_remaining,reactive_binding_rate_changes,589.0
FbHdp,13,no_remaining,reactive_binding_updates,589.0
FbHdp,13,no_remaining,recovery_nacks_generated,0.0
FbHdp,13,no_remaining,recovery_nacks_received,0.0
FbHdp,13,no_remaining,registrations,471.0
FbHdp,13,no_remaining,selected_registrations,471.0
FbHdp,13,no_remaining,tie_binding_rate_changes,32.0
FbHdp,13,no_remaining,tie_binding_updates,640.0
FbHdp,13,no_remaining,timeout_recoveries,0.0
FbHdp,13,no_ack_coalescing,1BDP_to_1MB_fct_us_mean,39.28007116104869
FbHdp,13,no_ack_coalescing,1BDP_to_1MB_fct_us_p95,97.99419999999995
FbHdp,13,no_ack_coalescing,1BDP_to_1MB_fct_us_p99,199.3056799999988
FbHdp,13,no_ack_coalescing,1BDP_to_1MB_flow_count,267.0
FbHdp,13,no_ack_coalescing,1BDP_to_1MB_slowdown_mean,1.164323200704314
FbHdp,13,no_ack_coalescing,1BDP_to_1MB_slowdown_p95,1.7238831390975302
FbHdp,13,no_ack_coalescing,1BDP_to_1MB_slowdown_p99,2.2940414505318802
FbHdp,13,no_ack_coalescing,8KB_to_1BDP_fct_us_mean,11.642957720588235
FbHdp,13,no_ack_coalescing,8KB_to_1BDP_fct_us_p95,16.2571
FbHdp,13,no_ack_coalescing,8KB_to_1BDP_fct_us_p99,18.809980000000046
FbHdp,13,no_ack_coalescing,8KB_to_1BDP_flow_count,544.0
FbHdp,13,no_ack_coalescing,8KB_to_1BDP_slowdown_mean,1.0405192082481012
FbHdp,13,no_ack_coalescing,8KB_to_1BDP_slowdown_p95,1.0820186986228992
FbHdp,13,no_ack_coalescing,8KB_to_1BDP_slowdown_p99,1.3368848292921287
FbHdp,13,no_ack_coalescing,aggregate_goodput_gbps,167.43824527694096
FbHdp,13,no_ack_coalescing,completion_releases,0.0
FbHdp,13,no_ack_coalescing,completion_span_us,20113.077
FbHdp,13,no_ack_coalescing,grant_binding_rate_changes,9.0
FbHdp,13,no_ack_coalescing,grant_binding_updates,123.0
FbHdp,13,no_ack_coalescing,grant_bytes_sent,598122.0
FbHdp,13,no_ack_coalescing,grant_event_rate_changes,1363.0
FbHdp,13,no_ack_coalescing,grants_received,6363.0
FbHdp,13,no_ack_coalescing,grants_sent,6363.0
FbHdp,13,no_ack_coalescing,gt_1MB_fct_us_mean,538.2618021978022
FbHdp,13,no_ack_coalescing,gt_1MB_fct_us_p95,1542.74
FbHdp,13,no_ack_coalescing,gt_1MB_fct_us_p99,2949.433899999999
FbHdp,13,no_ack_coalescing,gt_1MB_flow_count,91.0
FbHdp,13,no_ack_coalescing,gt_1MB_slowdown_mean,1.7541636905182925
FbHdp,13,no_ack_coalescing,gt_1MB_slowdown_p95,4.231715316503129
FbHdp,13,no_ack_coalescing,gt_1MB_slowdown_p99,4.712587425670625
FbHdp,13,no_ack_coalescing,guard_ack_interval_packets,1.0
FbHdp,13,no_ack_coalescing,guard_adaptive_grant_updates,0.0
FbHdp,13,no_ack_coalescing,guard_fixed_window,1.0
FbHdp,13,no_ack_coalescing,guard_grant_refresh_bdps,1.0
FbHdp,13,no_ack_coalescing,guard_long_acks_suppressed,0.0
FbHdp,13,no_ack_coalescing,guard_min_share_fraction,0.0
FbHdp,13,no_ack_coalescing,guard_one_rtt_acks_suppressed,22640.0
FbHdp,13,no_ack_coalescing,guard_one_rtt_bypass_enabled,1.0
FbHdp,13,no_ack_coalescing,guard_one_rtt_bypass_feedbacks,2741.0
FbHdp,13,no_ack_coalescing,guard_one_rtt_bypass_flows,2741.0
FbHdp,13,no_ack_coalescing,guard_rebalance_events,0.0
FbHdp,13,no_ack_coalescing,guard_remaining_aware,1.0
FbHdp,13,no_ack_coalescing,guard_remaining_exponent,1.0
FbHdp,13,no_ack_coalescing,guard_remaining_refresh_events,5089.0
FbHdp,13,no_ack_coalescing,guard_sender_srpt_enabled,1.0
FbHdp,13,no_ack_coalescing,guard_sender_srpt_forced_rr,354.0
FbHdp,13,no_ack_coalescing,guard_sender_srpt_non_rr,36147.0
FbHdp,13,no_ack_coalescing,guard_sender_srpt_selections,422595.0
FbHdp,13,no_ack_coalescing,guard_srpt_quantum_packets,64.0
FbHdp,13,no_ack_coalescing,guard_tail_bypass_bdps,8.0
FbHdp,13,no_ack_coalescing,guard_tail_bypass_enabled,1.0
FbHdp,13,no_ack_coalescing,guard_tail_bypass_feedbacks,139036.0
FbHdp,13,no_ack_coalescing,guard_tail_bypass_flows,471.0
FbHdp,13,no_ack_coalescing,hpcc_actual_rate_changes,670.0
FbHdp,13,no_ack_coalescing,hpcc_fast_computations,0.0
FbHdp,13,no_ack_coalescing,hpcc_feedback_updates,4926.0
FbHdp,13,no_ack_coalescing,hpcc_full_computations,1455.0
FbHdp,13,no_ack_coalescing,hpcc_rate_updates_applied,1455.0
FbHdp,13,no_ack_coalescing,hpcc_valid_feedback,1509.0
FbHdp,13,no_ack_coalescing,int_hops_after_strip,396296.0
FbHdp,13,no_ack_coalescing,int_hops_before_strip,796251.0
FbHdp,13,no_ack_coalescing,int_records_stripped,399955.0
FbHdp,13,no_ack_coalescing,irn_nacks_generated,0.0
FbHdp,13,no_ack_coalescing,irn_nacks_received,0.0
FbHdp,13,no_ack_coalescing,irn_retransmit_bytes,0.0
FbHdp,13,no_ack_coalescing,irn_retransmit_packets,0.0
FbHdp,13,no_ack_coalescing,le_8KB_fct_us_mean,6.47798658008658
FbHdp,13,no_ack_coalescing,le_8KB_fct_us_p95,8.565100000000001
FbHdp,13,no_ack_coalescing,le_8KB_fct_us_p99,8.884189999999998
FbHdp,13,no_ack_coalescing,le_8KB_flow_count,2310.0
FbHdp,13,no_ack_coalescing,le_8KB_slowdown_mean,1.002882414845592
FbHdp,13,no_ack_coalescing,le_8KB_slowdown_p95,1.0178045625215617
FbHdp,13,no_ack_coalescing,le_8KB_slowdown_p99,1.0276093008283693
FbHdp,13,no_ack_coalescing,long_to_small_slowdown_mean_ratio,1.749121995312253
FbHdp,13,no_ack_coalescing,max_active_flows,3.0
FbHdp,13,no_ack_coalescing,overall_fct_us_mean,25.145554483188043
FbHdp,13,no_ack_coalescing,overall_fct_us_p95,40.482649999999964
FbHdp,13,no_ack_coalescing,overall_fct_us_p99,523.616249999994
FbHdp,13,no_ack_coalescing,overall_flow_count,3212.0
FbHdp,13,no_ack_coalescing,overall_slowdown_mean,1.0439614003753117
FbHdp,13,no_ack_coalescing,overall_slowdown_p95,1.119753856727172
FbHdp,13,no_ack_coalescing,overall_slowdown_p99,1.9175097321087973
FbHdp,13,no_ack_coalescing,pfc_pause_events,0.0
FbHdp,13,no_ack_coalescing,pfc_resume_events,0.0
FbHdp,13,no_ack_coalescing,proactive_releases,471.0
FbHdp,13,no_ack_coalescing,queue_bytes_max,563530.0
FbHdp,13,no_ack_coalescing,queue_bytes_mean,3787.264
FbHdp,13,no_ack_coalescing,queue_bytes_p95,4360.0
FbHdp,13,no_ack_coalescing,queue_bytes_p99,127530.0
FbHdp,13,no_ack_coalescing,queue_sample_count,400020.0
FbHdp,13,no_ack_coalescing,reactive_binding_rate_changes,621.0
FbHdp,13,no_ack_coalescing,reactive_binding_updates,621.0
FbHdp,13,no_ack_coalescing,recovery_nacks_generated,0.0
FbHdp,13,no_ack_coalescing,recovery_nacks_received,0.0
FbHdp,13,no_ack_coalescing,registrations,471.0
FbHdp,13,no_ack_coalescing,selected_registrations,471.0
FbHdp,13,no_ack_coalescing,tie_binding_rate_changes,40.0
FbHdp,13,no_ack_coalescing,tie_binding_updates,711.0
FbHdp,13,no_ack_coalescing,timeout_recoveries,0.0
FbHdp,14,guard,1BDP_to_1MB_fct_us_mean,31.630366795366793
FbHdp,14,guard,1BDP_to_1MB_fct_us_p95,71.58999999999999
FbHdp,14,guard,1BDP_to_1MB_fct_us_p99,135.99963999999935
FbHdp,14,guard,1BDP_to_1MB_flow_count,259.0
FbHdp,14,guard,1BDP_to_1MB_slowdown_mean,1.1427755588144366
FbHdp,14,guard,1BDP_to_1MB_slowdown_p95,1.5078611195270826
FbHdp,14,guard,1BDP_to_1MB_slowdown_p99,2.0588172305397263
FbHdp,14,guard,8KB_to_1BDP_fct_us_mean,11.296906462585035
FbHdp,14,guard,8KB_to_1BDP_fct_us_p95,16.354
FbHdp,14,guard,8KB_to_1BDP_fct_us_p99,17.568669999999997
FbHdp,14,guard,8KB_to_1BDP_flow_count,588.0
FbHdp,14,guard,8KB_to_1BDP_slowdown_mean,1.0454250478940355
FbHdp,14,guard,8KB_to_1BDP_slowdown_p95,1.1816022659851606
FbHdp,14,guard,8KB_to_1BDP_slowdown_p99,1.4841768683580057
FbHdp,14,guard,aggregate_goodput_gbps,170.15596484442912
FbHdp,14,guard,completion_releases,0.0
FbHdp,14,guard,completion_span_us,19953.253
FbHdp,14,guard,grant_binding_rate_changes,5.0
FbHdp,14,guard,grant_binding_updates,78.0
FbHdp,14,guard,grant_bytes_sent,568982.0
FbHdp,14,guard,grant_event_rate_changes,1160.0
FbHdp,14,guard,grants_received,6053.0
FbHdp,14,guard,grants_sent,6053.0
FbHdp,14,guard,gt_1MB_fct_us_mean,525.8451724137931
FbHdp,14,guard,gt_1MB_fct_us_p95,1856.157600000001
FbHdp,14,guard,gt_1MB_fct_us_p99,2566.7047
FbHdp,14,guard,gt_1MB_flow_count,87.0
FbHdp,14,guard,gt_1MB_slowdown_mean,1.5265475122924288
FbHdp,14,guard,gt_1MB_slowdown_p95,3.059452719195355
FbHdp,14,guard,gt_1MB_slowdown_p99,3.4050552078563614
FbHdp,14,guard,guard_ack_interval_packets,8.0
FbHdp,14,guard,guard_adaptive_grant_updates,0.0
FbHdp,14,guard,guard_fixed_window,1.0
FbHdp,14,guard,guard_grant_refresh_bdps,1.0
FbHdp,14,guard,guard_long_acks_suppressed,349492.0
FbHdp,14,guard,guard_min_share_fraction,0.0
FbHdp,14,guard,guard_one_rtt_acks_suppressed,23187.0
FbHdp,14,guard,guard_one_rtt_bypass_enabled,1.0
FbHdp,14,guard,guard_one_rtt_bypass_feedbacks,2734.0
FbHdp,14,guard,guard_one_rtt_bypass_flows,2734.0
FbHdp,14,guard,guard_rebalance_events,0.0
FbHdp,14,guard,guard_remaining_aware,1.0
FbHdp,14,guard,guard_remaining_exponent,1.0
FbHdp,14,guard,guard_remaining_refresh_events,4936.0
FbHdp,14,guard,guard_sender_srpt_enabled,1.0
FbHdp,14,guard,guard_sender_srpt_forced_rr,66.0
FbHdp,14,guard,guard_sender_srpt_non_rr,18374.0
FbHdp,14,guard,guard_sender_srpt_selections,426047.0
FbHdp,14,guard,guard_srpt_quantum_packets,64.0
FbHdp,14,guard,guard_tail_bypass_bdps,8.0
FbHdp,14,guard,guard_tail_bypass_enabled,1.0
FbHdp,14,guard,guard_tail_bypass_feedbacks,15950.0
FbHdp,14,guard,guard_tail_bypass_flows,475.0
FbHdp,14,guard,hpcc_actual_rate_changes,655.0
FbHdp,14,guard,hpcc_fast_computations,0.0
FbHdp,14,guard,hpcc_feedback_updates,4613.0
FbHdp,14,guard,hpcc_full_computations,1662.0
FbHdp,14,guard,hpcc_rate_updates_applied,1662.0
FbHdp,14,guard,hpcc_valid_feedback,1713.0
FbHdp,14,guard,int_hops_after_strip,57888.0
FbHdp,14,guard,int_hops_before_strip,111256.0
FbHdp,14,guard,int_records_stripped,53368.0
FbHdp,14,guard,irn_nacks_generated,0.0
FbHdp,14,guard,irn_nacks_received,0.0
FbHdp,14,guard,irn_retransmit_bytes,0.0
FbHdp,14,guard,irn_retransmit_packets,0.0
FbHdp,14,guard,le_8KB_fct_us_mean,6.307472967032967
FbHdp,14,guard,le_8KB_fct_us_p95,8.55
FbHdp,14,guard,le_8KB_fct_us_p99,8.891
FbHdp,14,guard,le_8KB_flow_count,2275.0
FbHdp,14,guard,le_8KB_slowdown_mean,1.0025053474258996
FbHdp,14,guard,le_8KB_slowdown_p95,1.0158909547894521
FbHdp,14,guard,le_8KB_slowdown_p99,1.025603913338316
FbHdp,14,guard,long_to_small_slowdown_mean_ratio,1.522732538247397
FbHdp,14,guard,max_active_flows,3.0
FbHdp,14,guard,overall_fct_us_mean,23.350849797444685
FbHdp,14,guard,overall_fct_us_p95,30.828599999999987
FbHdp,14,guard,overall_fct_us_p99,513.2582000000002
FbHdp,14,guard,overall_flow_count,3209.0
FbHdp,14,guard,overall_slowdown_mean,1.0358984409030834
FbHdp,14,guard,overall_slowdown_p95,1.1344577701741503
FbHdp,14,guard,overall_slowdown_p99,1.7037382388242672
FbHdp,14,guard,pfc_pause_events,0.0
FbHdp,14,guard,pfc_resume_events,0.0
FbHdp,14,guard,proactive_releases,475.0
FbHdp,14,guard,queue_bytes_max,350980.0
FbHdp,14,guard,queue_bytes_mean,2784.937
FbHdp,14,guard,queue_bytes_p95,0.0
FbHdp,14,guard,queue_bytes_p99,110090.0
FbHdp,14,guard,queue_sample_count,400020.0
FbHdp,14,guard,reactive_binding_rate_changes,596.0
FbHdp,14,guard,reactive_binding_updates,596.0
FbHdp,14,guard,recovery_nacks_generated,0.0
FbHdp,14,guard,recovery_nacks_received,0.0
FbHdp,14,guard,registrations,475.0
FbHdp,14,guard,selected_registrations,475.0
FbHdp,14,guard,tie_binding_rate_changes,54.0
FbHdp,14,guard,tie_binding_updates,988.0
FbHdp,14,guard,timeout_recoveries,0.0
FbHdp,14,no_priority,1BDP_to_1MB_fct_us_mean,39.74814671814672
FbHdp,14,no_priority,1BDP_to_1MB_fct_us_p95,96.42999999999999
FbHdp,14,no_priority,1BDP_to_1MB_fct_us_p99,178.76711999999992
FbHdp,14,no_priority,1BDP_to_1MB_flow_count,259.0
FbHdp,14,no_priority,1BDP_to_1MB_slowdown_mean,1.4475189696658988
FbHdp,14,no_priority,1BDP_to_1MB_slowdown_p95,2.970713345506274
FbHdp,14,no_priority,1BDP_to_1MB_slowdown_p99,3.8887237134038246
FbHdp,14,no_priority,8KB_to_1BDP_fct_us_mean,13.8451037414966
FbHdp,14,no_priority,8KB_to_1BDP_fct_us_p95,27.983799999999988
FbHdp,14,no_priority,8KB_to_1BDP_fct_us_p99,40.19846
FbHdp,14,no_priority,8KB_to_1BDP_flow_count,588.0
FbHdp,14,no_priority,8KB_to_1BDP_slowdown_mean,1.2480568537651073
FbHdp,14,no_priority,8KB_to_1BDP_slowdown_p95,2.1114017689330793
FbHdp,14,no_priority,8KB_to_1BDP_slowdown_p99,2.9388420024313215
FbHdp,14,no_priority,aggregate_goodput_gbps,170.14126430714504
FbHdp,14,no_priority,completion_releases,0.0
FbHdp,14,no_priority,completion_span_us,19954.977
FbHdp,14,no_priority,grant_binding_rate_changes,4.0
FbHdp,14,no_priority,grant_binding_updates,94.0
FbHdp,14,no_priority,grant_bytes_sent,573212.0
FbHdp,14,no_priority,grant_event_rate_changes,1227.0
FbHdp,14,no_priority,grants_received,6098.0
FbHdp,14,no_priority,grants_sent,6098.0
FbHdp,14,no_priority,gt_1MB_fct_us_mean,523.870988505747
FbHdp,14,no_priority,gt_1MB_fct_us_p95,1820.112100000001
FbHdp,14,no_priority,gt_1MB_fct_us_p99,2601.12912
FbHdp,14,no_priority,gt_1MB_flow_count,87.0
FbHdp,14,no_priority,gt_1MB_slowdown_mean,1.5200983961736045
FbHdp,14,no_priority,gt_1MB_slowdown_p95,3.0444450219999784
FbHdp,14,no_priority,gt_1MB_slowdown_p99,3.3140640705392506
FbHdp,14,no_priority,guard_ack_interval_packets,8.0
FbHdp,14,no_priority,guard_adaptive_grant_updates,0.0
FbHdp,14,no_priority,guard_fixed_window,1.0
FbHdp,14,no_priority,guard_grant_refresh_bdps,1.0
FbHdp,14,no_priority,guard_long_acks_suppressed,349492.0
FbHdp,14,no_priority,guard_min_share_fraction,0.0
FbHdp,14,no_priority,guard_one_rtt_acks_suppressed,23187.0
FbHdp,14,no_priority,guard_one_rtt_bypass_enabled,1.0
FbHdp,14,no_priority,guard_one_rtt_bypass_feedbacks,2734.0
FbHdp,14,no_priority,guard_one_rtt_bypass_flows,2734.0
FbHdp,14,no_priority,guard_rebalance_events,0.0
FbHdp,14,no_priority,guard_remaining_aware,1.0
FbHdp,14,no_priority,guard_remaining_exponent,1.0
FbHdp,14,no_priority,guard_remaining_refresh_events,4945.0
FbHdp,14,no_priority,guard_sender_srpt_enabled,1.0
FbHdp,14,no_priority,guard_sender_srpt_forced_rr,68.0
FbHdp,14,no_priority,guard_sender_srpt_non_rr,17896.0
FbHdp,14,no_priority,guard_sender_srpt_selections,426047.0
FbHdp,14,no_priority,guard_srpt_quantum_packets,64.0
FbHdp,14,no_priority,guard_tail_bypass_bdps,8.0
FbHdp,14,no_priority,guard_tail_bypass_enabled,1.0
FbHdp,14,no_priority,guard_tail_bypass_feedbacks,15954.0
FbHdp,14,no_priority,guard_tail_bypass_flows,475.0
FbHdp,14,no_priority,hpcc_actual_rate_changes,688.0
FbHdp,14,no_priority,hpcc_fast_computations,0.0
FbHdp,14,no_priority,hpcc_feedback_updates,4649.0
FbHdp,14,no_priority,hpcc_full_computations,1683.0
FbHdp,14,no_priority,hpcc_rate_updates_applied,1683.0
FbHdp,14,no_priority,hpcc_valid_feedback,1734.0
FbHdp,14,no_priority,int_hops_after_strip,57888.0
FbHdp,14,no_priority,int_hops_before_strip,111256.0
FbHdp,14,no_priority,int_records_stripped,53368.0
FbHdp,14,no_priority,irn_nacks_generated,0.0
FbHdp,14,no_priority,irn_nacks_received,0.0
FbHdp,14,no_priority,irn_retransmit_bytes,0.0
FbHdp,14,no_priority,irn_retransmit_packets,0.0
FbHdp,14,no_priority,le_8KB_fct_us_mean,7.62716087912088
FbHdp,14,no_priority,le_8KB_fct_us_p95,17.628500000000003
FbHdp,14,no_priority,le_8KB_fct_us_p99,27.52808
FbHdp,14,no_priority,le_8KB_flow_count,2275.0
FbHdp,14,no_priority,le_8KB_slowdown_mean,1.1599817606159522
FbHdp,14,no_priority,le_8KB_slowdown_p95,2.1005994956227356
FbHdp,14,no_priority,le_8KB_slowdown_p99,3.2885377367508317
FbHdp,14,no_priority,long_to_small_slowdown_mean_ratio,1.3104502568785477
FbHdp,14,no_priority,max_active_flows,3.0
FbHdp,14,no_priority,overall_fct_us_mean,25.3550196322842
FbHdp,14,no_priority,overall_fct_us_p95,44.26859999999999
FbHdp,14,no_priority,overall_fct_us_p99,508.48064000000113
FbHdp,14,no_priority,overall_flow_count,3209.0
FbHdp,14,no_priority,overall_slowdown_mean,1.2090906541058726
FbHdp,14,no_priority,overall_slowdown_p95,2.180912701360186
FbHdp,14,no_priority,overall_slowdown_p99,3.3849433373541733
FbHdp,14,no_priority,pfc_pause_events,0.0
FbHdp,14,no_priority,pfc_resume_events,0.0
FbHdp,14,no_priority,proactive_releases,475.0
FbHdp,14,no_priority,queue_bytes_max,452754.0
FbHdp,14,no_priority,queue_bytes_mean,3222.664
FbHdp,14,no_priority,queue_bytes_p95,0.0
FbHdp,14,no_priority,queue_bytes_p99,114450.0
FbHdp,14,no_priority,queue_sample_count,400020.0
FbHdp,14,no_priority,reactive_binding_rate_changes,611.0
FbHdp,14,no_priority,reactive_binding_updates,611.0
FbHdp,14,no_priority,recovery_nacks_generated,0.0
FbHdp,14,no_priority,recovery_nacks_received,0.0
FbHdp,14,no_priority,registrations,475.0
FbHdp,14,no_priority,selected_registrations,475.0
FbHdp,14,no_priority,tie_binding_rate_changes,73.0
FbHdp,14,no_priority,tie_binding_updates,978.0
FbHdp,14,no_priority,timeout_recoveries,0.0
FbHdp,14,no_srpt,1BDP_to_1MB_fct_us_mean,33.58733590733591
FbHdp,14,no_srpt,1BDP_to_1MB_fct_us_p95,79.69529999999999
FbHdp,14,no_srpt,1BDP_to_1MB_fct_us_p99,141.39057999999955
FbHdp,14,no_srpt,1BDP_to_1MB_flow_count,259.0
FbHdp,14,no_srpt,1BDP_to_1MB_slowdown_mean,1.2151624355532729
FbHdp,14,no_srpt,1BDP_to_1MB_slowdown_p95,1.8786859167733432
FbHdp,14,no_srpt,1BDP_to_1MB_slowdown_p99,2.173044649416862
FbHdp,14,no_srpt,8KB_to_1BDP_fct_us_mean,11.915210884353742
FbHdp,14,no_srpt,8KB_to_1BDP_fct_us_p95,17.622149999999998
FbHdp,14,no_srpt,8KB_to_1BDP_fct_us_p99,22.703439999999993
FbHdp,14,no_srpt,8KB_to_1BDP_flow_count,588.0
FbHdp,14,no_srpt,8KB_to_1BDP_slowdown_mean,1.101889497705725
FbHdp,14,no_srpt,8KB_to_1BDP_slowdown_p95,1.5237863180704925
FbHdp,14,no_srpt,8KB_to_1BDP_slowdown_p99,1.7633943064752418
FbHdp,14,no_srpt,aggregate_goodput_gbps,170.1597512410408
FbHdp,14,no_srpt,completion_releases,0.0
FbHdp,14,no_srpt,completion_span_us,19952.809
FbHdp,14,no_srpt,grant_binding_rate_changes,4.0
FbHdp,14,no_srpt,grant_binding_updates,79.0
FbHdp,14,no_srpt,grant_bytes_sent,571990.0
FbHdp,14,no_srpt,grant_event_rate_changes,1184.0
FbHdp,14,no_srpt,grants_received,6085.0
FbHdp,14,no_srpt,grants_sent,6085.0
FbHdp,14,no_srpt,gt_1MB_fct_us_mean,528.4824827586207
FbHdp,14,no_srpt,gt_1MB_fct_us_p95,1928.144500000001
FbHdp,14,no_srpt,gt_1MB_fct_us_p99,2580.94158
FbHdp,14,no_srpt,gt_1MB_flow_count,87.0
FbHdp,14,no_srpt,gt_1MB_slowdown_mean,1.54352174810023
FbHdp,14,no_srpt,gt_1MB_slowdown_p95,2.967213754497782
FbHdp,14,no_srpt,gt_1MB_slowdown_p99,3.467905391623697
FbHdp,14,no_srpt,guard_ack_interval_packets,8.0
FbHdp,14,no_srpt,guard_adaptive_grant_updates,0.0
FbHdp,14,no_srpt,guard_fixed_window,1.0
FbHdp,14,no_srpt,guard_grant_refresh_bdps,1.0
FbHdp,14,no_srpt,guard_long_acks_suppressed,349492.0
FbHdp,14,no_srpt,guard_min_share_fraction,0.0
FbHdp,14,no_srpt,guard_one_rtt_acks_suppressed,23187.0
FbHdp,14,no_srpt,guard_one_rtt_bypass_enabled,1.0
FbHdp,14,no_srpt,guard_one_rtt_bypass_feedbacks,2734.0
FbHdp,14,no_srpt,guard_one_rtt_bypass_flows,2734.0
FbHdp,14,no_srpt,guard_rebalance_events,0.0
FbHdp,14,no_srpt,guard_remaining_aware,1.0
FbHdp,14,no_srpt,guard_remaining_exponent,1.0
FbHdp,14,no_srpt,guard_remaining_refresh_events,4954.0
FbHdp,14,no_srpt,guard_sender_srpt_enabled,0.0
FbHdp,14,no_srpt,guard_sender_srpt_forced_rr,0.0
FbHdp,14,no_srpt,guard_sender_srpt_non_rr,0.0
FbHdp,14,no_srpt,guard_sender_srpt_selections,0.0
FbHdp,14,no_srpt,guard_srpt_quantum_packets,64.0
FbHdp,14,no_srpt,guard_tail_bypass_bdps,8.0
FbHdp,14,no_srpt,guard_tail_bypass_enabled,1.0
FbHdp,14,no_srpt,guard_tail_bypass_feedbacks,15954.0
FbHdp,14,no_srpt,guard_tail_bypass_flows,475.0
FbHdp,14,no_srpt,hpcc_actual_rate_changes,649.0
FbHdp,14,no_srpt,hpcc_fast_computations,0.0
FbHdp,14,no_srpt,hpcc_feedback_updates,4653.0
FbHdp,14,no_srpt,hpcc_full_computations,1675.0
FbHdp,14,no_srpt,hpcc_rate_updates_applied,1675.0
FbHdp,14,no_srpt,hpcc_valid_feedback,1726.0
FbHdp,14,no_srpt,int_hops_after_strip,57888.0
FbHdp,14,no_srpt,int_hops_before_strip,111256.0
FbHdp,14,no_srpt,int_records_stripped,53368.0
FbHdp,14,no_srpt,irn_nacks_generated,0.0
FbHdp,14,no_srpt,irn_nacks_received,0.0
FbHdp,14,no_srpt,irn_retransmit_bytes,0.0
FbHdp,14,no_srpt,irn_retransmit_packets,0.0
FbHdp,14,no_srpt,le_8KB_fct_us_mean,6.309584615384615
FbHdp,14,no_srpt,le_8KB_fct_us_p95,8.5573
FbHdp,14,no_srpt,le_8KB_fct_us_p99,8.898520000000001
FbHdp,14,no_srpt,le_8KB_flow_count,2275.0
FbHdp,14,no_srpt,le_8KB_slowdown_mean,1.0028622722078007
FbHdp,14,no_srpt,le_8KB_slowdown_p95,1.0182919495549312
FbHdp,14,no_srpt,le_8KB_slowdown_p99,1.0282677803347702
FbHdp,14,no_srpt,long_to_small_slowdown_mean_ratio,1.5391163780667187
FbHdp,14,no_srpt,max_active_flows,3.0
FbHdp,14,no_srpt,overall_fct_us_mean,23.695090370832034
FbHdp,14,no_srpt,overall_fct_us_p95,32.606999999999985
FbHdp,14,no_srpt,overall_fct_us_p99,497.06596000000155
FbHdp,14,no_srpt,overall_flow_count,3209.0
FbHdp,14,no_srpt,overall_slowdown_mean,1.0528002981666347
FbHdp,14,no_srpt,overall_slowdown_p95,1.3409990545035217
FbHdp,14,no_srpt,overall_slowdown_p99,1.9101044214011784
FbHdp,14,no_srpt,pfc_pause_events,0.0
FbHdp,14,no_srpt,pfc_resume_events,0.0
FbHdp,14,no_srpt,proactive_releases,475.0
FbHdp,14,no_srpt,queue_bytes_max,357520.0
FbHdp,14,no_srpt,queue_bytes_mean,2853.871
FbHdp,14,no_srpt,queue_bytes_p95,0.0
FbHdp,14,no_srpt,queue_bytes_p99,111180.0
FbHdp,14,no_srpt,queue_sample_count,400020.0
FbHdp,14,no_srpt,reactive_binding_rate_changes,592.0
FbHdp,14,no_srpt,reactive_binding_updates,592.0
FbHdp,14,no_srpt,recovery_nacks_generated,0.0
FbHdp,14,no_srpt,recovery_nacks_received,0.0
FbHdp,14,no_srpt,registrations,475.0
FbHdp,14,no_srpt,selected_registrations,475.0
FbHdp,14,no_srpt,tie_binding_rate_changes,53.0
FbHdp,14,no_srpt,tie_binding_updates,1004.0
FbHdp,14,no_srpt,timeout_recoveries,0.0
FbHdp,14,no_reclaim,1BDP_to_1MB_fct_us_mean,31.630366795366793
FbHdp,14,no_reclaim,1BDP_to_1MB_fct_us_p95,71.58999999999999
FbHdp,14,no_reclaim,1BDP_to_1MB_fct_us_p99,135.99963999999935
FbHdp,14,no_reclaim,1BDP_to_1MB_flow_count,259.0
FbHdp,14,no_reclaim,1BDP_to_1MB_slowdown_mean,1.1427755588144366
FbHdp,14,no_reclaim,1BDP_to_1MB_slowdown_p95,1.5078611195270826
FbHdp,14,no_reclaim,1BDP_to_1MB_slowdown_p99,2.0588172305397263
FbHdp,14,no_reclaim,8KB_to_1BDP_fct_us_mean,11.296906462585035
FbHdp,14,no_reclaim,8KB_to_1BDP_fct_us_p95,16.354
FbHdp,14,no_reclaim,8KB_to_1BDP_fct_us_p99,17.568669999999997
FbHdp,14,no_reclaim,8KB_to_1BDP_flow_count,588.0
FbHdp,14,no_reclaim,8KB_to_1BDP_slowdown_mean,1.0454250478940355
FbHdp,14,no_reclaim,8KB_to_1BDP_slowdown_p95,1.1816022659851606
FbHdp,14,no_reclaim,8KB_to_1BDP_slowdown_p99,1.4841768683580057
FbHdp,14,no_reclaim,aggregate_goodput_gbps,170.15596484442912
FbHdp,14,no_reclaim,completion_releases,0.0
FbHdp,14,no_reclaim,completion_span_us,19953.253
FbHdp,14,no_reclaim,grant_binding_rate_changes,5.0
FbHdp,14,no_reclaim,grant_binding_updates,78.0
FbHdp,14,no_reclaim,grant_bytes_sent,568982.0
FbHdp,14,no_reclaim,grant_event_rate_changes,1160.0
FbHdp,14,no_reclaim,grants_received,6053.0
FbHdp,14,no_reclaim,grants_sent,6053.0
FbHdp,14,no_reclaim,gt_1MB_fct_us_mean,525.8451724137931
FbHdp,14,no_reclaim,gt_1MB_fct_us_p95,1856.157600000001
FbHdp,14,no_reclaim,gt_1MB_fct_us_p99,2566.7047
FbHdp,14,no_reclaim,gt_1MB_flow_count,87.0
FbHdp,14,no_reclaim,gt_1MB_slowdown_mean,1.5265475122924288
FbHdp,14,no_reclaim,gt_1MB_slowdown_p95,3.059452719195355
FbHdp,14,no_reclaim,gt_1MB_slowdown_p99,3.4050552078563614
FbHdp,14,no_reclaim,guard_ack_interval_packets,8.0
FbHdp,14,no_reclaim,guard_adaptive_grant_updates,0.0
FbHdp,14,no_reclaim,guard_fixed_window,1.0
FbHdp,14,no_reclaim,guard_grant_refresh_bdps,1.0
FbHdp,14,no_reclaim,guard_long_acks_suppressed,349492.0
FbHdp,14,no_reclaim,guard_min_share_fraction,0.0
FbHdp,14,no_reclaim,guard_one_rtt_acks_suppressed,23187.0
FbHdp,14,no_reclaim,guard_one_rtt_bypass_enabled,1.0
FbHdp,14,no_reclaim,guard_one_rtt_bypass_feedbacks,2734.0
FbHdp,14,no_reclaim,guard_one_rtt_bypass_flows,2734.0
FbHdp,14,no_reclaim,guard_rebalance_events,0.0
FbHdp,14,no_reclaim,guard_remaining_aware,1.0
FbHdp,14,no_reclaim,guard_remaining_exponent,1.0
FbHdp,14,no_reclaim,guard_remaining_refresh_events,4936.0
FbHdp,14,no_reclaim,guard_sender_srpt_enabled,1.0
FbHdp,14,no_reclaim,guard_sender_srpt_forced_rr,66.0
FbHdp,14,no_reclaim,guard_sender_srpt_non_rr,18374.0
FbHdp,14,no_reclaim,guard_sender_srpt_selections,426047.0
FbHdp,14,no_reclaim,guard_srpt_quantum_packets,64.0
FbHdp,14,no_reclaim,guard_tail_bypass_bdps,8.0
FbHdp,14,no_reclaim,guard_tail_bypass_enabled,1.0
FbHdp,14,no_reclaim,guard_tail_bypass_feedbacks,15950.0
FbHdp,14,no_reclaim,guard_tail_bypass_flows,475.0
FbHdp,14,no_reclaim,hpcc_actual_rate_changes,655.0
FbHdp,14,no_reclaim,hpcc_fast_computations,0.0
FbHdp,14,no_reclaim,hpcc_feedback_updates,4613.0
FbHdp,14,no_reclaim,hpcc_full_computations,1662.0
FbHdp,14,no_reclaim,hpcc_rate_updates_applied,1662.0
FbHdp,14,no_reclaim,hpcc_valid_feedback,1713.0
FbHdp,14,no_reclaim,int_hops_after_strip,57888.0
FbHdp,14,no_reclaim,int_hops_before_strip,111256.0
FbHdp,14,no_reclaim,int_records_stripped,53368.0
FbHdp,14,no_reclaim,irn_nacks_generated,0.0
FbHdp,14,no_reclaim,irn_nacks_received,0.0
FbHdp,14,no_reclaim,irn_retransmit_bytes,0.0
FbHdp,14,no_reclaim,irn_retransmit_packets,0.0
FbHdp,14,no_reclaim,le_8KB_fct_us_mean,6.307472967032967
FbHdp,14,no_reclaim,le_8KB_fct_us_p95,8.55
FbHdp,14,no_reclaim,le_8KB_fct_us_p99,8.891
FbHdp,14,no_reclaim,le_8KB_flow_count,2275.0
FbHdp,14,no_reclaim,le_8KB_slowdown_mean,1.0025053474258996
FbHdp,14,no_reclaim,le_8KB_slowdown_p95,1.0158909547894521
FbHdp,14,no_reclaim,le_8KB_slowdown_p99,1.025603913338316
FbHdp,14,no_reclaim,long_to_small_slowdown_mean_ratio,1.522732538247397
FbHdp,14,no_reclaim,max_active_flows,3.0
FbHdp,14,no_reclaim,overall_fct_us_mean,23.350849797444685
FbHdp,14,no_reclaim,overall_fct_us_p95,30.828599999999987
FbHdp,14,no_reclaim,overall_fct_us_p99,513.2582000000002
FbHdp,14,no_reclaim,overall_flow_count,3209.0
FbHdp,14,no_reclaim,overall_slowdown_mean,1.0358984409030834
FbHdp,14,no_reclaim,overall_slowdown_p95,1.1344577701741503
FbHdp,14,no_reclaim,overall_slowdown_p99,1.7037382388242672
FbHdp,14,no_reclaim,pfc_pause_events,0.0
FbHdp,14,no_reclaim,pfc_resume_events,0.0
FbHdp,14,no_reclaim,proactive_releases,475.0
FbHdp,14,no_reclaim,queue_bytes_max,350980.0
FbHdp,14,no_reclaim,queue_bytes_mean,2784.937
FbHdp,14,no_reclaim,queue_bytes_p95,0.0
FbHdp,14,no_reclaim,queue_bytes_p99,110090.0
FbHdp,14,no_reclaim,queue_sample_count,400020.0
FbHdp,14,no_reclaim,reactive_binding_rate_changes,596.0
FbHdp,14,no_reclaim,reactive_binding_updates,596.0
FbHdp,14,no_reclaim,recovery_nacks_generated,0.0
FbHdp,14,no_reclaim,recovery_nacks_received,0.0
FbHdp,14,no_reclaim,registrations,475.0
FbHdp,14,no_reclaim,selected_registrations,475.0
FbHdp,14,no_reclaim,tie_binding_rate_changes,54.0
FbHdp,14,no_reclaim,tie_binding_updates,988.0
FbHdp,14,no_reclaim,timeout_recoveries,0.0
FbHdp,14,no_one_rtt,1BDP_to_1MB_fct_us_mean,31.67661003861004
FbHdp,14,no_one_rtt,1BDP_to_1MB_fct_us_p95,71.5873
FbHdp,14,no_one_rtt,1BDP_to_1MB_fct_us_p99,136.05009999999936
FbHdp,14,no_one_rtt,1BDP_to_1MB_flow_count,259.0
FbHdp,14,no_one_rtt,1BDP_to_1MB_slowdown_mean,1.1445603794672585
FbHdp,14,no_one_rtt,1BDP_to_1MB_slowdown_p95,1.507854694856347
FbHdp,14,no_one_rtt,1BDP_to_1MB_slowdown_p99,2.0588172305397263
FbHdp,14,no_one_rtt,8KB_to_1BDP_fct_us_mean,11.309908163265305
FbHdp,14,no_one_rtt,8KB_to_1BDP_fct_us_p95,16.505599999999998
FbHdp,14,no_one_rtt,8KB_to_1BDP_fct_us_p99,17.498279999999998
FbHdp,14,no_one_rtt,8KB_to_1BDP_flow_count,588.0
FbHdp,14,no_one_rtt,8KB_to_1BDP_slowdown_mean,1.0466554442924825
FbHdp,14,no_one_rtt,8KB_to_1BDP_slowdown_p95,1.1830085016002667
FbHdp,14,no_one_rtt,8KB_to_1BDP_slowdown_p99,1.5097082874053598
FbHdp,14,no_one_rtt,aggregate_goodput_gbps,170.15702228958676
FbHdp,14,no_one_rtt,completion_releases,0.0
FbHdp,14,no_one_rtt,completion_span_us,19953.129
FbHdp,14,no_one_rtt,grant_binding_rate_changes,4.0
FbHdp,14,no_one_rtt,grant_binding_updates,76.0
FbHdp,14,no_one_rtt,grant_bytes_sent,568700.0
FbHdp,14,no_one_rtt,grant_event_rate_changes,1160.0
FbHdp,14,no_one_rtt,grants_received,6050.0
FbHdp,14,no_one_rtt,grants_sent,6050.0
FbHdp,14,no_one_rtt,gt_1MB_fct_us_mean,526.0434252873563
FbHdp,14,no_one_rtt,gt_1MB_fct_us_p95,1870.0235000000011
FbHdp,14,no_one_rtt,gt_1MB_fct_us_p99,2574.31564
FbHdp,14,no_one_rtt,gt_1MB_flow_count,87.0
FbHdp,14,no_one_rtt,gt_1MB_slowdown_mean,1.5236940382408823
FbHdp,14,no_one_rtt,gt_1MB_slowdown_p95,3.0031668487738727
FbHdp,14,no_one_rtt,gt_1MB_slowdown_p99,3.350919447377375
FbHdp,14,no_one_rtt,guard_ack_interval_packets,8.0
FbHdp,14,no_one_rtt,guard_adaptive_grant_updates,0.0
FbHdp,14,no_one_rtt,guard_fixed_window,1.0
FbHdp,14,no_one_rtt,guard_grant_refresh_bdps,1.0
FbHdp,14,no_one_rtt,guard_long_acks_suppressed,369347.0
FbHdp,14,no_one_rtt,guard_min_share_fraction,0.0
FbHdp,14,no_one_rtt,guard_one_rtt_acks_suppressed,0.0
FbHdp,14,no_one_rtt,guard_one_rtt_bypass_enabled,0.0
FbHdp,14,no_one_rtt,guard_one_rtt_bypass_feedbacks,0.0
FbHdp,14,no_one_rtt,guard_one_rtt_bypass_flows,0.0
FbHdp,14,no_one_rtt,guard_rebalance_events,0.0
FbHdp,14,no_one_rtt,guard_remaining_aware,1.0
FbHdp,14,no_one_rtt,guard_remaining_exponent,1.0
FbHdp,14,no_one_rtt,guard_remaining_refresh_events,4936.0
FbHdp,14,no_one_rtt,guard_sender_srpt_enabled,1.0
FbHdp,14,no_one_rtt,guard_sender_srpt_forced_rr,66.0
FbHdp,14,no_one_rtt,guard_sender_srpt_non_rr,18412.0
FbHdp,14,no_one_rtt,guard_sender_srpt_selections,426047.0
FbHdp,14,no_one_rtt,guard_srpt_quantum_packets,64.0
FbHdp,14,no_one_rtt,guard_tail_bypass_bdps,8.0
FbHdp,14,no_one_rtt,guard_tail_bypass_enabled,1.0
FbHdp,14,no_one_rtt,guard_tail_bypass_feedbacks,15949.0
FbHdp,14,no_one_rtt,guard_tail_bypass_flows,475.0
FbHdp,14,no_one_rtt,hpcc_actual_rate_changes,653.0
FbHdp,14,no_one_rtt,hpcc_fast_computations,0.0
FbHdp,14,no_one_rtt,hpcc_feedback_updates,7392.0
FbHdp,14,no_one_rtt,hpcc_full_computations,1670.0
FbHdp,14,no_one_rtt,hpcc_rate_updates_applied,1670.0
FbHdp,14,no_one_rtt,hpcc_valid_feedback,3157.0
FbHdp,14,no_one_rtt,int_hops_after_strip,62286.0
FbHdp,14,no_one_rtt,int_hops_before_strip,118986.0
FbHdp,14,no_one_rtt,int_records_stripped,56700.0
FbHdp,14,no_one_rtt,irn_nacks_generated,0.0
FbHdp,14,no_one_rtt,irn_nacks_received,0.0
FbHdp,14,no_one_rtt,irn_retransmit_bytes,0.0
FbHdp,14,no_one_rtt,irn_retransmit_packets,0.0
FbHdp,14,no_one_rtt,le_8KB_fct_us_mean,6.306878681318681
FbHdp,14,no_one_rtt,le_8KB_fct_us_p95,8.5453
FbHdp,14,no_one_rtt,le_8KB_fct_us_p99,8.891
FbHdp,14,no_one_rtt,le_8KB_flow_count,2275.0
FbHdp,14,no_one_rtt,le_8KB_slowdown_mean,1.002472560463273
FbHdp,14,no_one_rtt,le_8KB_slowdown_p95,1.0161967695853746
FbHdp,14,no_one_rtt,le_8KB_slowdown_p99,1.0257829398721703
FbHdp,14,no_one_rtt,long_to_small_slowdown_mean_ratio,1.5199359048159256
FbHdp,14,no_one_rtt,max_active_flows,3.0
FbHdp,14,no_one_rtt,overall_fct_us_mean,23.361918043004053
FbHdp,14,no_one_rtt,overall_fct_us_p95,30.851399999999984
FbHdp,14,no_one_rtt,overall_fct_us_p99,507.49492000000225
FbHdp,14,no_one_rtt,overall_flow_count,3209.0
FbHdp,14,no_one_rtt,overall_slowdown_mean,1.0361673405755383
FbHdp,14,no_one_rtt,overall_slowdown_p95,1.1375524624969993
FbHdp,14,no_one_rtt,overall_slowdown_p99,1.6964215189653478
FbHdp,14,no_one_rtt,pfc_pause_events,0.0
FbHdp,14,no_one_rtt,pfc_resume_events,0.0
FbHdp,14,no_one_rtt,proactive_releases,475.0
FbHdp,14,no_one_rtt,queue_bytes_max,348800.0
FbHdp,14,no_one_rtt,queue_bytes_mean,2740.169
FbHdp,14,no_one_rtt,queue_bytes_p95,0.0
FbHdp,14,no_one_rtt,queue_bytes_p99,110090.0
FbHdp,14,no_one_rtt,queue_sample_count,400020.0
FbHdp,14,no_one_rtt,reactive_binding_rate_changes,600.0
FbHdp,14,no_one_rtt,reactive_binding_updates,600.0
FbHdp,14,no_one_rtt,recovery_nacks_generated,0.0
FbHdp,14,no_one_rtt,recovery_nacks_received,0.0
FbHdp,14,no_one_rtt,registrations,475.0
FbHdp,14,no_one_rtt,selected_registrations,475.0
FbHdp,14,no_one_rtt,tie_binding_rate_changes,49.0
FbHdp,14,no_one_rtt,tie_binding_updates,994.0
FbHdp,14,no_one_rtt,timeout_recoveries,0.0
FbHdp,14,no_tail,1BDP_to_1MB_fct_us_mean,32.42589961389961
FbHdp,14,no_tail,1BDP_to_1MB_fct_us_p95,77.99219999999998
FbHdp,14,no_tail,1BDP_to_1MB_fct_us_p99,145.2480799999997
FbHdp,14,no_tail,1BDP_to_1MB_flow_count,259.0
FbHdp,14,no_tail,1BDP_to_1MB_slowdown_mean,1.1622826758377618
FbHdp,14,no_tail,1BDP_to_1MB_slowdown_p95,1.5821399326456067
FbHdp,14,no_tail,1BDP_to_1MB_slowdown_p99,2.2877151801830604
FbHdp,14,no_tail,8KB_to_1BDP_fct_us_mean,11.298671768707482
FbHdp,14,no_tail,8KB_to_1BDP_fct_us_p95,16.41675
FbHdp,14,no_tail,8KB_to_1BDP_fct_us_p99,17.499940000000002
FbHdp,14,no_tail,8KB_to_1BDP_flow_count,588.0
FbHdp,14,no_tail,8KB_to_1BDP_slowdown_mean,1.0455962207675538
FbHdp,14,no_tail,8KB_to_1BDP_slowdown_p95,1.1816022659851606
FbHdp,14,no_tail,8KB_to_1BDP_slowdown_p99,1.4848979294512532
FbHdp,14,no_tail,aggregate_goodput_gbps,170.23315875463575
FbHdp,14,no_tail,completion_releases,0.0
FbHdp,14,no_tail,completion_span_us,19944.205
FbHdp,14,no_tail,grant_binding_rate_changes,4.0
FbHdp,14,no_tail,grant_binding_updates,120.0
FbHdp,14,no_tail,grant_bytes_sent,568606.0
FbHdp,14,no_tail,grant_event_rate_changes,1135.0
FbHdp,14,no_tail,grants_received,6049.0
FbHdp,14,no_tail,grants_sent,6049.0
FbHdp,14,no_tail,gt_1MB_fct_us_mean,532.9308850574713
FbHdp,14,no_tail,gt_1MB_fct_us_p95,1852.2134000000005
FbHdp,14,no_tail,gt_1MB_fct_us_p99,2585.13048
FbHdp,14,no_tail,gt_1MB_flow_count,87.0
FbHdp,14,no_tail,gt_1MB_slowdown_mean,1.566722696059095
FbHdp,14,no_tail,gt_1MB_slowdown_p95,3.1109496090548707
FbHdp,14,no_tail,gt_1MB_slowdown_p99,3.5816257818313417
FbHdp,14,no_tail,guard_ack_interval_packets,8.0
FbHdp,14,no_tail,guard_adaptive_grant_updates,0.0
FbHdp,14,no_tail,guard_fixed_window,1.0
FbHdp,14,no_tail,guard_grant_refresh_bdps,1.0
FbHdp,14,no_tail,guard_long_acks_suppressed,349492.0
FbHdp,14,no_tail,guard_min_share_fraction,0.0
FbHdp,14,no_tail,guard_one_rtt_acks_suppressed,23187.0
FbHdp,14,no_tail,guard_one_rtt_bypass_enabled,1.0
FbHdp,14,no_tail,guard_one_rtt_bypass_feedbacks,2734.0
FbHdp,14,no_tail,guard_one_rtt_bypass_flows,2734.0
FbHdp,14,no_tail,guard_rebalance_events,0.0
FbHdp,14,no_tail,guard_remaining_aware,1.0
FbHdp,14,no_tail,guard_remaining_exponent,1.0
FbHdp,14,no_tail,guard_remaining_refresh_events,4938.0
FbHdp,14,no_tail,guard_sender_srpt_enabled,1.0
FbHdp,14,no_tail,guard_sender_srpt_forced_rr,70.0
FbHdp,14,no_tail,guard_sender_srpt_non_rr,17349.0
FbHdp,14,no_tail,guard_sender_srpt_selections,426047.0
FbHdp,14,no_tail,guard_srpt_quantum_packets,64.0
FbHdp,14,no_tail,guard_tail_bypass_bdps,8.0
FbHdp,14,no_tail,guard_tail_bypass_enabled,0.0
FbHdp,14,no_tail,guard_tail_bypass_feedbacks,0.0
FbHdp,14,no_tail,guard_tail_bypass_flows,0.0
FbHdp,14,no_tail,hpcc_actual_rate_changes,866.0
FbHdp,14,no_tail,hpcc_fast_computations,0.0
FbHdp,14,no_tail,hpcc_feedback_updates,6678.0
FbHdp,14,no_tail,hpcc_full_computations,2356.0
FbHdp,14,no_tail,hpcc_rate_updates_applied,2356.0
FbHdp,14,no_tail,hpcc_valid_feedback,2539.0
FbHdp,14,no_tail,int_hops_after_strip,57888.0
FbHdp,14,no_tail,int_hops_before_strip,111256.0
FbHdp,14,no_tail,int_records_stripped,53368.0
FbHdp,14,no_tail,irn_nacks_generated,0.0
FbHdp,14,no_tail,irn_nacks_received,0.0
FbHdp,14,no_tail,irn_retransmit_bytes,0.0
FbHdp,14,no_tail,irn_retransmit_packets,0.0
FbHdp,14,no_tail,le_8KB_fct_us_mean,6.306393406593407
FbHdp,14,no_tail,le_8KB_fct_us_p95,8.554
FbHdp,14,no_tail,le_8KB_fct_us_p99,8.879340000000003
FbHdp,14,no_tail,le_8KB_flow_count,2275.0
FbHdp,14,no_tail,le_8KB_slowdown_mean,1.002460838874551
FbHdp,14,no_tail,le_8KB_slowdown_p95,1.0160856696521294
FbHdp,14,no_tail,le_8KB_slowdown_p99,1.025712843895093
FbHdp,14,no_tail,long_to_small_slowdown_mean_ratio,1.562876708299182
FbHdp,14,no_tail,max_active_flows,3.0
FbHdp,14,no_tail,overall_fct_us_mean,23.606718292302897
FbHdp,14,no_tail,overall_fct_us_p95,30.9116
FbHdp,14,no_tail,overall_fct_us_p99,517.1636000000005
FbHdp,14,no_tail,overall_flow_count,3209.0
FbHdp,14,no_tail,overall_slowdown_mean,1.0385618802898247
FbHdp,14,no_tail,overall_slowdown_p95,1.1440242666317446
FbHdp,14,no_tail,overall_slowdown_p99,1.79906571033555
FbHdp,14,no_tail,pfc_pause_events,0.0
FbHdp,14,no_tail,pfc_resume_events,0.0
FbHdp,14,no_tail,proactive_releases,475.0
FbHdp,14,no_tail,queue_bytes_max,364060.0
FbHdp,14,no_tail,queue_bytes_mean,2907.189
FbHdp,14,no_tail,queue_bytes_p95,0.0
FbHdp,14,no_tail,queue_bytes_p99,111180.0
FbHdp,14,no_tail,queue_sample_count,400020.0
FbHdp,14,no_tail,reactive_binding_rate_changes,787.0
FbHdp,14,no_tail,reactive_binding_updates,787.0
FbHdp,14,no_tail,recovery_nacks_generated,0.0
FbHdp,14,no_tail,recovery_nacks_received,0.0
FbHdp,14,no_tail,registrations,475.0
FbHdp,14,no_tail,selected_registrations,475.0
FbHdp,14,no_tail,tie_binding_rate_changes,75.0
FbHdp,14,no_tail,tie_binding_updates,1449.0
FbHdp,14,no_tail,timeout_recoveries,0.0
FbHdp,14,no_remaining,1BDP_to_1MB_fct_us_mean,33.27771042471042
FbHdp,14,no_remaining,1BDP_to_1MB_fct_us_p95,74.45239999999998
FbHdp,14,no_remaining,1BDP_to_1MB_fct_us_p99,159.36145999999985
FbHdp,14,no_remaining,1BDP_to_1MB_flow_count,259.0
FbHdp,14,no_remaining,1BDP_to_1MB_slowdown_mean,1.1969202178226712
FbHdp,14,no_remaining,1BDP_to_1MB_slowdown_p95,1.821142847833519
FbHdp,14,no_remaining,1BDP_to_1MB_slowdown_p99,2.1931410719479874
FbHdp,14,no_remaining,8KB_to_1BDP_fct_us_mean,11.322119047619047
FbHdp,14,no_remaining,8KB_to_1BDP_fct_us_p95,16.354
FbHdp,14,no_remaining,8KB_to_1BDP_fct_us_p99,17.5504
FbHdp,14,no_remaining,8KB_to_1BDP_flow_count,588.0
FbHdp,14,no_remaining,8KB_to_1BDP_slowdown_mean,1.0474333937317306
FbHdp,14,no_remaining,8KB_to_1BDP_slowdown_p95,1.2296906040393316
FbHdp,14,no_remaining,8KB_to_1BDP_slowdown_p99,1.4878431733121347
FbHdp,14,no_remaining,aggregate_goodput_gbps,170.15596484442912
FbHdp,14,no_remaining,completion_releases,0.0
FbHdp,14,no_remaining,completion_span_us,19953.253
FbHdp,14,no_remaining,grant_binding_rate_changes,6.0
FbHdp,14,no_remaining,grant_binding_updates,98.0
FbHdp,14,no_remaining,grant_bytes_sent,56494.0
FbHdp,14,no_remaining,grant_event_rate_changes,162.0
FbHdp,14,no_remaining,grants_received,601.0
FbHdp,14,no_remaining,grants_sent,601.0
FbHdp,14,no_remaining,gt_1MB_fct_us_mean,530.208183908046
FbHdp,14,no_remaining,gt_1MB_fct_us_p95,1757.825800000001
FbHdp,14,no_remaining,gt_1MB_fct_us_p99,2551.89178
FbHdp,14,no_remaining,gt_1MB_flow_count,87.0
FbHdp,14,no_remaining,gt_1MB_slowdown_mean,1.556531996850776
FbHdp,14,no_remaining,gt_1MB_slowdown_p95,3.0718936138053325
FbHdp,14,no_remaining,gt_1MB_slowdown_p99,3.257943387649235
FbHdp,14,no_remaining,guard_ack_interval_packets,8.0
FbHdp,14,no_remaining,guard_adaptive_grant_updates,0.0
FbHdp,14,no_remaining,guard_fixed_window,1.0
FbHdp,14,no_remaining,guard_grant_refresh_bdps,1.0
FbHdp,14,no_remaining,guard_long_acks_suppressed,349492.0
FbHdp,14,no_remaining,guard_min_share_fraction,0.0
FbHdp,14,no_remaining,guard_one_rtt_acks_suppressed,23187.0
FbHdp,14,no_remaining,guard_one_rtt_bypass_enabled,1.0
FbHdp,14,no_remaining,guard_one_rtt_bypass_feedbacks,2734.0
FbHdp,14,no_remaining,guard_one_rtt_bypass_flows,2734.0
FbHdp,14,no_remaining,guard_rebalance_events,10.0
FbHdp,14,no_remaining,guard_remaining_aware,0.0
FbHdp,14,no_remaining,guard_remaining_exponent,1.0
FbHdp,14,no_remaining,guard_remaining_refresh_events,0.0
FbHdp,14,no_remaining,guard_sender_srpt_enabled,1.0
FbHdp,14,no_remaining,guard_sender_srpt_forced_rr,66.0
FbHdp,14,no_remaining,guard_sender_srpt_non_rr,19265.0
FbHdp,14,no_remaining,guard_sender_srpt_selections,426047.0
FbHdp,14,no_remaining,guard_srpt_quantum_packets,64.0
FbHdp,14,no_remaining,guard_tail_bypass_bdps,8.0
FbHdp,14,no_remaining,guard_tail_bypass_enabled,1.0
FbHdp,14,no_remaining,guard_tail_bypass_feedbacks,15950.0
FbHdp,14,no_remaining,guard_tail_bypass_flows,475.0
FbHdp,14,no_remaining,hpcc_actual_rate_changes,658.0
FbHdp,14,no_remaining,hpcc_fast_computations,0.0
FbHdp,14,no_remaining,hpcc_feedback_updates,4594.0
FbHdp,14,no_remaining,hpcc_full_computations,1652.0
FbHdp,14,no_remaining,hpcc_rate_updates_applied,1652.0
FbHdp,14,no_remaining,hpcc_valid_feedback,1703.0
FbHdp,14,no_remaining,int_hops_after_strip,57888.0
FbHdp,14,no_remaining,int_hops_before_strip,111256.0
FbHdp,14,no_remaining,int_records_stripped,53368.0
FbHdp,14,no_remaining,irn_nacks_generated,0.0
FbHdp,14,no_remaining,irn_nacks_received,0.0
FbHdp,14,no_remaining,irn_retransmit_bytes,0.0
FbHdp,14,no_remaining,irn_retransmit_packets,0.0
FbHdp,14,no_remaining,le_8KB_fct_us_mean,6.306676923076924
FbHdp,14,no_remaining,le_8KB_fct_us_p95,8.545
FbHdp,14,no_remaining,le_8KB_fct_us_p99,8.887300000000002
FbHdp,14,no_remaining,le_8KB_flow_count,2275.0
FbHdp,14,no_remaining,le_8KB_slowdown_mean,1.0024734778858133
FbHdp,14,no_remaining,le_8KB_slowdown_p95,1.016156135178544
FbHdp,14,no_remaining,le_8KB_slowdown_p99,1.0241081660144011
FbHdp,14,no_remaining,long_to_small_slowdown_mean_ratio,1.552691448888459
FbHdp,14,no_remaining,max_active_flows,3.0
FbHdp,14,no_remaining,overall_fct_us_mean,23.606149890931754
FbHdp,14,no_remaining,overall_fct_us_p95,32.74119999999995
FbHdp,14,no_remaining,overall_fct_us_p99,491.6987600000002
FbHdp,14,no_remaining,overall_flow_count,3209.0
FbHdp,14,no_remaining,overall_slowdown_mean,1.041426805187464
FbHdp,14,no_remaining,overall_slowdown_p95,1.176675490087167
FbHdp,14,no_remaining,overall_slowdown_p99,1.878676836019537
FbHdp,14,no_remaining,pfc_pause_events,0.0
FbHdp,14,no_remaining,pfc_resume_events,0.0
FbHdp,14,no_remaining,proactive_releases,475.0
FbHdp,14,no_remaining,queue_bytes_max,338990.0
FbHdp,14,no_remaining,queue_bytes_mean,2841.61
FbHdp,14,no_remaining,queue_bytes_p95,0.0
FbHdp,14,no_remaining,queue_bytes_p99,109000.0
FbHdp,14,no_remaining,queue_sample_count,400020.0
FbHdp,14,no_remaining,reactive_binding_rate_changes,603.0
FbHdp,14,no_remaining,reactive_binding_updates,603.0
FbHdp,14,no_remaining,recovery_nacks_generated,0.0
FbHdp,14,no_remaining,recovery_nacks_received,0.0
FbHdp,14,no_remaining,registrations,475.0
FbHdp,14,no_remaining,selected_registrations,475.0
FbHdp,14,no_remaining,tie_binding_rate_changes,49.0
FbHdp,14,no_remaining,tie_binding_updates,951.0
FbHdp,14,no_remaining,timeout_recoveries,0.0
FbHdp,14,no_ack_coalescing,1BDP_to_1MB_fct_us_mean,31.84934749034749
FbHdp,14,no_ack_coalescing,1BDP_to_1MB_fct_us_p95,71.77239999999999
FbHdp,14,no_ack_coalescing,1BDP_to_1MB_fct_us_p99,137.1942199999993
FbHdp,14,no_ack_coalescing,1BDP_to_1MB_flow_count,259.0
FbHdp,14,no_ack_coalescing,1BDP_to_1MB_slowdown_mean,1.1442073058543507
FbHdp,14,no_ack_coalescing,1BDP_to_1MB_slowdown_p95,1.5720857314198693
FbHdp,14,no_ack_coalescing,1BDP_to_1MB_slowdown_p99,2.1009054402132437
FbHdp,14,no_ack_coalescing,8KB_to_1BDP_fct_us_mean,11.378795918367347
FbHdp,14,no_ack_coalescing,8KB_to_1BDP_fct_us_p95,16.986749999999997
FbHdp,14,no_ack_coalescing,8KB_to_1BDP_fct_us_p99,18.1981
FbHdp,14,no_ack_coalescing,8KB_to_1BDP_flow_count,588.0
FbHdp,14,no_ack_coalescing,8KB_to_1BDP_slowdown_mean,1.0516972538320968
FbHdp,14,no_ack_coalescing,8KB_to_1BDP_slowdown_p95,1.2072930970146332
FbHdp,14,no_ack_coalescing,8KB_to_1BDP_slowdown_p99,1.460498201483854
FbHdp,14,no_ack_coalescing,aggregate_goodput_gbps,170.15804563612434
FbHdp,14,no_ack_coalescing,completion_releases,0.0
FbHdp,14,no_ack_coalescing,completion_span_us,19953.009
FbHdp,14,no_ack_coalescing,grant_binding_rate_changes,5.0
FbHdp,14,no_ack_coalescing,grant_binding_updates,86.0
FbHdp,14,no_ack_coalescing,grant_bytes_sent,569922.0
FbHdp,14,no_ack_coalescing,grant_event_rate_changes,1173.0
FbHdp,14,no_ack_coalescing,grants_received,6063.0
FbHdp,14,no_ack_coalescing,grants_sent,6063.0
FbHdp,14,no_ack_coalescing,gt_1MB_fct_us_mean,536.4744367816091
FbHdp,14,no_ack_coalescing,gt_1MB_fct_us_p95,2018.983400000001
FbHdp,14,no_ack_coalescing,gt_1MB_fct_us_p99,2794.16362
FbHdp,14,no_ack_coalescing,gt_1MB_flow_count,87.0
FbHdp,14,no_ack_coalescing,gt_1MB_slowdown_mean,1.5366675331429926
FbHdp,14,no_ack_coalescing,gt_1MB_slowdown_p95,3.3432662807714255
FbHdp,14,no_ack_coalescing,gt_1MB_slowdown_p99,3.588286274616196
FbHdp,14,no_ack_coalescing,guard_ack_interval_packets,1.0
FbHdp,14,no_ack_coalescing,guard_adaptive_grant_updates,0.0
FbHdp,14,no_ack_coalescing,guard_fixed_window,1.0
FbHdp,14,no_ack_coalescing,guard_grant_refresh_bdps,1.0
FbHdp,14,no_ack_coalescing,guard_long_acks_suppressed,0.0
FbHdp,14,no_ack_coalescing,guard_min_share_fraction,0.0
FbHdp,14,no_ack_coalescing,guard_one_rtt_acks_suppressed,23187.0
FbHdp,14,no_ack_coalescing,guard_one_rtt_bypass_enabled,1.0
FbHdp,14,no_ack_coalescing,guard_one_rtt_bypass_feedbacks,2734.0
FbHdp,14,no_ack_coalescing,guard_one_rtt_bypass_flows,2734.0
FbHdp,14,no_ack_coalescing,guard_rebalance_events,0.0
FbHdp,14,no_ack_coalescing,guard_remaining_aware,1.0
FbHdp,14,no_ack_coalescing,guard_remaining_exponent,1.0
FbHdp,14,no_ack_coalescing,guard_remaining_refresh_events,4941.0
FbHdp,14,no_ack_coalescing,guard_sender_srpt_enabled,1.0
FbHdp,14,no_ack_coalescing,guard_sender_srpt_forced_rr,141.0
FbHdp,14,no_ack_coalescing,guard_sender_srpt_non_rr,15762.0
FbHdp,14,no_ack_coalescing,guard_sender_srpt_selections,426047.0
FbHdp,14,no_ack_coalescing,guard_srpt_quantum_packets,64.0
FbHdp,14,no_ack_coalescing,guard_tail_bypass_bdps,8.0
FbHdp,14,no_ack_coalescing,guard_tail_bypass_enabled,1.0
FbHdp,14,no_ack_coalescing,guard_tail_bypass_feedbacks,123853.0
FbHdp,14,no_ack_coalescing,guard_tail_bypass_flows,475.0
FbHdp,14,no_ack_coalescing,hpcc_actual_rate_changes,705.0
FbHdp,14,no_ack_coalescing,hpcc_fast_computations,0.0
FbHdp,14,no_ack_coalescing,hpcc_feedback_updates,4708.0
FbHdp,14,no_ack_coalescing,hpcc_full_computations,1734.0
FbHdp,14,no_ack_coalescing,hpcc_rate_updates_applied,1734.0
FbHdp,14,no_ack_coalescing,hpcc_valid_feedback,1785.0
FbHdp,14,no_ack_coalescing,int_hops_after_strip,439144.0
FbHdp,14,no_ack_coalescing,int_hops_before_strip,842004.0
FbHdp,14,no_ack_coalescing,int_records_stripped,402860.0
FbHdp,14,no_ack_coalescing,irn_nacks_generated,0.0
FbHdp,14,no_ack_coalescing,irn_nacks_received,0.0
FbHdp,14,no_ack_coalescing,irn_retransmit_bytes,0.0
FbHdp,14,no_ack_coalescing,irn_retransmit_packets,0.0
FbHdp,14,no_ack_coalescing,le_8KB_fct_us_mean,6.310315164835165
FbHdp,14,no_ack_coalescing,le_8KB_fct_us_p95,8.5556
FbHdp,14,no_ack_coalescing,le_8KB_fct_us_p99,8.88756
FbHdp,14,no_ack_coalescing,le_8KB_flow_count,2275.0
FbHdp,14,no_ack_coalescing,le_8KB_slowdown_mean,1.0027944115574305
FbHdp,14,no_ack_coalescing,le_8KB_slowdown_p95,1.0174594633957064
FbHdp,14,no_ack_coalescing,le_8KB_slowdown_p99,1.0265405383146597
FbHdp,14,no_ack_coalescing,long_to_small_slowdown_mean_ratio,1.532385417621553
FbHdp,14,no_ack_coalescing,max_active_flows,3.0
FbHdp,14,no_ack_coalescing,overall_fct_us_mean,23.673716422561547
FbHdp,14,no_ack_coalescing,overall_fct_us_p95,30.985399999999995
FbHdp,14,no_ack_coalescing,overall_fct_us_p99,479.96888
FbHdp,14,no_ack_coalescing,overall_flow_count,3209.0
FbHdp,14,no_ack_coalescing,overall_slowdown_mean,1.0376425799769848
FbHdp,14,no_ack_coalescing,overall_slowdown_p95,1.1337429349288068
FbHdp,14,no_ack_coalescing,overall_slowdown_p99,1.7125945657869435
FbHdp,14,no_ack_coalescing,pfc_pause_events,0.0
FbHdp,14,no_ack_coalescing,pfc_resume_events,0.0
FbHdp,14,no_ack_coalescing,proactive_releases,475.0
FbHdp,14,no_ack_coalescing,queue_bytes_max,482870.0
FbHdp,14,no_ack_coalescing,queue_bytes_mean,3504.614
FbHdp,14,no_ack_coalescing,queue_bytes_p95,6540.0
FbHdp,14,no_ack_coalescing,queue_bytes_p99,123170.0
FbHdp,14,no_ack_coalescing,queue_sample_count,400020.0
FbHdp,14,no_ack_coalescing,reactive_binding_rate_changes,639.0
FbHdp,14,no_ack_coalescing,reactive_binding_updates,639.0
FbHdp,14,no_ack_coalescing,recovery_nacks_generated,0.0
FbHdp,14,no_ack_coalescing,recovery_nacks_received,0.0
FbHdp,14,no_ack_coalescing,registrations,475.0
FbHdp,14,no_ack_coalescing,selected_registrations,475.0
FbHdp,14,no_ack_coalescing,tie_binding_rate_changes,61.0
FbHdp,14,no_ack_coalescing,tie_binding_updates,1009.0
FbHdp,14,no_ack_coalescing,timeout_recoveries,0.0
FbHdp,14,no_fixed_window,1BDP_to_1MB_fct_us_mean,31.93654054054054
FbHdp,14,no_fixed_window,1BDP_to_1MB_fct_us_p95,71.60739999999998
FbHdp,14,no_fixed_window,1BDP_to_1MB_fct_us_p99,145.16783999999967
FbHdp,14,no_fixed_window,1BDP_to_1MB_flow_count,259.0
FbHdp,14,no_fixed_window,1BDP_to_1MB_slowdown_mean,1.1521463649957893
FbHdp,14,no_fixed_window,1BDP_to_1MB_slowdown_p95,1.5326503557910125
FbHdp,14,no_fixed_window,1BDP_to_1MB_slowdown_p99,2.066222461002603
FbHdp,14,no_fixed_window,8KB_to_1BDP_fct_us_mean,11.295636054421768
FbHdp,14,no_fixed_window,8KB_to_1BDP_fct_us_p95,16.382949999999997
FbHdp,14,no_fixed_window,8KB_to_1BDP_fct_us_p99,17.472160000000002
FbHdp,14,no_fixed_window,8KB_to_1BDP_flow_count,588.0
FbHdp,14,no_fixed_window,8KB_to_1BDP_slowdown_mean,1.0450793049401719
FbHdp,14,no_fixed_window,8KB_to_1BDP_slowdown_p95,1.1808167650621089
FbHdp,14,no_fixed_window,8KB_to_1BDP_slowdown_p99,1.4622712483394333
FbHdp,14,no_fixed_window,aggregate_goodput_gbps,170.21201048815985
FbHdp,14,no_fixed_window,completion_releases,0.0
FbHdp,14,no_fixed_window,completion_span_us,19946.683
FbHdp,14,no_fixed_window,grant_binding_rate_changes,1.0
FbHdp,14,no_fixed_window,grant_binding_updates,129.0
FbHdp,14,no_fixed_window,grant_bytes_sent,565692.0
FbHdp,14,no_fixed_window,grant_event_rate_changes,1138.0
FbHdp,14,no_fixed_window,grants_received,6018.0
FbHdp,14,no_fixed_window,grants_sent,6018.0
FbHdp,14,no_fixed_window,gt_1MB_fct_us_mean,525.0358045977011
FbHdp,14,no_fixed_window,gt_1MB_fct_us_p95,1674.7234000000003
FbHdp,14,no_fixed_window,gt_1MB_fct_us_p99,2482.62632
FbHdp,14,no_fixed_window,gt_1MB_flow_count,87.0
FbHdp,14,no_fixed_window,gt_1MB_slowdown_mean,1.5464110340514647
FbHdp,14,no_fixed_window,gt_1MB_slowdown_p95,2.9542656124020072
FbHdp,14,no_fixed_window,gt_1MB_slowdown_p99,3.2542568714830864
FbHdp,14,no_fixed_window,guard_ack_interval_packets,8.0
FbHdp,14,no_fixed_window,guard_adaptive_grant_updates,0.0
FbHdp,14,no_fixed_window,guard_fixed_window,0.0
FbHdp,14,no_fixed_window,guard_grant_refresh_bdps,1.0
FbHdp,14,no_fixed_window,guard_long_acks_suppressed,349492.0
FbHdp,14,no_fixed_window,guard_min_share_fraction,0.0
FbHdp,14,no_fixed_window,guard_one_rtt_acks_suppressed,23187.0
FbHdp,14,no_fixed_window,guard_one_rtt_bypass_enabled,1.0
FbHdp,14,no_fixed_window,guard_one_rtt_bypass_feedbacks,2734.0
FbHdp,14,no_fixed_window,guard_one_rtt_bypass_flows,2734.0
FbHdp,14,no_fixed_window,guard_rebalance_events,0.0
FbHdp,14,no_fixed_window,guard_remaining_aware,1.0
FbHdp,14,no_fixed_window,guard_remaining_exponent,1.0
FbHdp,14,no_fixed_window,guard_remaining_refresh_events,4937.0
FbHdp,14,no_fixed_window,guard_sender_srpt_enabled,1.0
FbHdp,14,no_fixed_window,guard_sender_srpt_forced_rr,71.0
FbHdp,14,no_fixed_window,guard_sender_srpt_non_rr,17036.0
FbHdp,14,no_fixed_window,guard_sender_srpt_selections,426047.0
FbHdp,14,no_fixed_window,guard_srpt_quantum_packets,64.0
FbHdp,14,no_fixed_window,guard_tail_bypass_bdps,8.0
FbHdp,14,no_fixed_window,guard_tail_bypass_enabled,1.0
FbHdp,14,no_fixed_window,guard_tail_bypass_feedbacks,15949.0
FbHdp,14,no_fixed_window,guard_tail_bypass_flows,475.0
FbHdp,14,no_fixed_window,hpcc_actual_rate_changes,651.0
FbHdp,14,no_fixed_window,hpcc_fast_computations,0.0
FbHdp,14,no_fixed_window,hpcc_feedback_updates,4776.0
FbHdp,14,no_fixed_window,hpcc_full_computations,1742.0
FbHdp,14,no_fixed_window,hpcc_rate_updates_applied,1742.0
FbHdp,14,no_fixed_window,hpcc_valid_feedback,1793.0
FbHdp,14,no_fixed_window,int_hops_after_strip,57888.0
FbHdp,14,no_fixed_window,int_hops_before_strip,111256.0
FbHdp,14,no_fixed_window,int_records_stripped,53368.0
FbHdp,14,no_fixed_window,irn_nacks_generated,0.0
FbHdp,14,no_fixed_window,irn_nacks_received,0.0
FbHdp,14,no_fixed_window,irn_retransmit_bytes,0.0
FbHdp,14,no_fixed_window,irn_retransmit_packets,0.0
FbHdp,14,no_fixed_window,le_8KB_fct_us_mean,6.307113406593406
FbHdp,14,no_fixed_window,le_8KB_fct_us_p95,8.5513
FbHdp,14,no_fixed_window,le_8KB_fct_us_p99,8.887300000000002
FbHdp,14,no_fixed_window,le_8KB_flow_count,2275.0
FbHdp,14,no_fixed_window,le_8KB_slowdown_mean,1.0024873327708113
FbHdp,14,no_fixed_window,le_8KB_slowdown_p95,1.0160265106878208
FbHdp,14,no_fixed_window,le_8KB_slowdown_p99,1.025519829020514
FbHdp,14,no_fixed_window,long_to_small_slowdown_mean_ratio,1.542574138844511
FbHdp,14,no_fixed_window,max_active_flows,3.0
FbHdp,14,no_fixed_window,overall_fct_us_mean,23.353130570271112
FbHdp,14,no_fixed_window,overall_fct_us_p95,31.091999999999977
FbHdp,14,no_fixed_window,overall_fct_us_p99,508.0239600000016
FbHdp,14,no_fixed_window,overall_flow_count,3209.0
FbHdp,14,no_fixed_window,overall_slowdown_mean,1.0371171648036162
FbHdp,14,no_fixed_window,overall_slowdown_p95,1.1396709809615646
FbHdp,14,no_fixed_window,overall_slowdown_p99,1.7784343970089838
FbHdp,14,no_fixed_window,pfc_pause_events,0.0
FbHdp,14,no_fixed_window,pfc_resume_events,0.0
FbHdp,14,no_fixed_window,proactive_releases,475.0
FbHdp,14,no_fixed_window,queue_bytes_max,322640.0
FbHdp,14,no_fixed_window,queue_bytes_mean,2081.093
FbHdp,14,no_fixed_window,queue_bytes_p95,0.0
FbHdp,14,no_fixed_window,queue_bytes_p99,82840.0
FbHdp,14,no_fixed_window,queue_sample_count,400020.0
FbHdp,14,no_fixed_window,reactive_binding_rate_changes,622.0
FbHdp,14,no_fixed_window,reactive_binding_updates,622.0
FbHdp,14,no_fixed_window,recovery_nacks_generated,0.0
FbHdp,14,no_fixed_window,recovery_nacks_received,0.0
FbHdp,14,no_fixed_window,registrations,475.0
FbHdp,14,no_fixed_window,selected_registrations,475.0
FbHdp,14,no_fixed_window,tie_binding_rate_changes,28.0
FbHdp,14,no_fixed_window,tie_binding_updates,991.0
FbHdp,14,no_fixed_window,timeout_recoveries,0.0
FbHdp,15,guard,1BDP_to_1MB_fct_us_mean,36.974544354838706
FbHdp,15,guard,1BDP_to_1MB_fct_us_p95,94.01065000000001
FbHdp,15,guard,1BDP_to_1MB_fct_us_p99,136.8077
FbHdp,15,guard,1BDP_to_1MB_flow_count,248.0
FbHdp,15,guard,1BDP_to_1MB_slowdown_mean,1.1290991041979908
FbHdp,15,guard,1BDP_to_1MB_slowdown_p95,1.4527857672232507
FbHdp,15,guard,1BDP_to_1MB_slowdown_p99,1.8200315266011584
FbHdp,15,guard,8KB_to_1BDP_fct_us_mean,11.651220309810672
FbHdp,15,guard,8KB_to_1BDP_fct_us_p95,16.553
FbHdp,15,guard,8KB_to_1BDP_fct_us_p99,19.1138
FbHdp,15,guard,8KB_to_1BDP_flow_count,581.0
FbHdp,15,guard,8KB_to_1BDP_slowdown_mean,1.0404666717201245
FbHdp,15,guard,8KB_to_1BDP_slowdown_p95,1.087884937792288
FbHdp,15,guard,8KB_to_1BDP_slowdown_p99,1.4421113394043492
FbHdp,15,guard,aggregate_goodput_gbps,166.7463388559701
FbHdp,15,guard,completion_releases,0.0
FbHdp,15,guard,completion_span_us,20002.764
FbHdp,15,guard,grant_binding_rate_changes,0.0
FbHdp,15,guard,grant_binding_updates,187.0
FbHdp,15,guard,grant_bytes_sent,566350.0
FbHdp,15,guard,grant_event_rate_changes,1434.0
FbHdp,15,guard,grants_received,6025.0
FbHdp,15,guard,grants_sent,6025.0
FbHdp,15,guard,gt_1MB_fct_us_mean,446.306329787234
FbHdp,15,guard,gt_1MB_fct_us_p95,1170.3999999999987
FbHdp,15,guard,gt_1MB_fct_us_p99,1644.9692199999995
FbHdp,15,guard,gt_1MB_flow_count,94.0
FbHdp,15,guard,gt_1MB_slowdown_mean,1.6209798082831595
FbHdp,15,guard,gt_1MB_slowdown_p95,2.7767017101489047
FbHdp,15,guard,gt_1MB_slowdown_p99,3.1368344891270197
FbHdp,15,guard,guard_ack_interval_packets,8.0
FbHdp,15,guard,guard_adaptive_grant_updates,0.0
FbHdp,15,guard,guard_fixed_window,1.0
FbHdp,15,guard,guard_grant_refresh_bdps,1.0
FbHdp,15,guard,guard_long_acks_suppressed,341312.0
FbHdp,15,guard,guard_min_share_fraction,0.0
FbHdp,15,guard,guard_one_rtt_acks_suppressed,25039.0
FbHdp,15,guard,guard_one_rtt_bypass_enabled,1.0
FbHdp,15,guard,guard_one_rtt_bypass_feedbacks,2768.0
FbHdp,15,guard,guard_one_rtt_bypass_flows,2768.0
FbHdp,15,guard,guard_rebalance_events,0.0
FbHdp,15,guard,guard_remaining_aware,1.0
FbHdp,15,guard,guard_remaining_exponent,1.0
FbHdp,15,guard,guard_remaining_refresh_events,4782.0
FbHdp,15,guard,guard_sender_srpt_enabled,1.0
FbHdp,15,guard,guard_sender_srpt_forced_rr,94.0
FbHdp,15,guard,guard_sender_srpt_non_rr,21879.0
FbHdp,15,guard,guard_sender_srpt_selections,418557.0
FbHdp,15,guard,guard_srpt_quantum_packets,64.0
FbHdp,15,guard,guard_tail_bypass_bdps,8.0
FbHdp,15,guard,guard_tail_bypass_enabled,1.0
FbHdp,15,guard,guard_tail_bypass_feedbacks,17494.0
FbHdp,15,guard,guard_tail_bypass_flows,451.0
FbHdp,15,guard,hpcc_actual_rate_changes,335.0
FbHdp,15,guard,hpcc_fast_computations,0.0
FbHdp,15,guard,hpcc_feedback_updates,4266.0
FbHdp,15,guard,hpcc_full_computations,1529.0
FbHdp,15,guard,hpcc_rate_updates_applied,1529.0
FbHdp,15,guard,hpcc_valid_feedback,1590.0
FbHdp,15,guard,int_hops_after_strip,58048.0
FbHdp,15,guard,int_hops_before_strip,110254.0
FbHdp,15,guard,int_records_stripped,52206.0
FbHdp,15,guard,irn_nacks_generated,0.0
FbHdp,15,guard,irn_nacks_received,0.0
FbHdp,15,guard,irn_retransmit_bytes,0.0
FbHdp,15,guard,irn_retransmit_packets,0.0
FbHdp,15,guard,le_8KB_fct_us_mean,6.386216463414635
FbHdp,15,guard,le_8KB_fct_us_p95,8.558
FbHdp,15,guard,le_8KB_fct_us_p99,8.898
FbHdp,15,guard,le_8KB_flow_count,2296.0
FbHdp,15,guard,le_8KB_slowdown_mean,1.0025856064202052
FbHdp,15,guard,le_8KB_slowdown_p95,1.0164207967479122
FbHdp,15,guard,le_8KB_slowdown_p99,1.0246968384376252
FbHdp,15,guard,long_to_small_slowdown_mean_ratio,1.6167994013707911
FbHdp,15,guard,max_active_flows,4.0
FbHdp,15,guard,overall_fct_us_mean,22.539482447965206
FbHdp,15,guard,overall_fct_us_p95,37.17429999999988
FbHdp,15,guard,overall_fct_us_p99,432.7019600000005
FbHdp,15,guard,overall_flow_count,3219.0
FbHdp,15,guard,overall_slowdown_mean,1.037227824923859
FbHdp,15,guard,overall_slowdown_p95,1.1137179708316653
FbHdp,15,guard,overall_slowdown_p99,1.7401903445449896
FbHdp,15,guard,pfc_pause_events,0.0
FbHdp,15,guard,pfc_resume_events,0.0
FbHdp,15,guard,proactive_releases,451.0
FbHdp,15,guard,queue_bytes_max,341170.0
FbHdp,15,guard,queue_bytes_mean,2285.613
FbHdp,15,guard,queue_bytes_p95,0.0
FbHdp,15,guard,queue_bytes_p99,103550.0
FbHdp,15,guard,queue_sample_count,400020.0
FbHdp,15,guard,reactive_binding_rate_changes,309.0
FbHdp,15,guard,reactive_binding_updates,309.0
FbHdp,15,guard,recovery_nacks_generated,0.0
FbHdp,15,guard,recovery_nacks_received,0.0
FbHdp,15,guard,registrations,451.0
FbHdp,15,guard,selected_registrations,451.0
FbHdp,15,guard,tie_binding_rate_changes,26.0
FbHdp,15,guard,tie_binding_updates,1033.0
FbHdp,15,guard,timeout_recoveries,0.0
FbHdp,15,no_priority,1BDP_to_1MB_fct_us_mean,44.46108870967742
FbHdp,15,no_priority,1BDP_to_1MB_fct_us_p95,111.4949
FbHdp,15,no_priority,1BDP_to_1MB_fct_us_p99,195.32173000000006
FbHdp,15,no_priority,1BDP_to_1MB_flow_count,248.0
FbHdp,15,no_priority,1BDP_to_1MB_slowdown_mean,1.3660356955460593
FbHdp,15,no_priority,1BDP_to_1MB_slowdown_p95,2.483547328941418
FbHdp,15,no_priority,1BDP_to_1MB_slowdown_p99,3.6896489017917418
FbHdp,15,no_priority,8KB_to_1BDP_fct_us_mean,13.989418244406195
FbHdp,15,no_priority,8KB_to_1BDP_fct_us_p95,25.559
FbHdp,15,no_priority,8KB_to_1BDP_fct_us_p99,34.990600000000015
FbHdp,15,no_priority,8KB_to_1BDP_flow_count,581.0
FbHdp,15,no_priority,8KB_to_1BDP_slowdown_mean,1.2265269692365977
FbHdp,15,no_priority,8KB_to_1BDP_slowdown_p95,2.026693360026693
FbHdp,15,no_priority,8KB_to_1BDP_slowdown_p99,2.6594090526880247
FbHdp,15,no_priority,aggregate_goodput_gbps,166.7463388559701
FbHdp,15,no_priority,completion_releases,0.0
FbHdp,15,no_priority,completion_span_us,20002.764
FbHdp,15,no_priority,grant_binding_rate_changes,1.0
FbHdp,15,no_priority,grant_binding_updates,203.0
FbHdp,15,no_priority,grant_bytes_sent,571050.0
FbHdp,15,no_priority,grant_event_rate_changes,1494.0
FbHdp,15,no_priority,grants_received,6075.0
FbHdp,15,no_priority,grants_sent,6075.0
FbHdp,15,no_priority,gt_1MB_fct_us_mean,443.67829787234047
FbHdp,15,no_priority,gt_1MB_fct_us_p95,1181.3909499999988
FbHdp,15,no_priority,gt_1MB_fct_us_p99,1648.3893299999993
FbHdp,15,no_priority,gt_1MB_flow_count,94.0
FbHdp,15,no_priority,gt_1MB_slowdown_mean,1.6050544630477344
FbHdp,15,no_priority,gt_1MB_slowdown_p95,2.639612901418656
FbHdp,15,no_priority,gt_1MB_slowdown_p99,3.056123116818668
FbHdp,15,no_priority,guard_ack_interval_packets,8.0
FbHdp,15,no_priority,guard_adaptive_grant_updates,0.0
FbHdp,15,no_priority,guard_fixed_window,1.0
FbHdp,15,no_priority,guard_grant_refresh_bdps,1.0
FbHdp,15,no_priority,guard_long_acks_suppressed,341312.0
FbHdp,15,no_priority,guard_min_share_fraction,0.0
FbHdp,15,no_priority,guard_one_rtt_acks_suppressed,25039.0
FbHdp,15,no_priority,guard_one_rtt_bypass_enabled,1.0
FbHdp,15,no_priority,guard_one_rtt_bypass_feedbacks,2768.0
FbHdp,15,no_priority,guard_one_rtt_bypass_flows,2768.0
FbHdp,15,no_priority,guard_rebalance_events,0.0
FbHdp,15,no_priority,guard_remaining_aware,1.0
FbHdp,15,no_priority,guard_remaining_exponent,1.0
FbHdp,15,no_priority,guard_remaining_refresh_events,4792.0
FbHdp,15,no_priority,guard_sender_srpt_enabled,1.0
FbHdp,15,no_priority,guard_sender_srpt_forced_rr,75.0
FbHdp,15,no_priority,guard_sender_srpt_non_rr,22248.0
FbHdp,15,no_priority,guard_sender_srpt_selections,418557.0
FbHdp,15,no_priority,guard_srpt_quantum_packets,64.0
FbHdp,15,no_priority,guard_tail_bypass_bdps,8.0
FbHdp,15,no_priority,guard_tail_bypass_enabled,1.0
FbHdp,15,no_priority,guard_tail_bypass_feedbacks,17494.0
FbHdp,15,no_priority,guard_tail_bypass_flows,451.0
FbHdp,15,no_priority,hpcc_actual_rate_changes,400.0
FbHdp,15,no_priority,hpcc_fast_computations,0.0
FbHdp,15,no_priority,hpcc_feedback_updates,4330.0
FbHdp,15,no_priority,hpcc_full_computations,1566.0
FbHdp,15,no_priority,hpcc_rate_updates_applied,1566.0
FbHdp,15,no_priority,hpcc_valid_feedback,1627.0
FbHdp,15,no_priority,int_hops_after_strip,58048.0
FbHdp,15,no_priority,int_hops_before_strip,110254.0
FbHdp,15,no_priority,int_records_stripped,52206.0
FbHdp,15,no_priority,irn_nacks_generated,0.0
FbHdp,15,no_priority,irn_nacks_received,0.0
FbHdp,15,no_priority,irn_retransmit_bytes,0.0
FbHdp,15,no_priority,irn_retransmit_packets,0.0
FbHdp,15,no_priority,le_8KB_fct_us_mean,7.431906794425087
FbHdp,15,no_priority,le_8KB_fct_us_p95,17.28275
FbHdp,15,no_priority,le_8KB_fct_us_p99,25.82055
FbHdp,15,no_priority,le_8KB_flow_count,2296.0
FbHdp,15,no_priority,le_8KB_slowdown_mean,1.1290154841484583
FbHdp,15,no_priority,le_8KB_slowdown_p95,2.0693928812458595
FbHdp,15,no_priority,le_8KB_slowdown_p99,3.088188312320161
FbHdp,15,no_priority,long_to_small_slowdown_mean_ratio,1.4216407884417288
FbHdp,15,no_priority,max_active_flows,4.0
FbHdp,15,no_priority,overall_fct_us_mean,24.20739981360671
FbHdp,15,no_priority,overall_fct_us_p95,53.309599999999996
FbHdp,15,no_priority,overall_fct_us_p99,432.54498000000063
FbHdp,15,no_priority,overall_flow_count,3219.0
FbHdp,15,no_priority,overall_slowdown_mean,1.1787771645707465
FbHdp,15,no_priority,overall_slowdown_p95,2.088111578742199
FbHdp,15,no_priority,overall_slowdown_p99,3.086966231032795
FbHdp,15,no_priority,pfc_pause_events,0.0
FbHdp,15,no_priority,pfc_resume_events,0.0
FbHdp,15,no_priority,proactive_releases,451.0
FbHdp,15,no_priority,queue_bytes_max,491122.0
FbHdp,15,no_priority,queue_bytes_mean,2615.427
FbHdp,15,no_priority,queue_bytes_p95,0.0
FbHdp,15,no_priority,queue_bytes_p99,109000.0
FbHdp,15,no_priority,queue_sample_count,400020.0
FbHdp,15,no_priority,reactive_binding_rate_changes,360.0
FbHdp,15,no_priority,reactive_binding_updates,360.0
FbHdp,15,no_priority,recovery_nacks_generated,0.0
FbHdp,15,no_priority,recovery_nacks_received,0.0
FbHdp,15,no_priority,registrations,451.0
FbHdp,15,no_priority,selected_registrations,451.0
FbHdp,15,no_priority,tie_binding_rate_changes,39.0
FbHdp,15,no_priority,tie_binding_updates,1003.0
FbHdp,15,no_priority,timeout_recoveries,0.0
FbHdp,15,no_srpt,1BDP_to_1MB_fct_us_mean,39.26835080645161
FbHdp,15,no_srpt,1BDP_to_1MB_fct_us_p95,96.79050000000001
FbHdp,15,no_srpt,1BDP_to_1MB_fct_us_p99,139.77385
FbHdp,15,no_srpt,1BDP_to_1MB_flow_count,248.0
FbHdp,15,no_srpt,1BDP_to_1MB_slowdown_mean,1.2115683779877002
FbHdp,15,no_srpt,1BDP_to_1MB_slowdown_p95,1.8136582561803796
FbHdp,15,no_srpt,1BDP_to_1MB_slowdown_p99,2.383065249744557
FbHdp,15,no_srpt,8KB_to_1BDP_fct_us_mean,12.198278829604131
FbHdp,15,no_srpt,8KB_to_1BDP_fct_us_p95,18.427
FbHdp,15,no_srpt,8KB_to_1BDP_fct_us_p99,22.584600000000016
FbHdp,15,no_srpt,8KB_to_1BDP_flow_count,581.0
FbHdp,15,no_srpt,8KB_to_1BDP_slowdown_mean,1.089548835044471
FbHdp,15,no_srpt,8KB_to_1BDP_slowdown_p95,1.4856608062036232
FbHdp,15,no_srpt,8KB_to_1BDP_slowdown_p99,1.6870669326810022
FbHdp,15,no_srpt,aggregate_goodput_gbps,166.7486146600441
FbHdp,15,no_srpt,completion_releases,0.0
FbHdp,15,no_srpt,completion_span_us,20002.491
FbHdp,15,no_srpt,grant_binding_rate_changes,1.0
FbHdp,15,no_srpt,grant_binding_updates,182.0
FbHdp,15,no_srpt,grant_bytes_sent,569828.0
FbHdp,15,no_srpt,grant_event_rate_changes,1462.0
FbHdp,15,no_srpt,grants_received,6062.0
FbHdp,15,no_srpt,grants_sent,6062.0
FbHdp,15,no_srpt,gt_1MB_fct_us_mean,449.7913085106383
FbHdp,15,no_srpt,gt_1MB_fct_us_p95,1103.0775999999998
FbHdp,15,no_srpt,gt_1MB_fct_us_p99,1639.9179199999994
FbHdp,15,no_srpt,gt_1MB_flow_count,94.0
FbHdp,15,no_srpt,gt_1MB_slowdown_mean,1.651384411340197
FbHdp,15,no_srpt,gt_1MB_slowdown_p95,2.7458731667292486
FbHdp,15,no_srpt,gt_1MB_slowdown_p99,3.1186010218855316
FbHdp,15,no_srpt,guard_ack_interval_packets,8.0
FbHdp,15,no_srpt,guard_adaptive_grant_updates,0.0
FbHdp,15,no_srpt,guard_fixed_window,1.0
FbHdp,15,no_srpt,guard_grant_refresh_bdps,1.0
FbHdp,15,no_srpt,guard_long_acks_suppressed,341312.0
FbHdp,15,no_srpt,guard_min_share_fraction,0.0
FbHdp,15,no_srpt,guard_one_rtt_acks_suppressed,25039.0
FbHdp,15,no_srpt,guard_one_rtt_bypass_enabled,1.0
FbHdp,15,no_srpt,guard_one_rtt_bypass_feedbacks,2768.0
FbHdp,15,no_srpt,guard_one_rtt_bypass_flows,2768.0
FbHdp,15,no_srpt,guard_rebalance_events,0.0
FbHdp,15,no_srpt,guard_remaining_aware,1.0
FbHdp,15,no_srpt,guard_remaining_exponent,1.0
FbHdp,15,no_srpt,guard_remaining_refresh_events,4798.0
FbHdp,15,no_srpt,guard_sender_srpt_enabled,0.0
FbHdp,15,no_srpt,guard_sender_srpt_forced_rr,0.0
FbHdp,15,no_srpt,guard_sender_srpt_non_rr,0.0
FbHdp,15,no_srpt,guard_sender_srpt_selections,0.0
FbHdp,15,no_srpt,guard_srpt_quantum_packets,64.0
FbHdp,15,no_srpt,guard_tail_bypass_bdps,8.0
FbHdp,15,no_srpt,guard_tail_bypass_enabled,1.0
FbHdp,15,no_srpt,guard_tail_bypass_feedbacks,17500.0
FbHdp,15,no_srpt,guard_tail_bypass_flows,451.0
FbHdp,15,no_srpt,hpcc_actual_rate_changes,340.0
FbHdp,15,no_srpt,hpcc_fast_computations,0.0
FbHdp,15,no_srpt,hpcc_feedback_updates,4324.0
FbHdp,15,no_srpt,hpcc_full_computations,1514.0
FbHdp,15,no_srpt,hpcc_rate_updates_applied,1514.0
FbHdp,15,no_srpt,hpcc_valid_feedback,1575.0
FbHdp,15,no_srpt,int_hops_after_strip,58048.0
FbHdp,15,no_srpt,int_hops_before_strip,110254.0
FbHdp,15,no_srpt,int_records_stripped,52206.0
FbHdp,15,no_srpt,irn_nacks_generated,0.0
FbHdp,15,no_srpt,irn_nacks_received,0.0
FbHdp,15,no_srpt,irn_retransmit_bytes,0.0
FbHdp,15,no_srpt,irn_retransmit_packets,0.0
FbHdp,15,no_srpt,le_8KB_fct_us_mean,6.388685104529617
FbHdp,15,no_srpt,le_8KB_fct_us_p95,8.566
FbHdp,15,no_srpt,le_8KB_fct_us_p99,8.887550000000003
FbHdp,15,no_srpt,le_8KB_flow_count,2296.0
FbHdp,15,no_srpt,le_8KB_slowdown_mean,1.0028666041095735
FbHdp,15,no_srpt,le_8KB_slowdown_p95,1.0174584826310589
FbHdp,15,no_srpt,le_8KB_slowdown_p99,1.0261715598098624
FbHdp,15,no_srpt,long_to_small_slowdown_mean_ratio,1.6466640773290384
FbHdp,15,no_srpt,max_active_flows,4.0
FbHdp,15,no_srpt,overall_fct_us_mean,22.918470021745883
FbHdp,15,no_srpt,overall_fct_us_p95,42.76509999999996
FbHdp,15,no_srpt,overall_fct_us_p99,432.7100600000005
FbHdp,15,no_srpt,overall_flow_count,3219.0
FbHdp,15,no_srpt,overall_slowdown_mean,1.053528638895106
FbHdp,15,no_srpt,overall_slowdown_p95,1.3379585481509932
FbHdp,15,no_srpt,overall_slowdown_p99,1.9781077170326729
FbHdp,15,no_srpt,pfc_pause_events,0.0
FbHdp,15,no_srpt,pfc_resume_events,0.0
FbHdp,15,no_srpt,proactive_releases,451.0
FbHdp,15,no_srpt,queue_bytes_max,365023.0
FbHdp,15,no_srpt,queue_bytes_mean,2347.816
FbHdp,15,no_srpt,queue_bytes_p95,0.0
FbHdp,15,no_srpt,queue_bytes_p99,106820.0
FbHdp,15,no_srpt,queue_sample_count,400020.0
FbHdp,15,no_srpt,reactive_binding_rate_changes,313.0
FbHdp,15,no_srpt,reactive_binding_updates,313.0
FbHdp,15,no_srpt,recovery_nacks_generated,0.0
FbHdp,15,no_srpt,recovery_nacks_received,0.0
FbHdp,15,no_srpt,registrations,451.0
FbHdp,15,no_srpt,selected_registrations,451.0
FbHdp,15,no_srpt,tie_binding_rate_changes,26.0
FbHdp,15,no_srpt,tie_binding_updates,1019.0
FbHdp,15,no_srpt,timeout_recoveries,0.0
FbHdp,15,no_reclaim,1BDP_to_1MB_fct_us_mean,36.974544354838706
FbHdp,15,no_reclaim,1BDP_to_1MB_fct_us_p95,94.01065000000001
FbHdp,15,no_reclaim,1BDP_to_1MB_fct_us_p99,136.8077
FbHdp,15,no_reclaim,1BDP_to_1MB_flow_count,248.0
FbHdp,15,no_reclaim,1BDP_to_1MB_slowdown_mean,1.1290991041979908
FbHdp,15,no_reclaim,1BDP_to_1MB_slowdown_p95,1.4527857672232507
FbHdp,15,no_reclaim,1BDP_to_1MB_slowdown_p99,1.8200315266011584
FbHdp,15,no_reclaim,8KB_to_1BDP_fct_us_mean,11.651220309810672
FbHdp,15,no_reclaim,8KB_to_1BDP_fct_us_p95,16.553
FbHdp,15,no_reclaim,8KB_to_1BDP_fct_us_p99,19.1138
FbHdp,15,no_reclaim,8KB_to_1BDP_flow_count,581.0
FbHdp,15,no_reclaim,8KB_to_1BDP_slowdown_mean,1.0404666717201245
FbHdp,15,no_reclaim,8KB_to_1BDP_slowdown_p95,1.087884937792288
FbHdp,15,no_reclaim,8KB_to_1BDP_slowdown_p99,1.4421113394043492
FbHdp,15,no_reclaim,aggregate_goodput_gbps,166.7463388559701
FbHdp,15,no_reclaim,completion_releases,0.0
FbHdp,15,no_reclaim,completion_span_us,20002.764
FbHdp,15,no_reclaim,grant_binding_rate_changes,0.0
FbHdp,15,no_reclaim,grant_binding_updates,187.0
FbHdp,15,no_reclaim,grant_bytes_sent,566350.0
FbHdp,15,no_reclaim,grant_event_rate_changes,1434.0
FbHdp,15,no_reclaim,grants_received,6025.0
FbHdp,15,no_reclaim,grants_sent,6025.0
FbHdp,15,no_reclaim,gt_1MB_fct_us_mean,446.306329787234
FbHdp,15,no_reclaim,gt_1MB_fct_us_p95,1170.3999999999987
FbHdp,15,no_reclaim,gt_1MB_fct_us_p99,1644.9692199999995
FbHdp,15,no_reclaim,gt_1MB_flow_count,94.0
FbHdp,15,no_reclaim,gt_1MB_slowdown_mean,1.6209798082831595
FbHdp,15,no_reclaim,gt_1MB_slowdown_p95,2.7767017101489047
FbHdp,15,no_reclaim,gt_1MB_slowdown_p99,3.1368344891270197
FbHdp,15,no_reclaim,guard_ack_interval_packets,8.0
FbHdp,15,no_reclaim,guard_adaptive_grant_updates,0.0
FbHdp,15,no_reclaim,guard_fixed_window,1.0
FbHdp,15,no_reclaim,guard_grant_refresh_bdps,1.0
FbHdp,15,no_reclaim,guard_long_acks_suppressed,341312.0
FbHdp,15,no_reclaim,guard_min_share_fraction,0.0
FbHdp,15,no_reclaim,guard_one_rtt_acks_suppressed,25039.0
FbHdp,15,no_reclaim,guard_one_rtt_bypass_enabled,1.0
FbHdp,15,no_reclaim,guard_one_rtt_bypass_feedbacks,2768.0
FbHdp,15,no_reclaim,guard_one_rtt_bypass_flows,2768.0
FbHdp,15,no_reclaim,guard_rebalance_events,0.0
FbHdp,15,no_reclaim,guard_remaining_aware,1.0
FbHdp,15,no_reclaim,guard_remaining_exponent,1.0
FbHdp,15,no_reclaim,guard_remaining_refresh_events,4782.0
FbHdp,15,no_reclaim,guard_sender_srpt_enabled,1.0
FbHdp,15,no_reclaim,guard_sender_srpt_forced_rr,94.0
FbHdp,15,no_reclaim,guard_sender_srpt_non_rr,21879.0
FbHdp,15,no_reclaim,guard_sender_srpt_selections,418557.0
FbHdp,15,no_reclaim,guard_srpt_quantum_packets,64.0
FbHdp,15,no_reclaim,guard_tail_bypass_bdps,8.0
FbHdp,15,no_reclaim,guard_tail_bypass_enabled,1.0
FbHdp,15,no_reclaim,guard_tail_bypass_feedbacks,17494.0
FbHdp,15,no_reclaim,guard_tail_bypass_flows,451.0
FbHdp,15,no_reclaim,hpcc_actual_rate_changes,335.0
FbHdp,15,no_reclaim,hpcc_fast_computations,0.0
FbHdp,15,no_reclaim,hpcc_feedback_updates,4266.0
FbHdp,15,no_reclaim,hpcc_full_computations,1529.0
FbHdp,15,no_reclaim,hpcc_rate_updates_applied,1529.0
FbHdp,15,no_reclaim,hpcc_valid_feedback,1590.0
FbHdp,15,no_reclaim,int_hops_after_strip,58048.0
FbHdp,15,no_reclaim,int_hops_before_strip,110254.0
FbHdp,15,no_reclaim,int_records_stripped,52206.0
FbHdp,15,no_reclaim,irn_nacks_generated,0.0
FbHdp,15,no_reclaim,irn_nacks_received,0.0
FbHdp,15,no_reclaim,irn_retransmit_bytes,0.0
FbHdp,15,no_reclaim,irn_retransmit_packets,0.0
FbHdp,15,no_reclaim,le_8KB_fct_us_mean,6.386216463414635
FbHdp,15,no_reclaim,le_8KB_fct_us_p95,8.558
FbHdp,15,no_reclaim,le_8KB_fct_us_p99,8.898
FbHdp,15,no_reclaim,le_8KB_flow_count,2296.0
FbHdp,15,no_reclaim,le_8KB_slowdown_mean,1.0025856064202052
FbHdp,15,no_reclaim,le_8KB_slowdown_p95,1.0164207967479122
FbHdp,15,no_reclaim,le_8KB_slowdown_p99,1.0246968384376252
FbHdp,15,no_reclaim,long_to_small_slowdown_mean_ratio,1.6167994013707911
FbHdp,15,no_reclaim,max_active_flows,4.0
FbHdp,15,no_reclaim,overall_fct_us_mean,22.539482447965206
FbHdp,15,no_reclaim,overall_fct_us_p95,37.17429999999988
FbHdp,15,no_reclaim,overall_fct_us_p99,432.7019600000005
FbHdp,15,no_reclaim,overall_flow_count,3219.0
FbHdp,15,no_reclaim,overall_slowdown_mean,1.037227824923859
FbHdp,15,no_reclaim,overall_slowdown_p95,1.1137179708316653
FbHdp,15,no_reclaim,overall_slowdown_p99,1.7401903445449896
FbHdp,15,no_reclaim,pfc_pause_events,0.0
FbHdp,15,no_reclaim,pfc_resume_events,0.0
FbHdp,15,no_reclaim,proactive_releases,451.0
FbHdp,15,no_reclaim,queue_bytes_max,341170.0
FbHdp,15,no_reclaim,queue_bytes_mean,2285.613
FbHdp,15,no_reclaim,queue_bytes_p95,0.0
FbHdp,15,no_reclaim,queue_bytes_p99,103550.0
FbHdp,15,no_reclaim,queue_sample_count,400020.0
FbHdp,15,no_reclaim,reactive_binding_rate_changes,309.0
FbHdp,15,no_reclaim,reactive_binding_updates,309.0
FbHdp,15,no_reclaim,recovery_nacks_generated,0.0
FbHdp,15,no_reclaim,recovery_nacks_received,0.0
FbHdp,15,no_reclaim,registrations,451.0
FbHdp,15,no_reclaim,selected_registrations,451.0
FbHdp,15,no_reclaim,tie_binding_rate_changes,26.0
FbHdp,15,no_reclaim,tie_binding_updates,1033.0
FbHdp,15,no_reclaim,timeout_recoveries,0.0
FbHdp,15,no_one_rtt,1BDP_to_1MB_fct_us_mean,36.987975806451615
FbHdp,15,no_one_rtt,1BDP_to_1MB_fct_us_p95,94.0383
FbHdp,15,no_one_rtt,1BDP_to_1MB_fct_us_p99,136.75502
FbHdp,15,no_one_rtt,1BDP_to_1MB_flow_count,248.0
FbHdp,15,no_one_rtt,1BDP_to_1MB_slowdown_mean,1.1296437371906423
FbHdp,15,no_one_rtt,1BDP_to_1MB_slowdown_p95,1.4527857672232507
FbHdp,15,no_one_rtt,1BDP_to_1MB_slowdown_p99,1.8201313588893075
FbHdp,15,no_one_rtt,8KB_to_1BDP_fct_us_mean,11.653401032702238
FbHdp,15,no_one_rtt,8KB_to_1BDP_fct_us_p95,16.614
FbHdp,15,no_one_rtt,8KB_to_1BDP_fct_us_p99,19.132800000000003
FbHdp,15,no_one_rtt,8KB_to_1BDP_flow_count,581.0
FbHdp,15,no_one_rtt,8KB_to_1BDP_slowdown_mean,1.0406802811708202
FbHdp,15,no_one_rtt,8KB_to_1BDP_slowdown_p95,1.1094149827936115
FbHdp,15,no_one_rtt,8KB_to_1BDP_slowdown_p99,1.4424327791387497
FbHdp,15,no_one_rtt,aggregate_goodput_gbps,166.7463388559701
FbHdp,15,no_one_rtt,completion_releases,0.0
FbHdp,15,no_one_rtt,completion_span_us,20002.764
FbHdp,15,no_one_rtt,grant_binding_rate_changes,0.0
FbHdp,15,no_one_rtt,grant_binding_updates,185.0
FbHdp,15,no_one_rtt,grant_bytes_sent,566632.0
FbHdp,15,no_one_rtt,grant_event_rate_changes,1436.0
FbHdp,15,no_one_rtt,grants_received,6028.0
FbHdp,15,no_one_rtt,grants_sent,6028.0
FbHdp,15,no_one_rtt,gt_1MB_fct_us_mean,446.18785106382984
FbHdp,15,no_one_rtt,gt_1MB_fct_us_p95,1170.5795499999988
FbHdp,15,no_one_rtt,gt_1MB_fct_us_p99,1648.0721699999997
FbHdp,15,no_one_rtt,gt_1MB_flow_count,94.0
FbHdp,15,no_one_rtt,gt_1MB_slowdown_mean,1.6205563068460604
FbHdp,15,no_one_rtt,gt_1MB_slowdown_p95,2.7796259098536056
FbHdp,15,no_one_rtt,gt_1MB_slowdown_p99,3.0839886512253747
FbHdp,15,no_one_rtt,guard_ack_interval_packets,8.0
FbHdp,15,no_one_rtt,guard_adaptive_grant_updates,0.0
FbHdp,15,no_one_rtt,guard_fixed_window,1.0
FbHdp,15,no_one_rtt,guard_grant_refresh_bdps,1.0
FbHdp,15,no_one_rtt,guard_long_acks_suppressed,362765.0
FbHdp,15,no_one_rtt,guard_min_share_fraction,0.0
FbHdp,15,no_one_rtt,guard_one_rtt_acks_suppressed,0.0
FbHdp,15,no_one_rtt,guard_one_rtt_bypass_enabled,0.0
FbHdp,15,no_one_rtt,guard_one_rtt_bypass_feedbacks,0.0
FbHdp,15,no_one_rtt,guard_one_rtt_bypass_flows,0.0
FbHdp,15,no_one_rtt,guard_rebalance_events,0.0
FbHdp,15,no_one_rtt,guard_remaining_aware,1.0
FbHdp,15,no_one_rtt,guard_remaining_exponent,1.0
FbHdp,15,no_one_rtt,guard_remaining_refresh_events,4784.0
FbHdp,15,no_one_rtt,guard_sender_srpt_enabled,1.0
FbHdp,15,no_one_rtt,guard_sender_srpt_forced_rr,93.0
FbHdp,15,no_one_rtt,guard_sender_srpt_non_rr,22038.0
FbHdp,15,no_one_rtt,guard_sender_srpt_selections,418557.0
FbHdp,15,no_one_rtt,guard_srpt_quantum_packets,64.0
FbHdp,15,no_one_rtt,guard_tail_bypass_bdps,8.0
FbHdp,15,no_one_rtt,guard_tail_bypass_enabled,1.0
FbHdp,15,no_one_rtt,guard_tail_bypass_feedbacks,17494.0
FbHdp,15,no_one_rtt,guard_tail_bypass_flows,451.0
FbHdp,15,no_one_rtt,hpcc_actual_rate_changes,328.0
FbHdp,15,no_one_rtt,hpcc_fast_computations,0.0
FbHdp,15,no_one_rtt,hpcc_feedback_updates,7076.0
FbHdp,15,no_one_rtt,hpcc_full_computations,1537.0
FbHdp,15,no_one_rtt,hpcc_rate_updates_applied,1537.0
FbHdp,15,no_one_rtt,hpcc_valid_feedback,3127.0
FbHdp,15,no_one_rtt,int_hops_after_strip,63216.0
FbHdp,15,no_one_rtt,int_hops_before_strip,119008.0
FbHdp,15,no_one_rtt,int_records_stripped,55792.0
FbHdp,15,no_one_rtt,irn_nacks_generated,0.0
FbHdp,15,no_one_rtt,irn_nacks_received,0.0
FbHdp,15,no_one_rtt,irn_retransmit_bytes,0.0
FbHdp,15,no_one_rtt,irn_retransmit_packets,0.0
FbHdp,15,no_one_rtt,le_8KB_fct_us_mean,6.385792247386759
FbHdp,15,no_one_rtt,le_8KB_fct_us_p95,8.562
FbHdp,15,no_one_rtt,le_8KB_fct_us_p99,8.895150000000001
FbHdp,15,no_one_rtt,le_8KB_flow_count,2296.0
FbHdp,15,no_one_rtt,le_8KB_slowdown_mean,1.0025132129053396
FbHdp,15,no_one_rtt,le_8KB_slowdown_p95,1.016309038811566
FbHdp,15,no_one_rtt,le_8KB_slowdown_p99,1.0243593626256344
FbHdp,15,no_one_rtt,long_to_small_slowdown_mean_ratio,1.616493713982679
FbHdp,15,no_one_rtt,max_active_flows,4.0
FbHdp,15,no_one_rtt,overall_fct_us_mean,22.53714849332091
FbHdp,15,no_one_rtt,overall_fct_us_p95,37.17429999999988
FbHdp,15,no_one_rtt,overall_fct_us_p99,432.9143400000005
FbHdp,15,no_one_rtt,overall_flow_count,3219.0
FbHdp,15,no_one_rtt,overall_slowdown_mean,1.0372443367063422
FbHdp,15,no_one_rtt,overall_slowdown_p95,1.1142899370624928
FbHdp,15,no_one_rtt,overall_slowdown_p99,1.7410134617574775
FbHdp,15,no_one_rtt,pfc_pause_events,0.0
FbHdp,15,no_one_rtt,pfc_resume_events,0.0
FbHdp,15,no_one_rtt,proactive_releases,451.0
FbHdp,15,no_one_rtt,queue_bytes_max,341170.0
FbHdp,15,no_one_rtt,queue_bytes_mean,2273.796
FbHdp,15,no_one_rtt,queue_bytes_p95,0.0
FbHdp,15,no_one_rtt,queue_bytes_p99,104146.0
FbHdp,15,no_one_rtt,queue_sample_count,400020.0
FbHdp,15,no_one_rtt,reactive_binding_rate_changes,301.0
FbHdp,15,no_one_rtt,reactive_binding_updates,301.0
FbHdp,15,no_one_rtt,recovery_nacks_generated,0.0
FbHdp,15,no_one_rtt,recovery_nacks_received,0.0
FbHdp,15,no_one_rtt,registrations,451.0
FbHdp,15,no_one_rtt,selected_registrations,451.0
FbHdp,15,no_one_rtt,tie_binding_rate_changes,27.0
FbHdp,15,no_one_rtt,tie_binding_updates,1051.0
FbHdp,15,no_one_rtt,timeout_recoveries,0.0
FbHdp,15,no_tail,1BDP_to_1MB_fct_us_mean,39.98154032258065
FbHdp,15,no_tail,1BDP_to_1MB_fct_us_p95,100.56785000000002
FbHdp,15,no_tail,1BDP_to_1MB_fct_us_p99,161.94565
FbHdp,15,no_tail,1BDP_to_1MB_flow_count,248.0
FbHdp,15,no_tail,1BDP_to_1MB_slowdown_mean,1.189428254955938
FbHdp,15,no_tail,1BDP_to_1MB_slowdown_p95,1.5619623856544291
FbHdp,15,no_tail,1BDP_to_1MB_slowdown_p99,2.8064048275333096
FbHdp,15,no_tail,8KB_to_1BDP_fct_us_mean,11.652771084337349
FbHdp,15,no_tail,8KB_to_1BDP_fct_us_p95,16.553
FbHdp,15,no_tail,8KB_to_1BDP_fct_us_p99,19.1138
FbHdp,15,no_tail,8KB_to_1BDP_flow_count,581.0
FbHdp,15,no_tail,8KB_to_1BDP_slowdown_mean,1.0406394858065418
FbHdp,15,no_tail,8KB_to_1BDP_slowdown_p95,1.0961792993911585
FbHdp,15,no_tail,8KB_to_1BDP_slowdown_p99,1.4421113394043492
FbHdp,15,no_tail,aggregate_goodput_gbps,166.7463388559701
FbHdp,15,no_tail,completion_releases,0.0
FbHdp,15,no_tail,completion_span_us,20002.764
FbHdp,15,no_tail,grant_binding_rate_changes,2.0
FbHdp,15,no_tail,grant_binding_updates,262.0
FbHdp,15,no_tail,grant_bytes_sent,568230.0
FbHdp,15,no_tail,grant_event_rate_changes,1423.0
FbHdp,15,no_tail,grants_received,6045.0
FbHdp,15,no_tail,grants_sent,6045.0
FbHdp,15,no_tail,gt_1MB_fct_us_mean,448.8671382978723
FbHdp,15,no_tail,gt_1MB_fct_us_p95,1168.1009999999987
FbHdp,15,no_tail,gt_1MB_fct_us_p99,1648.5538099999994
FbHdp,15,no_tail,gt_1MB_flow_count,94.0
FbHdp,15,no_tail,gt_1MB_slowdown_mean,1.6348243878961637
FbHdp,15,no_tail,gt_1MB_slowdown_p95,2.7658562904972706
FbHdp,15,no_tail,gt_1MB_slowdown_p99,3.1024403022519125
FbHdp,15,no_tail,guard_ack_interval_packets,8.0
FbHdp,15,no_tail,guard_adaptive_grant_updates,0.0
FbHdp,15,no_tail,guard_fixed_window,1.0
FbHdp,15,no_tail,guard_grant_refresh_bdps,1.0
FbHdp,15,no_tail,guard_long_acks_suppressed,341312.0
FbHdp,15,no_tail,guard_min_share_fraction,0.0
FbHdp,15,no_tail,guard_one_rtt_acks_suppressed,25039.0
FbHdp,15,no_tail,guard_one_rtt_bypass_enabled,1.0
FbHdp,15,no_tail,guard_one_rtt_bypass_feedbacks,2768.0
FbHdp,15,no_tail,guard_one_rtt_bypass_flows,2768.0
FbHdp,15,no_tail,guard_rebalance_events,0.0
FbHdp,15,no_tail,guard_remaining_aware,1.0
FbHdp,15,no_tail,guard_remaining_exponent,1.0
FbHdp,15,no_tail,guard_remaining_refresh_events,4789.0
FbHdp,15,no_tail,guard_sender_srpt_enabled,1.0
FbHdp,15,no_tail,guard_sender_srpt_forced_rr,84.0
FbHdp,15,no_tail,guard_sender_srpt_non_rr,20120.0
FbHdp,15,no_tail,guard_sender_srpt_selections,418557.0
FbHdp,15,no_tail,guard_srpt_quantum_packets,64.0
FbHdp,15,no_tail,guard_tail_bypass_bdps,8.0
FbHdp,15,no_tail,guard_tail_bypass_enabled,0.0
FbHdp,15,no_tail,guard_tail_bypass_feedbacks,0.0
FbHdp,15,no_tail,guard_tail_bypass_flows,0.0
FbHdp,15,no_tail,hpcc_actual_rate_changes,650.0
FbHdp,15,no_tail,hpcc_fast_computations,0.0
FbHdp,15,no_tail,hpcc_feedback_updates,6470.0
FbHdp,15,no_tail,hpcc_full_computations,2401.0
FbHdp,15,no_tail,hpcc_rate_updates_applied,2401.0
FbHdp,15,no_tail,hpcc_valid_feedback,2582.0
FbHdp,15,no_tail,int_hops_after_strip,58048.0
FbHdp,15,no_tail,int_hops_before_strip,110254.0
FbHdp,15,no_tail,int_records_stripped,52206.0
FbHdp,15,no_tail,irn_nacks_generated,0.0
FbHdp,15,no_tail,irn_nacks_received,0.0
FbHdp,15,no_tail,irn_retransmit_bytes,0.0
FbHdp,15,no_tail,irn_retransmit_packets,0.0
FbHdp,15,no_tail,le_8KB_fct_us_mean,6.385668554006969
FbHdp,15,no_tail,le_8KB_fct_us_p95,8.55625
FbHdp,15,no_tail,le_8KB_fct_us_p99,8.878050000000005
FbHdp,15,no_tail,le_8KB_flow_count,2296.0
FbHdp,15,no_tail,le_8KB_slowdown_mean,1.0025190965808806
FbHdp,15,no_tail,le_8KB_slowdown_p95,1.0161107180022566
FbHdp,15,no_tail,le_8KB_slowdown_p99,1.0234577764830586
FbHdp,15,no_tail,long_to_small_slowdown_mean_ratio,1.6307164556483542
FbHdp,15,no_tail,max_active_flows,4.0
FbHdp,15,no_tail,overall_fct_us_mean,22.84581795588692
FbHdp,15,no_tail,overall_fct_us_p95,39.487699999999975
FbHdp,15,no_tail,overall_fct_us_p99,447.72804000000025
FbHdp,15,no_tail,overall_flow_count,3219.0
FbHdp,15,no_tail,overall_slowdown_mean,1.0422637734372833
FbHdp,15,no_tail,overall_slowdown_p95,1.122992517807843
FbHdp,15,no_tail,overall_slowdown_p99,1.8753314193504518
FbHdp,15,no_tail,pfc_pause_events,0.0
FbHdp,15,no_tail,pfc_resume_events,0.0
FbHdp,15,no_tail,proactive_releases,451.0
FbHdp,15,no_tail,queue_bytes_max,333540.0
FbHdp,15,no_tail,queue_bytes_mean,2215.582
FbHdp,15,no_tail,queue_bytes_p95,0.0
FbHdp,15,no_tail,queue_bytes_p99,100280.0
FbHdp,15,no_tail,queue_sample_count,400020.0
FbHdp,15,no_tail,reactive_binding_rate_changes,603.0
FbHdp,15,no_tail,reactive_binding_updates,603.0
FbHdp,15,no_tail,recovery_nacks_generated,0.0
FbHdp,15,no_tail,recovery_nacks_received,0.0
FbHdp,15,no_tail,registrations,451.0
FbHdp,15,no_tail,selected_registrations,451.0
FbHdp,15,no_tail,tie_binding_rate_changes,45.0
FbHdp,15,no_tail,tie_binding_updates,1536.0
FbHdp,15,no_tail,timeout_recoveries,0.0
FbHdp,15,no_remaining,1BDP_to_1MB_fct_us_mean,38.48483467741935
FbHdp,15,no_remaining,1BDP_to_1MB_fct_us_p95,95.2011
FbHdp,15,no_remaining,1BDP_to_1MB_fct_us_p99,171.16287
FbHdp,15,no_remaining,1BDP_to_1MB_flow_count,248.0
FbHdp,15,no_remaining,1BDP_to_1MB_slowdown_mean,1.1698954647050346
FbHdp,15,no_remaining,1BDP_to_1MB_slowdown_p95,1.6884400742279984
FbHdp,15,no_remaining,1BDP_to_1MB_slowdown_p99,2.1394834459120755
FbHdp,15,no_remaining,8KB_to_1BDP_fct_us_mean,11.706635111876077
FbHdp,15,no_remaining,8KB_to_1BDP_fct_us_p95,16.553
FbHdp,15,no_remaining,8KB_to_1BDP_fct_us_p99,19.096600000000002
FbHdp,15,no_remaining,8KB_to_1BDP_flow_count,581.0
FbHdp,15,no_remaining,8KB_to_1BDP_slowdown_mean,1.0456576536147935
FbHdp,15,no_remaining,8KB_to_1BDP_slowdown_p95,1.2576549663928305
FbHdp,15,no_remaining,8KB_to_1BDP_slowdown_p99,1.4416367631331628
FbHdp,15,no_remaining,aggregate_goodput_gbps,166.7463388559701
FbHdp,15,no_remaining,completion_releases,0.0
FbHdp,15,no_remaining,completion_span_us,20002.764
FbHdp,15,no_remaining,grant_binding_rate_changes,4.0
FbHdp,15,no_remaining,grant_binding_updates,172.0
FbHdp,15,no_remaining,grant_bytes_sent,55554.0
FbHdp,15,no_remaining,grant_event_rate_changes,183.0
FbHdp,15,no_remaining,grants_received,591.0
FbHdp,15,no_remaining,grants_sent,591.0
FbHdp,15,no_remaining,gt_1MB_fct_us_mean,461.68078723404255
FbHdp,15,no_remaining,gt_1MB_fct_us_p95,1160.502449999999
FbHdp,15,no_remaining,gt_1MB_fct_us_p99,1655.2400199999984
FbHdp,15,no_remaining,gt_1MB_flow_count,94.0
FbHdp,15,no_remaining,gt_1MB_slowdown_mean,1.7065344208423028
FbHdp,15,no_remaining,gt_1MB_slowdown_p95,3.109513461983057
FbHdp,15,no_remaining,gt_1MB_slowdown_p99,3.6075130931295085
FbHdp,15,no_remaining,guard_ack_interval_packets,8.0
FbHdp,15,no_remaining,guard_adaptive_grant_updates,0.0
FbHdp,15,no_remaining,guard_fixed_window,1.0
FbHdp,15,no_remaining,guard_grant_refresh_bdps,1.0
FbHdp,15,no_remaining,guard_long_acks_suppressed,341312.0
FbHdp,15,no_remaining,guard_min_share_fraction,0.0
FbHdp,15,no_remaining,guard_one_rtt_acks_suppressed,25039.0
FbHdp,15,no_remaining,guard_one_rtt_bypass_enabled,1.0
FbHdp,15,no_remaining,guard_one_rtt_bypass_feedbacks,2768.0
FbHdp,15,no_remaining,guard_one_rtt_bypass_flows,2768.0
FbHdp,15,no_remaining,guard_rebalance_events,11.0
FbHdp,15,no_remaining,guard_remaining_aware,0.0
FbHdp,15,no_remaining,guard_remaining_exponent,1.0
FbHdp,15,no_remaining,guard_remaining_refresh_events,0.0
FbHdp,15,no_remaining,guard_sender_srpt_enabled,1.0
FbHdp,15,no_remaining,guard_sender_srpt_forced_rr,99.0
FbHdp,15,no_remaining,guard_sender_srpt_non_rr,23198.0
FbHdp,15,no_remaining,guard_sender_srpt_selections,418557.0
FbHdp,15,no_remaining,guard_srpt_quantum_packets,64.0
FbHdp,15,no_remaining,guard_tail_bypass_bdps,8.0
FbHdp,15,no_remaining,guard_tail_bypass_enabled,1.0
FbHdp,15,no_remaining,guard_tail_bypass_feedbacks,17494.0
FbHdp,15,no_remaining,guard_tail_bypass_flows,451.0
FbHdp,15,no_remaining,hpcc_actual_rate_changes,356.0
FbHdp,15,no_remaining,hpcc_fast_computations,0.0
FbHdp,15,no_remaining,hpcc_feedback_updates,4213.0
FbHdp,15,no_remaining,hpcc_full_computations,1485.0
FbHdp,15,no_remaining,hpcc_rate_updates_applied,1485.0
FbHdp,15,no_remaining,hpcc_valid_feedback,1546.0
FbHdp,15,no_remaining,int_hops_after_strip,58048.0
FbHdp,15,no_remaining,int_hops_before_strip,110254.0
FbHdp,15,no_remaining,int_records_stripped,52206.0
FbHdp,15,no_remaining,irn_nacks_generated,0.0
FbHdp,15,no_remaining,irn_nacks_received,0.0
FbHdp,15,no_remaining,irn_retransmit_bytes,0.0
FbHdp,15,no_remaining,irn_retransmit_packets,0.0
FbHdp,15,no_remaining,le_8KB_fct_us_mean,6.38619425087108
FbHdp,15,no_remaining,le_8KB_fct_us_p95,8.56725
FbHdp,15,no_remaining,le_8KB_fct_us_p99,8.898
FbHdp,15,no_remaining,le_8KB_flow_count,2296.0
FbHdp,15,no_remaining,le_8KB_slowdown_mean,1.0025146191580607
FbHdp,15,no_remaining,le_8KB_slowdown_p95,1.0158588377472626
FbHdp,15,no_remaining,le_8KB_slowdown_p99,1.02512539715894
FbHdp,15,no_remaining,long_to_small_slowdown_mean_ratio,1.7022539005720407
FbHdp,15,no_remaining,max_active_flows,4.0
FbHdp,15,no_remaining,overall_fct_us_mean,23.11478409443927
FbHdp,15,no_remaining,overall_fct_us_p95,39.52649999999994
FbHdp,15,no_remaining,overall_fct_us_p99,472.90506000000346
FbHdp,15,no_remaining,overall_flow_count,3219.0
FbHdp,15,no_remaining,overall_slowdown_mean,1.0437555057915897
FbHdp,15,no_remaining,overall_slowdown_p95,1.1749335089795818
FbHdp,15,no_remaining,overall_slowdown_p99,1.918913735389107
FbHdp,15,no_remaining,pfc_pause_events,0.0
FbHdp,15,no_remaining,pfc_resume_events,0.0
FbHdp,15,no_remaining,proactive_releases,451.0
FbHdp,15,no_remaining,queue_bytes_max,342260.0
FbHdp,15,no_remaining,queue_bytes_mean,2631.499
FbHdp,15,no_remaining,queue_bytes_p95,0.0
FbHdp,15,no_remaining,queue_bytes_p99,107910.0
FbHdp,15,no_remaining,queue_sample_count,400020.0
FbHdp,15,no_remaining,reactive_binding_rate_changes,328.0
FbHdp,15,no_remaining,reactive_binding_updates,328.0
FbHdp,15,no_remaining,recovery_nacks_generated,0.0
FbHdp,15,no_remaining,recovery_nacks_received,0.0
FbHdp,15,no_remaining,registrations,451.0
FbHdp,15,no_remaining,selected_registrations,451.0
FbHdp,15,no_remaining,tie_binding_rate_changes,24.0
FbHdp,15,no_remaining,tie_binding_updates,985.0
FbHdp,15,no_remaining,timeout_recoveries,0.0
FbHdp,15,no_ack_coalescing,1BDP_to_1MB_fct_us_mean,37.04674193548387
FbHdp,15,no_ack_coalescing,1BDP_to_1MB_fct_us_p95,94.80350000000001
FbHdp,15,no_ack_coalescing,1BDP_to_1MB_fct_us_p99,137.5741
FbHdp,15,no_ack_coalescing,1BDP_to_1MB_flow_count,248.0
FbHdp,15,no_ack_coalescing,1BDP_to_1MB_slowdown_mean,1.1278852823987073
FbHdp,15,no_ack_coalescing,1BDP_to_1MB_slowdown_p95,1.4669380740855396
FbHdp,15,no_ack_coalescing,1BDP_to_1MB_slowdown_p99,1.7931476571779301
FbHdp,15,no_ack_coalescing,8KB_to_1BDP_fct_us_mean,11.742950086058519
FbHdp,15,no_ack_coalescing,8KB_to_1BDP_fct_us_p95,16.968
FbHdp,15,no_ack_coalescing,8KB_to_1BDP_fct_us_p99,19.804000000000002
FbHdp,15,no_ack_coalescing,8KB_to_1BDP_flow_count,581.0
FbHdp,15,no_ack_coalescing,8KB_to_1BDP_slowdown_mean,1.047120779429188
FbHdp,15,no_ack_coalescing,8KB_to_1BDP_slowdown_p95,1.150100441944556
FbHdp,15,no_ack_coalescing,8KB_to_1BDP_slowdown_p99,1.4236790688779748
FbHdp,15,no_ack_coalescing,aggregate_goodput_gbps,166.75999461230333
FbHdp,15,no_ack_coalescing,completion_releases,0.0
FbHdp,15,no_ack_coalescing,completion_span_us,20001.126
FbHdp,15,no_ack_coalescing,grant_binding_rate_changes,0.0
FbHdp,15,no_ack_coalescing,grant_binding_updates,202.0
FbHdp,15,no_ack_coalescing,grant_bytes_sent,568418.0
FbHdp,15,no_ack_coalescing,grant_event_rate_changes,1463.0
FbHdp,15,no_ack_coalescing,grants_received,6047.0
FbHdp,15,no_ack_coalescing,grants_sent,6047.0
FbHdp,15,no_ack_coalescing,gt_1MB_fct_us_mean,455.32500000000005
FbHdp,15,no_ack_coalescing,gt_1MB_fct_us_p95,1171.2676999999992
FbHdp,15,no_ack_coalescing,gt_1MB_fct_us_p99,1670.6507799999988
FbHdp,15,no_ack_coalescing,gt_1MB_flow_count,94.0
FbHdp,15,no_ack_coalescing,gt_1MB_slowdown_mean,1.6636372648753204
FbHdp,15,no_ack_coalescing,gt_1MB_slowdown_p95,2.867156588408302
FbHdp,15,no_ack_coalescing,gt_1MB_slowdown_p99,3.1233494106037436
FbHdp,15,no_ack_coalescing,guard_ack_interval_packets,1.0
FbHdp,15,no_ack_coalescing,guard_adaptive_grant_updates,0.0
FbHdp,15,no_ack_coalescing,guard_fixed_window,1.0
FbHdp,15,no_ack_coalescing,guard_grant_refresh_bdps,1.0
FbHdp,15,no_ack_coalescing,guard_long_acks_suppressed,0.0
FbHdp,15,no_ack_coalescing,guard_min_share_fraction,0.0
FbHdp,15,no_ack_coalescing,guard_one_rtt_acks_suppressed,25039.0
FbHdp,15,no_ack_coalescing,guard_one_rtt_bypass_enabled,1.0
FbHdp,15,no_ack_coalescing,guard_one_rtt_bypass_feedbacks,2768.0
FbHdp,15,no_ack_coalescing,guard_one_rtt_bypass_flows,2768.0
FbHdp,15,no_ack_coalescing,guard_rebalance_events,0.0
FbHdp,15,no_ack_coalescing,guard_remaining_aware,1.0
FbHdp,15,no_ack_coalescing,guard_remaining_exponent,1.0
FbHdp,15,no_ack_coalescing,guard_remaining_refresh_events,4784.0
FbHdp,15,no_ack_coalescing,guard_sender_srpt_enabled,1.0
FbHdp,15,no_ack_coalescing,guard_sender_srpt_forced_rr,219.0
FbHdp,15,no_ack_coalescing,guard_sender_srpt_non_rr,20882.0
FbHdp,15,no_ack_coalescing,guard_sender_srpt_selections,418557.0
FbHdp,15,no_ack_coalescing,guard_srpt_quantum_packets,64.0
FbHdp,15,no_ack_coalescing,guard_tail_bypass_bdps,8.0
FbHdp,15,no_ack_coalescing,guard_tail_bypass_enabled,1.0
FbHdp,15,no_ack_coalescing,guard_tail_bypass_feedbacks,136555.0
FbHdp,15,no_ack_coalescing,guard_tail_bypass_flows,451.0
FbHdp,15,no_ack_coalescing,hpcc_actual_rate_changes,385.0
FbHdp,15,no_ack_coalescing,hpcc_fast_computations,0.0
FbHdp,15,no_ack_coalescing,hpcc_feedback_updates,4323.0
FbHdp,15,no_ack_coalescing,hpcc_full_computations,1589.0
FbHdp,15,no_ack_coalescing,hpcc_rate_updates_applied,1589.0
FbHdp,15,no_ack_coalescing,hpcc_valid_feedback,1650.0
FbHdp,15,no_ack_coalescing,int_hops_after_strip,439258.0
FbHdp,15,no_ack_coalescing,int_hops_before_strip,832776.0
FbHdp,15,no_ack_coalescing,int_records_stripped,393518.0
FbHdp,15,no_ack_coalescing,irn_nacks_generated,0.0
FbHdp,15,no_ack_coalescing,irn_nacks_received,0.0
FbHdp,15,no_ack_coalescing,irn_retransmit_bytes,0.0
FbHdp,15,no_ack_coalescing,irn_retransmit_packets,0.0
FbHdp,15,no_ack_coalescing,le_8KB_fct_us_mean,6.388281358885018
FbHdp,15,no_ack_coalescing,le_8KB_fct_us_p95,8.5795
FbHdp,15,no_ack_coalescing,le_8KB_fct_us_p99,8.8983
FbHdp,15,no_ack_coalescing,le_8KB_flow_count,2296.0
FbHdp,15,no_ack_coalescing,le_8KB_slowdown_mean,1.0027424907672569
FbHdp,15,no_ack_coalescing,le_8KB_slowdown_p95,1.0176909006359696
FbHdp,15,no_ack_coalescing,le_8KB_slowdown_p99,1.0260046345746727
FbHdp,15,no_ack_coalescing,long_to_small_slowdown_mean_ratio,1.659087233455495
FbHdp,15,no_ack_coalescing,max_active_flows,4.0
FbHdp,15,no_ack_coalescing,overall_fct_us_mean,22.826433675054364
FbHdp,15,no_ack_coalescing,overall_fct_us_p95,37.70579999999995
FbHdp,15,no_ack_coalescing,overall_fct_us_p99,444.22924000000086
FbHdp,15,no_ack_coalescing,overall_flow_count,3219.0
FbHdp,15,no_ack_coalescing,overall_slowdown_mean,1.0396928812001054
FbHdp,15,no_ack_coalescing,overall_slowdown_p95,1.1152035744069189
FbHdp,15,no_ack_coalescing,overall_slowdown_p99,1.8693249086876274
FbHdp,15,no_ack_coalescing,pfc_pause_events,0.0
FbHdp,15,no_ack_coalescing,pfc_resume_events,0.0
FbHdp,15,no_ack_coalescing,proactive_releases,451.0
FbHdp,15,no_ack_coalescing,queue_bytes_max,378230.0
FbHdp,15,no_ack_coalescing,queue_bytes_mean,2964.257
FbHdp,15,no_ack_coalescing,queue_bytes_p95,6540.0
FbHdp,15,no_ack_coalescing,queue_bytes_p99,114450.0
FbHdp,15,no_ack_coalescing,queue_sample_count,400020.0
FbHdp,15,no_ack_coalescing,reactive_binding_rate_changes,357.0
FbHdp,15,no_ack_coalescing,reactive_binding_updates,357.0
FbHdp,15,no_ack_coalescing,recovery_nacks_generated,0.0
FbHdp,15,no_ack_coalescing,recovery_nacks_received,0.0
FbHdp,15,no_ack_coalescing,registrations,451.0
FbHdp,15,no_ack_coalescing,selected_registrations,451.0
FbHdp,15,no_ack_coalescing,tie_binding_rate_changes,28.0
FbHdp,15,no_ack_coalescing,tie_binding_updates,1030.0
FbHdp,15,no_ack_coalescing,timeout_recoveries,0.0
FbHdp,15,no_fixed_window,1BDP_to_1MB_fct_us_mean,37.3726814516129
FbHdp,15,no_fixed_window,1BDP_to_1MB_fct_us_p95,96.47720000000002
FbHdp,15,no_fixed_window,1BDP_to_1MB_fct_us_p99,140.50299
FbHdp,15,no_fixed_window,1BDP_to_1MB_flow_count,248.0
FbHdp,15,no_fixed_window,1BDP_to_1MB_slowdown_mean,1.1359962211239092
FbHdp,15,no_fixed_window,1BDP_to_1MB_slowdown_p95,1.4879242095381942
FbHdp,15,no_fixed_window,1BDP_to_1MB_slowdown_p99,1.8444360418890673
FbHdp,15,no_fixed_window,8KB_to_1BDP_fct_us_mean,11.679013769363166
FbHdp,15,no_fixed_window,8KB_to_1BDP_fct_us_p95,16.704
FbHdp,15,no_fixed_window,8KB_to_1BDP_fct_us_p99,19.184000000000015
FbHdp,15,no_fixed_window,8KB_to_1BDP_flow_count,581.0
FbHdp,15,no_fixed_window,8KB_to_1BDP_slowdown_mean,1.0428995983565175
FbHdp,15,no_fixed_window,8KB_to_1BDP_slowdown_p95,1.1643617021276595
FbHdp,15,no_fixed_window,8KB_to_1BDP_slowdown_p99,1.4461094694448557
FbHdp,15,no_fixed_window,aggregate_goodput_gbps,166.7463388559701
FbHdp,15,no_fixed_window,completion_releases,0.0
FbHdp,15,no_fixed_window,completion_span_us,20002.764
FbHdp,15,no_fixed_window,grant_binding_rate_changes,1.0
FbHdp,15,no_fixed_window,grant_binding_updates,241.0
FbHdp,15,no_fixed_window,grant_bytes_sent,567102.0
FbHdp,15,no_fixed_window,grant_event_rate_changes,1434.0
FbHdp,15,no_fixed_window,grants_received,6033.0
FbHdp,15,no_fixed_window,grants_sent,6033.0
FbHdp,15,no_fixed_window,gt_1MB_fct_us_mean,464.1304255319149
FbHdp,15,no_fixed_window,gt_1MB_fct_us_p95,1401.22985
FbHdp,15,no_fixed_window,gt_1MB_fct_us_p99,1762.2556799999998
FbHdp,15,no_fixed_window,gt_1MB_flow_count,94.0
FbHdp,15,no_fixed_window,gt_1MB_slowdown_mean,1.6748732011899676
FbHdp,15,no_fixed_window,gt_1MB_slowdown_p95,3.23895106705821
FbHdp,15,no_fixed_window,gt_1MB_slowdown_p99,3.5209636112894183
FbHdp,15,no_fixed_window,guard_ack_interval_packets,8.0
FbHdp,15,no_fixed_window,guard_adaptive_grant_updates,0.0
FbHdp,15,no_fixed_window,guard_fixed_window,0.0
FbHdp,15,no_fixed_window,guard_grant_refresh_bdps,1.0
FbHdp,15,no_fixed_window,guard_long_acks_suppressed,341312.0
FbHdp,15,no_fixed_window,guard_min_share_fraction,0.0
FbHdp,15,no_fixed_window,guard_one_rtt_acks_suppressed,25039.0
FbHdp,15,no_fixed_window,guard_one_rtt_bypass_enabled,1.0
FbHdp,15,no_fixed_window,guard_one_rtt_bypass_feedbacks,2768.0
FbHdp,15,no_fixed_window,guard_one_rtt_bypass_flows,2768.0
FbHdp,15,no_fixed_window,guard_rebalance_events,0.0
FbHdp,15,no_fixed_window,guard_remaining_aware,1.0
FbHdp,15,no_fixed_window,guard_remaining_exponent,1.0
FbHdp,15,no_fixed_window,guard_remaining_refresh_events,4784.0
FbHdp,15,no_fixed_window,guard_sender_srpt_enabled,1.0
FbHdp,15,no_fixed_window,guard_sender_srpt_forced_rr,105.0
FbHdp,15,no_fixed_window,guard_sender_srpt_non_rr,22698.0
FbHdp,15,no_fixed_window,guard_sender_srpt_selections,418557.0
FbHdp,15,no_fixed_window,guard_srpt_quantum_packets,64.0
FbHdp,15,no_fixed_window,guard_tail_bypass_bdps,8.0
FbHdp,15,no_fixed_window,guard_tail_bypass_enabled,1.0
FbHdp,15,no_fixed_window,guard_tail_bypass_feedbacks,17484.0
FbHdp,15,no_fixed_window,guard_tail_bypass_flows,451.0
FbHdp,15,no_fixed_window,hpcc_actual_rate_changes,360.0
FbHdp,15,no_fixed_window,hpcc_fast_computations,0.0
FbHdp,15,no_fixed_window,hpcc_feedback_updates,4467.0
FbHdp,15,no_fixed_window,hpcc_full_computations,1621.0
FbHdp,15,no_fixed_window,hpcc_rate_updates_applied,1621.0
FbHdp,15,no_fixed_window,hpcc_valid_feedback,1682.0
FbHdp,15,no_fixed_window,int_hops_after_strip,58048.0
FbHdp,15,no_fixed_window,int_hops_before_strip,110254.0
FbHdp,15,no_fixed_window,int_records_stripped,52206.0
FbHdp,15,no_fixed_window,irn_nacks_generated,0.0
FbHdp,15,no_fixed_window,irn_nacks_received,0.0
FbHdp,15,no_fixed_window,irn_retransmit_bytes,0.0
FbHdp,15,no_fixed_window,irn_retransmit_packets,0.0
FbHdp,15,no_fixed_window,le_8KB_fct_us_mean,6.386140679442509
FbHdp,15,no_fixed_window,le_8KB_fct_us_p95,8.558
FbHdp,15,no_fixed_window,le_8KB_fct_us_p99,8.8982
FbHdp,15,no_fixed_window,le_8KB_flow_count,2296.0
FbHdp,15,no_fixed_window,le_8KB_slowdown_mean,1.0025631679920464
FbHdp,15,no_fixed_window,le_8KB_slowdown_p95,1.0160379541178899
FbHdp,15,no_fixed_window,le_8KB_slowdown_p99,1.0247567458828934
FbHdp,15,no_fixed_window,long_to_small_slowdown_mean_ratio,1.6705911953103536
FbHdp,15,no_fixed_window,max_active_flows,4.0
FbHdp,15,no_fixed_window,overall_fct_us_mean,23.09561074867971
FbHdp,15,no_fixed_window,overall_fct_us_p95,37.44399999999992
FbHdp,15,no_fixed_window,overall_fct_us_p99,462.0293200000028
FbHdp,15,no_fixed_window,overall_flow_count,3219.0
FbHdp,15,no_fixed_window,overall_slowdown_mean,1.0397560870162974
FbHdp,15,no_fixed_window,overall_slowdown_p95,1.1337060761720066
FbHdp,15,no_fixed_window,overall_slowdown_p99,1.7896142568326998
FbHdp,15,no_fixed_window,pfc_pause_events,0.0
FbHdp,15,no_fixed_window,pfc_resume_events,0.0
FbHdp,15,no_fixed_window,proactive_releases,451.0
FbHdp,15,no_fixed_window,queue_bytes_max,325910.0
FbHdp,15,no_fixed_window,queue_bytes_mean,1955.831
FbHdp,15,no_fixed_window,queue_bytes_p95,0.0
FbHdp,15,no_fixed_window,queue_bytes_p99,83930.0
FbHdp,15,no_fixed_window,queue_sample_count,400020.0
FbHdp,15,no_fixed_window,reactive_binding_rate_changes,329.0
FbHdp,15,no_fixed_window,reactive_binding_updates,329.0
FbHdp,15,no_fixed_window,recovery_nacks_generated,0.0
FbHdp,15,no_fixed_window,recovery_nacks_received,0.0
FbHdp,15,no_fixed_window,registrations,451.0
FbHdp,15,no_fixed_window,selected_registrations,451.0
FbHdp,15,no_fixed_window,tie_binding_rate_changes,30.0
FbHdp,15,no_fixed_window,tie_binding_updates,1051.0
FbHdp,15,no_fixed_window,timeout_recoveries,0.0
