analysis,ci95_half_width,ci95_high,ci95_low,comparison,mean,metric,n,t_critical,workload
arm_mean,3.810317929747239,48.20656906331197,40.58593320381748,guard,44.396251133564725,1BDP_to_1MB_fct_us_mean,5,2.7764451051977987,AliStorage2019
arm_mean,14.244585993406082,132.20554599340605,103.7163740065939,guard,117.96095999999997,1BDP_to_1MB_fct_us_p95,5,2.7764451051977987,AliStorage2019
arm_mean,55.978551439770044,261.7359414397697,149.77883856022964,guard,205.75738999999967,1BDP_to_1MB_fct_us_p99,5,2.7764451051977987,AliStorage2019
arm_mean,15.62228464041409,320.02228464041406,288.7777153595859,guard,304.4,1BDP_to_1MB_flow_count,5,2.7764451051977987,AliStorage2019
arm_mean,0.03863047427819916,1.2629041466505033,1.1856431980941051,guard,1.2242736723723042,1BDP_to_1MB_slowdown_mean,5,2.7764451051977987,AliStorage2019
arm_mean,0.16318959180849207,1.9440617524834811,1.617682568866497,guard,1.780872160674989,1BDP_to_1MB_slowdown_p95,5,2.7764451051977987,AliStorage2019
arm_mean,0.44170948841189905,2.975496123938579,2.0920771471147814,guard,2.5337866355266803,1BDP_to_1MB_slowdown_p99,5,2.7764451051977987,AliStorage2019
arm_mean,0.07683975309956227,9.008564162121479,8.854884655922353,guard,8.931724409021916,8KB_to_1BDP_fct_us_mean,5,2.7764451051977987,AliStorage2019
arm_mean,0.18961149218519585,14.811791492185192,14.432568507814802,guard,14.622179999999997,8KB_to_1BDP_fct_us_p95,5,2.7764451051977987,AliStorage2019
arm_mean,0.24306084340879788,18.2580548434088,17.771933156591203,guard,18.014994,8KB_to_1BDP_fct_us_p99,5,2.7764451051977987,AliStorage2019
arm_mean,51.2553123244592,2609.2553123244593,2506.7446876755407,guard,2558.0,8KB_to_1BDP_flow_count,5,2.7764451051977987,AliStorage2019
arm_mean,0.0012094224629795494,1.032141268464311,1.029722423538352,guard,1.0309318460013315,8KB_to_1BDP_slowdown_mean,5,2.7764451051977987,AliStorage2019
arm_mean,0.015018258413568698,1.1391732626232338,1.1091367457960963,guard,1.124155004209665,8KB_to_1BDP_slowdown_p95,5,2.7764451051977987,AliStorage2019
arm_mean,0.02415716141457188,1.3142204516723883,1.2659061288432445,guard,1.2900632902578164,8KB_to_1BDP_slowdown_p99,5,2.7764451051977987,AliStorage2019
arm_mean,0.0,0.0,0.0,guard,0.0,completion_releases,5,2.7764451051977987,AliStorage2019
arm_mean,0.0,3.0,3.0,guard,3.0,elapsed_seconds,5,2.7764451051977987,AliStorage2019
arm_mean,235.4278109656767,10007.627810965678,9536.772189034324,guard,9772.2,flow_count,5,2.7764451051977987,AliStorage2019
arm_mean,0.6800873806582569,1.080087380658257,-0.2800873806582569,guard,0.4,grant_binding_rate_changes,5,2.7764451051977987,AliStorage2019
arm_mean,11.43410076394811,29.03410076394811,6.165899236051892,guard,17.6,grant_binding_updates,5,2.7764451051977987,AliStorage2019
arm_mean,34407.694529363675,456185.69452936365,387370.30547063635,guard,421778.0,grant_bytes_sent,5,2.7764451051977987,AliStorage2019
arm_mean,134.0404897512852,495.24048975128517,227.15951024871478,guard,361.2,grant_event_rate_changes,5,2.7764451051977987,AliStorage2019
arm_mean,366.03930350386884,4853.039303503869,4120.960696496131,guard,4487.0,grants_received,5,2.7764451051977987,AliStorage2019
arm_mean,366.03930350386884,4853.039303503869,4120.960696496131,guard,4487.0,grants_sent,5,2.7764451051977987,AliStorage2019
arm_mean,16.613883006417492,233.10562519992658,199.8778591870916,guard,216.49174219350908,gt_1MB_fct_us_mean,5,2.7764451051977987,AliStorage2019
arm_mean,52.703865207602625,452.3464252076025,346.93869479239726,guard,399.6425599999999,gt_1MB_fct_us_p95,5,2.7764451051977987,AliStorage2019
arm_mean,96.46946235084961,679.285272350849,486.3463476491498,guard,582.8158099999994,gt_1MB_fct_us_p99,5,2.7764451051977987,AliStorage2019
arm_mean,16.402188726934305,144.4021887269343,111.5978112730657,guard,128.0,gt_1MB_flow_count,5,2.7764451051977987,AliStorage2019
arm_mean,0.11123741514240958,1.7135538578163954,1.4910790275315762,guard,1.6023164426739858,gt_1MB_slowdown_mean,5,2.7764451051977987,AliStorage2019
arm_mean,0.5170157048909106,3.382638261345604,2.3486068515637823,guard,2.865622556454693,gt_1MB_slowdown_p95,5,2.7764451051977987,AliStorage2019
arm_mean,0.7017477392893949,4.53500695693047,3.1315114783516798,guard,3.833259217641075,gt_1MB_slowdown_p99,5,2.7764451051977987,AliStorage2019
arm_mean,0.0,0.0,0.0,guard,0.0,guard_adaptive_grant_updates,5,2.7764451051977987,AliStorage2019
arm_mean,51.06395085601514,170.46395085601515,68.33604914398487,guard,119.4,guard_concurrency_limited_allocations,5,2.7764451051977987,AliStorage2019
arm_mean,0.5552890210395597,1.7552890210395597,0.6447109789604403,guard,1.2,guard_concurrency_max_deferred_flows,5,2.7764451051977987,AliStorage2019
arm_mean,0.0,12.0,12.0,guard,12.0,guard_concurrency_min_bdps,5,2.7764451051977987,AliStorage2019
arm_mean,0.0,1.0,1.0,guard,1.0,guard_grant_refresh_bdps,5,2.7764451051977987,AliStorage2019
arm_mean,0.0,0.0,0.0,guard,0.0,guard_min_share_fraction,5,2.7764451051977987,AliStorage2019
arm_mean,0.0,0.0,0.0,guard,0.0,guard_rebalance_events,5,2.7764451051977987,AliStorage2019
arm_mean,0.0,1.0,1.0,guard,1.0,guard_receiver_concurrency,5,2.7764451051977987,AliStorage2019
arm_mean,0.0,1.0,1.0,guard,1.0,guard_remaining_aware,5,2.7764451051977987,AliStorage2019
arm_mean,0.0,1.0,1.0,guard,1.0,guard_remaining_exponent,5,2.7764451051977987,AliStorage2019
arm_mean,325.8917417489982,3914.6917417489985,3262.908258251002,guard,3588.8,guard_remaining_refresh_events,5,2.7764451051977987,AliStorage2019
arm_mean,0.0,1.0,1.0,guard,1.0,guard_sender_srpt_enabled,5,2.7764451051977987,AliStorage2019
arm_mean,7.47064972653384,71.27064972653383,56.329350273466154,guard,63.8,guard_sender_srpt_forced_rr,5,2.7764451051977987,AliStorage2019
arm_mean,5089.191811527482,27574.591811527484,17396.20818847252,guard,22485.4,guard_sender_srpt_non_rr,5,2.7764451051977987,AliStorage2019
arm_mean,23691.837773146548,423302.8377731466,375919.1622268534,guard,399611.0,guard_sender_srpt_selections,5,2.7764451051977987,AliStorage2019
arm_mean,0.0,64.0,64.0,guard,64.0,guard_srpt_quantum_packets,5,2.7764451051977987,AliStorage2019
arm_mean,0.0,8.0,8.0,guard,8.0,guard_tail_bypass_bdps,5,2.7764451051977987,AliStorage2019
arm_mean,0.0,1.0,1.0,guard,1.0,guard_tail_bypass_enabled,5,2.7764451051977987,AliStorage2019
arm_mean,984.9575092735073,23661.757509273506,21691.842490726493,guard,22676.8,guard_tail_bypass_feedbacks,5,2.7764451051977987,AliStorage2019
arm_mean,23.486822039836998,594.8868220398369,547.913177960163,guard,571.4,guard_tail_bypass_flows,5,2.7764451051977987,AliStorage2019
arm_mean,0.0,0.0,0.0,guard,0.0,homa_completion_notices_received,5,2.7764451051977987,AliStorage2019
arm_mean,0.0,0.0,0.0,guard,0.0,homa_completion_notices_sent,5,2.7764451051977987,AliStorage2019
arm_mean,0.0,0.0,0.0,guard,0.0,homa_data_bytes,5,2.7764451051977987,AliStorage2019
arm_mean,0.0,0.0,0.0,guard,0.0,homa_data_packets,5,2.7764451051977987,AliStorage2019
arm_mean,0.0,0.0,0.0,guard,0.0,homa_grants_received,5,2.7764451051977987,AliStorage2019
arm_mean,0.0,0.0,0.0,guard,0.0,homa_grants_sent,5,2.7764451051977987,AliStorage2019
arm_mean,0.0,0.0,0.0,guard,0.0,homa_max_pending_messages,5,2.7764451051977987,AliStorage2019
arm_mean,0.0,0.0,0.0,guard,0.0,homa_messages_completed,5,2.7764451051977987,AliStorage2019
arm_mean,0.0,0.0,0.0,guard,0.0,homa_messages_tracked,5,2.7764451051977987,AliStorage2019
arm_mean,0.0,0.0,0.0,guard,0.0,homa_resends_received,5,2.7764451051977987,AliStorage2019
arm_mean,0.0,0.0,0.0,guard,0.0,homa_resends_sent,5,2.7764451051977987,AliStorage2019
arm_mean,0.0,0.0,0.0,guard,0.0,homa_retransmit_packets,5,2.7764451051977987,AliStorage2019
arm_mean,51.709007386104894,180.3090073861049,76.8909926138951,guard,128.6,hpcc_actual_rate_changes,5,2.7764451051977987,AliStorage2019
arm_mean,0.0,0.0,0.0,guard,0.0,hpcc_fast_computations,5,2.7764451051977987,AliStorage2019
arm_mean,300.188032708933,2662.3880327089328,2062.011967291067,guard,2362.2,hpcc_feedback_updates,5,2.7764451051977987,AliStorage2019
arm_mean,80.1551575414052,571.5551575414052,411.2448424585948,guard,491.4,hpcc_full_computations,5,2.7764451051977987,AliStorage2019
arm_mean,80.1551575414052,571.5551575414052,411.2448424585948,guard,491.4,hpcc_rate_updates_applied,5,2.7764451051977987,AliStorage2019
arm_mean,90.18704031642044,662.3870403164204,482.0129596835796,guard,572.2,hpcc_valid_feedback,5,2.7764451051977987,AliStorage2019
arm_mean,3269.264099580832,52886.064099580835,46347.53590041917,guard,49616.8,int_hops_after_strip,5,2.7764451051977987,AliStorage2019
arm_mean,5943.735619114645,103709.13561911463,91821.66438088536,guard,97765.4,int_hops_before_strip,5,2.7764451051977987,AliStorage2019
arm_mean,2916.1322402477517,51064.73224024775,45232.467759752246,guard,48148.6,int_records_stripped,5,2.7764451051977987,AliStorage2019
arm_mean,0.0,0.0,0.0,guard,0.0,irn_nacks_generated,5,2.7764451051977987,AliStorage2019
arm_mean,0.0,0.0,0.0,guard,0.0,irn_nacks_received,5,2.7764451051977987,AliStorage2019
arm_mean,0.0,0.0,0.0,guard,0.0,irn_retransmit_bytes,5,2.7764451051977987,AliStorage2019
arm_mean,0.0,0.0,0.0,guard,0.0,irn_retransmit_packets,5,2.7764451051977987,AliStorage2019
arm_mean,0.028768630005682947,6.8494006231961215,6.791863363184756,guard,6.820631993190439,le_8KB_fct_us_mean,5,2.7764451051977987,AliStorage2019
arm_mean,0.014362998950544676,9.122052998950544,9.093327001049456,guard,9.10769,le_8KB_fct_us_p95,5,2.7764451051977987,AliStorage2019
arm_mean,0.029071335365211087,9.416975335365212,9.35883266463479,guard,9.387904,le_8KB_fct_us_p99,5,2.7764451051977987,AliStorage2019
arm_mean,217.52415288413465,6999.3241528841345,6564.275847115866,guard,6781.8,le_8KB_flow_count,5,2.7764451051977987,AliStorage2019
arm_mean,0.0002957158279743581,1.0080468505242255,1.0074554188682767,guard,1.007751134696251,le_8KB_slowdown_mean,5,2.7764451051977987,AliStorage2019
arm_mean,0.000988919993138185,1.0310791550529086,1.0291013150666324,guard,1.0300902350597705,le_8KB_slowdown_p95,5,2.7764451051977987,AliStorage2019
arm_mean,0.002265585625214552,1.07098712886454,1.066455957614111,guard,1.0687215432393256,le_8KB_slowdown_p99,5,2.7764451051977987,AliStorage2019
arm_mean,0.11001622774590113,1.6999951623446614,1.4799627068528591,guard,1.5899789345987603,long_to_small_slowdown_mean_ratio,5,2.7764451051977987,AliStorage2019
arm_mean,0.0,3.0,3.0,guard,3.0,max_active_flows,5,2.7764451051977987,AliStorage2019
arm_mean,1147315.5354384198,2628267.13543842,333636.0645615803,guard,1480951.6,output_bytes,5,2.7764451051977987,AliStorage2019
arm_mean,0.5006924859581853,11.794095772874224,10.792710800957854,guard,11.293403286916039,overall_fct_us_mean,5,2.7764451051977987,AliStorage2019
arm_mean,0.18063508219025723,15.742455082190258,15.381184917809744,guard,15.56182,overall_fct_us_p95,5,2.7764451051977987,AliStorage2019
arm_mean,17.443904964692486,173.18940296469216,138.3015930353072,guard,155.74549799999969,overall_fct_us_p99,5,2.7764451051977987,AliStorage2019
arm_mean,235.4278109656767,10007.627810965678,9536.772189034324,guard,9772.2,overall_flow_count,5,2.7764451051977987,AliStorage2019
arm_mean,0.002667279984763414,1.0310618052019487,1.025727245232422,guard,1.0283945252171853,overall_slowdown_mean,5,2.7764451051977987,AliStorage2019
arm_mean,0.004651395962269143,1.1055860756833646,1.0962832837588263,guard,1.1009346797210955,overall_slowdown_p95,5,2.7764451051977987,AliStorage2019
arm_mean,0.08483769310297545,1.5162455535817931,1.3465701673758421,guard,1.4314078604788176,overall_slowdown_p99,5,2.7764451051977987,AliStorage2019
arm_mean,0.0,0.0,0.0,guard,0.0,pfc_cumulative_pause_ns,5,2.7764451051977987,AliStorage2019
arm_mean,0.0,0.0,0.0,guard,0.0,pfc_matched_intervals,5,2.7764451051977987,AliStorage2019
arm_mean,0.0,0.0,0.0,guard,0.0,pfc_max_pause_ns,5,2.7764451051977987,AliStorage2019
arm_mean,0.0,0.0,0.0,guard,0.0,pfc_pause_count,5,2.7764451051977987,AliStorage2019
arm_mean,0.0,0.0,0.0,guard,0.0,pfc_pause_events,5,2.7764451051977987,AliStorage2019
arm_mean,0.0,0.0,0.0,guard,0.0,pfc_resume_count,5,2.7764451051977987,AliStorage2019
arm_mean,0.0,0.0,0.0,guard,0.0,pfc_resume_events,5,2.7764451051977987,AliStorage2019
arm_mean,0.0,0.0,0.0,guard,0.0,pfc_unmatched_pauses,5,2.7764451051977987,AliStorage2019
arm_mean,0.0,0.0,0.0,guard,0.0,pfc_unmatched_resumes,5,2.7764451051977987,AliStorage2019
arm_mean,23.486822039836998,594.8868220398369,547.913177960163,guard,571.4,proactive_releases,5,2.7764451051977987,AliStorage2019
arm_mean,118436.31903450559,520677.91903450555,283805.2809654944,guard,402241.6,queue_bytes_max,5,2.7764451051977987,AliStorage2019
arm_mean,579.4393396162146,2766.6499396162144,1607.7712603837854,guard,2187.2106,queue_bytes_mean,5,2.7764451051977987,AliStorage2019
arm_mean,141.04341134404817,191.84341134404815,-90.24341134404817,guard,50.8,queue_bytes_p95,5,2.7764451051977987,AliStorage2019
arm_mean,32734.78074569389,124575.5807456939,59106.01925430611,guard,91840.8,queue_bytes_p99,5,2.7764451051977987,AliStorage2019
arm_mean,0.0,400020.0,400020.0,guard,400020.0,queue_sample_count,5,2.7764451051977987,AliStorage2019
arm_mean,48.72166753288652,169.92166753288652,72.47833246711349,guard,121.2,reactive_binding_rate_changes,5,2.7764451051977987,AliStorage2019
arm_mean,48.72166753288652,169.92166753288652,72.47833246711349,guard,121.2,reactive_binding_updates,5,2.7764451051977987,AliStorage2019
arm_mean,0.0,0.0,0.0,guard,0.0,recovery_nacks_generated,5,2.7764451051977987,AliStorage2019
arm_mean,0.0,0.0,0.0,guard,0.0,recovery_nacks_received,5,2.7764451051977987,AliStorage2019
arm_mean,23.486822039836998,594.8868220398369,547.913177960163,guard,571.4,registrations,5,2.7764451051977987,AliStorage2019
arm_mean,23.486822039836998,594.8868220398369,547.913177960163,guard,571.4,selected_registrations,5,2.7764451051977987,AliStorage2019
arm_mean,0.0,0.0,0.0,guard,0.0,switch_drops_egress,5,2.7764451051977987,AliStorage2019
arm_mean,0.0,0.0,0.0,guard,0.0,switch_drops_ingress,5,2.7764451051977987,AliStorage2019
arm_mean,0.0,0.0,0.0,guard,0.0,switch_drops_total,5,2.7764451051977987,AliStorage2019
arm_mean,4.210687481992302,11.210687481992302,2.789312518007698,guard,7.0,tie_binding_rate_changes,5,2.7764451051977987,AliStorage2019
arm_mean,34.90599964976318,387.5059996497632,317.6940003502368,guard,352.6,tie_binding_updates,5,2.7764451051977987,AliStorage2019
arm_mean,0.0,0.0,0.0,guard,0.0,timeout_recoveries,5,2.7764451051977987,AliStorage2019
arm_mean,4.979723322998673,55.757849515917194,45.79840286991985,homa,50.77812619291852,1BDP_to_1MB_fct_us_mean,5,2.7764451051977987,AliStorage2019
arm_mean,13.427423805430388,161.06845380543038,134.21360619456962,homa,147.64103,1BDP_to_1MB_fct_us_p95,5,2.7764451051977987,AliStorage2019
arm_mean,67.26782335781327,317.36517135781287,182.82952464218636,homa,250.0973479999996,1BDP_to_1MB_fct_us_p99,5,2.7764451051977987,AliStorage2019
arm_mean,15.62228464041409,320.02228464041406,288.7777153595859,homa,304.4,1BDP_to_1MB_flow_count,5,2.7764451051977987,AliStorage2019
arm_mean,0.0798662476091261,1.4864998758038757,1.3267673805856235,homa,1.4066336281947496,1BDP_to_1MB_slowdown_mean,5,2.7764451051977987,AliStorage2019
arm_mean,0.3808738739125388,3.1063119850542957,2.3445642372292186,homa,2.725438111141757,1BDP_to_1MB_slowdown_p95,5,2.7764451051977987,AliStorage2019
arm_mean,0.9543736378332726,4.758286119263488,2.8495388435969433,homa,3.8039124814302157,1BDP_to_1MB_slowdown_p99,5,2.7764451051977987,AliStorage2019
arm_mean,0.08441820092365403,9.133034018130253,8.964197616282945,homa,9.0486158172066,8KB_to_1BDP_fct_us_mean,5,2.7764451051977987,AliStorage2019
arm_mean,0.30106199584116217,15.303471995841159,14.701348004158836,homa,15.002409999999998,8KB_to_1BDP_fct_us_p95,5,2.7764451051977987,AliStorage2019
arm_mean,0.785332751991002,19.385458751991,17.814793248008993,homa,18.600125999999996,8KB_to_1BDP_fct_us_p99,5,2.7764451051977987,AliStorage2019
arm_mean,51.2553123244592,2609.2553123244593,2506.7446876755407,homa,2558.0,8KB_to_1BDP_flow_count,5,2.7764451051977987,AliStorage2019
arm_mean,0.001661021356833831,1.0440572476525187,1.0407352049388512,homa,1.042396226295685,8KB_to_1BDP_slowdown_mean,5,2.7764451051977987,AliStorage2019
arm_mean,0.015312672507751363,1.1730832985415407,1.1424579535260382,homa,1.1577706260337894,8KB_to_1BDP_slowdown_p95,5,2.7764451051977987,AliStorage2019
arm_mean,0.053077209171281094,1.4046811019506509,1.2985266836080889,homa,1.3516038927793699,8KB_to_1BDP_slowdown_p99,5,2.7764451051977987,AliStorage2019
arm_mean,0.0,0.0,0.0,homa,0.0,completion_releases,5,2.7764451051977987,AliStorage2019
arm_mean,0.5552890210395597,4.355289021039559,3.2447109789604403,homa,3.8,elapsed_seconds,5,2.7764451051977987,AliStorage2019
arm_mean,235.4278109656767,10007.627810965678,9536.772189034324,homa,9772.2,flow_count,5,2.7764451051977987,AliStorage2019
arm_mean,0.0,0.0,0.0,homa,0.0,grant_binding_rate_changes,5,2.7764451051977987,AliStorage2019
arm_mean,0.0,0.0,0.0,homa,0.0,grant_binding_updates,5,2.7764451051977987,AliStorage2019
arm_mean,0.0,0.0,0.0,homa,0.0,grant_bytes_sent,5,2.7764451051977987,AliStorage2019
arm_mean,0.0,0.0,0.0,homa,0.0,grant_event_rate_changes,5,2.7764451051977987,AliStorage2019
arm_mean,0.0,0.0,0.0,homa,0.0,grants_received,5,2.7764451051977987,AliStorage2019
arm_mean,0.0,0.0,0.0,homa,0.0,grants_sent,5,2.7764451051977987,AliStorage2019
arm_mean,22.21410955944233,243.18035248961124,198.75213337072657,homa,220.9662429301689,gt_1MB_fct_us_mean,5,2.7764451051977987,AliStorage2019
arm_mean,76.82972730732789,505.17820730732785,351.518752692672,homa,428.34847999999994,gt_1MB_fct_us_p95,5,2.7764451051977987,AliStorage2019
arm_mean,149.81679976182787,756.6578877618275,457.02428823817183,homa,606.8410879999997,gt_1MB_fct_us_p99,5,2.7764451051977987,AliStorage2019
arm_mean,16.402188726934305,144.4021887269343,111.5978112730657,homa,128.0,gt_1MB_flow_count,5,2.7764451051977987,AliStorage2019
arm_mean,0.15212725860649073,1.7908578442883003,1.4866033270753187,homa,1.6387305856818095,gt_1MB_slowdown_mean,5,2.7764451051977987,AliStorage2019
arm_mean,0.4906207545009229,3.551444192618989,2.570202683617143,homa,3.060823438118066,gt_1MB_slowdown_p95,5,2.7764451051977987,AliStorage2019
arm_mean,1.198752440502604,5.497796817937896,3.1002919369326882,homa,4.299044377435292,gt_1MB_slowdown_p99,5,2.7764451051977987,AliStorage2019
arm_mean,0.0,0.0,0.0,homa,0.0,guard_adaptive_grant_updates,5,2.7764451051977987,AliStorage2019
arm_mean,0.0,0.0,0.0,homa,0.0,guard_concurrency_limited_allocations,5,2.7764451051977987,AliStorage2019
arm_mean,0.0,0.0,0.0,homa,0.0,guard_concurrency_max_deferred_flows,5,2.7764451051977987,AliStorage2019
arm_mean,0.0,8.0,8.0,homa,8.0,guard_concurrency_min_bdps,5,2.7764451051977987,AliStorage2019
arm_mean,0.0,1.0,1.0,homa,1.0,guard_grant_refresh_bdps,5,2.7764451051977987,AliStorage2019
arm_mean,0.0,0.0,0.0,homa,0.0,guard_min_share_fraction,5,2.7764451051977987,AliStorage2019
arm_mean,0.0,0.0,0.0,homa,0.0,guard_rebalance_events,5,2.7764451051977987,AliStorage2019
arm_mean,0.0,0.0,0.0,homa,0.0,guard_receiver_concurrency,5,2.7764451051977987,AliStorage2019
arm_mean,0.0,1.0,1.0,homa,1.0,guard_remaining_aware,5,2.7764451051977987,AliStorage2019
arm_mean,0.0,1.0,1.0,homa,1.0,guard_remaining_exponent,5,2.7764451051977987,AliStorage2019
arm_mean,0.0,0.0,0.0,homa,0.0,guard_remaining_refresh_events,5,2.7764451051977987,AliStorage2019
arm_mean,0.0,1.0,1.0,homa,1.0,guard_sender_srpt_enabled,5,2.7764451051977987,AliStorage2019
arm_mean,0.0,0.0,0.0,homa,0.0,guard_sender_srpt_forced_rr,5,2.7764451051977987,AliStorage2019
arm_mean,0.0,0.0,0.0,homa,0.0,guard_sender_srpt_non_rr,5,2.7764451051977987,AliStorage2019
arm_mean,0.0,0.0,0.0,homa,0.0,guard_sender_srpt_selections,5,2.7764451051977987,AliStorage2019
arm_mean,0.0,64.0,64.0,homa,64.0,guard_srpt_quantum_packets,5,2.7764451051977987,AliStorage2019
arm_mean,0.0,8.0,8.0,homa,8.0,guard_tail_bypass_bdps,5,2.7764451051977987,AliStorage2019
arm_mean,0.0,1.0,1.0,homa,1.0,guard_tail_bypass_enabled,5,2.7764451051977987,AliStorage2019
arm_mean,0.0,0.0,0.0,homa,0.0,guard_tail_bypass_feedbacks,5,2.7764451051977987,AliStorage2019
arm_mean,0.0,0.0,0.0,homa,0.0,guard_tail_bypass_flows,5,2.7764451051977987,AliStorage2019
arm_mean,235.4278109656767,10007.627810965678,9536.772189034324,homa,9772.2,homa_completion_notices_received,5,2.7764451051977987,AliStorage2019
arm_mean,235.4278109656767,10007.627810965678,9536.772189034324,homa,9772.2,homa_completion_notices_sent,5,2.7764451051977987,AliStorage2019
arm_mean,23629905.847681765,418370079.04768175,371110267.3523182,homa,394740173.2,homa_data_bytes,5,2.7764451051977987,AliStorage2019
arm_mean,23691.837773146548,423302.8377731466,375919.1622268534,homa,399611.0,homa_data_packets,5,2.7764451051977987,AliStorage2019
arm_mean,22496.92590341657,286555.9259034166,241562.07409658344,homa,264059.0,homa_grants_received,5,2.7764451051977987,AliStorage2019
arm_mean,22496.92590341657,286555.9259034166,241562.07409658344,homa,264059.0,homa_grants_sent,5,2.7764451051977987,AliStorage2019
arm_mean,0.5552890210395597,3.3552890210395594,2.2447109789604403,homa,2.8,homa_max_pending_messages,5,2.7764451051977987,AliStorage2019
arm_mean,235.4278109656767,10007.627810965678,9536.772189034324,homa,9772.2,homa_messages_completed,5,2.7764451051977987,AliStorage2019
arm_mean,235.4278109656767,10007.627810965678,9536.772189034324,homa,9772.2,homa_messages_tracked,5,2.7764451051977987,AliStorage2019
arm_mean,0.0,0.0,0.0,homa,0.0,homa_resends_received,5,2.7764451051977987,AliStorage2019
arm_mean,0.0,0.0,0.0,homa,0.0,homa_resends_sent,5,2.7764451051977987,AliStorage2019
arm_mean,0.0,0.0,0.0,homa,0.0,homa_retransmit_packets,5,2.7764451051977987,AliStorage2019
arm_mean,0.0,0.0,0.0,homa,0.0,hpcc_actual_rate_changes,5,2.7764451051977987,AliStorage2019
arm_mean,0.0,0.0,0.0,homa,0.0,hpcc_fast_computations,5,2.7764451051977987,AliStorage2019
arm_mean,0.0,0.0,0.0,homa,0.0,hpcc_feedback_updates,5,2.7764451051977987,AliStorage2019
arm_mean,0.0,0.0,0.0,homa,0.0,hpcc_full_computations,5,2.7764451051977987,AliStorage2019
arm_mean,0.0,0.0,0.0,homa,0.0,hpcc_rate_updates_applied,5,2.7764451051977987,AliStorage2019
arm_mean,0.0,0.0,0.0,homa,0.0,hpcc_valid_feedback,5,2.7764451051977987,AliStorage2019
arm_mean,0.0,0.0,0.0,homa,0.0,int_hops_after_strip,5,2.7764451051977987,AliStorage2019
arm_mean,0.0,0.0,0.0,homa,0.0,int_hops_before_strip,5,2.7764451051977987,AliStorage2019
arm_mean,0.0,0.0,0.0,homa,0.0,int_records_stripped,5,2.7764451051977987,AliStorage2019
arm_mean,0.0,0.0,0.0,homa,0.0,irn_nacks_generated,5,2.7764451051977987,AliStorage2019
arm_mean,0.0,0.0,0.0,homa,0.0,irn_nacks_received,5,2.7764451051977987,AliStorage2019
arm_mean,0.0,0.0,0.0,homa,0.0,irn_retransmit_bytes,5,2.7764451051977987,AliStorage2019
arm_mean,0.0,0.0,0.0,homa,0.0,irn_retransmit_packets,5,2.7764451051977987,AliStorage2019
arm_mean,0.024968322140025954,6.871549974880329,6.821613330600277,homa,6.846581652740303,le_8KB_fct_us_mean,5,2.7764451051977987,AliStorage2019
arm_mean,0.021825993282663877,9.189585993282662,9.145934006717336,homa,9.16776,le_8KB_fct_us_p95,5,2.7764451051977987,AliStorage2019
arm_mean,0.0837849921933791,9.535870992193379,9.36830100780662,homa,9.452086,le_8KB_fct_us_p99,5,2.7764451051977987,AliStorage2019
arm_mean,217.52415288413465,6999.3241528841345,6564.275847115866,homa,6781.8,le_8KB_flow_count,5,2.7764451051977987,AliStorage2019
arm_mean,0.0007540250074943739,1.011184318114411,1.009676268099422,homa,1.0104302931069165,le_8KB_slowdown_mean,5,2.7764451051977987,AliStorage2019
arm_mean,0.0029192907737018697,1.039381965648995,1.0335433841015913,homa,1.0364626748752932,le_8KB_slowdown_p95,5,2.7764451051977987,AliStorage2019
arm_mean,0.008197310649832697,1.0852542788240032,1.0688596575243376,homa,1.0770569681741704,le_8KB_slowdown_p99,5,2.7764451051977987,AliStorage2019
arm_mean,0.14991557158533292,1.7716981146662965,1.4718669714956307,homa,1.6217825430809636,long_to_small_slowdown_mean_ratio,5,2.7764451051977987,AliStorage2019
arm_mean,0.0,0.0,0.0,homa,0.0,max_active_flows,5,2.7764451051977987,AliStorage2019
arm_mean,19190.23892595655,1120092.8389259567,1081712.3610740434,homa,1100902.6,output_bytes,5,2.7764451051977987,AliStorage2019
arm_mean,0.6107389029802504,12.210539732019408,10.989061926058907,homa,11.599800829039157,overall_fct_us_mean,5,2.7764451051977987,AliStorage2019
arm_mean,0.3668595683809348,16.170169568380928,15.436450431619058,homa,15.803309999999993,overall_fct_us_p95,5,2.7764451051977987,AliStorage2019
arm_mean,15.396320824372637,174.84017482437218,144.04753317562688,homa,159.44385399999953,overall_fct_us_p99,5,2.7764451051977987,AliStorage2019
arm_mean,235.4278109656767,10007.627810965678,9536.772189034324,homa,9772.2,overall_flow_count,5,2.7764451051977987,AliStorage2019
arm_mean,0.004941197355649459,1.04433222207276,1.034449827361461,homa,1.0393910247171105,overall_slowdown_mean,5,2.7764451051977987,AliStorage2019
arm_mean,0.004394007840601814,1.1215073202675485,1.112719304586345,homa,1.1171133124269468,overall_slowdown_p95,5,2.7764451051977987,AliStorage2019
arm_mean,0.15760149282646463,1.8605247860400707,1.5453218003871414,homa,1.702923293213606,overall_slowdown_p99,5,2.7764451051977987,AliStorage2019
arm_mean,0.0,0.0,0.0,homa,0.0,pfc_cumulative_pause_ns,5,2.7764451051977987,AliStorage2019
arm_mean,0.0,0.0,0.0,homa,0.0,pfc_matched_intervals,5,2.7764451051977987,AliStorage2019
arm_mean,0.0,0.0,0.0,homa,0.0,pfc_max_pause_ns,5,2.7764451051977987,AliStorage2019
arm_mean,0.0,0.0,0.0,homa,0.0,pfc_pause_count,5,2.7764451051977987,AliStorage2019
arm_mean,0.0,0.0,0.0,homa,0.0,pfc_pause_events,5,2.7764451051977987,AliStorage2019
arm_mean,0.0,0.0,0.0,homa,0.0,pfc_resume_count,5,2.7764451051977987,AliStorage2019
arm_mean,0.0,0.0,0.0,homa,0.0,pfc_resume_events,5,2.7764451051977987,AliStorage2019
arm_mean,0.0,0.0,0.0,homa,0.0,pfc_unmatched_pauses,5,2.7764451051977987,AliStorage2019
arm_mean,0.0,0.0,0.0,homa,0.0,pfc_unmatched_resumes,5,2.7764451051977987,AliStorage2019
arm_mean,0.0,0.0,0.0,homa,0.0,proactive_releases,5,2.7764451051977987,AliStorage2019
arm_mean,126026.46373654393,591810.663736544,339757.73626345606,homa,465784.2,queue_bytes_max,5,2.7764451051977987,AliStorage2019
arm_mean,1047.099664704101,4682.527864704101,2588.3285352958987,homa,3635.4282,queue_bytes_mean,5,2.7764451051977987,AliStorage2019
arm_mean,1548.9738222311569,6094.773822231157,2996.826177768843,homa,4545.8,queue_bytes_p95,5,2.7764451051977987,AliStorage2019
arm_mean,18116.292320572884,147147.49232057287,110914.90767942711,homa,129031.2,queue_bytes_p99,5,2.7764451051977987,AliStorage2019
arm_mean,0.0,400020.0,400020.0,homa,400020.0,queue_sample_count,5,2.7764451051977987,AliStorage2019
arm_mean,0.0,0.0,0.0,homa,0.0,reactive_binding_rate_changes,5,2.7764451051977987,AliStorage2019
arm_mean,0.0,0.0,0.0,homa,0.0,reactive_binding_updates,5,2.7764451051977987,AliStorage2019
arm_mean,0.0,0.0,0.0,homa,0.0,recovery_nacks_generated,5,2.7764451051977987,AliStorage2019
arm_mean,0.0,0.0,0.0,homa,0.0,recovery_nacks_received,5,2.7764451051977987,AliStorage2019
arm_mean,0.0,0.0,0.0,homa,0.0,registrations,5,2.7764451051977987,AliStorage2019
arm_mean,0.0,0.0,0.0,homa,0.0,selected_registrations,5,2.7764451051977987,AliStorage2019
arm_mean,0.0,0.0,0.0,homa,0.0,switch_drops_egress,5,2.7764451051977987,AliStorage2019
arm_mean,0.0,0.0,0.0,homa,0.0,switch_drops_ingress,5,2.7764451051977987,AliStorage2019
arm_mean,0.0,0.0,0.0,homa,0.0,switch_drops_total,5,2.7764451051977987,AliStorage2019
arm_mean,0.0,0.0,0.0,homa,0.0,tie_binding_rate_changes,5,2.7764451051977987,AliStorage2019
arm_mean,0.0,0.0,0.0,homa,0.0,tie_binding_updates,5,2.7764451051977987,AliStorage2019
arm_mean,0.0,0.0,0.0,homa,0.0,timeout_recoveries,5,2.7764451051977987,AliStorage2019
arm_mean,8.010721661172747,64.37753369096315,48.35609036861766,hpcc,56.3668120297904,1BDP_to_1MB_fct_us_mean,5,2.7764451051977987,AliStorage2019
arm_mean,23.282423777029805,195.8524037770298,149.28755622297018,hpcc,172.56998,1BDP_to_1MB_fct_us_p95,5,2.7764451051977987,AliStorage2019
arm_mean,87.59091711885246,376.01529111885196,200.83345688114701,hpcc,288.4243739999995,1BDP_to_1MB_fct_us_p99,5,2.7764451051977987,AliStorage2019
arm_mean,15.62228464041409,320.02228464041406,288.7777153595859,hpcc,304.4,1BDP_to_1MB_flow_count,5,2.7764451051977987,AliStorage2019
arm_mean,0.1163521627456561,1.631712006917554,1.3990076814262418,hpcc,1.5153598441718978,1BDP_to_1MB_slowdown_mean,5,2.7764451051977987,AliStorage2019
arm_mean,0.3307016231750509,2.952511783246282,2.29110853689618,hpcc,2.621810160071231,1BDP_to_1MB_slowdown_p95,5,2.7764451051977987,AliStorage2019
arm_mean,1.2095265219284332,5.3700594068677265,2.95100636301086,hpcc,4.160532884939293,1BDP_to_1MB_slowdown_p99,5,2.7764451051977987,AliStorage2019
arm_mean,0.33686169283149914,10.791100615622904,10.117377229959905,hpcc,10.454238922791404,8KB_to_1BDP_fct_us_mean,5,2.7764451051977987,AliStorage2019
arm_mean,1.4737155332477496,22.36594553324775,19.418514466752253,hpcc,20.89223,8KB_to_1BDP_fct_us_p95,5,2.7764451051977987,AliStorage2019
arm_mean,2.961312081485907,32.167270081485896,26.244645918514085,hpcc,29.205957999999992,8KB_to_1BDP_fct_us_p99,5,2.7764451051977987,AliStorage2019
arm_mean,51.2553123244592,2609.2553123244593,2506.7446876755407,hpcc,2558.0,8KB_to_1BDP_flow_count,5,2.7764451051977987,AliStorage2019
arm_mean,0.02540300424934226,1.206889713757407,1.1560837052587225,hpcc,1.1814867095080648,8KB_to_1BDP_slowdown_mean,5,2.7764451051977987,AliStorage2019
arm_mean,0.15647043432123087,1.9984261084267323,1.6854852397842706,hpcc,1.8419556741055014,8KB_to_1BDP_slowdown_p95,5,2.7764451051977987,AliStorage2019
arm_mean,0.19361186579906542,2.695705529746989,2.308481798148858,hpcc,2.5020936639479237,8KB_to_1BDP_slowdown_p99,5,2.7764451051977987,AliStorage2019
arm_mean,0.0,0.0,0.0,hpcc,0.0,completion_releases,5,2.7764451051977987,AliStorage2019
arm_mean,0.0,5.0,5.0,hpcc,5.0,elapsed_seconds,5,2.7764451051977987,AliStorage2019
arm_mean,235.4278109656767,10007.627810965678,9536.772189034324,hpcc,9772.2,flow_count,5,2.7764451051977987,AliStorage2019
arm_mean,0.0,0.0,0.0,hpcc,0.0,grant_binding_rate_changes,5,2.7764451051977987,AliStorage2019
arm_mean,0.0,0.0,0.0,hpcc,0.0,grant_binding_updates,5,2.7764451051977987,AliStorage2019
arm_mean,0.0,0.0,0.0,hpcc,0.0,grant_bytes_sent,5,2.7764451051977987,AliStorage2019
arm_mean,0.0,0.0,0.0,hpcc,0.0,grant_event_rate_changes,5,2.7764451051977987,AliStorage2019
arm_mean,0.0,0.0,0.0,hpcc,0.0,grants_received,5,2.7764451051977987,AliStorage2019
arm_mean,0.0,0.0,0.0,hpcc,0.0,grants_sent,5,2.7764451051977987,AliStorage2019
arm_mean,30.227304072958944,287.9589811510656,227.50437300514773,hpcc,257.73167707810666,gt_1MB_fct_us_mean,5,2.7764451051977987,AliStorage2019
arm_mean,57.94870942522957,607.8857894252295,491.98837057477033,hpcc,549.9370799999999,gt_1MB_fct_us_p95,5,2.7764451051977987,AliStorage2019
arm_mean,281.69854709617323,1222.362477096171,658.9653829038247,hpcc,940.6639299999979,gt_1MB_fct_us_p99,5,2.7764451051977987,AliStorage2019
arm_mean,16.402188726934305,144.4021887269343,111.5978112730657,hpcc,128.0,gt_1MB_flow_count,5,2.7764451051977987,AliStorage2019
arm_mean,0.21895721399336118,2.1267758728933535,1.6888614449066313,hpcc,1.9078186588999924,gt_1MB_slowdown_mean,5,2.7764451051977987,AliStorage2019
arm_mean,0.5097400797081884,4.3755256391368755,3.356045479720499,hpcc,3.865785559428687,gt_1MB_slowdown_p95,5,2.7764451051977987,AliStorage2019
arm_mean,2.0913763707546966,8.745044733994757,4.562291992485364,hpcc,6.653668363240061,gt_1MB_slowdown_p99,5,2.7764451051977987,AliStorage2019
arm_mean,0.0,0.0,0.0,hpcc,0.0,guard_adaptive_grant_updates,5,2.7764451051977987,AliStorage2019
arm_mean,0.0,0.0,0.0,hpcc,0.0,guard_concurrency_limited_allocations,5,2.7764451051977987,AliStorage2019
arm_mean,0.0,0.0,0.0,hpcc,0.0,guard_concurrency_max_deferred_flows,5,2.7764451051977987,AliStorage2019
arm_mean,0.0,8.0,8.0,hpcc,8.0,guard_concurrency_min_bdps,5,2.7764451051977987,AliStorage2019
arm_mean,0.0,1.0,1.0,hpcc,1.0,guard_grant_refresh_bdps,5,2.7764451051977987,AliStorage2019
arm_mean,0.0,0.0,0.0,hpcc,0.0,guard_min_share_fraction,5,2.7764451051977987,AliStorage2019
arm_mean,0.0,0.0,0.0,hpcc,0.0,guard_rebalance_events,5,2.7764451051977987,AliStorage2019
arm_mean,0.0,0.0,0.0,hpcc,0.0,guard_receiver_concurrency,5,2.7764451051977987,AliStorage2019
arm_mean,0.0,1.0,1.0,hpcc,1.0,guard_remaining_aware,5,2.7764451051977987,AliStorage2019
arm_mean,0.0,1.0,1.0,hpcc,1.0,guard_remaining_exponent,5,2.7764451051977987,AliStorage2019
arm_mean,0.0,0.0,0.0,hpcc,0.0,guard_remaining_refresh_events,5,2.7764451051977987,AliStorage2019
arm_mean,0.0,1.0,1.0,hpcc,1.0,guard_sender_srpt_enabled,5,2.7764451051977987,AliStorage2019
arm_mean,0.0,0.0,0.0,hpcc,0.0,guard_sender_srpt_forced_rr,5,2.7764451051977987,AliStorage2019
arm_mean,0.0,0.0,0.0,hpcc,0.0,guard_sender_srpt_non_rr,5,2.7764451051977987,AliStorage2019
arm_mean,0.0,0.0,0.0,hpcc,0.0,guard_sender_srpt_selections,5,2.7764451051977987,AliStorage2019
arm_mean,0.0,64.0,64.0,hpcc,64.0,guard_srpt_quantum_packets,5,2.7764451051977987,AliStorage2019
arm_mean,0.0,8.0,8.0,hpcc,8.0,guard_tail_bypass_bdps,5,2.7764451051977987,AliStorage2019
arm_mean,0.0,1.0,1.0,hpcc,1.0,guard_tail_bypass_enabled,5,2.7764451051977987,AliStorage2019
arm_mean,0.0,0.0,0.0,hpcc,0.0,guard_tail_bypass_feedbacks,5,2.7764451051977987,AliStorage2019
arm_mean,0.0,0.0,0.0,hpcc,0.0,guard_tail_bypass_flows,5,2.7764451051977987,AliStorage2019
arm_mean,0.0,0.0,0.0,hpcc,0.0,homa_completion_notices_received,5,2.7764451051977987,AliStorage2019
arm_mean,0.0,0.0,0.0,hpcc,0.0,homa_completion_notices_sent,5,2.7764451051977987,AliStorage2019
arm_mean,0.0,0.0,0.0,hpcc,0.0,homa_data_bytes,5,2.7764451051977987,AliStorage2019
arm_mean,0.0,0.0,0.0,hpcc,0.0,homa_data_packets,5,2.7764451051977987,AliStorage2019
arm_mean,0.0,0.0,0.0,hpcc,0.0,homa_grants_received,5,2.7764451051977987,AliStorage2019
arm_mean,0.0,0.0,0.0,hpcc,0.0,homa_grants_sent,5,2.7764451051977987,AliStorage2019
arm_mean,0.0,0.0,0.0,hpcc,0.0,homa_max_pending_messages,5,2.7764451051977987,AliStorage2019
arm_mean,0.0,0.0,0.0,hpcc,0.0,homa_messages_completed,5,2.7764451051977987,AliStorage2019
arm_mean,0.0,0.0,0.0,hpcc,0.0,homa_messages_tracked,5,2.7764451051977987,AliStorage2019
arm_mean,0.0,0.0,0.0,hpcc,0.0,homa_resends_received,5,2.7764451051977987,AliStorage2019
arm_mean,0.0,0.0,0.0,hpcc,0.0,homa_resends_sent,5,2.7764451051977987,AliStorage2019
arm_mean,0.0,0.0,0.0,hpcc,0.0,homa_retransmit_packets,5,2.7764451051977987,AliStorage2019
arm_mean,615.835677639798,5922.435677639798,4690.764322360203,hpcc,5306.6,hpcc_actual_rate_changes,5,2.7764451051977987,AliStorage2019
arm_mean,0.0,0.0,0.0,hpcc,0.0,hpcc_fast_computations,5,2.7764451051977987,AliStorage2019
arm_mean,947.5215990924038,16932.721599092405,15037.678400907596,hpcc,15985.2,hpcc_feedback_updates,5,2.7764451051977987,AliStorage2019
arm_mean,840.2465138571743,7053.246513857174,5372.753486142826,hpcc,6213.0,hpcc_full_computations,5,2.7764451051977987,AliStorage2019
arm_mean,840.2465138571743,7053.246513857174,5372.753486142826,hpcc,6213.0,hpcc_rate_updates_applied,5,2.7764451051977987,AliStorage2019
arm_mean,947.5215990924038,16932.721599092405,15037.678400907596,hpcc,15985.2,hpcc_valid_feedback,5,2.7764451051977987,AliStorage2019
arm_mean,0.0,0.0,0.0,hpcc,0.0,int_hops_after_strip,5,2.7764451051977987,AliStorage2019
arm_mean,0.0,0.0,0.0,hpcc,0.0,int_hops_before_strip,5,2.7764451051977987,AliStorage2019
arm_mean,0.0,0.0,0.0,hpcc,0.0,int_records_stripped,5,2.7764451051977987,AliStorage2019
arm_mean,0.0,0.0,0.0,hpcc,0.0,irn_nacks_generated,5,2.7764451051977987,AliStorage2019
arm_mean,0.0,0.0,0.0,hpcc,0.0,irn_nacks_received,5,2.7764451051977987,AliStorage2019
arm_mean,0.0,0.0,0.0,hpcc,0.0,irn_retransmit_bytes,5,2.7764451051977987,AliStorage2019
arm_mean,0.0,0.0,0.0,hpcc,0.0,irn_retransmit_packets,5,2.7764451051977987,AliStorage2019
arm_mean,0.14875762985873844,7.769198993089644,7.471683733372167,hpcc,7.620441363230905,le_8KB_fct_us_mean,5,2.7764451051977987,AliStorage2019
arm_mean,1.2432405229305168,15.096740522930517,12.610259477069484,hpcc,13.8535,le_8KB_fct_us_p95,5,2.7764451051977987,AliStorage2019
arm_mean,1.6826286040493341,23.04872460404934,19.68346739595067,hpcc,21.366096000000006,le_8KB_fct_us_p99,5,2.7764451051977987,AliStorage2019
arm_mean,217.52415288413465,6999.3241528841345,6564.275847115866,hpcc,6781.8,le_8KB_flow_count,5,2.7764451051977987,AliStorage2019
arm_mean,0.017489917015472853,1.1208903413891709,1.0859105073582254,hpcc,1.1034004243736981,le_8KB_slowdown_mean,5,2.7764451051977987,AliStorage2019
arm_mean,0.13828852571403968,1.739111831303607,1.4625347798755277,hpcc,1.6008233055895673,le_8KB_slowdown_p95,5,2.7764451051977987,AliStorage2019
arm_mean,0.18120099154660985,2.641338986967178,2.2789370038739585,hpcc,2.460137995420568,le_8KB_slowdown_p99,5,2.7764451051977987,AliStorage2019
arm_mean,0.17275317462289,1.9004458780217197,1.5549395287759396,hpcc,1.7276927033988296,long_to_small_slowdown_mean_ratio,5,2.7764451051977987,AliStorage2019
arm_mean,0.0,0.0,0.0,hpcc,0.0,max_active_flows,5,2.7764451051977987,AliStorage2019
arm_mean,24770.50573894818,1257905.3057389483,1208364.2942610518,hpcc,1233134.8,output_bytes,5,2.7764451051977987,AliStorage2019
arm_mean,0.984040800293324,14.147470663373488,12.179389062786841,hpcc,13.163429863080164,overall_fct_us_mean,5,2.7764451051977987,AliStorage2019
arm_mean,1.579255492277835,24.00493549227782,20.84642450772215,hpcc,22.425679999999986,overall_fct_us_p95,5,2.7764451051977987,AliStorage2019
arm_mean,21.03670816701633,198.0138901670161,155.94047383298346,hpcc,176.97718199999977,overall_fct_us_p99,5,2.7764451051977987,AliStorage2019
arm_mean,235.4278109656767,10007.627810965678,9536.772189034324,hpcc,9772.2,overall_flow_count,5,2.7764451051977987,AliStorage2019
arm_mean,0.024805815656280757,1.1720702553589313,1.1224586240463699,hpcc,1.1472644397026506,overall_slowdown_mean,5,2.7764451051977987,AliStorage2019
arm_mean,0.15428342798907843,1.9861991203526337,1.677632264374477,hpcc,1.8319156923635553,overall_slowdown_p95,5,2.7764451051977987,AliStorage2019
arm_mean,0.2685254296823816,2.914302867962274,2.3772520085975106,hpcc,2.645777438279892,overall_slowdown_p99,5,2.7764451051977987,AliStorage2019
arm_mean,0.0,0.0,0.0,hpcc,0.0,pfc_cumulative_pause_ns,5,2.7764451051977987,AliStorage2019
arm_mean,0.0,0.0,0.0,hpcc,0.0,pfc_matched_intervals,5,2.7764451051977987,AliStorage2019
arm_mean,0.0,0.0,0.0,hpcc,0.0,pfc_max_pause_ns,5,2.7764451051977987,AliStorage2019
arm_mean,0.0,0.0,0.0,hpcc,0.0,pfc_pause_count,5,2.7764451051977987,AliStorage2019
arm_mean,0.0,0.0,0.0,hpcc,0.0,pfc_pause_events,5,2.7764451051977987,AliStorage2019
arm_mean,0.0,0.0,0.0,hpcc,0.0,pfc_resume_count,5,2.7764451051977987,AliStorage2019
arm_mean,0.0,0.0,0.0,hpcc,0.0,pfc_resume_events,5,2.7764451051977987,AliStorage2019
arm_mean,0.0,0.0,0.0,hpcc,0.0,pfc_unmatched_pauses,5,2.7764451051977987,AliStorage2019
arm_mean,0.0,0.0,0.0,hpcc,0.0,pfc_unmatched_resumes,5,2.7764451051977987,AliStorage2019
arm_mean,0.0,0.0,0.0,hpcc,0.0,proactive_releases,5,2.7764451051977987,AliStorage2019
arm_mean,111128.33229882346,482308.7322988235,260052.06770117657,hpcc,371180.4,queue_bytes_max,5,2.7764451051977987,AliStorage2019
arm_mean,333.1159919539856,1979.9707919539856,1313.7388080460141,hpcc,1646.8547999999998,queue_bytes_mean,5,2.7764451051977987,AliStorage2019
arm_mean,677.98720178511,1207.9872017851098,-147.98720178510996,hpcc,530.0,queue_bytes_p95,5,2.7764451051977987,AliStorage2019
arm_mean,13591.489245550836,69903.48924555084,42720.51075444916,hpcc,56312.0,queue_bytes_p99,5,2.7764451051977987,AliStorage2019
arm_mean,0.0,400020.0,400020.0,hpcc,400020.0,queue_sample_count,5,2.7764451051977987,AliStorage2019
arm_mean,0.0,0.0,0.0,hpcc,0.0,reactive_binding_rate_changes,5,2.7764451051977987,AliStorage2019
arm_mean,0.0,0.0,0.0,hpcc,0.0,reactive_binding_updates,5,2.7764451051977987,AliStorage2019
arm_mean,0.0,0.0,0.0,hpcc,0.0,recovery_nacks_generated,5,2.7764451051977987,AliStorage2019
arm_mean,0.0,0.0,0.0,hpcc,0.0,recovery_nacks_received,5,2.7764451051977987,AliStorage2019
arm_mean,0.0,0.0,0.0,hpcc,0.0,registrations,5,2.7764451051977987,AliStorage2019
arm_mean,0.0,0.0,0.0,hpcc,0.0,selected_registrations,5,2.7764451051977987,AliStorage2019
arm_mean,0.0,0.0,0.0,hpcc,0.0,switch_drops_egress,5,2.7764451051977987,AliStorage2019
arm_mean,0.0,0.0,0.0,hpcc,0.0,switch_drops_ingress,5,2.7764451051977987,AliStorage2019
arm_mean,0.0,0.0,0.0,hpcc,0.0,switch_drops_total,5,2.7764451051977987,AliStorage2019
arm_mean,0.0,0.0,0.0,hpcc,0.0,tie_binding_rate_changes,5,2.7764451051977987,AliStorage2019
arm_mean,0.0,0.0,0.0,hpcc,0.0,tie_binding_updates,5,2.7764451051977987,AliStorage2019
arm_mean,0.0,0.0,0.0,hpcc,0.0,timeout_recoveries,5,2.7764451051977987,AliStorage2019
paired_difference,2.523730557679227,-3.858144501674569,-8.905605617033022,guard_minus_homa,-6.381875059353796,1BDP_to_1MB_fct_us_mean,5,2.7764451051977987,AliStorage2019
paired_percent,4.405223375879692,-8.061567648489486,-16.87201440024887,guard_minus_homa,-12.466791024369178,1BDP_to_1MB_fct_us_mean,5,2.7764451051977987,AliStorage2019
paired_difference,10.709946077223544,-18.97012392277648,-40.390016077223564,guard_minus_homa,-29.680070000000022,1BDP_to_1MB_fct_us_p95,5,2.7764451051977987,AliStorage2019
paired_percent,6.783014705240524,-13.301037115132047,-26.867066525613097,guard_minus_homa,-20.084051820372572,1BDP_to_1MB_fct_us_p95,5,2.7764451051977987,AliStorage2019
paired_difference,72.4255903036898,28.085632303689856,-116.76554830368974,guard_minus_homa,-44.339957999999946,1BDP_to_1MB_fct_us_p99,5,2.7764451051977987,AliStorage2019
paired_percent,25.129583903104596,9.416435874970585,-40.8427319312386,guard_minus_homa,-15.713148028134011,1BDP_to_1MB_fct_us_p99,5,2.7764451051977987,AliStorage2019
paired_difference,0.0,0.0,0.0,guard_minus_homa,0.0,1BDP_to_1MB_flow_count,5,2.7764451051977987,AliStorage2019
paired_percent,0.0,0.0,0.0,guard_minus_homa,0.0,1BDP_to_1MB_flow_count,5,2.7764451051977987,AliStorage2019
paired_difference,0.06064741704932536,-0.12171253877311994,-0.24300737287177065,guard_minus_homa,-0.1823599558224453,1BDP_to_1MB_slowdown_mean,5,2.7764451051977987,AliStorage2019
paired_percent,3.775485685114211,-9.095201724895992,-16.646173095124414,guard_minus_homa,-12.870687410010202,1BDP_to_1MB_slowdown_mean,5,2.7764451051977987,AliStorage2019
paired_difference,0.35713287571100955,-0.5874330747557586,-1.3016988261777775,guard_minus_homa,-0.9445659504667681,1BDP_to_1MB_slowdown_p95,5,2.7764451051977987,AliStorage2019
paired_percent,9.243373632302362,-24.865855152448407,-43.352602417053134,guard_minus_homa,-34.10922878475077,1BDP_to_1MB_slowdown_p95,5,2.7764451051977987,AliStorage2019
paired_difference,0.7511789584900689,-0.5189468874134661,-2.021304804393604,guard_minus_homa,-1.270125845903535,1BDP_to_1MB_slowdown_p99,5,2.7764451051977987,AliStorage2019
paired_percent,13.561780937199613,-18.395335360171323,-45.51889723457055,guard_minus_homa,-31.957116297370938,1BDP_to_1MB_slowdown_p99,5,2.7764451051977987,AliStorage2019
paired_difference,0.026228527887853532,-0.09066288029682901,-0.14311993607253606,guard_minus_homa,-0.11689140818468254,8KB_to_1BDP_fct_us_mean,5,2.7764451051977987,AliStorage2019
paired_percent,0.28350108060388896,-1.0077664182186103,-1.5747685794263881,guard_minus_homa,-1.2912674988224992,8KB_to_1BDP_fct_us_mean,5,2.7764451051977987,AliStorage2019
paired_difference,0.2502067553489162,-0.13002324465108478,-0.6304367553489172,guard_minus_homa,-0.38023000000000096,8KB_to_1BDP_fct_us_p95,5,2.7764451051977987,AliStorage2019
paired_percent,1.6118642303070847,-0.9097377087533336,-4.133466169367503,guard_minus_homa,-2.5216019390604183,8KB_to_1BDP_fct_us_p95,5,2.7764451051977987,AliStorage2019
paired_difference,0.6463978451666614,0.06126584516666911,-1.2315298451666536,guard_minus_homa,-0.5851319999999923,8KB_to_1BDP_fct_us_p99,5,2.7764451051977987,AliStorage2019
paired_percent,3.2113278495595283,0.13268428745660765,-6.289971411662449,guard_minus_homa,-3.0786435621029207,8KB_to_1BDP_fct_us_p99,5,2.7764451051977987,AliStorage2019
paired_difference,0.0,0.0,0.0,guard_minus_homa,0.0,8KB_to_1BDP_flow_count,5,2.7764451051977987,AliStorage2019
paired_percent,0.0,0.0,0.0,guard_minus_homa,0.0,8KB_to_1BDP_flow_count,5,2.7764451051977987,AliStorage2019
paired_difference,0.0015453351816719241,-0.009919045112681558,-0.013009715476025406,guard_minus_homa,-0.011464380294353482,8KB_to_1BDP_slowdown_mean,5,2.7764451051977987,AliStorage2019
paired_percent,0.14685129047178103,-0.9528724510718006,-1.2465750320153628,guard_minus_homa,-1.0997237415435817,8KB_to_1BDP_slowdown_mean,5,2.7764451051977987,AliStorage2019
paired_difference,0.00214588389424291,-0.031469737929881364,-0.035761505718367184,guard_minus_homa,-0.033615621824124274,8KB_to_1BDP_slowdown_p95,5,2.7764451051977987,AliStorage2019
paired_percent,0.18107198509035424,-2.722406034440841,-3.08455000462155,guard_minus_homa,-2.9034780195311956,8KB_to_1BDP_slowdown_p95,5,2.7764451051977987,AliStorage2019
paired_difference,0.0516231955093377,-0.009917407012215725,-0.11316379803089113,guard_minus_homa,-0.061540602521553425,8KB_to_1BDP_slowdown_p99,5,2.7764451051977987,AliStorage2019
paired_percent,3.555696249124047,-0.9330511377283326,-8.044443635976426,guard_minus_homa,-4.4887473868523795,8KB_to_1BDP_slowdown_p99,5,2.7764451051977987,AliStorage2019
paired_difference,0.0,0.0,0.0,guard_minus_homa,0.0,completion_releases,5,2.7764451051977987,AliStorage2019
paired_difference,0.5552890210395597,-0.24471097896044036,-1.3552890210395598,guard_minus_homa,-0.8,elapsed_seconds,5,2.7764451051977987,AliStorage2019
paired_percent,13.882225525988993,-6.117774474011007,-33.88222552598899,guard_minus_homa,-20.0,elapsed_seconds,5,2.7764451051977987,AliStorage2019
paired_difference,0.0,0.0,0.0,guard_minus_homa,0.0,flow_count,5,2.7764451051977987,AliStorage2019
paired_percent,0.0,0.0,0.0,guard_minus_homa,0.0,flow_count,5,2.7764451051977987,AliStorage2019
paired_difference,0.6800873806582569,1.080087380658257,-0.2800873806582569,guard_minus_homa,0.4,grant_binding_rate_changes,5,2.7764451051977987,AliStorage2019
paired_difference,11.43410076394811,29.03410076394811,6.165899236051892,guard_minus_homa,17.6,grant_binding_updates,5,2.7764451051977987,AliStorage2019
paired_difference,34407.694529363675,456185.69452936365,387370.30547063635,guard_minus_homa,421778.0,grant_bytes_sent,5,2.7764451051977987,AliStorage2019
paired_difference,134.0404897512852,495.24048975128517,227.15951024871478,guard_minus_homa,361.2,grant_event_rate_changes,5,2.7764451051977987,AliStorage2019
paired_difference,366.03930350386884,4853.039303503869,4120.960696496131,guard_minus_homa,4487.0,grants_received,5,2.7764451051977987,AliStorage2019
paired_difference,366.03930350386884,4853.039303503869,4120.960696496131,guard_minus_homa,4487.0,grants_sent,5,2.7764451051977987,AliStorage2019
paired_difference,5.605831742866047,1.13133100620625,-10.080332479525843,guard_minus_homa,-4.474500736659797,gt_1MB_fct_us_mean,5,2.7764451051977987,AliStorage2019
paired_percent,2.3892568548241497,0.4888342918704427,-4.289679417777856,guard_minus_homa,-1.900422562953707,gt_1MB_fct_us_mean,5,2.7764451051977987,AliStorage2019
paired_difference,56.47173855776844,27.76581855776839,-85.1776585577685,guard_minus_homa,-28.70592000000005,gt_1MB_fct_us_p95,5,2.7764451051977987,AliStorage2019
paired_percent,14.008935214030569,8.243209297744306,-19.77466113031683,guard_minus_homa,-5.765725916286263,gt_1MB_fct_us_p95,5,2.7764451051977987,AliStorage2019
paired_difference,90.67011812849353,66.6448401284932,-114.69539612849385,guard_minus_homa,-24.025278000000334,gt_1MB_fct_us_p99,5,2.7764451051977987,AliStorage2019
paired_percent,12.642291513437407,9.916814031385314,-15.367768995489499,guard_minus_homa,-2.7254774820520913,gt_1MB_fct_us_p99,5,2.7764451051977987,AliStorage2019
paired_difference,0.0,0.0,0.0,guard_minus_homa,0.0,gt_1MB_flow_count,5,2.7764451051977987,AliStorage2019
paired_percent,0.0,0.0,0.0,guard_minus_homa,0.0,gt_1MB_flow_count,5,2.7764451051977987,AliStorage2019
paired_difference,0.04176436257249482,0.005350219564671202,-0.07817850558031844,guard_minus_homa,-0.03641414300782362,gt_1MB_slowdown_mean,5,2.7764451051977987,AliStorage2019
paired_percent,2.4097585392882497,0.30149702401752876,-4.518020054558971,guard_minus_homa,-2.108261515270721,gt_1MB_slowdown_mean,5,2.7764451051977987,AliStorage2019
paired_difference,0.2617368434156271,0.06653596175225465,-0.45693772507899955,guard_minus_homa,-0.19520088166337243,gt_1MB_slowdown_p95,5,2.7764451051977987,AliStorage2019
paired_percent,8.275025133837573,2.014692111511205,-14.535358156163941,guard_minus_homa,-6.2603330223263685,gt_1MB_slowdown_p95,5,2.7764451051977987,AliStorage2019
paired_difference,0.6859223412547786,0.22013718146056094,-1.151707501048996,guard_minus_homa,-0.46578515979421764,gt_1MB_slowdown_p99,5,2.7764451051977987,AliStorage2019
paired_percent,13.949630014013838,4.84102664512479,-23.058233382902884,guard_minus_homa,-9.108603368889048,gt_1MB_slowdown_p99,5,2.7764451051977987,AliStorage2019
paired_difference,0.0,0.0,0.0,guard_minus_homa,0.0,guard_adaptive_grant_updates,5,2.7764451051977987,AliStorage2019
paired_difference,51.06395085601514,170.46395085601515,68.33604914398487,guard_minus_homa,119.4,guard_concurrency_limited_allocations,5,2.7764451051977987,AliStorage2019
paired_difference,0.5552890210395597,1.7552890210395597,0.6447109789604403,guard_minus_homa,1.2,guard_concurrency_max_deferred_flows,5,2.7764451051977987,AliStorage2019
paired_difference,0.0,4.0,4.0,guard_minus_homa,4.0,guard_concurrency_min_bdps,5,2.7764451051977987,AliStorage2019
paired_percent,0.0,50.0,50.0,guard_minus_homa,50.0,guard_concurrency_min_bdps,5,2.7764451051977987,AliStorage2019
paired_difference,0.0,0.0,0.0,guard_minus_homa,0.0,guard_grant_refresh_bdps,5,2.7764451051977987,AliStorage2019
paired_percent,0.0,0.0,0.0,guard_minus_homa,0.0,guard_grant_refresh_bdps,5,2.7764451051977987,AliStorage2019
paired_difference,0.0,0.0,0.0,guard_minus_homa,0.0,guard_min_share_fraction,5,2.7764451051977987,AliStorage2019
paired_difference,0.0,0.0,0.0,guard_minus_homa,0.0,guard_rebalance_events,5,2.7764451051977987,AliStorage2019
paired_difference,0.0,1.0,1.0,guard_minus_homa,1.0,guard_receiver_concurrency,5,2.7764451051977987,AliStorage2019
paired_difference,0.0,0.0,0.0,guard_minus_homa,0.0,guard_remaining_aware,5,2.7764451051977987,AliStorage2019
paired_percent,0.0,0.0,0.0,guard_minus_homa,0.0,guard_remaining_aware,5,2.7764451051977987,AliStorage2019
paired_difference,0.0,0.0,0.0,guard_minus_homa,0.0,guard_remaining_exponent,5,2.7764451051977987,AliStorage2019
paired_percent,0.0,0.0,0.0,guard_minus_homa,0.0,guard_remaining_exponent,5,2.7764451051977987,AliStorage2019
paired_difference,325.8917417489982,3914.6917417489985,3262.908258251002,guard_minus_homa,3588.8,guard_remaining_refresh_events,5,2.7764451051977987,AliStorage2019
paired_difference,0.0,0.0,0.0,guard_minus_homa,0.0,guard_sender_srpt_enabled,5,2.7764451051977987,AliStorage2019
paired_percent,0.0,0.0,0.0,guard_minus_homa,0.0,guard_sender_srpt_enabled,5,2.7764451051977987,AliStorage2019
paired_difference,7.47064972653384,71.27064972653383,56.329350273466154,guard_minus_homa,63.8,guard_sender_srpt_forced_rr,5,2.7764451051977987,AliStorage2019
paired_difference,5089.191811527482,27574.591811527484,17396.20818847252,guard_minus_homa,22485.4,guard_sender_srpt_non_rr,5,2.7764451051977987,AliStorage2019
paired_difference,23691.837773146548,423302.8377731466,375919.1622268534,guard_minus_homa,399611.0,guard_sender_srpt_selections,5,2.7764451051977987,AliStorage2019
paired_difference,0.0,0.0,0.0,guard_minus_homa,0.0,guard_srpt_quantum_packets,5,2.7764451051977987,AliStorage2019
paired_percent,0.0,0.0,0.0,guard_minus_homa,0.0,guard_srpt_quantum_packets,5,2.7764451051977987,AliStorage2019
paired_difference,0.0,0.0,0.0,guard_minus_homa,0.0,guard_tail_bypass_bdps,5,2.7764451051977987,AliStorage2019
paired_percent,0.0,0.0,0.0,guard_minus_homa,0.0,guard_tail_bypass_bdps,5,2.7764451051977987,AliStorage2019
paired_difference,0.0,0.0,0.0,guard_minus_homa,0.0,guard_tail_bypass_enabled,5,2.7764451051977987,AliStorage2019
paired_percent,0.0,0.0,0.0,guard_minus_homa,0.0,guard_tail_bypass_enabled,5,2.7764451051977987,AliStorage2019
paired_difference,984.9575092735073,23661.757509273506,21691.842490726493,guard_minus_homa,22676.8,guard_tail_bypass_feedbacks,5,2.7764451051977987,AliStorage2019
paired_difference,23.486822039836998,594.8868220398369,547.913177960163,guard_minus_homa,571.4,guard_tail_bypass_flows,5,2.7764451051977987,AliStorage2019
paired_difference,235.4278109656767,-9536.772189034324,-10007.627810965678,guard_minus_homa,-9772.2,homa_completion_notices_received,5,2.7764451051977987,AliStorage2019
paired_percent,0.0,-100.0,-100.0,guard_minus_homa,-100.0,homa_completion_notices_received,5,2.7764451051977987,AliStorage2019
paired_difference,235.4278109656767,-9536.772189034324,-10007.627810965678,guard_minus_homa,-9772.2,homa_completion_notices_sent,5,2.7764451051977987,AliStorage2019
paired_percent,0.0,-100.0,-100.0,guard_minus_homa,-100.0,homa_completion_notices_sent,5,2.7764451051977987,AliStorage2019
paired_difference,23629905.847681765,-371110267.3523182,-418370079.04768175,guard_minus_homa,-394740173.2,homa_data_bytes,5,2.7764451051977987,AliStorage2019
paired_percent,0.0,-100.0,-100.0,guard_minus_homa,-100.0,homa_data_bytes,5,2.7764451051977987,AliStorage2019
paired_difference,23691.837773146548,-375919.1622268534,-423302.8377731466,guard_minus_homa,-399611.0,homa_data_packets,5,2.7764451051977987,AliStorage2019
paired_percent,0.0,-100.0,-100.0,guard_minus_homa,-100.0,homa_data_packets,5,2.7764451051977987,AliStorage2019
paired_difference,22496.92590341657,-241562.07409658344,-286555.9259034166,guard_minus_homa,-264059.0,homa_grants_received,5,2.7764451051977987,AliStorage2019
paired_percent,0.0,-100.0,-100.0,guard_minus_homa,-100.0,homa_grants_received,5,2.7764451051977987,AliStorage2019
paired_difference,22496.92590341657,-241562.07409658344,-286555.9259034166,guard_minus_homa,-264059.0,homa_grants_sent,5,2.7764451051977987,AliStorage2019
paired_percent,0.0,-100.0,-100.0,guard_minus_homa,-100.0,homa_grants_sent,5,2.7764451051977987,AliStorage2019
paired_difference,0.5552890210395597,-2.2447109789604403,-3.3552890210395594,guard_minus_homa,-2.8,homa_max_pending_messages,5,2.7764451051977987,AliStorage2019
paired_percent,0.0,-100.0,-100.0,guard_minus_homa,-100.0,homa_max_pending_messages,5,2.7764451051977987,AliStorage2019
paired_difference,235.4278109656767,-9536.772189034324,-10007.627810965678,guard_minus_homa,-9772.2,homa_messages_completed,5,2.7764451051977987,AliStorage2019
paired_percent,0.0,-100.0,-100.0,guard_minus_homa,-100.0,homa_messages_completed,5,2.7764451051977987,AliStorage2019
paired_difference,235.4278109656767,-9536.772189034324,-10007.627810965678,guard_minus_homa,-9772.2,homa_messages_tracked,5,2.7764451051977987,AliStorage2019
paired_percent,0.0,-100.0,-100.0,guard_minus_homa,-100.0,homa_messages_tracked,5,2.7764451051977987,AliStorage2019
paired_difference,0.0,0.0,0.0,guard_minus_homa,0.0,homa_resends_received,5,2.7764451051977987,AliStorage2019
paired_difference,0.0,0.0,0.0,guard_minus_homa,0.0,homa_resends_sent,5,2.7764451051977987,AliStorage2019
paired_difference,0.0,0.0,0.0,guard_minus_homa,0.0,homa_retransmit_packets,5,2.7764451051977987,AliStorage2019
paired_difference,51.709007386104894,180.3090073861049,76.8909926138951,guard_minus_homa,128.6,hpcc_actual_rate_changes,5,2.7764451051977987,AliStorage2019
paired_difference,0.0,0.0,0.0,guard_minus_homa,0.0,hpcc_fast_computations,5,2.7764451051977987,AliStorage2019
paired_difference,300.188032708933,2662.3880327089328,2062.011967291067,guard_minus_homa,2362.2,hpcc_feedback_updates,5,2.7764451051977987,AliStorage2019
paired_difference,80.1551575414052,571.5551575414052,411.2448424585948,guard_minus_homa,491.4,hpcc_full_computations,5,2.7764451051977987,AliStorage2019
paired_difference,80.1551575414052,571.5551575414052,411.2448424585948,guard_minus_homa,491.4,hpcc_rate_updates_applied,5,2.7764451051977987,AliStorage2019
paired_difference,90.18704031642044,662.3870403164204,482.0129596835796,guard_minus_homa,572.2,hpcc_valid_feedback,5,2.7764451051977987,AliStorage2019
paired_difference,3269.264099580832,52886.064099580835,46347.53590041917,guard_minus_homa,49616.8,int_hops_after_strip,5,2.7764451051977987,AliStorage2019
paired_difference,5943.735619114645,103709.13561911463,91821.66438088536,guard_minus_homa,97765.4,int_hops_before_strip,5,2.7764451051977987,AliStorage2019
paired_difference,2916.1322402477517,51064.73224024775,45232.467759752246,guard_minus_homa,48148.6,int_records_stripped,5,2.7764451051977987,AliStorage2019
paired_difference,0.0,0.0,0.0,guard_minus_homa,0.0,irn_nacks_generated,5,2.7764451051977987,AliStorage2019
paired_difference,0.0,0.0,0.0,guard_minus_homa,0.0,irn_nacks_received,5,2.7764451051977987,AliStorage2019
paired_difference,0.0,0.0,0.0,guard_minus_homa,0.0,irn_retransmit_bytes,5,2.7764451051977987,AliStorage2019
paired_difference,0.0,0.0,0.0,guard_minus_homa,0.0,irn_retransmit_packets,5,2.7764451051977987,AliStorage2019
paired_difference,0.004134917461850005,-0.02181474208801463,-0.030084577011714637,guard_minus_homa,-0.025949659549864633,le_8KB_fct_us_mean,5,2.7764451051977987,AliStorage2019
paired_percent,0.06188028851113716,-0.31724257240210324,-0.4410031494243775,guard_minus_homa,-0.3791228609132404,le_8KB_fct_us_mean,5,2.7764451051977987,AliStorage2019
paired_difference,0.013984549125227409,-0.04608545087477257,-0.07405454912522738,guard_minus_homa,-0.06006999999999998,le_8KB_fct_us_p95,5,2.7764451051977987,AliStorage2019
paired_percent,0.15107239491781857,-0.504017019234148,-0.8061618090697851,guard_minus_homa,-0.6550894141519665,le_8KB_fct_us_p95,5,2.7764451051977987,AliStorage2019
paired_difference,0.07408293447225114,0.009900934472251224,-0.13826493447225108,guard_minus_homa,-0.06418199999999992,le_8KB_fct_us_p99,5,2.7764451051977987,AliStorage2019
paired_percent,0.7718277768928318,0.09613304844899895,-1.4475225053366647,guard_minus_homa,-0.6756947284438328,le_8KB_fct_us_p99,5,2.7764451051977987,AliStorage2019
paired_difference,0.0,0.0,0.0,guard_minus_homa,0.0,le_8KB_flow_count,5,2.7764451051977987,AliStorage2019
paired_percent,0.0,0.0,0.0,guard_minus_homa,0.0,le_8KB_flow_count,5,2.7764451051977987,AliStorage2019
paired_difference,0.0005478113394383635,-0.0021313470712269423,-0.003226969750103669,guard_minus_homa,-0.0026791584106653056,le_8KB_slowdown_mean,5,2.7764451051977987,AliStorage2019
paired_percent,0.05399078198831509,-0.21113970141585503,-0.3191212653924852,guard_minus_homa,-0.2651304834041701,le_8KB_slowdown_mean,5,2.7764451051977987,AliStorage2019
paired_difference,0.002457690869099373,-0.003914748946423562,-0.008830130684622307,guard_minus_homa,-0.0063724398155229345,le_8KB_slowdown_p95,5,2.7764451051977987,AliStorage2019
paired_percent,0.23484282833478348,-0.3796583735105982,-0.8493440301801651,guard_minus_homa,-0.6145012018453817,le_8KB_slowdown_p95,5,2.7764451051977987,AliStorage2019
paired_difference,0.00702254711271285,-0.0013128778221321753,-0.015357972047557875,guard_minus_homa,-0.008335424934845025,le_8KB_slowdown_p99,5,2.7764451051977987,AliStorage2019
paired_percent,0.6418218436856564,-0.12963596749924688,-1.4132796548705597,guard_minus_homa,-0.7714578111849033,le_8KB_slowdown_p99,5,2.7764451051977987,AliStorage2019
paired_difference,0.04080626674802989,0.009002658265826531,-0.07260987523023324,guard_minus_homa,-0.03180360848220336,long_to_small_slowdown_mean_ratio,5,2.7764451051977987,AliStorage2019
paired_percent,2.398983986443646,0.5507470881842125,-4.24722088470308,guard_minus_homa,-1.8482368982594337,long_to_small_slowdown_mean_ratio,5,2.7764451051977987,AliStorage2019
paired_difference,0.0,3.0,3.0,guard_minus_homa,3.0,max_active_flows,5,2.7764451051977987,AliStorage2019
paired_difference,1140894.928344067,1520943.928344067,-760845.928344067,guard_minus_homa,380049.0,output_bytes,5,2.7764451051977987,AliStorage2019
paired_percent,102.80405200665405,137.02106334764176,-68.58704066566634,guard_minus_homa,34.21701134098772,output_bytes,5,2.7764451051977987,AliStorage2019
paired_difference,0.11593089849585608,-0.19046664362726234,-0.4223284406189745,guard_minus_homa,-0.3063975421231184,overall_fct_us_mean,5,2.7764451051977987,AliStorage2019
paired_percent,0.8941293741889144,-1.7242859372896495,-3.5125446856674785,guard_minus_homa,-2.618415311478564,overall_fct_us_mean,5,2.7764451051977987,AliStorage2019
paired_difference,0.2586636768580906,0.01717367685809848,-0.5001536768580828,guard_minus_homa,-0.24148999999999213,overall_fct_us_p95,5,2.7764451051977987,AliStorage2019
paired_percent,1.588134217259168,0.07706718370328414,-3.0992012508150517,guard_minus_homa,-1.5110670335558838,overall_fct_us_p95,5,2.7764451051977987,AliStorage2019
paired_difference,4.645060929027659,0.9467049290278116,-8.343416929027507,guard_minus_homa,-3.6983559999998477,overall_fct_us_p99,5,2.7764451051977987,AliStorage2019
paired_percent,2.9650818222954007,0.5882187553229632,-5.341944889267838,guard_minus_homa,-2.3768630669724375,overall_fct_us_p99,5,2.7764451051977987,AliStorage2019
paired_difference,0.0,0.0,0.0,guard_minus_homa,0.0,overall_flow_count,5,2.7764451051977987,AliStorage2019
paired_percent,0.0,0.0,0.0,guard_minus_homa,0.0,overall_flow_count,5,2.7764451051977987,AliStorage2019
paired_difference,0.0024720884404730026,-0.008524411059451936,-0.01346858794039794,guard_minus_homa,-0.010996499499924938,overall_slowdown_mean,5,2.7764451051977987,AliStorage2019
paired_percent,0.23339754506317936,-0.8240268942712063,-1.290821984397565,guard_minus_homa,-1.0574244393343857,overall_slowdown_mean,5,2.7764451051977987,AliStorage2019
paired_difference,0.002145122347544634,-0.01403351035830648,-0.01832375505339575,guard_minus_homa,-0.016178632705851115,overall_slowdown_p95,5,2.7764451051977987,AliStorage2019
paired_percent,0.19137709150484636,-1.2568400635748833,-1.6395942465845759,guard_minus_homa,-1.4482171550797296,overall_slowdown_p95,5,2.7764451051977987,AliStorage2019
paired_difference,0.10162018314939664,-0.1698952495853921,-0.37313561588418537,guard_minus_homa,-0.27151543273478873,overall_slowdown_p99,5,2.7764451051977987,AliStorage2019
paired_percent,4.630665396067389,-11.134883864798137,-20.396214656932916,guard_minus_homa,-15.765549260865527,overall_slowdown_p99,5,2.7764451051977987,AliStorage2019
paired_difference,0.0,0.0,0.0,guard_minus_homa,0.0,pfc_cumulative_pause_ns,5,2.7764451051977987,AliStorage2019
paired_difference,0.0,0.0,0.0,guard_minus_homa,0.0,pfc_matched_intervals,5,2.7764451051977987,AliStorage2019
paired_difference,0.0,0.0,0.0,guard_minus_homa,0.0,pfc_max_pause_ns,5,2.7764451051977987,AliStorage2019
paired_difference,0.0,0.0,0.0,guard_minus_homa,0.0,pfc_pause_count,5,2.7764451051977987,AliStorage2019
paired_difference,0.0,0.0,0.0,guard_minus_homa,0.0,pfc_pause_events,5,2.7764451051977987,AliStorage2019
paired_difference,0.0,0.0,0.0,guard_minus_homa,0.0,pfc_resume_count,5,2.7764451051977987,AliStorage2019
paired_difference,0.0,0.0,0.0,guard_minus_homa,0.0,pfc_resume_events,5,2.7764451051977987,AliStorage2019
paired_difference,0.0,0.0,0.0,guard_minus_homa,0.0,pfc_unmatched_pauses,5,2.7764451051977987,AliStorage2019
paired_difference,0.0,0.0,0.0,guard_minus_homa,0.0,pfc_unmatched_resumes,5,2.7764451051977987,AliStorage2019
paired_difference,23.486822039836998,594.8868220398369,547.913177960163,guard_minus_homa,571.4,proactive_releases,5,2.7764451051977987,AliStorage2019
paired_difference,29048.328946523194,-34494.271053476805,-92590.9289465232,guard_minus_homa,-63542.6,queue_bytes_max,5,2.7764451051977987,AliStorage2019
paired_percent,5.592227373615378,-8.21349774680499,-19.397952494035746,guard_minus_homa,-13.805725120420368,queue_bytes_max,5,2.7764451051977987,AliStorage2019
paired_difference,478.4230146624815,-969.7945853375185,-1926.6406146624813,guard_minus_homa,-1448.2176,queue_bytes_mean,5,2.7764451051977987,AliStorage2019
paired_percent,2.5636223082464893,-37.032988453694806,-42.16023307018778,guard_minus_homa,-39.59661076194129,queue_bytes_mean,5,2.7764451051977987,AliStorage2019
paired_difference,1457.6992557429514,-3037.300744257049,-5952.699255742951,guard_minus_homa,-4495.0,queue_bytes_p95,5,2.7764451051977987,AliStorage2019
paired_percent,2.331681457167274,-96.82851031006697,-101.49187322440153,guard_minus_homa,-99.16019176723425,queue_bytes_p95,5,2.7764451051977987,AliStorage2019
paired_difference,15083.796742095385,-22106.603257904615,-52274.19674209539,guard_minus_homa,-37190.4,queue_bytes_p99,5,2.7764451051977987,AliStorage2019
paired_percent,16.982723944555136,-13.053904374497819,-47.01935226360809,guard_minus_homa,-30.036628319052955,queue_bytes_p99,5,2.7764451051977987,AliStorage2019
paired_difference,0.0,0.0,0.0,guard_minus_homa,0.0,queue_sample_count,5,2.7764451051977987,AliStorage2019
paired_percent,0.0,0.0,0.0,guard_minus_homa,0.0,queue_sample_count,5,2.7764451051977987,AliStorage2019
paired_difference,48.72166753288652,169.92166753288652,72.47833246711349,guard_minus_homa,121.2,reactive_binding_rate_changes,5,2.7764451051977987,AliStorage2019
paired_difference,48.72166753288652,169.92166753288652,72.47833246711349,guard_minus_homa,121.2,reactive_binding_updates,5,2.7764451051977987,AliStorage2019
paired_difference,0.0,0.0,0.0,guard_minus_homa,0.0,recovery_nacks_generated,5,2.7764451051977987,AliStorage2019
paired_difference,0.0,0.0,0.0,guard_minus_homa,0.0,recovery_nacks_received,5,2.7764451051977987,AliStorage2019
paired_difference,23.486822039836998,594.8868220398369,547.913177960163,guard_minus_homa,571.4,registrations,5,2.7764451051977987,AliStorage2019
paired_difference,23.486822039836998,594.8868220398369,547.913177960163,guard_minus_homa,571.4,selected_registrations,5,2.7764451051977987,AliStorage2019
paired_difference,0.0,0.0,0.0,guard_minus_homa,0.0,switch_drops_egress,5,2.7764451051977987,AliStorage2019
paired_difference,0.0,0.0,0.0,guard_minus_homa,0.0,switch_drops_ingress,5,2.7764451051977987,AliStorage2019
paired_difference,0.0,0.0,0.0,guard_minus_homa,0.0,switch_drops_total,5,2.7764451051977987,AliStorage2019
paired_difference,4.210687481992302,11.210687481992302,2.789312518007698,guard_minus_homa,7.0,tie_binding_rate_changes,5,2.7764451051977987,AliStorage2019
paired_difference,34.90599964976318,387.5059996497632,317.6940003502368,guard_minus_homa,352.6,tie_binding_updates,5,2.7764451051977987,AliStorage2019
paired_difference,0.0,0.0,0.0,guard_minus_homa,0.0,timeout_recoveries,5,2.7764451051977987,AliStorage2019
paired_difference,5.047088568355351,-6.923472327870323,-17.017649464581027,guard_minus_hpcc,-11.970560896225674,1BDP_to_1MB_fct_us_mean,5,2.7764451051977987,AliStorage2019
paired_percent,5.611417467449596,-15.277564579541089,-26.50039951444028,guard_minus_hpcc,-20.888982046990684,1BDP_to_1MB_fct_us_mean,5,2.7764451051977987,AliStorage2019
paired_difference,12.919466815293907,-41.6895531847061,-67.52848681529392,guard_minus_hpcc,-54.60902000000001,1BDP_to_1MB_fct_us_p95,5,2.7764451051977987,AliStorage2019
paired_percent,4.11754690837171,-27.39309637071766,-35.62819018746108,guard_minus_hpcc,-31.510643279089372,1BDP_to_1MB_fct_us_p95,5,2.7764451051977987,AliStorage2019
paired_difference,91.6454351160976,8.978451116097787,-174.31241911609743,guard_minus_hpcc,-82.66698399999981,1BDP_to_1MB_fct_us_p99,5,2.7764451051977987,AliStorage2019
paired_percent,25.28381882478885,-1.2769249726600869,-51.84456262223779,guard_minus_hpcc,-26.560743797448936,1BDP_to_1MB_fct_us_p99,5,2.7764451051977987,AliStorage2019
paired_difference,0.0,0.0,0.0,guard_minus_hpcc,0.0,1BDP_to_1MB_flow_count,5,2.7764451051977987,AliStorage2019
paired_percent,0.0,0.0,0.0,guard_minus_hpcc,0.0,1BDP_to_1MB_flow_count,5,2.7764451051977987,AliStorage2019
paired_difference,0.0866294829642181,-0.20445668883537546,-0.37771565476381164,guard_minus_hpcc,-0.29108617179959356,1BDP_to_1MB_slowdown_mean,5,2.7764451051977987,AliStorage2019
paired_percent,4.1826463945795425,-14.867317819863317,-23.2326106090224,guard_minus_hpcc,-19.04996421444286,1BDP_to_1MB_slowdown_mean,5,2.7764451051977987,AliStorage2019
paired_difference,0.24544214973930384,-0.595495849656938,-1.0863801491355456,guard_minus_hpcc,-0.8409379993962418,1BDP_to_1MB_slowdown_p95,5,2.7764451051977987,AliStorage2019
paired_percent,5.677282491203446,-26.137708311201358,-37.49227329360825,guard_minus_hpcc,-31.814990802404804,1BDP_to_1MB_slowdown_p95,5,2.7764451051977987,AliStorage2019
paired_difference,1.2194200651494953,-0.4073261842631175,-2.846166314562108,guard_minus_hpcc,-1.6267462494126128,1BDP_to_1MB_slowdown_p99,5,2.7764451051977987,AliStorage2019
paired_percent,17.285504975139656,-19.909755450360567,-54.48076540063988,guard_minus_hpcc,-37.19526042550022,1BDP_to_1MB_slowdown_p99,5,2.7764451051977987,AliStorage2019
paired_difference,0.282739720764786,-1.2397747930047018,-1.8052542345342737,guard_minus_hpcc,-1.5225145137694878,8KB_to_1BDP_fct_us_mean,5,2.7764451051977987,AliStorage2019
paired_percent,2.2597602007453936,-12.267014585400968,-16.786534986891755,guard_minus_hpcc,-14.526774786146362,8KB_to_1BDP_fct_us_mean,5,2.7764451051977987,AliStorage2019
paired_difference,1.3845578993596277,-4.885492100640374,-7.65460789935963,guard_minus_hpcc,-6.270050000000002,8KB_to_1BDP_fct_us_p95,5,2.7764451051977987,AliStorage2019
paired_percent,4.618670450546314,-25.225724230527117,-34.46306513161974,guard_minus_hpcc,-29.84439468107343,8KB_to_1BDP_fct_us_p95,5,2.7764451051977987,AliStorage2019
paired_difference,3.1078897968846677,-8.083074203115324,-14.298853796884657,guard_minus_hpcc,-11.19096399999999,8KB_to_1BDP_fct_us_p99,5,2.7764451051977987,AliStorage2019
paired_percent,6.877347861486826,-31.07862043724804,-44.83331616022169,guard_minus_hpcc,-37.95596829873487,8KB_to_1BDP_fct_us_p99,5,2.7764451051977987,AliStorage2019
paired_difference,0.0,0.0,0.0,guard_minus_hpcc,0.0,8KB_to_1BDP_flow_count,5,2.7764451051977987,AliStorage2019
paired_percent,0.0,0.0,0.0,guard_minus_hpcc,0.0,8KB_to_1BDP_flow_count,5,2.7764451051977987,AliStorage2019
paired_difference,0.026418365150119145,-0.12413649835661389,-0.17697322865685217,guard_minus_hpcc,-0.15055486350673303,8KB_to_1BDP_slowdown_mean,5,2.7764451051977987,AliStorage2019
paired_percent,1.9721905130584683,-10.748646287606885,-14.693027313723821,guard_minus_hpcc,-12.720836800665353,8KB_to_1BDP_slowdown_mean,5,2.7764451051977987,AliStorage2019
paired_difference,0.17031463159844185,-0.5474860382973944,-0.8881153014942781,guard_minus_hpcc,-0.7178006698958362,8KB_to_1BDP_slowdown_p95,5,2.7764451051977987,AliStorage2019
paired_percent,6.062802555233343,-32.64049788366238,-44.76610299412906,guard_minus_hpcc,-38.70330043889572,8KB_to_1BDP_slowdown_p95,5,2.7764451051977987,AliStorage2019
paired_difference,0.20232940689935172,-1.0097009667907557,-1.4143597805894592,guard_minus_hpcc,-1.2120303736901075,8KB_to_1BDP_slowdown_p99,5,2.7764451051977987,AliStorage2019
paired_percent,4.386795879630687,-43.880954252100246,-52.654546011361624,guard_minus_hpcc,-48.267750131730935,8KB_to_1BDP_slowdown_p99,5,2.7764451051977987,AliStorage2019
paired_difference,0.0,0.0,0.0,guard_minus_hpcc,0.0,completion_releases,5,2.7764451051977987,AliStorage2019
paired_difference,0.0,-2.0,-2.0,guard_minus_hpcc,-2.0,elapsed_seconds,5,2.7764451051977987,AliStorage2019
paired_percent,0.0,-40.0,-40.0,guard_minus_hpcc,-40.0,elapsed_seconds,5,2.7764451051977987,AliStorage2019
paired_difference,0.0,0.0,0.0,guard_minus_hpcc,0.0,flow_count,5,2.7764451051977987,AliStorage2019
paired_percent,0.0,0.0,0.0,guard_minus_hpcc,0.0,flow_count,5,2.7764451051977987,AliStorage2019
paired_difference,0.6800873806582569,1.080087380658257,-0.2800873806582569,guard_minus_hpcc,0.4,grant_binding_rate_changes,5,2.7764451051977987,AliStorage2019
paired_difference,11.43410076394811,29.03410076394811,6.165899236051892,guard_minus_hpcc,17.6,grant_binding_updates,5,2.7764451051977987,AliStorage2019
paired_difference,34407.694529363675,456185.69452936365,387370.30547063635,guard_minus_hpcc,421778.0,grant_bytes_sent,5,2.7764451051977987,AliStorage2019
paired_difference,134.0404897512852,495.24048975128517,227.15951024871478,guard_minus_hpcc,361.2,grant_event_rate_changes,5,2.7764451051977987,AliStorage2019
paired_difference,366.03930350386884,4853.039303503869,4120.960696496131,guard_minus_hpcc,4487.0,grants_received,5,2.7764451051977987,AliStorage2019
paired_difference,366.03930350386884,4853.039303503869,4120.960696496131,guard_minus_hpcc,4487.0,grants_sent,5,2.7764451051977987,AliStorage2019
paired_difference,14.208302702960184,-27.031632181637413,-55.44823758755778,guard_minus_hpcc,-41.239934884597595,gt_1MB_fct_us_mean,5,2.7764451051977987,AliStorage2019
paired_percent,3.81508589882154,-11.963818575437344,-19.593990373080423,guard_minus_hpcc,-15.778904474258884,gt_1MB_fct_us_mean,5,2.7764451051977987,AliStorage2019
paired_difference,45.57808246343799,-104.71643753656201,-195.872602463438,guard_minus_hpcc,-150.29452,gt_1MB_fct_us_p95,5,2.7764451051977987,AliStorage2019
paired_percent,7.412246057866872,-19.84993591238821,-34.67442802812196,guard_minus_hpcc,-27.262181970255085,gt_1MB_fct_us_p95,5,2.7764451051977987,AliStorage2019
paired_difference,208.0964637080117,-149.75165629198688,-565.9445837080102,guard_minus_hpcc,-357.8481199999986,gt_1MB_fct_us_p99,5,2.7764451051977987,AliStorage2019
paired_percent,12.238754578891614,-24.01873167488167,-48.4962408326649,guard_minus_hpcc,-36.25748625377329,gt_1MB_fct_us_p99,5,2.7764451051977987,AliStorage2019
paired_difference,0.0,0.0,0.0,guard_minus_hpcc,0.0,gt_1MB_flow_count,5,2.7764451051977987,AliStorage2019
paired_percent,0.0,0.0,0.0,guard_minus_hpcc,0.0,gt_1MB_flow_count,5,2.7764451051977987,AliStorage2019
paired_difference,0.10832935470334847,-0.197172861522658,-0.41383157092935496,guard_minus_hpcc,-0.3055022162260065,gt_1MB_slowdown_mean,5,2.7764451051977987,AliStorage2019
paired_percent,3.9297232006749154,-11.850999309846419,-19.71044571119625,guard_minus_hpcc,-15.780722510521334,gt_1MB_slowdown_mean,5,2.7764451051977987,AliStorage2019
paired_difference,0.4525791597642112,-0.5475838432097826,-1.4527421627382051,guard_minus_hpcc,-1.0001630029739939,gt_1MB_slowdown_p95,5,2.7764451051977987,AliStorage2019
paired_percent,10.078118696266332,-15.684395579472982,-35.84063297200564,guard_minus_hpcc,-25.762514275739314,gt_1MB_slowdown_p95,5,2.7764451051977987,AliStorage2019
paired_difference,1.5663497341367063,-1.254059411462281,-4.386758879735694,guard_minus_hpcc,-2.8204091455989873,gt_1MB_slowdown_p99,5,2.7764451051977987,AliStorage2019
paired_percent,12.09889915909472,-28.474733412099724,-52.672531730289165,guard_minus_hpcc,-40.573632571194445,gt_1MB_slowdown_p99,5,2.7764451051977987,AliStorage2019
paired_difference,0.0,0.0,0.0,guard_minus_hpcc,0.0,guard_adaptive_grant_updates,5,2.7764451051977987,AliStorage2019
paired_difference,51.06395085601514,170.46395085601515,68.33604914398487,guard_minus_hpcc,119.4,guard_concurrency_limited_allocations,5,2.7764451051977987,AliStorage2019
paired_difference,0.5552890210395597,1.7552890210395597,0.6447109789604403,guard_minus_hpcc,1.2,guard_concurrency_max_deferred_flows,5,2.7764451051977987,AliStorage2019
paired_difference,0.0,4.0,4.0,guard_minus_hpcc,4.0,guard_concurrency_min_bdps,5,2.7764451051977987,AliStorage2019
paired_percent,0.0,50.0,50.0,guard_minus_hpcc,50.0,guard_concurrency_min_bdps,5,2.7764451051977987,AliStorage2019
paired_difference,0.0,0.0,0.0,guard_minus_hpcc,0.0,guard_grant_refresh_bdps,5,2.7764451051977987,AliStorage2019
paired_percent,0.0,0.0,0.0,guard_minus_hpcc,0.0,guard_grant_refresh_bdps,5,2.7764451051977987,AliStorage2019
paired_difference,0.0,0.0,0.0,guard_minus_hpcc,0.0,guard_min_share_fraction,5,2.7764451051977987,AliStorage2019
paired_difference,0.0,0.0,0.0,guard_minus_hpcc,0.0,guard_rebalance_events,5,2.7764451051977987,AliStorage2019
paired_difference,0.0,1.0,1.0,guard_minus_hpcc,1.0,guard_receiver_concurrency,5,2.7764451051977987,AliStorage2019
paired_difference,0.0,0.0,0.0,guard_minus_hpcc,0.0,guard_remaining_aware,5,2.7764451051977987,AliStorage2019
paired_percent,0.0,0.0,0.0,guard_minus_hpcc,0.0,guard_remaining_aware,5,2.7764451051977987,AliStorage2019
paired_difference,0.0,0.0,0.0,guard_minus_hpcc,0.0,guard_remaining_exponent,5,2.7764451051977987,AliStorage2019
paired_percent,0.0,0.0,0.0,guard_minus_hpcc,0.0,guard_remaining_exponent,5,2.7764451051977987,AliStorage2019
paired_difference,325.8917417489982,3914.6917417489985,3262.908258251002,guard_minus_hpcc,3588.8,guard_remaining_refresh_events,5,2.7764451051977987,AliStorage2019
paired_difference,0.0,0.0,0.0,guard_minus_hpcc,0.0,guard_sender_srpt_enabled,5,2.7764451051977987,AliStorage2019
paired_percent,0.0,0.0,0.0,guard_minus_hpcc,0.0,guard_sender_srpt_enabled,5,2.7764451051977987,AliStorage2019
paired_difference,7.47064972653384,71.27064972653383,56.329350273466154,guard_minus_hpcc,63.8,guard_sender_srpt_forced_rr,5,2.7764451051977987,AliStorage2019
paired_difference,5089.191811527482,27574.591811527484,17396.20818847252,guard_minus_hpcc,22485.4,guard_sender_srpt_non_rr,5,2.7764451051977987,AliStorage2019
paired_difference,23691.837773146548,423302.8377731466,375919.1622268534,guard_minus_hpcc,399611.0,guard_sender_srpt_selections,5,2.7764451051977987,AliStorage2019
paired_difference,0.0,0.0,0.0,guard_minus_hpcc,0.0,guard_srpt_quantum_packets,5,2.7764451051977987,AliStorage2019
paired_percent,0.0,0.0,0.0,guard_minus_hpcc,0.0,guard_srpt_quantum_packets,5,2.7764451051977987,AliStorage2019
paired_difference,0.0,0.0,0.0,guard_minus_hpcc,0.0,guard_tail_bypass_bdps,5,2.7764451051977987,AliStorage2019
paired_percent,0.0,0.0,0.0,guard_minus_hpcc,0.0,guard_tail_bypass_bdps,5,2.7764451051977987,AliStorage2019
paired_difference,0.0,0.0,0.0,guard_minus_hpcc,0.0,guard_tail_bypass_enabled,5,2.7764451051977987,AliStorage2019
paired_percent,0.0,0.0,0.0,guard_minus_hpcc,0.0,guard_tail_bypass_enabled,5,2.7764451051977987,AliStorage2019
paired_difference,984.9575092735073,23661.757509273506,21691.842490726493,guard_minus_hpcc,22676.8,guard_tail_bypass_feedbacks,5,2.7764451051977987,AliStorage2019
paired_difference,23.486822039836998,594.8868220398369,547.913177960163,guard_minus_hpcc,571.4,guard_tail_bypass_flows,5,2.7764451051977987,AliStorage2019
paired_difference,0.0,0.0,0.0,guard_minus_hpcc,0.0,homa_completion_notices_received,5,2.7764451051977987,AliStorage2019
paired_difference,0.0,0.0,0.0,guard_minus_hpcc,0.0,homa_completion_notices_sent,5,2.7764451051977987,AliStorage2019
paired_difference,0.0,0.0,0.0,guard_minus_hpcc,0.0,homa_data_bytes,5,2.7764451051977987,AliStorage2019
paired_difference,0.0,0.0,0.0,guard_minus_hpcc,0.0,homa_data_packets,5,2.7764451051977987,AliStorage2019
paired_difference,0.0,0.0,0.0,guard_minus_hpcc,0.0,homa_grants_received,5,2.7764451051977987,AliStorage2019
paired_difference,0.0,0.0,0.0,guard_minus_hpcc,0.0,homa_grants_sent,5,2.7764451051977987,AliStorage2019
paired_difference,0.0,0.0,0.0,guard_minus_hpcc,0.0,homa_max_pending_messages,5,2.7764451051977987,AliStorage2019
paired_difference,0.0,0.0,0.0,guard_minus_hpcc,0.0,homa_messages_completed,5,2.7764451051977987,AliStorage2019
paired_difference,0.0,0.0,0.0,guard_minus_hpcc,0.0,homa_messages_tracked,5,2.7764451051977987,AliStorage2019
paired_difference,0.0,0.0,0.0,guard_minus_hpcc,0.0,homa_resends_received,5,2.7764451051977987,AliStorage2019
paired_difference,0.0,0.0,0.0,guard_minus_hpcc,0.0,homa_resends_sent,5,2.7764451051977987,AliStorage2019
paired_difference,0.0,0.0,0.0,guard_minus_hpcc,0.0,homa_retransmit_packets,5,2.7764451051977987,AliStorage2019
paired_difference,581.3169299953,-4596.6830700047,-5759.3169299953,guard_minus_hpcc,-5178.0,hpcc_actual_rate_changes,5,2.7764451051977987,AliStorage2019
paired_percent,0.8406856623408225,-96.76241289923512,-98.44378422391675,guard_minus_hpcc,-97.60309856157593,hpcc_actual_rate_changes,5,2.7764451051977987,AliStorage2019
paired_difference,0.0,0.0,0.0,guard_minus_hpcc,0.0,hpcc_fast_computations,5,2.7764451051977987,AliStorage2019
paired_difference,674.2052573842268,-12948.794742615773,-14297.205257384227,guard_minus_hpcc,-13623.0,hpcc_feedback_updates,5,2.7764451051977987,AliStorage2019
paired_percent,1.1208981857470526,-84.12957643604227,-86.37137280753637,guard_minus_hpcc,-85.25047462178932,hpcc_feedback_updates,5,2.7764451051977987,AliStorage2019
paired_difference,769.6502143404977,-4951.949785659503,-6491.250214340498,guard_minus_hpcc,-5721.6,hpcc_full_computations,5,2.7764451051977987,AliStorage2019
paired_percent,0.6056740428981642,-91.4942206655624,-92.70556875135871,guard_minus_hpcc,-92.09989470846055,hpcc_full_computations,5,2.7764451051977987,AliStorage2019
paired_difference,769.6502143404977,-4951.949785659503,-6491.250214340498,guard_minus_hpcc,-5721.6,hpcc_rate_updates_applied,5,2.7764451051977987,AliStorage2019
paired_percent,0.6056740428981642,-91.4942206655624,-92.70556875135871,guard_minus_hpcc,-92.09989470846055,hpcc_rate_updates_applied,5,2.7764451051977987,AliStorage2019
paired_difference,865.2482807061253,-14547.751719293874,-16278.248280706126,guard_minus_hpcc,-15413.0,hpcc_valid_feedback,5,2.7764451051977987,AliStorage2019
paired_percent,0.39196379237026024,-96.03829307821081,-96.82222066295134,guard_minus_hpcc,-96.43025687058108,hpcc_valid_feedback,5,2.7764451051977987,AliStorage2019
paired_difference,3269.264099580832,52886.064099580835,46347.53590041917,guard_minus_hpcc,49616.8,int_hops_after_strip,5,2.7764451051977987,AliStorage2019
paired_difference,5943.735619114645,103709.13561911463,91821.66438088536,guard_minus_hpcc,97765.4,int_hops_before_strip,5,2.7764451051977987,AliStorage2019
paired_difference,2916.1322402477517,51064.73224024775,45232.467759752246,guard_minus_hpcc,48148.6,int_records_stripped,5,2.7764451051977987,AliStorage2019
paired_difference,0.0,0.0,0.0,guard_minus_hpcc,0.0,irn_nacks_generated,5,2.7764451051977987,AliStorage2019
paired_difference,0.0,0.0,0.0,guard_minus_hpcc,0.0,irn_nacks_received,5,2.7764451051977987,AliStorage2019
paired_difference,0.0,0.0,0.0,guard_minus_hpcc,0.0,irn_retransmit_bytes,5,2.7764451051977987,AliStorage2019
paired_difference,0.0,0.0,0.0,guard_minus_hpcc,0.0,irn_retransmit_packets,5,2.7764451051977987,AliStorage2019
paired_difference,0.1489611540997363,-0.6508482159407296,-0.9487705241402022,guard_minus_hpcc,-0.7998093700404659,le_8KB_fct_us_mean,5,2.7764451051977987,AliStorage2019
paired_percent,1.7667972820756763,-8.711319994475032,-12.244914558626386,guard_minus_hpcc,-10.478117276550709,le_8KB_fct_us_mean,5,2.7764451051977987,AliStorage2019
paired_difference,1.2293288368993103,-3.51648116310069,-5.975138836899311,guard_minus_hpcc,-4.7458100000000005,le_8KB_fct_us_p95,5,2.7764451051977987,AliStorage2019
paired_percent,6.131404826956967,-27.840419034910532,-40.103228688824466,guard_minus_hpcc,-33.9718238618675,le_8KB_fct_us_p95,5,2.7764451051977987,AliStorage2019
paired_difference,1.6983398934016012,-10.279852106598407,-13.676531893401608,guard_minus_hpcc,-11.978192000000007,le_8KB_fct_us_p99,5,2.7764451051977987,AliStorage2019
paired_percent,3.5615303977863007,-52.354650685571464,-59.47771148114406,guard_minus_hpcc,-55.91618108335776,le_8KB_fct_us_p99,5,2.7764451051977987,AliStorage2019
paired_difference,0.0,0.0,0.0,guard_minus_hpcc,0.0,le_8KB_flow_count,5,2.7764451051977987,AliStorage2019
paired_percent,0.0,0.0,0.0,guard_minus_hpcc,0.0,le_8KB_flow_count,5,2.7764451051977987,AliStorage2019
paired_difference,0.01723416458972965,-0.07841512508771728,-0.11288345426717658,guard_minus_hpcc,-0.09564928967744693,le_8KB_slowdown_mean,5,2.7764451051977987,AliStorage2019
paired_percent,1.4333558739747527,-7.2234480031000015,-10.090159751049507,guard_minus_hpcc,-8.656803877074754,le_8KB_slowdown_mean,5,2.7764451051977987,AliStorage2019
paired_difference,0.13807945437026847,-0.43265361615952813,-0.7088125249000651,guard_minus_hpcc,-0.5707330705297966,le_8KB_slowdown_p95,5,2.7764451051977987,AliStorage2019
paired_percent,5.862750794843453,-29.527080529051037,-41.25258211873795,guard_minus_hpcc,-35.38983132389449,le_8KB_slowdown_p95,5,2.7764451051977987,AliStorage2019
paired_difference,0.18297377706100001,-1.2084426751202426,-1.5743902292422427,guard_minus_hpcc,-1.3914164521812427,le_8KB_slowdown_p99,5,2.7764451051977987,AliStorage2019
paired_percent,3.270877135031126,-53.16268253930842,-59.70443680937068,guard_minus_hpcc,-56.43355967433955,le_8KB_slowdown_p99,5,2.7764451051977987,AliStorage2019
paired_difference,0.0644805325452767,-0.07323323625479287,-0.20219430134534627,guard_minus_hpcc,-0.13771376880006958,long_to_small_slowdown_mean_ratio,5,2.7764451051977987,AliStorage2019
paired_percent,3.0003628479731996,-4.819461103607058,-10.820186799553456,guard_minus_hpcc,-7.819823951580257,long_to_small_slowdown_mean_ratio,5,2.7764451051977987,AliStorage2019
paired_difference,0.0,3.0,3.0,guard_minus_hpcc,3.0,max_active_flows,5,2.7764451051977987,AliStorage2019
paired_difference,1137481.11897808,1385297.9189780802,-889664.3189780801,guard_minus_hpcc,247816.8,output_bytes,5,2.7764451051977987,AliStorage2019
paired_percent,91.31012370644079,111.03518329310526,-71.58506411977632,guard_minus_hpcc,19.72505958666448,output_bytes,5,2.7764451051977987,AliStorage2019
paired_difference,0.4902922238843683,-1.3797343522797567,-2.360318800048493,guard_minus_hpcc,-1.870026576164125,overall_fct_us_mean,5,2.7764451051977987,AliStorage2019
paired_percent,2.709767931012402,-11.392550583539276,-16.81208644556408,guard_minus_hpcc,-14.102318514551678,overall_fct_us_mean,5,2.7764451051977987,AliStorage2019
paired_difference,1.4654614674783446,-5.398398532521642,-8.329321467478332,guard_minus_hpcc,-6.8638599999999865,overall_fct_us_p95,5,2.7764451051977987,AliStorage2019
paired_percent,4.464034026088322,-25.98186743860154,-34.90993549077818,guard_minus_hpcc,-30.44590146468986,overall_fct_us_p95,5,2.7764451051977987,AliStorage2019
paired_difference,5.438324470779022,-15.793359529221064,-26.67000847077911,guard_minus_hpcc,-21.231684000000087,overall_fct_us_p99,5,2.7764451051977987,AliStorage2019
paired_percent,2.4461909932463497,-9.49443025633893,-14.386812242831631,guard_minus_hpcc,-11.94062124958528,overall_fct_us_p99,5,2.7764451051977987,AliStorage2019
paired_difference,0.0,0.0,0.0,guard_minus_hpcc,0.0,overall_flow_count,5,2.7764451051977987,AliStorage2019
paired_percent,0.0,0.0,0.0,guard_minus_hpcc,0.0,overall_flow_count,5,2.7764451051977987,AliStorage2019
paired_difference,0.02214851783229086,-0.09672139665317409,-0.1410184323177558,guard_minus_hpcc,-0.11886991448546494,overall_slowdown_mean,5,2.7764451051977987,AliStorage2019
paired_percent,1.7185478018899711,-8.623333774868051,-12.060429378647992,guard_minus_hpcc,-10.341881576758022,overall_slowdown_mean,5,2.7764451051977987,AliStorage2019
paired_difference,0.1582253182139514,-0.5727556944285084,-0.8892063308564111,guard_minus_hpcc,-0.7309810126424597,overall_slowdown_p95,5,2.7764451051977987,AliStorage2019
paired_percent,5.447091590002973,-34.217627083675524,-45.11181026368148,guard_minus_hpcc,-39.6647186736785,overall_slowdown_p95,5,2.7764451051977987,AliStorage2019
paired_difference,0.2005956124053224,-1.0137739653957523,-1.4149651902063969,guard_minus_hpcc,-1.2143695778010746,overall_slowdown_p99,5,2.7764451051977987,AliStorage2019
paired_percent,3.1280715458777464,-42.625371832112975,-48.881514923868465,guard_minus_hpcc,-45.75344337799072,overall_slowdown_p99,5,2.7764451051977987,AliStorage2019
paired_difference,0.0,0.0,0.0,guard_minus_hpcc,0.0,pfc_cumulative_pause_ns,5,2.7764451051977987,AliStorage2019
paired_difference,0.0,0.0,0.0,guard_minus_hpcc,0.0,pfc_matched_intervals,5,2.7764451051977987,AliStorage2019
paired_difference,0.0,0.0,0.0,guard_minus_hpcc,0.0,pfc_max_pause_ns,5,2.7764451051977987,AliStorage2019
paired_difference,0.0,0.0,0.0,guard_minus_hpcc,0.0,pfc_pause_count,5,2.7764451051977987,AliStorage2019
paired_difference,0.0,0.0,0.0,guard_minus_hpcc,0.0,pfc_pause_events,5,2.7764451051977987,AliStorage2019
paired_difference,0.0,0.0,0.0,guard_minus_hpcc,0.0,pfc_resume_count,5,2.7764451051977987,AliStorage2019
paired_difference,0.0,0.0,0.0,guard_minus_hpcc,0.0,pfc_resume_events,5,2.7764451051977987,AliStorage2019
paired_difference,0.0,0.0,0.0,guard_minus_hpcc,0.0,pfc_unmatched_pauses,5,2.7764451051977987,AliStorage2019
paired_difference,0.0,0.0,0.0,guard_minus_hpcc,0.0,pfc_unmatched_resumes,5,2.7764451051977987,AliStorage2019
paired_difference,23.486822039836998,594.8868220398369,547.913177960163,guard_minus_hpcc,571.4,proactive_releases,5,2.7764451051977987,AliStorage2019
paired_difference,115907.56665128497,146968.76665128497,-84846.36665128497,guard_minus_hpcc,31061.2,queue_bytes_max,5,2.7764451051977987,AliStorage2019
paired_percent,28.44209003502008,38.63768990385172,-18.24649016618844,guard_minus_hpcc,10.19559986883164,queue_bytes_max,5,2.7764451051977987,AliStorage2019
paired_difference,280.57340462132015,820.9292046213202,259.7823953786799,guard_minus_hpcc,540.3558,queue_bytes_mean,5,2.7764451051977987,AliStorage2019
paired_percent,15.184353713025375,47.16321688591284,16.79450945986209,guard_minus_hpcc,31.978863172887465,queue_bytes_mean,5,2.7764451051977987,AliStorage2019
paired_difference,608.2039861221948,129.00398612219482,-1087.4039861221947,guard_minus_hpcc,-479.2,queue_bytes_p95,5,2.7764451051977987,AliStorage2019
paired_difference,19865.5240476804,55394.324047680406,15663.275952319604,guard_minus_hpcc,35528.8,queue_bytes_p99,5,2.7764451051977987,AliStorage2019
paired_percent,26.489081600930504,87.04383487791767,34.06567167605667,guard_minus_hpcc,60.55475327698717,queue_bytes_p99,5,2.7764451051977987,AliStorage2019
paired_difference,0.0,0.0,0.0,guard_minus_hpcc,0.0,queue_sample_count,5,2.7764451051977987,AliStorage2019
paired_percent,0.0,0.0,0.0,guard_minus_hpcc,0.0,queue_sample_count,5,2.7764451051977987,AliStorage2019
paired_difference,48.72166753288652,169.92166753288652,72.47833246711349,guard_minus_hpcc,121.2,reactive_binding_rate_changes,5,2.7764451051977987,AliStorage2019
paired_difference,48.72166753288652,169.92166753288652,72.47833246711349,guard_minus_hpcc,121.2,reactive_binding_updates,5,2.7764451051977987,AliStorage2019
paired_difference,0.0,0.0,0.0,guard_minus_hpcc,0.0,recovery_nacks_generated,5,2.7764451051977987,AliStorage2019
paired_difference,0.0,0.0,0.0,guard_minus_hpcc,0.0,recovery_nacks_received,5,2.7764451051977987,AliStorage2019
paired_difference,23.486822039836998,594.8868220398369,547.913177960163,guard_minus_hpcc,571.4,registrations,5,2.7764451051977987,AliStorage2019
paired_difference,23.486822039836998,594.8868220398369,547.913177960163,guard_minus_hpcc,571.4,selected_registrations,5,2.7764451051977987,AliStorage2019
paired_difference,0.0,0.0,0.0,guard_minus_hpcc,0.0,switch_drops_egress,5,2.7764451051977987,AliStorage2019
paired_difference,0.0,0.0,0.0,guard_minus_hpcc,0.0,switch_drops_ingress,5,2.7764451051977987,AliStorage2019
paired_difference,0.0,0.0,0.0,guard_minus_hpcc,0.0,switch_drops_total,5,2.7764451051977987,AliStorage2019
paired_difference,4.210687481992302,11.210687481992302,2.789312518007698,guard_minus_hpcc,7.0,tie_binding_rate_changes,5,2.7764451051977987,AliStorage2019
paired_difference,34.90599964976318,387.5059996497632,317.6940003502368,guard_minus_hpcc,352.6,tie_binding_updates,5,2.7764451051977987,AliStorage2019
paired_difference,0.0,0.0,0.0,guard_minus_hpcc,0.0,timeout_recoveries,5,2.7764451051977987,AliStorage2019
paired_difference,3.7189121541937906,-1.8697736826780869,-9.307597991065668,homa_minus_hpcc,-5.5886858368718775,1BDP_to_1MB_fct_us_mean,5,2.7764451051977987,AliStorage2019
paired_percent,5.036143702711462,-4.575589911095155,-14.64787731651808,homa_minus_hpcc,-9.611733613806617,1BDP_to_1MB_fct_us_mean,5,2.7764451051977987,AliStorage2019
paired_difference,13.436399699110172,-11.492550300889807,-38.365349699110155,homa_minus_hpcc,-24.92894999999998,1BDP_to_1MB_fct_us_p95,5,2.7764451051977987,AliStorage2019
paired_percent,6.54485382683616,-7.553105479091972,-20.642813132764292,homa_minus_hpcc,-14.097959305928132,1BDP_to_1MB_fct_us_p95,5,2.7764451051977987,AliStorage2019
paired_difference,52.66514687804804,14.338120878048173,-90.99217287804791,homa_minus_hpcc,-38.32702599999987,1BDP_to_1MB_fct_us_p99,5,2.7764451051977987,AliStorage2019
paired_percent,17.050721686311874,4.727885782119067,-29.37355759050468,homa_minus_hpcc,-12.322835904192807,1BDP_to_1MB_fct_us_p99,5,2.7764451051977987,AliStorage2019
paired_difference,0.0,0.0,0.0,homa_minus_hpcc,0.0,1BDP_to_1MB_flow_count,5,2.7764451051977987,AliStorage2019
paired_percent,0.0,0.0,0.0,homa_minus_hpcc,0.0,1BDP_to_1MB_flow_count,5,2.7764451051977987,AliStorage2019
paired_difference,0.06542166590908105,-0.043304550068067216,-0.17414788188622932,homa_minus_hpcc,-0.10872621597714827,1BDP_to_1MB_slowdown_mean,5,2.7764451051977987,AliStorage2019
paired_percent,3.8555868293188507,-3.215787169851727,-10.926960828489428,homa_minus_hpcc,-7.071373999170578,1BDP_to_1MB_slowdown_mean,5,2.7764451051977987,AliStorage2019
paired_difference,0.3766909172301501,0.4803188683006764,-0.2730629661596238,homa_minus_hpcc,0.10362795107052633,1BDP_to_1MB_slowdown_p95,5,2.7764451051977987,AliStorage2019
paired_percent,15.883118088910258,20.300899836873455,-11.465336340947061,homa_minus_hpcc,4.417781747963196,1BDP_to_1MB_slowdown_p95,5,2.7764451051977987,AliStorage2019
paired_difference,0.9735622239344252,0.6169418204253472,-1.3301826274435031,homa_minus_hpcc,-0.3566204035090779,1BDP_to_1MB_slowdown_p99,5,2.7764451051977987,AliStorage2019
paired_percent,22.398640433618265,15.278585203457048,-29.518695663779482,homa_minus_hpcc,-7.120055230161216,1BDP_to_1MB_slowdown_p99,5,2.7764451051977987,AliStorage2019
paired_difference,0.2687556027978835,-1.1368675027869217,-1.6743787083826887,homa_minus_hpcc,-1.4056231055848052,8KB_to_1BDP_fct_us_mean,5,2.7764451051977987,AliStorage2019
paired_percent,2.159954062093368,-11.250226980141775,-15.57013510432851,homa_minus_hpcc,-13.410181042235143,8KB_to_1BDP_fct_us_mean,5,2.7764451051977987,AliStorage2019
paired_difference,1.2134668627936183,-4.676353137206383,-7.103286862793619,homa_minus_hpcc,-5.889820000000001,8KB_to_1BDP_fct_us_p95,5,2.7764451051977987,AliStorage2019
paired_percent,3.928137919636808,-24.1213684830164,-31.977644322290015,homa_minus_hpcc,-28.049506402653208,8KB_to_1BDP_fct_us_p95,5,2.7764451051977987,AliStorage2019
paired_difference,3.058992452409311,-7.546839547590689,-13.66482445240931,homa_minus_hpcc,-10.605832,8KB_to_1BDP_fct_us_p99,5,2.7764451051977987,AliStorage2019
paired_percent,6.928419652941665,-29.043784455883298,-42.900623761766624,homa_minus_hpcc,-35.97220410882496,8KB_to_1BDP_fct_us_p99,5,2.7764451051977987,AliStorage2019
paired_difference,0.0,0.0,0.0,homa_minus_hpcc,0.0,8KB_to_1BDP_flow_count,5,2.7764451051977987,AliStorage2019
paired_percent,0.0,0.0,0.0,homa_minus_hpcc,0.0,8KB_to_1BDP_flow_count,5,2.7764451051977987,AliStorage2019
paired_difference,0.02569865656474615,-0.11339182664763339,-0.1647891397771257,homa_minus_hpcc,-0.13909048321237955,8KB_to_1BDP_slowdown_mean,5,2.7764451051977987,AliStorage2019
paired_percent,1.9327251560349419,-9.81826487622963,-13.683715188299512,homa_minus_hpcc,-11.750990032264571,8KB_to_1BDP_slowdown_mean,5,2.7764451051977987,AliStorage2019
paired_difference,0.17024266483248574,-0.5139423832392263,-0.8544277129041977,homa_minus_hpcc,-0.684185048071712,8KB_to_1BDP_slowdown_p95,5,2.7764451051977987,AliStorage2019
paired_percent,6.215939819820942,-30.65570649046514,-43.08758613010703,homa_minus_hpcc,-36.87164631028608,8KB_to_1BDP_slowdown_p95,5,2.7764451051977987,AliStorage2019
paired_difference,0.20879223082657805,-0.941697540341976,-1.359282001995132,homa_minus_hpcc,-1.150489771168554,8KB_to_1BDP_slowdown_p99,5,2.7764451051977987,AliStorage2019
paired_percent,4.881018527555204,-40.91944896890648,-50.68148602401689,homa_minus_hpcc,-45.800467496461685,8KB_to_1BDP_slowdown_p99,5,2.7764451051977987,AliStorage2019
paired_difference,0.0,0.0,0.0,homa_minus_hpcc,0.0,completion_releases,5,2.7764451051977987,AliStorage2019
paired_difference,0.5552890210395597,-0.6447109789604403,-1.7552890210395597,homa_minus_hpcc,-1.2,elapsed_seconds,5,2.7764451051977987,AliStorage2019
paired_percent,11.105780420791195,-12.894219579208805,-35.10578042079119,homa_minus_hpcc,-24.0,elapsed_seconds,5,2.7764451051977987,AliStorage2019
paired_difference,0.0,0.0,0.0,homa_minus_hpcc,0.0,flow_count,5,2.7764451051977987,AliStorage2019
paired_percent,0.0,0.0,0.0,homa_minus_hpcc,0.0,flow_count,5,2.7764451051977987,AliStorage2019
paired_difference,0.0,0.0,0.0,homa_minus_hpcc,0.0,grant_binding_rate_changes,5,2.7764451051977987,AliStorage2019
paired_difference,0.0,0.0,0.0,homa_minus_hpcc,0.0,grant_binding_updates,5,2.7764451051977987,AliStorage2019
paired_difference,0.0,0.0,0.0,homa_minus_hpcc,0.0,grant_bytes_sent,5,2.7764451051977987,AliStorage2019
paired_difference,0.0,0.0,0.0,homa_minus_hpcc,0.0,grant_event_rate_changes,5,2.7764451051977987,AliStorage2019
paired_difference,0.0,0.0,0.0,homa_minus_hpcc,0.0,grants_received,5,2.7764451051977987,AliStorage2019
paired_difference,0.0,0.0,0.0,homa_minus_hpcc,0.0,grants_sent,5,2.7764451051977987,AliStorage2019
paired_difference,9.399206117981857,-27.36622802995594,-46.16464026591965,homa_minus_hpcc,-36.765434147937796,gt_1MB_fct_us_mean,5,2.7764451051977987,AliStorage2019
paired_percent,2.264686679896666,-11.899465666195082,-16.428839025988413,homa_minus_hpcc,-14.164152346091749,gt_1MB_fct_us_mean,5,2.7764451051977987,AliStorage2019
paired_difference,64.69227112023623,-56.89632887976373,-186.28087112023618,homa_minus_hpcc,-121.58859999999996,gt_1MB_fct_us_p95,5,2.7764451051977987,AliStorage2019
paired_percent,11.65804166651907,-10.462235345440133,-33.77831867847827,homa_minus_hpcc,-22.120277011959203,gt_1MB_fct_us_p95,5,2.7764451051977987,AliStorage2019
paired_difference,177.89688395047125,-155.92595804952697,-511.71972595046947,homa_minus_hpcc,-333.8228419999982,gt_1MB_fct_us_p99,5,2.7764451051977987,AliStorage2019
paired_percent,10.408289898441065,-23.95431568073155,-44.77089547761368,homa_minus_hpcc,-34.362605579172616,gt_1MB_fct_us_p99,5,2.7764451051977987,AliStorage2019
paired_difference,0.0,0.0,0.0,homa_minus_hpcc,0.0,gt_1MB_flow_count,5,2.7764451051977987,AliStorage2019
paired_percent,0.0,0.0,0.0,homa_minus_hpcc,0.0,gt_1MB_flow_count,5,2.7764451051977987,AliStorage2019
paired_difference,0.07050814984129347,-0.19857992337688937,-0.33959622305947634,homa_minus_hpcc,-0.26908807321818284,gt_1MB_slowdown_mean,5,2.7764451051977987,AliStorage2019
paired_percent,2.173602057397894,-11.813971505561055,-16.161175620356843,homa_minus_hpcc,-13.987573562958948,gt_1MB_slowdown_mean,5,2.7764451051977987,AliStorage2019
paired_difference,0.31274838494390045,-0.49221373636672094,-1.1177105062545218,homa_minus_hpcc,-0.8049621213106214,gt_1MB_slowdown_p95,5,2.7764451051977987,AliStorage2019
paired_percent,7.827995049428072,-12.995284576281453,-28.651274675137596,homa_minus_hpcc,-20.823279625709525,gt_1MB_slowdown_p95,5,2.7764451051977987,AliStorage2019
paired_difference,0.9708608113776811,-1.3837631744270884,-3.3254847971824506,homa_minus_hpcc,-2.3546239858047695,gt_1MB_slowdown_p99,5,2.7764451051977987,AliStorage2019
paired_percent,5.26645170888135,-29.548069705884018,-40.080973123646714,homa_minus_hpcc,-34.814521414765366,gt_1MB_slowdown_p99,5,2.7764451051977987,AliStorage2019
paired_difference,0.0,0.0,0.0,homa_minus_hpcc,0.0,guard_adaptive_grant_updates,5,2.7764451051977987,AliStorage2019
paired_difference,0.0,0.0,0.0,homa_minus_hpcc,0.0,guard_concurrency_limited_allocations,5,2.7764451051977987,AliStorage2019
paired_difference,0.0,0.0,0.0,homa_minus_hpcc,0.0,guard_concurrency_max_deferred_flows,5,2.7764451051977987,AliStorage2019
paired_difference,0.0,0.0,0.0,homa_minus_hpcc,0.0,guard_concurrency_min_bdps,5,2.7764451051977987,AliStorage2019
paired_percent,0.0,0.0,0.0,homa_minus_hpcc,0.0,guard_concurrency_min_bdps,5,2.7764451051977987,AliStorage2019
paired_difference,0.0,0.0,0.0,homa_minus_hpcc,0.0,guard_grant_refresh_bdps,5,2.7764451051977987,AliStorage2019
paired_percent,0.0,0.0,0.0,homa_minus_hpcc,0.0,guard_grant_refresh_bdps,5,2.7764451051977987,AliStorage2019
paired_difference,0.0,0.0,0.0,homa_minus_hpcc,0.0,guard_min_share_fraction,5,2.7764451051977987,AliStorage2019
paired_difference,0.0,0.0,0.0,homa_minus_hpcc,0.0,guard_rebalance_events,5,2.7764451051977987,AliStorage2019
paired_difference,0.0,0.0,0.0,homa_minus_hpcc,0.0,guard_receiver_concurrency,5,2.7764451051977987,AliStorage2019
paired_difference,0.0,0.0,0.0,homa_minus_hpcc,0.0,guard_remaining_aware,5,2.7764451051977987,AliStorage2019
paired_percent,0.0,0.0,0.0,homa_minus_hpcc,0.0,guard_remaining_aware,5,2.7764451051977987,AliStorage2019
paired_difference,0.0,0.0,0.0,homa_minus_hpcc,0.0,guard_remaining_exponent,5,2.7764451051977987,AliStorage2019
paired_percent,0.0,0.0,0.0,homa_minus_hpcc,0.0,guard_remaining_exponent,5,2.7764451051977987,AliStorage2019
paired_difference,0.0,0.0,0.0,homa_minus_hpcc,0.0,guard_remaining_refresh_events,5,2.7764451051977987,AliStorage2019
paired_difference,0.0,0.0,0.0,homa_minus_hpcc,0.0,guard_sender_srpt_enabled,5,2.7764451051977987,AliStorage2019
paired_percent,0.0,0.0,0.0,homa_minus_hpcc,0.0,guard_sender_srpt_enabled,5,2.7764451051977987,AliStorage2019
paired_difference,0.0,0.0,0.0,homa_minus_hpcc,0.0,guard_sender_srpt_forced_rr,5,2.7764451051977987,AliStorage2019
paired_difference,0.0,0.0,0.0,homa_minus_hpcc,0.0,guard_sender_srpt_non_rr,5,2.7764451051977987,AliStorage2019
paired_difference,0.0,0.0,0.0,homa_minus_hpcc,0.0,guard_sender_srpt_selections,5,2.7764451051977987,AliStorage2019
paired_difference,0.0,0.0,0.0,homa_minus_hpcc,0.0,guard_srpt_quantum_packets,5,2.7764451051977987,AliStorage2019
paired_percent,0.0,0.0,0.0,homa_minus_hpcc,0.0,guard_srpt_quantum_packets,5,2.7764451051977987,AliStorage2019
paired_difference,0.0,0.0,0.0,homa_minus_hpcc,0.0,guard_tail_bypass_bdps,5,2.7764451051977987,AliStorage2019
paired_percent,0.0,0.0,0.0,homa_minus_hpcc,0.0,guard_tail_bypass_bdps,5,2.7764451051977987,AliStorage2019
paired_difference,0.0,0.0,0.0,homa_minus_hpcc,0.0,guard_tail_bypass_enabled,5,2.7764451051977987,AliStorage2019
paired_percent,0.0,0.0,0.0,homa_minus_hpcc,0.0,guard_tail_bypass_enabled,5,2.7764451051977987,AliStorage2019
paired_difference,0.0,0.0,0.0,homa_minus_hpcc,0.0,guard_tail_bypass_feedbacks,5,2.7764451051977987,AliStorage2019
paired_difference,0.0,0.0,0.0,homa_minus_hpcc,0.0,guard_tail_bypass_flows,5,2.7764451051977987,AliStorage2019
paired_difference,235.4278109656767,10007.627810965678,9536.772189034324,homa_minus_hpcc,9772.2,homa_completion_notices_received,5,2.7764451051977987,AliStorage2019
paired_difference,235.4278109656767,10007.627810965678,9536.772189034324,homa_minus_hpcc,9772.2,homa_completion_notices_sent,5,2.7764451051977987,AliStorage2019
paired_difference,23629905.847681765,418370079.04768175,371110267.3523182,homa_minus_hpcc,394740173.2,homa_data_bytes,5,2.7764451051977987,AliStorage2019
paired_difference,23691.837773146548,423302.8377731466,375919.1622268534,homa_minus_hpcc,399611.0,homa_data_packets,5,2.7764451051977987,AliStorage2019
paired_difference,22496.92590341657,286555.9259034166,241562.07409658344,homa_minus_hpcc,264059.0,homa_grants_received,5,2.7764451051977987,AliStorage2019
paired_difference,22496.92590341657,286555.9259034166,241562.07409658344,homa_minus_hpcc,264059.0,homa_grants_sent,5,2.7764451051977987,AliStorage2019
paired_difference,0.5552890210395597,3.3552890210395594,2.2447109789604403,homa_minus_hpcc,2.8,homa_max_pending_messages,5,2.7764451051977987,AliStorage2019
paired_difference,235.4278109656767,10007.627810965678,9536.772189034324,homa_minus_hpcc,9772.2,homa_messages_completed,5,2.7764451051977987,AliStorage2019
paired_difference,235.4278109656767,10007.627810965678,9536.772189034324,homa_minus_hpcc,9772.2,homa_messages_tracked,5,2.7764451051977987,AliStorage2019
paired_difference,0.0,0.0,0.0,homa_minus_hpcc,0.0,homa_resends_received,5,2.7764451051977987,AliStorage2019
paired_difference,0.0,0.0,0.0,homa_minus_hpcc,0.0,homa_resends_sent,5,2.7764451051977987,AliStorage2019
paired_difference,0.0,0.0,0.0,homa_minus_hpcc,0.0,homa_retransmit_packets,5,2.7764451051977987,AliStorage2019
paired_difference,615.835677639798,-4690.764322360203,-5922.435677639798,homa_minus_hpcc,-5306.6,hpcc_actual_rate_changes,5,2.7764451051977987,AliStorage2019
paired_percent,0.0,-100.0,-100.0,homa_minus_hpcc,-100.0,hpcc_actual_rate_changes,5,2.7764451051977987,AliStorage2019
paired_difference,0.0,0.0,0.0,homa_minus_hpcc,0.0,hpcc_fast_computations,5,2.7764451051977987,AliStorage2019
paired_difference,947.5215990924038,-15037.678400907596,-16932.721599092405,homa_minus_hpcc,-15985.2,hpcc_feedback_updates,5,2.7764451051977987,AliStorage2019
paired_percent,0.0,-100.0,-100.0,homa_minus_hpcc,-100.0,hpcc_feedback_updates,5,2.7764451051977987,AliStorage2019
paired_difference,840.2465138571743,-5372.753486142826,-7053.246513857174,homa_minus_hpcc,-6213.0,hpcc_full_computations,5,2.7764451051977987,AliStorage2019
paired_percent,0.0,-100.0,-100.0,homa_minus_hpcc,-100.0,hpcc_full_computations,5,2.7764451051977987,AliStorage2019
paired_difference,840.2465138571743,-5372.753486142826,-7053.246513857174,homa_minus_hpcc,-6213.0,hpcc_rate_updates_applied,5,2.7764451051977987,AliStorage2019
paired_percent,0.0,-100.0,-100.0,homa_minus_hpcc,-100.0,hpcc_rate_updates_applied,5,2.7764451051977987,AliStorage2019
paired_difference,947.5215990924038,-15037.678400907596,-16932.721599092405,homa_minus_hpcc,-15985.2,hpcc_valid_feedback,5,2.7764451051977987,AliStorage2019
paired_percent,0.0,-100.0,-100.0,homa_minus_hpcc,-100.0,hpcc_valid_feedback,5,2.7764451051977987,AliStorage2019
paired_difference,0.0,0.0,0.0,homa_minus_hpcc,0.0,int_hops_after_strip,5,2.7764451051977987,AliStorage2019
paired_difference,0.0,0.0,0.0,homa_minus_hpcc,0.0,int_hops_before_strip,5,2.7764451051977987,AliStorage2019
paired_difference,0.0,0.0,0.0,homa_minus_hpcc,0.0,int_records_stripped,5,2.7764451051977987,AliStorage2019
paired_difference,0.0,0.0,0.0,homa_minus_hpcc,0.0,irn_nacks_generated,5,2.7764451051977987,AliStorage2019
paired_difference,0.0,0.0,0.0,homa_minus_hpcc,0.0,irn_nacks_received,5,2.7764451051977987,AliStorage2019
paired_difference,0.0,0.0,0.0,homa_minus_hpcc,0.0,irn_retransmit_bytes,5,2.7764451051977987,AliStorage2019
paired_difference,0.0,0.0,0.0,homa_minus_hpcc,0.0,irn_retransmit_packets,5,2.7764451051977987,AliStorage2019
paired_difference,0.14748763797496117,-0.6263720725156401,-0.9213473484655625,homa_minus_hpcc,-0.7738597104906013,le_8KB_fct_us_mean,5,2.7764451051977987,AliStorage2019
paired_percent,1.7525307009709243,-8.385099400403407,-11.890160802345255,homa_minus_hpcc,-10.13763010137433,le_8KB_fct_us_mean,5,2.7764451051977987,AliStorage2019
paired_difference,1.2289908983794484,-3.4567491016205514,-5.914730898379449,homa_minus_hpcc,-4.68574,le_8KB_fct_us_p95,5,2.7764451051977987,AliStorage2019
paired_percent,6.166279595558207,-27.370272978250448,-39.702832169366864,homa_minus_hpcc,-33.536552573808656,le_8KB_fct_us_p95,5,2.7764451051977987,AliStorage2019
paired_difference,1.6890631613867784,-10.22494683861323,-13.603073161386787,homa_minus_hpcc,-11.914010000000008,le_8KB_fct_us_p99,5,2.7764451051977987,AliStorage2019
paired_percent,3.5400595192037527,-52.07715876010719,-59.15727779851469,homa_minus_hpcc,-55.61721827931094,le_8KB_fct_us_p99,5,2.7764451051977987,AliStorage2019
paired_difference,0.0,0.0,0.0,homa_minus_hpcc,0.0,le_8KB_flow_count,5,2.7764451051977987,AliStorage2019
paired_percent,0.0,0.0,0.0,homa_minus_hpcc,0.0,le_8KB_flow_count,5,2.7764451051977987,AliStorage2019
paired_difference,0.017014357585531676,-0.07595577368124995,-0.1099844888523133,homa_minus_hpcc,-0.09297013126678162,le_8KB_slowdown_mean,5,2.7764451051977987,AliStorage2019
paired_percent,1.4171214911622336,-6.997013491509294,-9.831256473833761,homa_minus_hpcc,-8.414134982671527,le_8KB_slowdown_mean,5,2.7764451051977987,AliStorage2019
paired_difference,0.137373701988591,-0.42698692872568267,-0.7017343327028647,homa_minus_hpcc,-0.5643606307142737,le_8KB_slowdown_p95,5,2.7764451051977987,AliStorage2019
paired_percent,5.85133189449955,-29.14099801664093,-40.84366180564003,homa_minus_hpcc,-34.99232991114048,le_8KB_slowdown_p95,5,2.7764451051977987,AliStorage2019
paired_difference,0.18155253990853656,-1.2015284873378613,-1.5646335671549343,homa_minus_hpcc,-1.3830810272463978,le_8KB_slowdown_p99,5,2.7764451051977987,AliStorage2019
paired_percent,3.236242601190306,-52.86024169284659,-59.332726895227204,homa_minus_hpcc,-56.0964842940369,le_8KB_slowdown_p99,5,2.7764451051977987,AliStorage2019
paired_difference,0.034070577642161384,-0.07183958267570484,-0.1399807379600276,homa_minus_hpcc,-0.10591016031786622,long_to_small_slowdown_mean_ratio,5,2.7764451051977987,AliStorage2019
paired_percent,1.58241531261674,-4.505935634405671,-7.670766259639151,homa_minus_hpcc,-6.088350947022411,long_to_small_slowdown_mean_ratio,5,2.7764451051977987,AliStorage2019
paired_difference,0.0,0.0,0.0,homa_minus_hpcc,0.0,max_active_flows,5,2.7764451051977987,AliStorage2019
paired_difference,7797.694810165851,-124434.50518983416,-140029.89481016586,homa_minus_hpcc,-132232.2,output_bytes,5,2.7764451051977987,AliStorage2019
paired_percent,0.4834451145020104,-10.236808028012904,-11.203698257016926,homa_minus_hpcc,-10.720253142514915,output_bytes,5,2.7764451051977987,AliStorage2019
paired_difference,0.38592787479703683,-1.17770115924397,-1.9495569088380433,homa_minus_hpcc,-1.5636290340410066,overall_fct_us_mean,5,2.7764451051977987,AliStorage2019
paired_percent,2.083758641468681,-9.716964878271721,-13.884482161209082,homa_minus_hpcc,-11.800723519740401,overall_fct_us_mean,5,2.7764451051977987,AliStorage2019
paired_difference,1.3692892222569828,-5.253080777743012,-7.991659222256978,homa_minus_hpcc,-6.622369999999995,overall_fct_us_p95,5,2.7764451051977987,AliStorage2019
paired_percent,4.128070057883975,-25.2582081399637,-33.51434825573165,homa_minus_hpcc,-29.386278197847673,overall_fct_us_p95,5,2.7764451051977987,AliStorage2019
paired_difference,9.162112010275699,-8.37121598972454,-26.695440010275938,homa_minus_hpcc,-17.53332800000024,overall_fct_us_p99,5,2.7764451051977987,AliStorage2019
paired_percent,4.674533490049788,-5.0570386990531535,-14.406105679152729,homa_minus_hpcc,-9.731572189102941,overall_fct_us_p99,5,2.7764451051977987,AliStorage2019
paired_difference,0.0,0.0,0.0,homa_minus_hpcc,0.0,overall_flow_count,5,2.7764451051977987,AliStorage2019
paired_percent,0.0,0.0,0.0,homa_minus_hpcc,0.0,overall_flow_count,5,2.7764451051977987,AliStorage2019
paired_difference,0.019975829019405984,-0.087897585966134,-0.127849244004946,homa_minus_hpcc,-0.10787341498554,overall_slowdown_mean,5,2.7764451051977987,AliStorage2019
paired_percent,1.5487147361139348,-7.8365966667197124,-10.934026138947582,homa_minus_hpcc,-9.385311402833647,overall_slowdown_mean,5,2.7764451051977987,AliStorage2019
paired_difference,0.15697783721048236,-0.5578245427261264,-0.871780217147091,homa_minus_hpcc,-0.7148023799366087,overall_slowdown_p95,5,2.7764451051977987,AliStorage2019
paired_percent,5.457554330875143,-33.32369306910289,-44.23880173085317,homa_minus_hpcc,-38.78124739997803,overall_slowdown_p95,5,2.7764451051977987,AliStorage2019
paired_difference,0.12979254901459464,-0.8130615960516911,-1.0726466940808803,homa_minus_hpcc,-0.9428541450662857,overall_slowdown_p99,5,2.7764451051977987,AliStorage2019
paired_percent,2.050823493733099,-33.53839080395551,-37.640037791421705,homa_minus_hpcc,-35.589214297688606,overall_slowdown_p99,5,2.7764451051977987,AliStorage2019
paired_difference,0.0,0.0,0.0,homa_minus_hpcc,0.0,pfc_cumulative_pause_ns,5,2.7764451051977987,AliStorage2019
paired_difference,0.0,0.0,0.0,homa_minus_hpcc,0.0,pfc_matched_intervals,5,2.7764451051977987,AliStorage2019
paired_difference,0.0,0.0,0.0,homa_minus_hpcc,0.0,pfc_max_pause_ns,5,2.7764451051977987,AliStorage2019
paired_difference,0.0,0.0,0.0,homa_minus_hpcc,0.0,pfc_pause_count,5,2.7764451051977987,AliStorage2019
paired_difference,0.0,0.0,0.0,homa_minus_hpcc,0.0,pfc_pause_events,5,2.7764451051977987,AliStorage2019
paired_difference,0.0,0.0,0.0,homa_minus_hpcc,0.0,pfc_resume_count,5,2.7764451051977987,AliStorage2019
paired_difference,0.0,0.0,0.0,homa_minus_hpcc,0.0,pfc_resume_events,5,2.7764451051977987,AliStorage2019
paired_difference,0.0,0.0,0.0,homa_minus_hpcc,0.0,pfc_unmatched_pauses,5,2.7764451051977987,AliStorage2019
paired_difference,0.0,0.0,0.0,homa_minus_hpcc,0.0,pfc_unmatched_resumes,5,2.7764451051977987,AliStorage2019
paired_difference,0.0,0.0,0.0,homa_minus_hpcc,0.0,proactive_releases,5,2.7764451051977987,AliStorage2019
paired_difference,99827.10721450354,194430.90721450356,-5223.30721450354,homa_minus_hpcc,94603.8,queue_bytes_max,5,2.7764451051977987,AliStorage2019
paired_percent,27.35300729560546,54.50152558602596,-0.20448900518496416,homa_minus_hpcc,27.148518290420498,queue_bytes_max,5,2.7764451051977987,AliStorage2019
paired_difference,723.448102766096,2712.021502766096,1265.125297233904,homa_minus_hpcc,1988.5734,queue_bytes_mean,5,2.7764451051977987,AliStorage2019
paired_percent,25.652659366925626,144.29505450629492,92.98973577244368,homa_minus_hpcc,118.6423951393693,queue_bytes_mean,5,2.7764451051977987,AliStorage2019
paired_difference,882.71936267338,4898.51936267338,3133.08063732662,homa_minus_hpcc,4015.8,queue_bytes_p95,5,2.7764451051977987,AliStorage2019
paired_difference,6667.437005321984,79386.63700532199,66051.762994678,homa_minus_hpcc,72719.2,queue_bytes_p99,5,2.7764451051977987,AliStorage2019
paired_percent,28.53486844678151,161.0241575784315,103.9544206848685,homa_minus_hpcc,132.48928913165,queue_bytes_p99,5,2.7764451051977987,AliStorage2019
paired_difference,0.0,0.0,0.0,homa_minus_hpcc,0.0,queue_sample_count,5,2.7764451051977987,AliStorage2019
paired_percent,0.0,0.0,0.0,homa_minus_hpcc,0.0,queue_sample_count,5,2.7764451051977987,AliStorage2019
paired_difference,0.0,0.0,0.0,homa_minus_hpcc,0.0,reactive_binding_rate_changes,5,2.7764451051977987,AliStorage2019
paired_difference,0.0,0.0,0.0,homa_minus_hpcc,0.0,reactive_binding_updates,5,2.7764451051977987,AliStorage2019
paired_difference,0.0,0.0,0.0,homa_minus_hpcc,0.0,recovery_nacks_generated,5,2.7764451051977987,AliStorage2019
paired_difference,0.0,0.0,0.0,homa_minus_hpcc,0.0,recovery_nacks_received,5,2.7764451051977987,AliStorage2019
paired_difference,0.0,0.0,0.0,homa_minus_hpcc,0.0,registrations,5,2.7764451051977987,AliStorage2019
paired_difference,0.0,0.0,0.0,homa_minus_hpcc,0.0,selected_registrations,5,2.7764451051977987,AliStorage2019
paired_difference,0.0,0.0,0.0,homa_minus_hpcc,0.0,switch_drops_egress,5,2.7764451051977987,AliStorage2019
paired_difference,0.0,0.0,0.0,homa_minus_hpcc,0.0,switch_drops_ingress,5,2.7764451051977987,AliStorage2019
paired_difference,0.0,0.0,0.0,homa_minus_hpcc,0.0,switch_drops_total,5,2.7764451051977987,AliStorage2019
paired_difference,0.0,0.0,0.0,homa_minus_hpcc,0.0,tie_binding_rate_changes,5,2.7764451051977987,AliStorage2019
paired_difference,0.0,0.0,0.0,homa_minus_hpcc,0.0,tie_binding_updates,5,2.7764451051977987,AliStorage2019
paired_difference,0.0,0.0,0.0,homa_minus_hpcc,0.0,timeout_recoveries,5,2.7764451051977987,AliStorage2019
arm_mean,1.01116261953046,35.17648073948126,33.154155500420345,guard,34.165318119950804,1BDP_to_1MB_fct_us_mean,5,2.7764451051977987,FbHdp
arm_mean,4.695657613654679,89.38836761365467,79.99705238634532,guard,84.69270999999999,1BDP_to_1MB_fct_us_p95,5,2.7764451051977987,FbHdp
arm_mean,52.19953801049297,187.70307401049305,83.30399798950711,guard,135.50353600000008,1BDP_to_1MB_fct_us_p99,5,2.7764451051977987,FbHdp
arm_mean,23.970869380334538,303.1708693803345,255.22913061966545,guard,279.2,1BDP_to_1MB_flow_count,5,2.7764451051977987,FbHdp
arm_mean,0.02040759738067099,1.162682794279261,1.121867599517919,guard,1.14227519689859,1BDP_to_1MB_slowdown_mean,5,2.7764451051977987,FbHdp
arm_mean,0.1137890757178211,1.6411374696741443,1.4135593182385022,guard,1.5273483939563233,1BDP_to_1MB_slowdown_p95,5,2.7764451051977987,FbHdp
arm_mean,0.33050213724327054,2.3624906613032532,1.701486386816712,guard,2.0319885240599826,1BDP_to_1MB_slowdown_p99,5,2.7764451051977987,FbHdp
arm_mean,0.20622107736808398,11.726982110002771,11.314539955266602,guard,11.520761032634686,8KB_to_1BDP_fct_us_mean,5,2.7764451051977987,FbHdp
arm_mean,0.5266541055429858,16.719994105542984,15.666685894457013,guard,16.19334,8KB_to_1BDP_fct_us_p95,5,2.7764451051977987,FbHdp
arm_mean,0.9824938999006255,20.274741899900626,18.309754100099376,guard,19.292248,8KB_to_1BDP_fct_us_p99,5,2.7764451051977987,FbHdp
arm_mean,38.60157440709872,661.6015744070987,584.3984255929013,guard,623.0,8KB_to_1BDP_flow_count,5,2.7764451051977987,FbHdp
arm_mean,0.002255291679574782,1.0404338614392952,1.0359232780801455,guard,1.0381785697597203,8KB_to_1BDP_slowdown_mean,5,2.7764451051977987,FbHdp
arm_mean,0.041520901894041465,1.1442731361980025,1.0612313324099196,guard,1.102752234303961,8KB_to_1BDP_slowdown_p95,5,2.7764451051977987,FbHdp
arm_mean,0.060920371639083336,1.4437048601425624,1.3218641168643956,guard,1.382784488503479,8KB_to_1BDP_slowdown_p99,5,2.7764451051977987,FbHdp
arm_mean,0.0,0.0,0.0,guard,0.0,completion_releases,5,2.7764451051977987,FbHdp
arm_mean,0.5552890210395597,3.3552890210395594,2.2447109789604403,guard,2.8,elapsed_seconds,5,2.7764451051977987,FbHdp
arm_mean,96.48536233992208,3391.8853623399223,3198.914637660078,guard,3295.4,flow_count,5,2.7764451051977987,FbHdp
arm_mean,0.6800873806582569,3.0800873806582567,1.719912619341743,guard,2.4,grant_binding_rate_changes,5,2.7764451051977987,FbHdp
arm_mean,34.32701334159364,77.92701334159364,9.27298665840636,guard,43.6,grant_binding_updates,5,2.7764451051977987,FbHdp
arm_mean,79470.74964220574,608070.3496422058,449128.8503577942,guard,528599.6,grant_bytes_sent,5,2.7764451051977987,FbHdp
arm_mean,162.38525252325172,528.3852525232517,203.61474747674828,guard,366.0,grant_event_rate_changes,5,2.7764451051977987,FbHdp
arm_mean,845.433506831976,6468.833506831976,4777.966493168024,guard,5623.4,grants_received,5,2.7764451051977987,FbHdp
arm_mean,845.433506831976,6468.833506831976,4777.966493168024,guard,5623.4,grants_sent,5,2.7764451051977987,FbHdp
arm_mean,56.06288328733506,531.3499794092587,419.2242128345886,guard,475.2870961219237,gt_1MB_fct_us_mean,5,2.7764451051977987,FbHdp
arm_mean,376.4408788721578,1639.1188688721575,886.2371111278419,guard,1262.6779899999997,gt_1MB_fct_us_p95,5,2.7764451051977987,FbHdp
arm_mean,359.4171731365423,2342.8513511365422,1624.0170048634577,guard,1983.434178,gt_1MB_fct_us_p99,5,2.7764451051977987,FbHdp
arm_mean,9.910003438875924,97.71000343887592,77.88999656112408,guard,87.8,gt_1MB_flow_count,5,2.7764451051977987,FbHdp
arm_mean,0.14309374659012689,1.7792512388824058,1.4930637457021518,guard,1.6361574922922788,gt_1MB_slowdown_mean,5,2.7764451051977987,FbHdp
arm_mean,0.5864033373913354,3.530103262137629,2.357296587354958,guard,2.9436999247462934,gt_1MB_slowdown_p95,5,2.7764451051977987,FbHdp
arm_mean,0.4882701522655531,4.2205626463121595,3.244022341781053,guard,3.732292494046606,gt_1MB_slowdown_p99,5,2.7764451051977987,FbHdp
arm_mean,0.0,0.0,0.0,guard,0.0,guard_adaptive_grant_updates,5,2.7764451051977987,FbHdp
arm_mean,159.63617750083293,413.2361775008329,93.96382249916707,guard,253.6,guard_concurrency_limited_allocations,5,2.7764451051977987,FbHdp
arm_mean,0.6800873806582569,2.0800873806582567,0.719912619341743,guard,1.4,guard_concurrency_max_deferred_flows,5,2.7764451051977987,FbHdp
arm_mean,0.0,12.0,12.0,guard,12.0,guard_concurrency_min_bdps,5,2.7764451051977987,FbHdp
arm_mean,0.0,1.0,1.0,guard,1.0,guard_grant_refresh_bdps,5,2.7764451051977987,FbHdp
arm_mean,0.0,0.0,0.0,guard,0.0,guard_min_share_fraction,5,2.7764451051977987,FbHdp
arm_mean,0.0,0.0,0.0,guard,0.0,guard_rebalance_events,5,2.7764451051977987,FbHdp
arm_mean,0.0,1.0,1.0,guard,1.0,guard_receiver_concurrency,5,2.7764451051977987,FbHdp
arm_mean,0.0,1.0,1.0,guard,1.0,guard_remaining_aware,5,2.7764451051977987,FbHdp
arm_mean,0.0,1.0,1.0,guard,1.0,guard_remaining_exponent,5,2.7764451051977987,FbHdp
arm_mean,637.1154505934901,5311.31545059349,4037.0845494065097,guard,4674.2,guard_remaining_refresh_events,5,2.7764451051977987,FbHdp
arm_mean,0.0,1.0,1.0,guard,1.0,guard_sender_srpt_enabled,5,2.7764451051977987,FbHdp
arm_mean,23.239359681318838,109.63935968131884,63.16064031868117,guard,86.4,guard_sender_srpt_forced_rr,5,2.7764451051977987,FbHdp
arm_mean,11302.971019948935,35674.17101994893,13068.228980051066,guard,24371.2,guard_sender_srpt_non_rr,5,2.7764451051977987,FbHdp
arm_mean,42572.795788570314,448521.5957885703,363376.0042114297,guard,405948.8,guard_sender_srpt_selections,5,2.7764451051977987,FbHdp
arm_mean,0.0,64.0,64.0,guard,64.0,guard_srpt_quantum_packets,5,2.7764451051977987,FbHdp
arm_mean,0.0,8.0,8.0,guard,8.0,guard_tail_bypass_bdps,5,2.7764451051977987,FbHdp
arm_mean,0.0,1.0,1.0,guard,1.0,guard_tail_bypass_enabled,5,2.7764451051977987,FbHdp
arm_mean,982.5735276765934,18241.973527676593,16276.826472323408,guard,17259.4,guard_tail_bypass_feedbacks,5,2.7764451051977987,FbHdp
arm_mean,25.36461538945302,507.764615389453,457.03538461054694,guard,482.4,guard_tail_bypass_flows,5,2.7764451051977987,FbHdp
arm_mean,0.0,0.0,0.0,guard,0.0,homa_completion_notices_received,5,2.7764451051977987,FbHdp
arm_mean,0.0,0.0,0.0,guard,0.0,homa_completion_notices_sent,5,2.7764451051977987,FbHdp
arm_mean,0.0,0.0,0.0,guard,0.0,homa_data_bytes,5,2.7764451051977987,FbHdp
arm_mean,0.0,0.0,0.0,guard,0.0,homa_data_packets,5,2.7764451051977987,FbHdp
arm_mean,0.0,0.0,0.0,guard,0.0,homa_grants_received,5,2.7764451051977987,FbHdp
arm_mean,0.0,0.0,0.0,guard,0.0,homa_grants_sent,5,2.7764451051977987,FbHdp
arm_mean,0.0,0.0,0.0,guard,0.0,homa_max_pending_messages,5,2.7764451051977987,FbHdp
arm_mean,0.0,0.0,0.0,guard,0.0,homa_messages_completed,5,2.7764451051977987,FbHdp
arm_mean,0.0,0.0,0.0,guard,0.0,homa_messages_tracked,5,2.7764451051977987,FbHdp
arm_mean,0.0,0.0,0.0,guard,0.0,homa_resends_received,5,2.7764451051977987,FbHdp
arm_mean,0.0,0.0,0.0,guard,0.0,homa_resends_sent,5,2.7764451051977987,FbHdp
arm_mean,0.0,0.0,0.0,guard,0.0,homa_retransmit_packets,5,2.7764451051977987,FbHdp
arm_mean,152.89719591408567,663.6971959140857,357.90280408591434,guard,510.8,hpcc_actual_rate_changes,5,2.7764451051977987,FbHdp
arm_mean,0.0,0.0,0.0,guard,0.0,hpcc_fast_computations,5,2.7764451051977987,FbHdp
arm_mean,700.557457335684,4763.157457335684,3362.042542664316,guard,4062.6,hpcc_feedback_updates,5,2.7764451051977987,FbHdp
arm_mean,276.6743916187349,1568.874391618735,1015.5256083812651,guard,1292.2,hpcc_full_computations,5,2.7764451051977987,FbHdp
arm_mean,276.6743916187349,1568.874391618735,1015.5256083812651,guard,1292.2,hpcc_rate_updates_applied,5,2.7764451051977987,FbHdp
arm_mean,278.7423675071686,1624.5423675071686,1067.0576324928313,guard,1345.8,hpcc_valid_feedback,5,2.7764451051977987,FbHdp
arm_mean,7230.724382993322,60085.12438299332,45623.67561700668,guard,52854.4,int_hops_after_strip,5,2.7764451051977987,FbHdp
arm_mean,12079.582708285396,115481.1827082854,91322.01729171461,guard,103401.6,int_hops_before_strip,5,2.7764451051977987,FbHdp
arm_mean,5529.7495635064715,56076.94956350647,45017.45043649353,guard,50547.2,int_records_stripped,5,2.7764451051977987,FbHdp
arm_mean,0.0,0.0,0.0,guard,0.0,irn_nacks_generated,5,2.7764451051977987,FbHdp
arm_mean,0.0,0.0,0.0,guard,0.0,irn_nacks_received,5,2.7764451051977987,FbHdp
arm_mean,0.0,0.0,0.0,guard,0.0,irn_retransmit_bytes,5,2.7764451051977987,FbHdp
arm_mean,0.0,0.0,0.0,guard,0.0,irn_retransmit_packets,5,2.7764451051977987,FbHdp
arm_mean,0.03945542609952265,6.446638083962813,6.367727231763767,guard,6.40718265786329,le_8KB_fct_us_mean,5,2.7764451051977987,FbHdp
arm_mean,0.0324679287902271,8.587647928790227,8.522712071209773,guard,8.55518,le_8KB_fct_us_p95,5,2.7764451051977987,FbHdp
arm_mean,0.07875066580050707,8.918990665800509,8.761489334199494,guard,8.840240000000001,le_8KB_fct_us_p99,5,2.7764451051977987,FbHdp
arm_mean,79.35291887057056,2384.7529188705707,2226.0470811294294,guard,2305.4,le_8KB_flow_count,5,2.7764451051977987,FbHdp
arm_mean,0.0004887385840667933,1.0029181992961138,1.0019407221279801,guard,1.002429460712047,le_8KB_slowdown_mean,5,2.7764451051977987,FbHdp
arm_mean,0.0019403955539624182,1.0174498219930685,1.0135690308851435,guard,1.015509426439106,le_8KB_slowdown_p95,5,2.7764451051977987,FbHdp
arm_mean,0.0020843676921473153,1.0264934979147815,1.0223247625304868,guard,1.0244091302226341,le_8KB_slowdown_p99,5,2.7764451051977987,FbHdp
arm_mean,0.14215199109906268,1.7743175331381589,1.4900135509400334,guard,1.6321655420390961,long_to_small_slowdown_mean_ratio,5,2.7764451051977987,FbHdp
arm_mean,0.0,3.0,3.0,guard,3.0,max_active_flows,5,2.7764451051977987,FbHdp
arm_mean,873964.4316493369,1565234.431649337,-182694.43164933694,guard,691270.0,output_bytes,5,2.7764451051977987,FbHdp
arm_mean,2.2869037338073457,24.543396706795335,19.969589239180642,guard,22.25649297298799,overall_fct_us_mean,5,2.7764451051977987,FbHdp
arm_mean,2.7738562477089,36.54401624770887,30.99630375229107,guard,33.77015999999997,overall_fct_us_p95,5,2.7764451051977987,FbHdp
arm_mean,83.24715910633357,522.7782571063318,356.28393889366464,guard,439.5310979999982,overall_fct_us_p99,5,2.7764451051977987,FbHdp
arm_mean,96.48536233992208,3391.8853623399223,3198.914637660078,guard,3295.4,overall_flow_count,5,2.7764451051977987,FbHdp
arm_mean,0.006572786486938298,1.0447134552219675,1.031567882248091,guard,1.0381406687350292,overall_slowdown_mean,5,2.7764451051977987,FbHdp
arm_mean,0.027507265206230064,1.1682135182497595,1.1131989878372994,guard,1.1407062530435295,overall_slowdown_p95,5,2.7764451051977987,FbHdp
arm_mean,0.265312281925019,2.020758729682965,1.4901341658329268,guard,1.755446447757946,overall_slowdown_p99,5,2.7764451051977987,FbHdp
arm_mean,0.0,0.0,0.0,guard,0.0,pfc_cumulative_pause_ns,5,2.7764451051977987,FbHdp
arm_mean,0.0,0.0,0.0,guard,0.0,pfc_matched_intervals,5,2.7764451051977987,FbHdp
arm_mean,0.0,0.0,0.0,guard,0.0,pfc_max_pause_ns,5,2.7764451051977987,FbHdp
arm_mean,0.0,0.0,0.0,guard,0.0,pfc_pause_count,5,2.7764451051977987,FbHdp
arm_mean,0.0,0.0,0.0,guard,0.0,pfc_pause_events,5,2.7764451051977987,FbHdp
arm_mean,0.0,0.0,0.0,guard,0.0,pfc_resume_count,5,2.7764451051977987,FbHdp
arm_mean,0.0,0.0,0.0,guard,0.0,pfc_resume_events,5,2.7764451051977987,FbHdp
arm_mean,0.0,0.0,0.0,guard,0.0,pfc_unmatched_pauses,5,2.7764451051977987,FbHdp
arm_mean,0.0,0.0,0.0,guard,0.0,pfc_unmatched_resumes,5,2.7764451051977987,FbHdp
arm_mean,25.36461538945302,507.764615389453,457.03538461054694,guard,482.4,proactive_releases,5,2.7764451051977987,FbHdp
arm_mean,68791.72388516711,484283.5238851671,346700.0761148329,guard,415491.8,queue_bytes_max,5,2.7764451051977987,FbHdp
arm_mean,692.0332399625865,3142.042239962587,1757.9757600374135,guard,2450.009,queue_bytes_mean,5,2.7764451051977987,FbHdp
arm_mean,0.0,0.0,0.0,guard,0.0,queue_bytes_p95,5,2.7764451051977987,FbHdp
arm_mean,11523.902899329722,116163.90289932973,93116.09710067027,guard,104640.0,queue_bytes_p99,5,2.7764451051977987,FbHdp
arm_mean,0.0,400020.0,400020.0,guard,400020.0,queue_sample_count,5,2.7764451051977987,FbHdp
arm_mean,143.01684070104147,619.4168407010415,333.3831592989585,guard,476.4,reactive_binding_rate_changes,5,2.7764451051977987,FbHdp
arm_mean,143.01684070104147,619.4168407010415,333.3831592989585,guard,476.4,reactive_binding_updates,5,2.7764451051977987,FbHdp
arm_mean,0.0,0.0,0.0,guard,0.0,recovery_nacks_generated,5,2.7764451051977987,FbHdp
arm_mean,0.0,0.0,0.0,guard,0.0,recovery_nacks_received,5,2.7764451051977987,FbHdp
arm_mean,25.36461538945302,507.764615389453,457.03538461054694,guard,482.4,registrations,5,2.7764451051977987,FbHdp
arm_mean,25.36461538945302,507.764615389453,457.03538461054694,guard,482.4,selected_registrations,5,2.7764451051977987,FbHdp
arm_mean,0.0,0.0,0.0,guard,0.0,switch_drops_egress,5,2.7764451051977987,FbHdp
arm_mean,0.0,0.0,0.0,guard,0.0,switch_drops_ingress,5,2.7764451051977987,FbHdp
arm_mean,0.0,0.0,0.0,guard,0.0,switch_drops_total,5,2.7764451051977987,FbHdp
arm_mean,12.447642876695733,44.44764287669573,19.55235712330427,guard,32.0,tie_binding_rate_changes,5,2.7764451051977987,FbHdp
arm_mean,212.45411645098523,984.6541164509853,559.7458835490148,guard,772.2,tie_binding_updates,5,2.7764451051977987,FbHdp
arm_mean,0.0,0.0,0.0,guard,0.0,timeout_recoveries,5,2.7764451051977987,FbHdp
arm_mean,4.233966500765096,45.2360581113806,36.7681251098504,homa,41.0020916106155,1BDP_to_1MB_fct_us_mean,5,2.7764451051977987,FbHdp
arm_mean,26.707342022148026,135.03539202214802,81.62070797785196,homa,108.32804999999999,1BDP_to_1MB_fct_us_p95,5,2.7764451051977987,FbHdp
arm_mean,91.13055977028537,286.33477977028554,104.07366022971476,homa,195.20422000000013,1BDP_to_1MB_fct_us_p99,5,2.7764451051977987,FbHdp
arm_mean,23.970869380334538,303.1708693803345,255.22913061966545,homa,279.2,1BDP_to_1MB_flow_count,5,2.7764451051977987,FbHdp
arm_mean,0.13535551707749371,1.4979938952575238,1.2272828611025366,homa,1.3626383781800302,1BDP_to_1MB_slowdown_mean,5,2.7764451051977987,FbHdp
arm_mean,0.74941272697247,3.2658665264796296,1.7670410725346894,homa,2.5164537995071594,1BDP_to_1MB_slowdown_p95,5,2.7764451051977987,FbHdp
arm_mean,1.380000619261985,5.815246116705993,3.055244878182023,homa,4.435245497444008,1BDP_to_1MB_slowdown_p99,5,2.7764451051977987,FbHdp
arm_mean,0.18070673111595878,12.037876820472045,11.676463358240126,homa,11.857170089356085,8KB_to_1BDP_fct_us_mean,5,2.7764451051977987,FbHdp
arm_mean,0.3125234688813513,17.51181346888135,16.886766531118646,homa,17.199289999999998,8KB_to_1BDP_fct_us_p95,5,2.7764451051977987,FbHdp
arm_mean,0.9575554152718213,21.877579415271825,19.962468584728185,homa,20.920024000000005,8KB_to_1BDP_fct_us_p99,5,2.7764451051977987,FbHdp
arm_mean,38.60157440709872,661.6015744070987,584.3984255929013,homa,623.0,8KB_to_1BDP_flow_count,5,2.7764451051977987,FbHdp
arm_mean,0.004939688418004513,1.0703434018543228,1.060464025018314,homa,1.0654037134363183,8KB_to_1BDP_slowdown_mean,5,2.7764451051977987,FbHdp
arm_mean,0.04190837918792322,1.3318561595762308,1.2480394012003846,homa,1.2899477803883077,8KB_to_1BDP_slowdown_p95,5,2.7764451051977987,FbHdp
arm_mean,0.028814260098593225,1.5223568058282435,1.464728285631057,homa,1.4935425457296503,8KB_to_1BDP_slowdown_p99,5,2.7764451051977987,FbHdp
arm_mean,0.0,0.0,0.0,homa,0.0,completion_releases,5,2.7764451051977987,FbHdp
arm_mean,0.5552890210395597,3.7552890210395597,2.6447109789604406,homa,3.2,elapsed_seconds,5,2.7764451051977987,FbHdp
arm_mean,96.48536233992208,3391.8853623399223,3198.914637660078,homa,3295.4,flow_count,5,2.7764451051977987,FbHdp
arm_mean,0.0,0.0,0.0,homa,0.0,grant_binding_rate_changes,5,2.7764451051977987,FbHdp
arm_mean,0.0,0.0,0.0,homa,0.0,grant_binding_updates,5,2.7764451051977987,FbHdp
arm_mean,0.0,0.0,0.0,homa,0.0,grant_bytes_sent,5,2.7764451051977987,FbHdp
arm_mean,0.0,0.0,0.0,homa,0.0,grant_event_rate_changes,5,2.7764451051977987,FbHdp
arm_mean,0.0,0.0,0.0,homa,0.0,grants_received,5,2.7764451051977987,FbHdp
arm_mean,0.0,0.0,0.0,homa,0.0,grants_sent,5,2.7764451051977987,FbHdp
arm_mean,55.49108407360315,542.8733131296942,431.89114498248796,homa,487.3822290560911,gt_1MB_fct_us_mean,5,2.7764451051977987,FbHdp
arm_mean,273.7942279102789,1545.112707910279,997.524252089721,homa,1271.31848,gt_1MB_fct_us_p95,5,2.7764451051977987,FbHdp
arm_mean,659.7250979147318,2775.0106319147317,1455.5604360852678,homa,2115.2855339999996,gt_1MB_fct_us_p99,5,2.7764451051977987,FbHdp
arm_mean,9.910003438875924,97.71000343887592,77.88999656112408,homa,87.8,gt_1MB_flow_count,5,2.7764451051977987,FbHdp
arm_mean,0.12658099178889445,1.8157411360947127,1.5625791525169237,homa,1.6891601443058182,gt_1MB_slowdown_mean,5,2.7764451051977987,FbHdp
arm_mean,0.5160446514538637,3.849257127520259,2.8171678246125316,homa,3.3332124760663953,gt_1MB_slowdown_p95,5,2.7764451051977987,FbHdp
arm_mean,1.2765576632369795,6.157948414328266,3.604833087854307,homa,4.881390751091287,gt_1MB_slowdown_p99,5,2.7764451051977987,FbHdp
arm_mean,0.0,0.0,0.0,homa,0.0,guard_adaptive_grant_updates,5,2.7764451051977987,FbHdp
arm_mean,0.0,0.0,0.0,homa,0.0,guard_concurrency_limited_allocations,5,2.7764451051977987,FbHdp
arm_mean,0.0,0.0,0.0,homa,0.0,guard_concurrency_max_deferred_flows,5,2.7764451051977987,FbHdp
arm_mean,0.0,8.0,8.0,homa,8.0,guard_concurrency_min_bdps,5,2.7764451051977987,FbHdp
arm_mean,0.0,1.0,1.0,homa,1.0,guard_grant_refresh_bdps,5,2.7764451051977987,FbHdp
arm_mean,0.0,0.0,0.0,homa,0.0,guard_min_share_fraction,5,2.7764451051977987,FbHdp
arm_mean,0.0,0.0,0.0,homa,0.0,guard_rebalance_events,5,2.7764451051977987,FbHdp
arm_mean,0.0,0.0,0.0,homa,0.0,guard_receiver_concurrency,5,2.7764451051977987,FbHdp
arm_mean,0.0,1.0,1.0,homa,1.0,guard_remaining_aware,5,2.7764451051977987,FbHdp
arm_mean,0.0,1.0,1.0,homa,1.0,guard_remaining_exponent,5,2.7764451051977987,FbHdp
arm_mean,0.0,0.0,0.0,homa,0.0,guard_remaining_refresh_events,5,2.7764451051977987,FbHdp
arm_mean,0.0,1.0,1.0,homa,1.0,guard_sender_srpt_enabled,5,2.7764451051977987,FbHdp
arm_mean,0.0,0.0,0.0,homa,0.0,guard_sender_srpt_forced_rr,5,2.7764451051977987,FbHdp
arm_mean,0.0,0.0,0.0,homa,0.0,guard_sender_srpt_non_rr,5,2.7764451051977987,FbHdp
arm_mean,0.0,0.0,0.0,homa,0.0,guard_sender_srpt_selections,5,2.7764451051977987,FbHdp
arm_mean,0.0,64.0,64.0,homa,64.0,guard_srpt_quantum_packets,5,2.7764451051977987,FbHdp
arm_mean,0.0,8.0,8.0,homa,8.0,guard_tail_bypass_bdps,5,2.7764451051977987,FbHdp
arm_mean,0.0,1.0,1.0,homa,1.0,guard_tail_bypass_enabled,5,2.7764451051977987,FbHdp
arm_mean,0.0,0.0,0.0,homa,0.0,guard_tail_bypass_feedbacks,5,2.7764451051977987,FbHdp
arm_mean,0.0,0.0,0.0,homa,0.0,guard_tail_bypass_flows,5,2.7764451051977987,FbHdp
arm_mean,96.48536233992208,3391.8853623399223,3198.914637660078,homa,3295.4,homa_completion_notices_received,5,2.7764451051977987,FbHdp
arm_mean,96.48536233992208,3391.8853623399223,3198.914637660078,homa,3295.4,homa_completion_notices_sent,5,2.7764451051977987,FbHdp
arm_mean,42542306.42108791,446809425.6210879,361724812.77891207,homa,404267119.2,homa_data_bytes,5,2.7764451051977987,FbHdp
arm_mean,42572.795788570314,448521.5957885703,363376.0042114297,homa,405948.8,homa_data_packets,5,2.7764451051977987,FbHdp
arm_mean,43228.17142315044,384741.3714231505,298285.02857684955,homa,341513.2,homa_grants_received,5,2.7764451051977987,FbHdp
arm_mean,43228.17142315044,384741.3714231505,298285.02857684955,homa,341513.2,homa_grants_sent,5,2.7764451051977987,FbHdp
arm_mean,0.0,3.0,3.0,homa,3.0,homa_max_pending_messages,5,2.7764451051977987,FbHdp
arm_mean,96.48536233992208,3391.8853623399223,3198.914637660078,homa,3295.4,homa_messages_completed,5,2.7764451051977987,FbHdp
arm_mean,96.48536233992208,3391.8853623399223,3198.914637660078,homa,3295.4,homa_messages_tracked,5,2.7764451051977987,FbHdp
arm_mean,0.0,0.0,0.0,homa,0.0,homa_resends_received,5,2.7764451051977987,FbHdp
arm_mean,0.0,0.0,0.0,homa,0.0,homa_resends_sent,5,2.7764451051977987,FbHdp
arm_mean,0.0,0.0,0.0,homa,0.0,homa_retransmit_packets,5,2.7764451051977987,FbHdp
arm_mean,0.0,0.0,0.0,homa,0.0,hpcc_actual_rate_changes,5,2.7764451051977987,FbHdp
arm_mean,0.0,0.0,0.0,homa,0.0,hpcc_fast_computations,5,2.7764451051977987,FbHdp
arm_mean,0.0,0.0,0.0,homa,0.0,hpcc_feedback_updates,5,2.7764451051977987,FbHdp
arm_mean,0.0,0.0,0.0,homa,0.0,hpcc_full_computations,5,2.7764451051977987,FbHdp
arm_mean,0.0,0.0,0.0,homa,0.0,hpcc_rate_updates_applied,5,2.7764451051977987,FbHdp
arm_mean,0.0,0.0,0.0,homa,0.0,hpcc_valid_feedback,5,2.7764451051977987,FbHdp
arm_mean,0.0,0.0,0.0,homa,0.0,int_hops_after_strip,5,2.7764451051977987,FbHdp
arm_mean,0.0,0.0,0.0,homa,0.0,int_hops_before_strip,5,2.7764451051977987,FbHdp
arm_mean,0.0,0.0,0.0,homa,0.0,int_records_stripped,5,2.7764451051977987,FbHdp
arm_mean,0.0,0.0,0.0,homa,0.0,irn_nacks_generated,5,2.7764451051977987,FbHdp
arm_mean,0.0,0.0,0.0,homa,0.0,irn_nacks_received,5,2.7764451051977987,FbHdp
arm_mean,0.0,0.0,0.0,homa,0.0,irn_retransmit_bytes,5,2.7764451051977987,FbHdp
arm_mean,0.0,0.0,0.0,homa,0.0,irn_retransmit_packets,5,2.7764451051977987,FbHdp
arm_mean,0.04228937588343843,6.485593952581997,6.40101520081512,homa,6.443304576698559,le_8KB_fct_us_mean,5,2.7764451051977987,FbHdp
arm_mean,0.048416569697840466,8.67914656969784,8.58231343030216,homa,8.63073,le_8KB_fct_us_p95,5,2.7764451051977987,FbHdp
arm_mean,0.07413949874760432,9.167475498747603,9.019196501252395,homa,9.093335999999999,le_8KB_fct_us_p99,5,2.7764451051977987,FbHdp
arm_mean,79.35291887057056,2384.7529188705707,2226.0470811294294,homa,2305.4,le_8KB_flow_count,5,2.7764451051977987,FbHdp
arm_mean,0.001263347809152171,1.0070372096139042,1.0045105139955999,homa,1.005773861804752,le_8KB_slowdown_mean,5,2.7764451051977987,FbHdp
arm_mean,0.0020812582778179703,1.0241955847586637,1.0200330682030276,homa,1.0221143264808457,le_8KB_slowdown_p95,5,2.7764451051977987,FbHdp
arm_mean,0.015415424399751238,1.090269657296738,1.0594388084972355,homa,1.0748542328969868,le_8KB_slowdown_p99,5,2.7764451051977987,FbHdp
arm_mean,0.12495696988611735,1.8043842747341867,1.5544703349619522,homa,1.6794273048480695,long_to_small_slowdown_mean_ratio,5,2.7764451051977987,FbHdp
arm_mean,0.0,0.0,0.0,homa,0.0,max_active_flows,5,2.7764451051977987,FbHdp
arm_mean,16672.75660169009,404523.9566016901,371178.44339830993,homa,387851.2,output_bytes,5,2.7764451051977987,FbHdp
arm_mean,2.6504449757982185,25.893164415700763,20.592274464104324,homa,23.242719439902544,overall_fct_us_mean,5,2.7764451051977987,FbHdp
arm_mean,6.135992995031977,47.29808299503194,35.02609700496799,homa,41.162089999999964,overall_fct_us_p95,5,2.7764451051977987,FbHdp
arm_mean,77.96152893656694,539.7151089365659,383.7920510634321,homa,461.75357999999903,overall_fct_us_p99,5,2.7764451051977987,FbHdp
arm_mean,96.48536233992208,3391.8853623399223,3198.914637660078,homa,3295.4,overall_flow_count,5,2.7764451051977987,FbHdp
arm_mean,0.016157204970919374,1.0817051343923425,1.0493907244505039,homa,1.0655479294214232,overall_slowdown_mean,5,2.7764451051977987,FbHdp
arm_mean,0.07070887688277078,1.3336238019358462,1.1922060481703045,homa,1.2629149250530753,overall_slowdown_p95,5,2.7764451051977987,FbHdp
arm_mean,0.48710350805090996,2.7830733422895526,1.8088663261877325,homa,2.2959698342386425,overall_slowdown_p99,5,2.7764451051977987,FbHdp
arm_mean,0.0,0.0,0.0,homa,0.0,pfc_cumulative_pause_ns,5,2.7764451051977987,FbHdp
arm_mean,0.0,0.0,0.0,homa,0.0,pfc_matched_intervals,5,2.7764451051977987,FbHdp
arm_mean,0.0,0.0,0.0,homa,0.0,pfc_max_pause_ns,5,2.7764451051977987,FbHdp
arm_mean,0.0,0.0,0.0,homa,0.0,pfc_pause_count,5,2.7764451051977987,FbHdp
arm_mean,0.0,0.0,0.0,homa,0.0,pfc_pause_events,5,2.7764451051977987,FbHdp
arm_mean,0.0,0.0,0.0,homa,0.0,pfc_resume_count,5,2.7764451051977987,FbHdp
arm_mean,0.0,0.0,0.0,homa,0.0,pfc_resume_events,5,2.7764451051977987,FbHdp
arm_mean,0.0,0.0,0.0,homa,0.0,pfc_unmatched_pauses,5,2.7764451051977987,FbHdp
arm_mean,0.0,0.0,0.0,homa,0.0,pfc_unmatched_resumes,5,2.7764451051977987,FbHdp
arm_mean,0.0,0.0,0.0,homa,0.0,proactive_releases,5,2.7764451051977987,FbHdp
arm_mean,93943.05081347782,648113.4508134779,460227.3491865222,homa,554170.4,queue_bytes_max,5,2.7764451051977987,FbHdp
arm_mean,1509.3781389512142,6332.950538951214,3314.194261048786,homa,4823.5724,queue_bytes_mean,5,2.7764451051977987,FbHdp
arm_mean,3573.93193865398,8911.531938653981,1763.6680613460203,homa,5337.6,queue_bytes_p95,5,2.7764451051977987,FbHdp
arm_mean,68725.76527602595,241471.36527602596,104019.83472397405,homa,172745.6,queue_bytes_p99,5,2.7764451051977987,FbHdp
arm_mean,0.0,400020.0,400020.0,homa,400020.0,queue_sample_count,5,2.7764451051977987,FbHdp
arm_mean,0.0,0.0,0.0,homa,0.0,reactive_binding_rate_changes,5,2.7764451051977987,FbHdp
arm_mean,0.0,0.0,0.0,homa,0.0,reactive_binding_updates,5,2.7764451051977987,FbHdp
arm_mean,0.0,0.0,0.0,homa,0.0,recovery_nacks_generated,5,2.7764451051977987,FbHdp
arm_mean,0.0,0.0,0.0,homa,0.0,recovery_nacks_received,5,2.7764451051977987,FbHdp
arm_mean,0.0,0.0,0.0,homa,0.0,registrations,5,2.7764451051977987,FbHdp
arm_mean,0.0,0.0,0.0,homa,0.0,selected_registrations,5,2.7764451051977987,FbHdp
arm_mean,0.0,0.0,0.0,homa,0.0,switch_drops_egress,5,2.7764451051977987,FbHdp
arm_mean,0.0,0.0,0.0,homa,0.0,switch_drops_ingress,5,2.7764451051977987,FbHdp
arm_mean,0.0,0.0,0.0,homa,0.0,switch_drops_total,5,2.7764451051977987,FbHdp
arm_mean,0.0,0.0,0.0,homa,0.0,tie_binding_rate_changes,5,2.7764451051977987,FbHdp
arm_mean,0.0,0.0,0.0,homa,0.0,tie_binding_updates,5,2.7764451051977987,FbHdp
arm_mean,0.0,0.0,0.0,homa,0.0,timeout_recoveries,5,2.7764451051977987,FbHdp
arm_mean,3.734295381215577,48.935151011885694,41.466560249454545,hpcc,45.20085563067012,1BDP_to_1MB_fct_us_mean,5,2.7764451051977987,FbHdp
arm_mean,22.875828655164664,141.76415865516466,96.01250134483533,hpcc,118.88833,1BDP_to_1MB_fct_us_p95,5,2.7764451051977987,FbHdp
arm_mean,76.16011769297572,292.2801976929761,139.95996230702465,hpcc,216.12008000000037,1BDP_to_1MB_fct_us_p99,5,2.7764451051977987,FbHdp
arm_mean,23.970869380334538,303.1708693803345,255.22913061966545,hpcc,279.2,1BDP_to_1MB_flow_count,5,2.7764451051977987,FbHdp
arm_mean,0.10686257225200427,1.589007366163164,1.3752822216591556,hpcc,1.4821447939111598,1BDP_to_1MB_slowdown_mean,5,2.7764451051977987,FbHdp
arm_mean,0.2184701157256398,2.7584580452156926,2.3215178137644132,hpcc,2.539987929490053,1BDP_to_1MB_slowdown_p95,5,2.7764451051977987,FbHdp
arm_mean,0.9189917793186512,4.603210862523382,2.7652273038860797,hpcc,3.684219083204731,1BDP_to_1MB_slowdown_p99,5,2.7764451051977987,FbHdp
arm_mean,0.6554308477518487,14.833351425419702,13.522489729916005,hpcc,14.177920577667853,8KB_to_1BDP_fct_us_mean,5,2.7764451051977987,FbHdp
arm_mean,2.159222771097974,27.540022771097973,23.221577228902028,hpcc,25.3808,8KB_to_1BDP_fct_us_p95,5,2.7764451051977987,FbHdp
arm_mean,4.909667631804629,38.507153631804655,28.687818368195394,hpcc,33.597486000000025,8KB_to_1BDP_fct_us_p99,5,2.7764451051977987,FbHdp
arm_mean,38.60157440709872,661.6015744070987,584.3984255929013,hpcc,623.0,8KB_to_1BDP_flow_count,5,2.7764451051977987,FbHdp
arm_mean,0.048834239104246245,1.304338352723027,1.2066698745145346,hpcc,1.2555041136187808,8KB_to_1BDP_slowdown_mean,5,2.7764451051977987,FbHdp
arm_mean,0.2008933124964183,2.1393773695012324,1.7375907445083958,hpcc,1.938484057004814,8KB_to_1BDP_slowdown_p95,5,2.7764451051977987,FbHdp
arm_mean,0.35407180381362,2.777045365524586,2.068901757897346,hpcc,2.422973561710966,8KB_to_1BDP_slowdown_p99,5,2.7764451051977987,FbHdp
arm_mean,0.0,0.0,0.0,hpcc,0.0,completion_releases,5,2.7764451051977987,FbHdp
arm_mean,0.0,4.0,4.0,hpcc,4.0,elapsed_seconds,5,2.7764451051977987,FbHdp
arm_mean,96.48536233992208,3391.8853623399223,3198.914637660078,hpcc,3295.4,flow_count,5,2.7764451051977987,FbHdp
arm_mean,0.0,0.0,0.0,hpcc,0.0,grant_binding_rate_changes,5,2.7764451051977987,FbHdp
arm_mean,0.0,0.0,0.0,hpcc,0.0,grant_binding_updates,5,2.7764451051977987,FbHdp
arm_mean,0.0,0.0,0.0,hpcc,0.0,grant_bytes_sent,5,2.7764451051977987,FbHdp
arm_mean,0.0,0.0,0.0,hpcc,0.0,grant_event_rate_changes,5,2.7764451051977987,FbHdp
arm_mean,0.0,0.0,0.0,hpcc,0.0,grants_received,5,2.7764451051977987,FbHdp
arm_mean,0.0,0.0,0.0,hpcc,0.0,grants_sent,5,2.7764451051977987,FbHdp
arm_mean,94.50243390048897,665.5724878234812,476.5676200225032,hpcc,571.0700539229922,gt_1MB_fct_us_mean,5,2.7764451051977987,FbHdp
arm_mean,518.0837142496101,2106.1669142496103,1069.9994857503902,hpcc,1588.0832000000003,gt_1MB_fct_us_p95,5,2.7764451051977987,FbHdp
arm_mean,865.5560001224238,3535.441778122424,1804.329777877576,hpcc,2669.885778,gt_1MB_fct_us_p99,5,2.7764451051977987,FbHdp
arm_mean,9.910003438875924,97.71000343887592,77.88999656112408,hpcc,87.8,gt_1MB_flow_count,5,2.7764451051977987,FbHdp
arm_mean,0.2585592853694388,2.2520362824268902,1.7349177116880128,hpcc,1.9934769970574515,gt_1MB_slowdown_mean,5,2.7764451051977987,FbHdp
arm_mean,1.1037645974028905,5.2835631961894665,3.076034001383685,hpcc,4.179798598786576,gt_1MB_slowdown_p95,5,2.7764451051977987,FbHdp
arm_mean,3.2063311339112843,9.96397194604596,3.551309678223392,hpcc,6.757640812134676,gt_1MB_slowdown_p99,5,2.7764451051977987,FbHdp
arm_mean,0.0,0.0,0.0,hpcc,0.0,guard_adaptive_grant_updates,5,2.7764451051977987,FbHdp
arm_mean,0.0,0.0,0.0,hpcc,0.0,guard_concurrency_limited_allocations,5,2.7764451051977987,FbHdp
arm_mean,0.0,0.0,0.0,hpcc,0.0,guard_concurrency_max_deferred_flows,5,2.7764451051977987,FbHdp
arm_mean,0.0,8.0,8.0,hpcc,8.0,guard_concurrency_min_bdps,5,2.7764451051977987,FbHdp
arm_mean,0.0,1.0,1.0,hpcc,1.0,guard_grant_refresh_bdps,5,2.7764451051977987,FbHdp
arm_mean,0.0,0.0,0.0,hpcc,0.0,guard_min_share_fraction,5,2.7764451051977987,FbHdp
arm_mean,0.0,0.0,0.0,hpcc,0.0,guard_rebalance_events,5,2.7764451051977987,FbHdp
arm_mean,0.0,0.0,0.0,hpcc,0.0,guard_receiver_concurrency,5,2.7764451051977987,FbHdp
arm_mean,0.0,1.0,1.0,hpcc,1.0,guard_remaining_aware,5,2.7764451051977987,FbHdp
arm_mean,0.0,1.0,1.0,hpcc,1.0,guard_remaining_exponent,5,2.7764451051977987,FbHdp
arm_mean,0.0,0.0,0.0,hpcc,0.0,guard_remaining_refresh_events,5,2.7764451051977987,FbHdp
arm_mean,0.0,1.0,1.0,hpcc,1.0,guard_sender_srpt_enabled,5,2.7764451051977987,FbHdp
arm_mean,0.0,0.0,0.0,hpcc,0.0,guard_sender_srpt_forced_rr,5,2.7764451051977987,FbHdp
arm_mean,0.0,0.0,0.0,hpcc,0.0,guard_sender_srpt_non_rr,5,2.7764451051977987,FbHdp
arm_mean,0.0,0.0,0.0,hpcc,0.0,guard_sender_srpt_selections,5,2.7764451051977987,FbHdp
arm_mean,0.0,64.0,64.0,hpcc,64.0,guard_srpt_quantum_packets,5,2.7764451051977987,FbHdp
arm_mean,0.0,8.0,8.0,hpcc,8.0,guard_tail_bypass_bdps,5,2.7764451051977987,FbHdp
arm_mean,0.0,1.0,1.0,hpcc,1.0,guard_tail_bypass_enabled,5,2.7764451051977987,FbHdp
arm_mean,0.0,0.0,0.0,hpcc,0.0,guard_tail_bypass_feedbacks,5,2.7764451051977987,FbHdp
arm_mean,0.0,0.0,0.0,hpcc,0.0,guard_tail_bypass_flows,5,2.7764451051977987,FbHdp
arm_mean,0.0,0.0,0.0,hpcc,0.0,homa_completion_notices_received,5,2.7764451051977987,FbHdp
arm_mean,0.0,0.0,0.0,hpcc,0.0,homa_completion_notices_sent,5,2.7764451051977987,FbHdp
arm_mean,0.0,0.0,0.0,hpcc,0.0,homa_data_bytes,5,2.7764451051977987,FbHdp
arm_mean,0.0,0.0,0.0,hpcc,0.0,homa_data_packets,5,2.7764451051977987,FbHdp
arm_mean,0.0,0.0,0.0,hpcc,0.0,homa_grants_received,5,2.7764451051977987,FbHdp
arm_mean,0.0,0.0,0.0,hpcc,0.0,homa_grants_sent,5,2.7764451051977987,FbHdp
arm_mean,0.0,0.0,0.0,hpcc,0.0,homa_max_pending_messages,5,2.7764451051977987,FbHdp
arm_mean,0.0,0.0,0.0,hpcc,0.0,homa_messages_completed,5,2.7764451051977987,FbHdp
arm_mean,0.0,0.0,0.0,hpcc,0.0,homa_messages_tracked,5,2.7764451051977987,FbHdp
arm_mean,0.0,0.0,0.0,hpcc,0.0,homa_resends_received,5,2.7764451051977987,FbHdp
arm_mean,0.0,0.0,0.0,hpcc,0.0,homa_resends_sent,5,2.7764451051977987,FbHdp
arm_mean,0.0,0.0,0.0,hpcc,0.0,homa_retransmit_packets,5,2.7764451051977987,FbHdp
arm_mean,1311.7364777870907,8320.73647778709,5697.263522212909,hpcc,7009.0,hpcc_actual_rate_changes,5,2.7764451051977987,FbHdp
arm_mean,0.0,0.0,0.0,hpcc,0.0,hpcc_fast_computations,5,2.7764451051977987,FbHdp
arm_mean,1587.9887427195192,13054.988742719519,9879.011257280481,hpcc,11467.0,hpcc_feedback_updates,5,2.7764451051977987,FbHdp
arm_mean,1536.2120194025424,9707.812019402543,6635.3879805974575,hpcc,8171.6,hpcc_full_computations,5,2.7764451051977987,FbHdp
arm_mean,1536.2120194025424,9707.812019402543,6635.3879805974575,hpcc,8171.6,hpcc_rate_updates_applied,5,2.7764451051977987,FbHdp
arm_mean,1587.9887427195192,13054.988742719519,9879.011257280481,hpcc,11467.0,hpcc_valid_feedback,5,2.7764451051977987,FbHdp
arm_mean,0.0,0.0,0.0,hpcc,0.0,int_hops_after_strip,5,2.7764451051977987,FbHdp
arm_mean,0.0,0.0,0.0,hpcc,0.0,int_hops_before_strip,5,2.7764451051977987,FbHdp
arm_mean,0.0,0.0,0.0,hpcc,0.0,int_records_stripped,5,2.7764451051977987,FbHdp
arm_mean,0.0,0.0,0.0,hpcc,0.0,irn_nacks_generated,5,2.7764451051977987,FbHdp
arm_mean,0.0,0.0,0.0,hpcc,0.0,irn_nacks_received,5,2.7764451051977987,FbHdp
arm_mean,0.0,0.0,0.0,hpcc,0.0,irn_retransmit_bytes,5,2.7764451051977987,FbHdp
arm_mean,0.0,0.0,0.0,hpcc,0.0,irn_retransmit_packets,5,2.7764451051977987,FbHdp
arm_mean,0.21117865494541974,7.230185862940866,6.807828553050026,hpcc,7.019007207995446,le_8KB_fct_us_mean,5,2.7764451051977987,FbHdp
arm_mean,1.47295832006476,14.272588320064761,11.32667167993524,hpcc,12.79963,le_8KB_fct_us_p95,5,2.7764451051977987,FbHdp
arm_mean,3.0810152876308208,23.45121128763082,17.28918071236918,hpcc,20.370196,le_8KB_fct_us_p99,5,2.7764451051977987,FbHdp
arm_mean,79.35291887057056,2384.7529188705707,2226.0470811294294,hpcc,2305.4,le_8KB_flow_count,5,2.7764451051977987,FbHdp
arm_mean,0.02151991655720676,1.0975878870955875,1.0545480539811738,hpcc,1.0760679705383807,le_8KB_slowdown_mean,5,2.7764451051977987,FbHdp
arm_mean,0.18788204935190111,1.7358384835874585,1.3600743848836563,hpcc,1.5479564342355574,le_8KB_slowdown_p95,5,2.7764451051977987,FbHdp
arm_mean,0.3568723207144991,2.803179753411707,2.089435111982709,hpcc,2.446307432697208,le_8KB_slowdown_p99,5,2.7764451051977987,FbHdp
arm_mean,0.20485336533064802,2.055395200069153,1.6456884694078573,hpcc,1.8505418347385052,long_to_small_slowdown_mean_ratio,5,2.7764451051977987,FbHdp
arm_mean,0.0,0.0,0.0,hpcc,0.0,max_active_flows,5,2.7764451051977987,FbHdp
arm_mean,22358.818225050585,429606.8182250506,384889.1817749494,hpcc,407248.0,output_bytes,5,2.7764451051977987,FbHdp
arm_mean,4.070051954986051,30.788480098293622,22.648376188321517,hpcc,26.71842814330757,overall_fct_us_mean,5,2.7764451051977987,FbHdp
arm_mean,6.304641127312183,53.893901127312155,41.284618872687794,hpcc,47.589259999999975,overall_fct_us_p95,5,2.7764451051977987,FbHdp
arm_mean,143.40761947150716,694.8378474715062,408.0226085284919,hpcc,551.430227999999,overall_fct_us_p99,5,2.7764451051977987,FbHdp
arm_mean,96.48536233992208,3391.8853623399223,3198.914637660078,hpcc,3295.4,overall_flow_count,5,2.7764451051977987,FbHdp
arm_mean,0.039094481033986245,1.2082404997728624,1.13005153770489,hpcc,1.1691460187388762,overall_slowdown_mean,5,2.7764451051977987,FbHdp
arm_mean,0.15847142383978302,2.095079286596592,1.778136438917026,hpcc,1.936607862756809,overall_slowdown_p95,5,2.7764451051977987,FbHdp
arm_mean,0.4247487510815031,3.3483163862273697,2.498818884064363,hpcc,2.9235676351458664,overall_slowdown_p99,5,2.7764451051977987,FbHdp
arm_mean,0.0,0.0,0.0,hpcc,0.0,pfc_cumulative_pause_ns,5,2.7764451051977987,FbHdp
arm_mean,0.0,0.0,0.0,hpcc,0.0,pfc_matched_intervals,5,2.7764451051977987,FbHdp
arm_mean,0.0,0.0,0.0,hpcc,0.0,pfc_max_pause_ns,5,2.7764451051977987,FbHdp
arm_mean,0.0,0.0,0.0,hpcc,0.0,pfc_pause_count,5,2.7764451051977987,FbHdp
arm_mean,0.0,0.0,0.0,hpcc,0.0,pfc_pause_events,5,2.7764451051977987,FbHdp
arm_mean,0.0,0.0,0.0,hpcc,0.0,pfc_resume_count,5,2.7764451051977987,FbHdp
arm_mean,0.0,0.0,0.0,hpcc,0.0,pfc_resume_events,5,2.7764451051977987,FbHdp
arm_mean,0.0,0.0,0.0,hpcc,0.0,pfc_unmatched_pauses,5,2.7764451051977987,FbHdp
arm_mean,0.0,0.0,0.0,hpcc,0.0,pfc_unmatched_resumes,5,2.7764451051977987,FbHdp
arm_mean,0.0,0.0,0.0,hpcc,0.0,proactive_releases,5,2.7764451051977987,FbHdp
arm_mean,111527.00977828502,480351.4097782851,257297.390221715,hpcc,368824.4,queue_bytes_max,5,2.7764451051977987,FbHdp
arm_mean,442.4082521573642,1892.692852157364,1007.8763478426358,hpcc,1450.2846,queue_bytes_mean,5,2.7764451051977987,FbHdp
arm_mean,0.0,0.0,0.0,hpcc,0.0,queue_bytes_p95,5,2.7764451051977987,FbHdp
arm_mean,17102.290690148915,69831.49069014892,35626.90930985108,hpcc,52729.2,queue_bytes_p99,5,2.7764451051977987,FbHdp
arm_mean,0.0,400020.0,400020.0,hpcc,400020.0,queue_sample_count,5,2.7764451051977987,FbHdp
arm_mean,0.0,0.0,0.0,hpcc,0.0,reactive_binding_rate_changes,5,2.7764451051977987,FbHdp
arm_mean,0.0,0.0,0.0,hpcc,0.0,reactive_binding_updates,5,2.7764451051977987,FbHdp
arm_mean,0.0,0.0,0.0,hpcc,0.0,recovery_nacks_generated,5,2.7764451051977987,FbHdp
arm_mean,0.0,0.0,0.0,hpcc,0.0,recovery_nacks_received,5,2.7764451051977987,FbHdp
arm_mean,0.0,0.0,0.0,hpcc,0.0,registrations,5,2.7764451051977987,FbHdp
arm_mean,0.0,0.0,0.0,hpcc,0.0,selected_registrations,5,2.7764451051977987,FbHdp
arm_mean,0.0,0.0,0.0,hpcc,0.0,switch_drops_egress,5,2.7764451051977987,FbHdp
arm_mean,0.0,0.0,0.0,hpcc,0.0,switch_drops_ingress,5,2.7764451051977987,FbHdp
arm_mean,0.0,0.0,0.0,hpcc,0.0,switch_drops_total,5,2.7764451051977987,FbHdp
arm_mean,0.0,0.0,0.0,hpcc,0.0,tie_binding_rate_changes,5,2.7764451051977987,FbHdp
arm_mean,0.0,0.0,0.0,hpcc,0.0,tie_binding_updates,5,2.7764451051977987,FbHdp
arm_mean,0.0,0.0,0.0,hpcc,0.0,timeout_recoveries,5,2.7764451051977987,FbHdp
paired_difference,4.158041199476983,-2.6787322911877185,-10.994814690141684,guard_minus_homa,-6.836773490664702,1BDP_to_1MB_fct_us_mean,5,2.7764451051977987,FbHdp
paired_percent,8.194366176241187,-8.063378076776539,-24.452110429258916,guard_minus_homa,-16.257744253017727,1BDP_to_1MB_fct_us_mean,5,2.7764451051977987,FbHdp
paired_difference,28.010295181108958,4.374955181108966,-51.64563518110895,guard_minus_homa,-23.635339999999992,1BDP_to_1MB_fct_us_p95,5,2.7764451051977987,FbHdp
paired_percent,17.33159848209564,-2.3665346539556396,-37.02973161814692,guard_minus_homa,-19.69813313605128,1BDP_to_1MB_fct_us_p95,5,2.7764451051977987,FbHdp
paired_difference,44.756233985057214,-14.944450014942852,-104.45691798505729,guard_minus_homa,-59.70068400000007,1BDP_to_1MB_fct_us_p99,5,2.7764451051977987,FbHdp
paired_percent,12.015385591692086,-16.998538968581855,-41.02931015196603,guard_minus_homa,-29.013924560273942,1BDP_to_1MB_fct_us_p99,5,2.7764451051977987,FbHdp
paired_difference,0.0,0.0,0.0,guard_minus_homa,0.0,1BDP_to_1MB_flow_count,5,2.7764451051977987,FbHdp
paired_percent,0.0,0.0,0.0,guard_minus_homa,0.0,1BDP_to_1MB_flow_count,5,2.7764451051977987,FbHdp
paired_difference,0.11935904045047005,-0.1010041408309702,-0.3397222217319103,guard_minus_homa,-0.22036318128144025,1BDP_to_1MB_slowdown_mean,5,2.7764451051977987,FbHdp
paired_percent,7.028818583586105,-8.785590087876695,-22.843227255048905,guard_minus_homa,-15.8144086714628,1BDP_to_1MB_slowdown_mean,5,2.7764451051977987,FbHdp
paired_difference,0.6385433983292494,-0.3505620072215865,-1.6276488038800854,guard_minus_homa,-0.9891054055508359,1BDP_to_1MB_slowdown_p95,5,2.7764451051977987,FbHdp
paired_percent,12.596593667796656,-24.822157013944924,-50.01534434953823,guard_minus_homa,-37.41875068174158,1BDP_to_1MB_slowdown_p95,5,2.7764451051977987,FbHdp
paired_difference,1.259034788694728,-1.1442221846892977,-3.6622917620787536,guard_minus_homa,-2.4032569733840257,1BDP_to_1MB_slowdown_p99,5,2.7764451051977987,FbHdp
paired_percent,12.547813016973956,-39.921884169187784,-65.0175102031357,guard_minus_homa,-52.46969718616174,1BDP_to_1MB_slowdown_p99,5,2.7764451051977987,FbHdp
paired_difference,0.0522037881148518,-0.28420526860654527,-0.3886128448362489,guard_minus_homa,-0.3364090567213971,8KB_to_1BDP_fct_us_mean,5,2.7764451051977987,FbHdp
paired_percent,0.4586217182748297,-2.3802414260143476,-3.297484862564007,guard_minus_homa,-2.8388631442891774,8KB_to_1BDP_fct_us_mean,5,2.7764451051977987,FbHdp
paired_difference,0.3761778054794303,-0.6297721945205677,-1.3821278054794282,guard_minus_homa,-1.005949999999998,8KB_to_1BDP_fct_us_p95,5,2.7764451051977987,FbHdp
paired_percent,2.2111974237411642,-3.6420368682252704,-8.064431715707599,guard_minus_homa,-5.853234291966435,8KB_to_1BDP_fct_us_p95,5,2.7764451051977987,FbHdp
paired_difference,1.1568834064451519,-0.47089259355485313,-2.784659406445157,guard_minus_homa,-1.627776000000005,8KB_to_1BDP_fct_us_p99,5,2.7764451051977987,FbHdp
paired_percent,5.292889105111938,-2.4202865066528387,-13.006064716876715,guard_minus_homa,-7.713175611764777,8KB_to_1BDP_fct_us_p99,5,2.7764451051977987,FbHdp
paired_difference,0.0,0.0,0.0,guard_minus_homa,0.0,8KB_to_1BDP_flow_count,5,2.7764451051977987,FbHdp
paired_percent,0.0,0.0,0.0,guard_minus_homa,0.0,8KB_to_1BDP_flow_count,5,2.7764451051977987,FbHdp
paired_difference,0.004491434615985732,-0.022733709060612096,-0.031716578292583564,guard_minus_homa,-0.02722514367659783,8KB_to_1BDP_slowdown_mean,5,2.7764451051977987,FbHdp
paired_percent,0.4127724130889985,-2.141732626673003,-2.967277452851,guard_minus_homa,-2.5545050397620015,8KB_to_1BDP_slowdown_mean,5,2.7764451051977987,FbHdp
paired_difference,0.027738358226797145,-0.15945718785754948,-0.2149339043111438,guard_minus_homa,-0.18719554608434663,8KB_to_1BDP_slowdown_p95,5,2.7764451051977987,FbHdp
paired_percent,2.046750933505817,-12.460310757873447,-16.55381262488508,guard_minus_homa,-14.507061691379263,8KB_to_1BDP_slowdown_p95,5,2.7764451051977987,FbHdp
paired_difference,0.08388527134246976,-0.02687278588370151,-0.19464332856864103,guard_minus_homa,-0.11075805722617127,8KB_to_1BDP_slowdown_p99,5,2.7764451051977987,FbHdp
paired_percent,5.45761141618133,-1.9114089740047495,-12.82663180636741,guard_minus_homa,-7.36902039018608,8KB_to_1BDP_slowdown_p99,5,2.7764451051977987,FbHdp
paired_difference,0.0,0.0,0.0,guard_minus_homa,0.0,completion_releases,5,2.7764451051977987,FbHdp
paired_difference,0.6800873806582569,0.2800873806582569,-1.080087380658257,guard_minus_homa,-0.4,elapsed_seconds,5,2.7764451051977987,FbHdp
paired_percent,20.17040605974227,8.503739393075602,-31.837072726408937,guard_minus_homa,-11.666666666666668,elapsed_seconds,5,2.7764451051977987,FbHdp
paired_difference,0.0,0.0,0.0,guard_minus_homa,0.0,flow_count,5,2.7764451051977987,FbHdp
paired_percent,0.0,0.0,0.0,guard_minus_homa,0.0,flow_count,5,2.7764451051977987,FbHdp
paired_difference,0.6800873806582569,3.0800873806582567,1.719912619341743,guard_minus_homa,2.4,grant_binding_rate_changes,5,2.7764451051977987,FbHdp
paired_difference,34.32701334159364,77.92701334159364,9.27298665840636,guard_minus_homa,43.6,grant_binding_updates,5,2.7764451051977987,FbHdp
paired_difference,79470.74964220574,608070.3496422058,449128.8503577942,guard_minus_homa,528599.6,grant_bytes_sent,5,2.7764451051977987,FbHdp
paired_difference,162.38525252325172,528.3852525232517,203.61474747674828,guard_minus_homa,366.0,grant_event_rate_changes,5,2.7764451051977987,FbHdp
paired_difference,845.433506831976,6468.833506831976,4777.966493168024,guard_minus_homa,5623.4,grants_received,5,2.7764451051977987,FbHdp
paired_difference,845.433506831976,6468.833506831976,4777.966493168024,guard_minus_homa,5623.4,grants_sent,5,2.7764451051977987,FbHdp
paired_difference,7.163714685760616,-4.931418248406826,-19.25884761992806,guard_minus_homa,-12.095132934167442,gt_1MB_fct_us_mean,5,2.7764451051977987,FbHdp
paired_percent,1.4131275327416553,-1.0852056810625543,-3.911460746545865,guard_minus_homa,-2.4983332138042096,gt_1MB_fct_us_mean,5,2.7764451051977987,FbHdp
paired_difference,125.8826155593608,117.24212555936062,-134.52310555936097,guard_minus_homa,-8.640490000000181,gt_1MB_fct_us_p95,5,2.7764451051977987,FbHdp
paired_percent,8.582627487107757,7.244017705335869,-9.921237268879645,guard_minus_homa,-1.338609781771888,gt_1MB_fct_us_p95,5,2.7764451051977987,FbHdp
paired_difference,314.19138703582945,182.34003103582947,-446.0427430358294,guard_minus_homa,-131.85135599999998,gt_1MB_fct_us_p99,5,2.7764451051977987,FbHdp
paired_percent,15.803206678071643,11.926956716534818,-19.679456639608468,guard_minus_homa,-3.8762499615368258,gt_1MB_fct_us_p99,5,2.7764451051977987,FbHdp
paired_difference,0.0,0.0,0.0,guard_minus_homa,0.0,gt_1MB_flow_count,5,2.7764451051977987,FbHdp
paired_percent,0.0,0.0,0.0,guard_minus_homa,0.0,gt_1MB_flow_count,5,2.7764451051977987,FbHdp
paired_difference,0.06288983358621585,0.00988718157267656,-0.11589248559975512,guard_minus_homa,-0.053002652013539285,gt_1MB_slowdown_mean,5,2.7764451051977987,FbHdp
paired_percent,3.7327473436128513,0.581815759289483,-6.88367892793622,guard_minus_homa,-3.1509315843233683,gt_1MB_slowdown_mean,5,2.7764451051977987,FbHdp
paired_difference,0.35073659897896076,-0.03877595234114084,-0.7402491502990624,guard_minus_homa,-0.3895125513201016,gt_1MB_slowdown_p95,5,2.7764451051977987,FbHdp
paired_percent,10.022929346047324,-1.6784234585575746,-21.724282150652222,guard_minus_homa,-11.701352804604898,gt_1MB_slowdown_p95,5,2.7764451051977987,FbHdp
paired_difference,1.492971958318034,0.34387370127335326,-2.6420702153627147,guard_minus_homa,-1.1490982570446808,gt_1MB_slowdown_p99,5,2.7764451051977987,FbHdp
paired_percent,22.26618553716603,1.5983054716388239,-42.93406560269324,guard_minus_homa,-20.667880065527207,gt_1MB_slowdown_p99,5,2.7764451051977987,FbHdp
paired_difference,0.0,0.0,0.0,guard_minus_homa,0.0,guard_adaptive_grant_updates,5,2.7764451051977987,FbHdp
paired_difference,159.63617750083293,413.2361775008329,93.96382249916707,guard_minus_homa,253.6,guard_concurrency_limited_allocations,5,2.7764451051977987,FbHdp
paired_difference,0.6800873806582569,2.0800873806582567,0.719912619341743,guard_minus_homa,1.4,guard_concurrency_max_deferred_flows,5,2.7764451051977987,FbHdp
paired_difference,0.0,4.0,4.0,guard_minus_homa,4.0,guard_concurrency_min_bdps,5,2.7764451051977987,FbHdp
paired_percent,0.0,50.0,50.0,guard_minus_homa,50.0,guard_concurrency_min_bdps,5,2.7764451051977987,FbHdp
paired_difference,0.0,0.0,0.0,guard_minus_homa,0.0,guard_grant_refresh_bdps,5,2.7764451051977987,FbHdp
paired_percent,0.0,0.0,0.0,guard_minus_homa,0.0,guard_grant_refresh_bdps,5,2.7764451051977987,FbHdp
paired_difference,0.0,0.0,0.0,guard_minus_homa,0.0,guard_min_share_fraction,5,2.7764451051977987,FbHdp
paired_difference,0.0,0.0,0.0,guard_minus_homa,0.0,guard_rebalance_events,5,2.7764451051977987,FbHdp
paired_difference,0.0,1.0,1.0,guard_minus_homa,1.0,guard_receiver_concurrency,5,2.7764451051977987,FbHdp
paired_difference,0.0,0.0,0.0,guard_minus_homa,0.0,guard_remaining_aware,5,2.7764451051977987,FbHdp
paired_percent,0.0,0.0,0.0,guard_minus_homa,0.0,guard_remaining_aware,5,2.7764451051977987,FbHdp
paired_difference,0.0,0.0,0.0,guard_minus_homa,0.0,guard_remaining_exponent,5,2.7764451051977987,FbHdp
paired_percent,0.0,0.0,0.0,guard_minus_homa,0.0,guard_remaining_exponent,5,2.7764451051977987,FbHdp
paired_difference,637.1154505934901,5311.31545059349,4037.0845494065097,guard_minus_homa,4674.2,guard_remaining_refresh_events,5,2.7764451051977987,FbHdp
paired_difference,0.0,0.0,0.0,guard_minus_homa,0.0,guard_sender_srpt_enabled,5,2.7764451051977987,FbHdp
paired_percent,0.0,0.0,0.0,guard_minus_homa,0.0,guard_sender_srpt_enabled,5,2.7764451051977987,FbHdp
paired_difference,23.239359681318838,109.63935968131884,63.16064031868117,guard_minus_homa,86.4,guard_sender_srpt_forced_rr,5,2.7764451051977987,FbHdp
paired_difference,11302.971019948935,35674.17101994893,13068.228980051066,guard_minus_homa,24371.2,guard_sender_srpt_non_rr,5,2.7764451051977987,FbHdp
paired_difference,42572.795788570314,448521.5957885703,363376.0042114297,guard_minus_homa,405948.8,guard_sender_srpt_selections,5,2.7764451051977987,FbHdp
paired_difference,0.0,0.0,0.0,guard_minus_homa,0.0,guard_srpt_quantum_packets,5,2.7764451051977987,FbHdp
paired_percent,0.0,0.0,0.0,guard_minus_homa,0.0,guard_srpt_quantum_packets,5,2.7764451051977987,FbHdp
paired_difference,0.0,0.0,0.0,guard_minus_homa,0.0,guard_tail_bypass_bdps,5,2.7764451051977987,FbHdp
paired_percent,0.0,0.0,0.0,guard_minus_homa,0.0,guard_tail_bypass_bdps,5,2.7764451051977987,FbHdp
paired_difference,0.0,0.0,0.0,guard_minus_homa,0.0,guard_tail_bypass_enabled,5,2.7764451051977987,FbHdp
paired_percent,0.0,0.0,0.0,guard_minus_homa,0.0,guard_tail_bypass_enabled,5,2.7764451051977987,FbHdp
paired_difference,982.5735276765934,18241.973527676593,16276.826472323408,guard_minus_homa,17259.4,guard_tail_bypass_feedbacks,5,2.7764451051977987,FbHdp
paired_difference,25.36461538945302,507.764615389453,457.03538461054694,guard_minus_homa,482.4,guard_tail_bypass_flows,5,2.7764451051977987,FbHdp
paired_difference,96.48536233992208,-3198.914637660078,-3391.8853623399223,guard_minus_homa,-3295.4,homa_completion_notices_received,5,2.7764451051977987,FbHdp
paired_percent,0.0,-100.0,-100.0,guard_minus_homa,-100.0,homa_completion_notices_received,5,2.7764451051977987,FbHdp
paired_difference,96.48536233992208,-3198.914637660078,-3391.8853623399223,guard_minus_homa,-3295.4,homa_completion_notices_sent,5,2.7764451051977987,FbHdp
paired_percent,0.0,-100.0,-100.0,guard_minus_homa,-100.0,homa_completion_notices_sent,5,2.7764451051977987,FbHdp
paired_difference,42542306.42108791,-361724812.77891207,-446809425.6210879,guard_minus_homa,-404267119.2,homa_data_bytes,5,2.7764451051977987,FbHdp
paired_percent,0.0,-100.0,-100.0,guard_minus_homa,-100.0,homa_data_bytes,5,2.7764451051977987,FbHdp
paired_difference,42572.795788570314,-363376.0042114297,-448521.5957885703,guard_minus_homa,-405948.8,homa_data_packets,5,2.7764451051977987,FbHdp
paired_percent,0.0,-100.0,-100.0,guard_minus_homa,-100.0,homa_data_packets,5,2.7764451051977987,FbHdp
paired_difference,43228.17142315044,-298285.02857684955,-384741.3714231505,guard_minus_homa,-341513.2,homa_grants_received,5,2.7764451051977987,FbHdp
paired_percent,0.0,-100.0,-100.0,guard_minus_homa,-100.0,homa_grants_received,5,2.7764451051977987,FbHdp
paired_difference,43228.17142315044,-298285.02857684955,-384741.3714231505,guard_minus_homa,-341513.2,homa_grants_sent,5,2.7764451051977987,FbHdp
paired_percent,0.0,-100.0,-100.0,guard_minus_homa,-100.0,homa_grants_sent,5,2.7764451051977987,FbHdp
paired_difference,0.0,-3.0,-3.0,guard_minus_homa,-3.0,homa_max_pending_messages,5,2.7764451051977987,FbHdp
paired_percent,0.0,-100.0,-100.0,guard_minus_homa,-100.0,homa_max_pending_messages,5,2.7764451051977987,FbHdp
paired_difference,96.48536233992208,-3198.914637660078,-3391.8853623399223,guard_minus_homa,-3295.4,homa_messages_completed,5,2.7764451051977987,FbHdp
paired_percent,0.0,-100.0,-100.0,guard_minus_homa,-100.0,homa_messages_completed,5,2.7764451051977987,FbHdp
paired_difference,96.48536233992208,-3198.914637660078,-3391.8853623399223,guard_minus_homa,-3295.4,homa_messages_tracked,5,2.7764451051977987,FbHdp
paired_percent,0.0,-100.0,-100.0,guard_minus_homa,-100.0,homa_messages_tracked,5,2.7764451051977987,FbHdp
paired_difference,0.0,0.0,0.0,guard_minus_homa,0.0,homa_resends_received,5,2.7764451051977987,FbHdp
paired_difference,0.0,0.0,0.0,guard_minus_homa,0.0,homa_resends_sent,5,2.7764451051977987,FbHdp
paired_difference,0.0,0.0,0.0,guard_minus_homa,0.0,homa_retransmit_packets,5,2.7764451051977987,FbHdp
paired_difference,152.89719591408567,663.6971959140857,357.90280408591434,guard_minus_homa,510.8,hpcc_actual_rate_changes,5,2.7764451051977987,FbHdp
paired_difference,0.0,0.0,0.0,guard_minus_homa,0.0,hpcc_fast_computations,5,2.7764451051977987,FbHdp
paired_difference,700.557457335684,4763.157457335684,3362.042542664316,guard_minus_homa,4062.6,hpcc_feedback_updates,5,2.7764451051977987,FbHdp
paired_difference,276.6743916187349,1568.874391618735,1015.5256083812651,guard_minus_homa,1292.2,hpcc_full_computations,5,2.7764451051977987,FbHdp
paired_difference,276.6743916187349,1568.874391618735,1015.5256083812651,guard_minus_homa,1292.2,hpcc_rate_updates_applied,5,2.7764451051977987,FbHdp
paired_difference,278.7423675071686,1624.5423675071686,1067.0576324928313,guard_minus_homa,1345.8,hpcc_valid_feedback,5,2.7764451051977987,FbHdp
paired_difference,7230.724382993322,60085.12438299332,45623.67561700668,guard_minus_homa,52854.4,int_hops_after_strip,5,2.7764451051977987,FbHdp
paired_difference,12079.582708285396,115481.1827082854,91322.01729171461,guard_minus_homa,103401.6,int_hops_before_strip,5,2.7764451051977987,FbHdp
paired_difference,5529.7495635064715,56076.94956350647,45017.45043649353,guard_minus_homa,50547.2,int_records_stripped,5,2.7764451051977987,FbHdp
paired_difference,0.0,0.0,0.0,guard_minus_homa,0.0,irn_nacks_generated,5,2.7764451051977987,FbHdp
paired_difference,0.0,0.0,0.0,guard_minus_homa,0.0,irn_nacks_received,5,2.7764451051977987,FbHdp
paired_difference,0.0,0.0,0.0,guard_minus_homa,0.0,irn_retransmit_bytes,5,2.7764451051977987,FbHdp
paired_difference,0.0,0.0,0.0,guard_minus_homa,0.0,irn_retransmit_packets,5,2.7764451051977987,FbHdp
paired_difference,0.007837249440628902,-0.028284669394639746,-0.04395916827589755,guard_minus_homa,-0.03612191883526865,le_8KB_fct_us_mean,5,2.7764451051977987,FbHdp
paired_percent,0.12033117533833934,-0.4401087973268676,-0.6807711480035463,guard_minus_homa,-0.560439972665207,le_8KB_fct_us_mean,5,2.7764451051977987,FbHdp
paired_difference,0.01976986838405597,-0.055780131615944174,-0.09531986838405612,guard_minus_homa,-0.07555000000000014,le_8KB_fct_us_p95,5,2.7764451051977987,FbHdp
paired_percent,0.22547576891335597,-0.6493121063731959,-1.1002636441999079,guard_minus_homa,-0.8747878752865519,le_8KB_fct_us_p95,5,2.7764451051977987,FbHdp
paired_difference,0.07595510557886452,-0.17714089442113334,-0.3290511055788624,guard_minus_homa,-0.2530959999999979,le_8KB_fct_us_p99,5,2.7764451051977987,FbHdp
paired_percent,0.8214380181260819,-1.960387489650089,-3.6032635259022525,guard_minus_homa,-2.781825507776171,le_8KB_fct_us_p99,5,2.7764451051977987,FbHdp
paired_difference,0.0,0.0,0.0,guard_minus_homa,0.0,le_8KB_flow_count,5,2.7764451051977987,FbHdp
paired_percent,0.0,0.0,0.0,guard_minus_homa,0.0,le_8KB_flow_count,5,2.7764451051977987,FbHdp
paired_difference,0.0009160580798617556,-0.002428343012843529,-0.00426045917256704,guard_minus_homa,-0.0033444010927052847,le_8KB_slowdown_mean,5,2.7764451051977987,FbHdp
paired_percent,0.09068779849266335,-0.24177632307386632,-0.423151920059193,guard_minus_homa,-0.33246412156652966,le_8KB_slowdown_mean,5,2.7764451051977987,FbHdp
paired_difference,0.0004436166088673763,-0.006161283432872348,-0.0070485166506071015,guard_minus_homa,-0.006604900041739725,le_8KB_slowdown_p95,5,2.7764451051977987,FbHdp
paired_percent,0.04284000534637562,-0.6033421853466799,-0.6890221960394313,guard_minus_homa,-0.6461821906930556,le_8KB_slowdown_p95,5,2.7764451051977987,FbHdp
paired_difference,0.013614598101562509,-0.036830504572790454,-0.06405970077591547,guard_minus_homa,-0.05044510267435296,le_8KB_slowdown_p99,5,2.7764451051977987,FbHdp
paired_percent,1.2143217588101798,-3.469868154348651,-5.898511671969011,guard_minus_homa,-4.684189913158831,le_8KB_slowdown_p99,5,2.7764451051977987,FbHdp
paired_difference,0.06259453236762323,0.015332769558649824,-0.10985629517659665,guard_minus_homa,-0.04726176280897341,long_to_small_slowdown_mean_ratio,5,2.7764451051977987,FbHdp
paired_percent,3.738211364710554,0.910210806093593,-6.566211923327515,guard_minus_homa,-2.828000558616961,long_to_small_slowdown_mean_ratio,5,2.7764451051977987,FbHdp
paired_difference,0.0,3.0,3.0,guard_minus_homa,3.0,max_active_flows,5,2.7764451051977987,FbHdp
paired_difference,866087.252929539,1169506.052929539,-562668.4529295389,guard_minus_homa,303418.8,output_bytes,5,2.7764451051977987,FbHdp
paired_percent,217.10059914133618,293.0778293012993,-141.12336898137306,guard_minus_homa,75.97723015996311,output_bytes,5,2.7764451051977987,FbHdp
paired_difference,0.48738941207497455,-0.49883705483958074,-1.4736158789895297,guard_minus_homa,-0.9862264669145553,overall_fct_us_mean,5,2.7764451051977987,FbHdp
paired_percent,1.652531921470374,-2.5224784293459144,-5.827542272286662,guard_minus_homa,-4.175010350816288,overall_fct_us_mean,5,2.7764451051977987,FbHdp
paired_difference,4.789665994147915,-2.6022640058520814,-12.181595994147912,guard_minus_homa,-7.391929999999997,overall_fct_us_p95,5,2.7764451051977987,FbHdp
paired_percent,9.175220908720364,-8.20122407365008,-26.551665891090806,guard_minus_homa,-17.376444982370444,overall_fct_us_p95,5,2.7764451051977987,FbHdp
paired_difference,54.38417955708894,32.16169755708806,-76.60666155708982,guard_minus_homa,-22.222482000000877,overall_fct_us_p99,5,2.7764451051977987,FbHdp
paired_percent,10.339676757668082,5.694603438123497,-14.984750077212666,guard_minus_homa,-4.645073319544585,overall_fct_us_p99,5,2.7764451051977987,FbHdp
paired_difference,0.0,0.0,0.0,guard_minus_homa,0.0,overall_flow_count,5,2.7764451051977987,FbHdp
paired_percent,0.0,0.0,0.0,guard_minus_homa,0.0,overall_flow_count,5,2.7764451051977987,FbHdp
paired_difference,0.009983686047525236,-0.01742357463886875,-0.037390946733919225,guard_minus_homa,-0.027407260686393986,overall_slowdown_mean,5,2.7764451051977987,FbHdp
paired_percent,0.8932521814148734,-1.6719754232612911,-3.4584797860910377,guard_minus_homa,-2.5652276046761644,overall_slowdown_mean,5,2.7764451051977987,FbHdp
paired_difference,0.048650402913420494,-0.07355826909612556,-0.17085907492296656,guard_minus_homa,-0.12220867200954606,overall_slowdown_p95,5,2.7764451051977987,FbHdp
paired_percent,3.234595476901111,-6.353665513459234,-12.822856467261456,guard_minus_homa,-9.588260990360345,overall_slowdown_p95,5,2.7764451051977987,FbHdp
paired_difference,0.25884414654720955,-0.28167923993348687,-0.799367533027906,guard_minus_homa,-0.5405233864806964,overall_slowdown_p99,5,2.7764451051977987,FbHdp
paired_percent,6.7727596606544385,-16.224090399497264,-29.769609720806137,guard_minus_homa,-22.9968500601517,overall_slowdown_p99,5,2.7764451051977987,FbHdp
paired_difference,0.0,0.0,0.0,guard_minus_homa,0.0,pfc_cumulative_pause_ns,5,2.7764451051977987,FbHdp
paired_difference,0.0,0.0,0.0,guard_minus_homa,0.0,pfc_matched_intervals,5,2.7764451051977987,FbHdp
paired_difference,0.0,0.0,0.0,guard_minus_homa,0.0,pfc_max_pause_ns,5,2.7764451051977987,FbHdp
paired_difference,0.0,0.0,0.0,guard_minus_homa,0.0,pfc_pause_count,5,2.7764451051977987,FbHdp
paired_difference,0.0,0.0,0.0,guard_minus_homa,0.0,pfc_pause_events,5,2.7764451051977987,FbHdp
paired_difference,0.0,0.0,0.0,guard_minus_homa,0.0,pfc_resume_count,5,2.7764451051977987,FbHdp
paired_difference,0.0,0.0,0.0,guard_minus_homa,0.0,pfc_resume_events,5,2.7764451051977987,FbHdp
paired_difference,0.0,0.0,0.0,guard_minus_homa,0.0,pfc_unmatched_pauses,5,2.7764451051977987,FbHdp
paired_difference,0.0,0.0,0.0,guard_minus_homa,0.0,pfc_unmatched_resumes,5,2.7764451051977987,FbHdp
paired_difference,25.36461538945302,507.764615389453,457.03538461054694,guard_minus_homa,482.4,proactive_releases,5,2.7764451051977987,FbHdp
paired_difference,71711.48118641641,-66967.1188135836,-210390.0811864164,guard_minus_homa,-138678.6,queue_bytes_max,5,2.7764451051977987,FbHdp
paired_percent,10.698484915834502,-13.94953836308067,-35.346508194749674,guard_minus_homa,-24.648023278915172,queue_bytes_max,5,2.7764451051977987,FbHdp
paired_difference,849.4342121518486,-1524.1291878481516,-3222.9976121518484,guard_minus_homa,-2373.5634,queue_bytes_mean,5,2.7764451051977987,FbHdp
paired_percent,4.212071524810025,-44.61383853199787,-53.03798158161793,guard_minus_homa,-48.8259100568079,queue_bytes_mean,5,2.7764451051977987,FbHdp
paired_difference,3573.93193865398,-1763.6680613460203,-8911.531938653981,guard_minus_homa,-5337.6,queue_bytes_p95,5,2.7764451051977987,FbHdp
paired_percent,0.0,-100.0,-100.0,guard_minus_homa,-100.0,queue_bytes_p95,5,2.7764451051977987,FbHdp
paired_difference,61235.70426682493,-6869.895733175079,-129341.30426682494,guard_minus_homa,-68105.6,queue_bytes_p99,5,2.7764451051977987,FbHdp
paired_percent,19.757301643802247,-15.790680597527288,-55.305283885131786,guard_minus_homa,-35.547982241329535,queue_bytes_p99,5,2.7764451051977987,FbHdp
paired_difference,0.0,0.0,0.0,guard_minus_homa,0.0,queue_sample_count,5,2.7764451051977987,FbHdp
paired_percent,0.0,0.0,0.0,guard_minus_homa,0.0,queue_sample_count,5,2.7764451051977987,FbHdp
paired_difference,143.01684070104147,619.4168407010415,333.3831592989585,guard_minus_homa,476.4,reactive_binding_rate_changes,5,2.7764451051977987,FbHdp
paired_difference,143.01684070104147,619.4168407010415,333.3831592989585,guard_minus_homa,476.4,reactive_binding_updates,5,2.7764451051977987,FbHdp
paired_difference,0.0,0.0,0.0,guard_minus_homa,0.0,recovery_nacks_generated,5,2.7764451051977987,FbHdp
paired_difference,0.0,0.0,0.0,guard_minus_homa,0.0,recovery_nacks_received,5,2.7764451051977987,FbHdp
paired_difference,25.36461538945302,507.764615389453,457.03538461054694,guard_minus_homa,482.4,registrations,5,2.7764451051977987,FbHdp
paired_difference,25.36461538945302,507.764615389453,457.03538461054694,guard_minus_homa,482.4,selected_registrations,5,2.7764451051977987,FbHdp
paired_difference,0.0,0.0,0.0,guard_minus_homa,0.0,switch_drops_egress,5,2.7764451051977987,FbHdp
paired_difference,0.0,0.0,0.0,guard_minus_homa,0.0,switch_drops_ingress,5,2.7764451051977987,FbHdp
paired_difference,0.0,0.0,0.0,guard_minus_homa,0.0,switch_drops_total,5,2.7764451051977987,FbHdp
paired_difference,12.447642876695733,44.44764287669573,19.55235712330427,guard_minus_homa,32.0,tie_binding_rate_changes,5,2.7764451051977987,FbHdp
paired_difference,212.45411645098523,984.6541164509853,559.7458835490148,guard_minus_homa,772.2,tie_binding_updates,5,2.7764451051977987,FbHdp
paired_difference,0.0,0.0,0.0,guard_minus_homa,0.0,timeout_recoveries,5,2.7764451051977987,FbHdp
paired_difference,3.598003527867212,-7.4375339828521,-14.633541038586523,guard_minus_hpcc,-11.035537510719312,1BDP_to_1MB_fct_us_mean,5,2.7764451051977987,FbHdp
paired_percent,5.901166421563537,-18.27936956825553,-30.081702411382604,guard_minus_hpcc,-24.180535989819067,1BDP_to_1MB_fct_us_mean,5,2.7764451051977987,FbHdp
paired_difference,24.075084516718178,-10.12053548328182,-58.270704516718176,guard_minus_hpcc,-34.19562,1BDP_to_1MB_fct_us_p95,5,2.7764451051977987,FbHdp
paired_percent,14.565064071263988,-12.797312340775454,-41.92744048330343,guard_minus_hpcc,-27.362376412039442,1BDP_to_1MB_fct_us_p95,5,2.7764451051977987,FbHdp
paired_difference,25.735797314114624,-54.8807466858857,-106.35234131411494,guard_minus_hpcc,-80.61654400000032,1BDP_to_1MB_fct_us_p99,5,2.7764451051977987,FbHdp
paired_percent,3.912471756367162,-33.60778075493672,-41.43272426767104,guard_minus_hpcc,-37.52025251130388,1BDP_to_1MB_fct_us_p99,5,2.7764451051977987,FbHdp
paired_difference,0.0,0.0,0.0,guard_minus_hpcc,0.0,1BDP_to_1MB_flow_count,5,2.7764451051977987,FbHdp
paired_percent,0.0,0.0,0.0,guard_minus_hpcc,0.0,1BDP_to_1MB_flow_count,5,2.7764451051977987,FbHdp
paired_difference,0.0898182837185509,-0.2500513132940191,-0.42968788073112085,guard_minus_hpcc,-0.33986959701256997,1BDP_to_1MB_slowdown_mean,5,2.7764451051977987,FbHdp
paired_percent,4.324352995766064,-18.447424260080346,-27.096130251612472,guard_minus_hpcc,-22.77177725584641,1BDP_to_1MB_slowdown_mean,5,2.7764451051977987,FbHdp
paired_difference,0.1974747955916483,-0.8151647399420814,-1.210114331125378,guard_minus_hpcc,-1.0126395355337297,1BDP_to_1MB_slowdown_p95,5,2.7764451051977987,FbHdp
paired_percent,5.21819875507866,-34.49351830319914,-44.92991581335646,guard_minus_hpcc,-39.7117170582778,1BDP_to_1MB_slowdown_p95,5,2.7764451051977987,FbHdp
paired_difference,0.8161648292612868,-0.8360657298834616,-2.468395388406035,guard_minus_hpcc,-1.6522305591447484,1BDP_to_1MB_slowdown_p99,5,2.7764451051977987,FbHdp
paired_percent,12.12772444423981,-31.471246783227514,-55.726695671707134,guard_minus_hpcc,-43.598971227467324,1BDP_to_1MB_slowdown_p99,5,2.7764451051977987,FbHdp
paired_difference,0.6205347807829535,-2.0366247642502127,-3.2776943258161197,guard_minus_hpcc,-2.657159545033166,8KB_to_1BDP_fct_us_mean,5,2.7764451051977987,FbHdp
paired_percent,3.542908872006125,-15.120942049003736,-22.206759793015983,guard_minus_hpcc,-18.66385092100986,8KB_to_1BDP_fct_us_mean,5,2.7764451051977987,FbHdp
paired_difference,2.0500681675537735,-7.137391832446225,-11.237528167553771,guard_minus_hpcc,-9.187459999999998,8KB_to_1BDP_fct_us_p95,5,2.7764451051977987,FbHdp
paired_percent,5.187064914634467,-30.800206850125328,-41.174336679394266,guard_minus_hpcc,-35.9872717647598,8KB_to_1BDP_fct_us_p95,5,2.7764451051977987,FbHdp
paired_difference,5.679917575998082,-8.625320424001945,-19.985155575998107,guard_minus_hpcc,-14.305238000000026,8KB_to_1BDP_fct_us_p99,5,2.7764451051977987,FbHdp
paired_percent,10.626709740856038,-31.166368541566534,-52.419788023278606,guard_minus_hpcc,-41.79307828242257,8KB_to_1BDP_fct_us_p99,5,2.7764451051977987,FbHdp
paired_difference,0.0,0.0,0.0,guard_minus_hpcc,0.0,8KB_to_1BDP_flow_count,5,2.7764451051977987,FbHdp
paired_percent,0.0,0.0,0.0,guard_minus_hpcc,0.0,8KB_to_1BDP_flow_count,5,2.7764451051977987,FbHdp
paired_difference,0.048204691699999386,-0.16912085215906106,-0.26553023555905986,guard_minus_hpcc,-0.21732554385906044,8KB_to_1BDP_slowdown_mean,5,2.7764451051977987,FbHdp
paired_percent,3.1842305843420537,-14.061474463567365,-20.42993563225147,guard_minus_hpcc,-17.245705047909418,8KB_to_1BDP_slowdown_mean,5,2.7764451051977987,FbHdp
paired_difference,0.19098984077251557,-0.6447419819283379,-1.026721663473369,guard_minus_hpcc,-0.8357318227008534,8KB_to_1BDP_slowdown_p95,5,2.7764451051977987,FbHdp
paired_percent,6.126597276644689,-36.68078683237723,-48.933981385666605,guard_minus_hpcc,-42.80738410902192,8KB_to_1BDP_slowdown_p95,5,2.7764451051977987,FbHdp
paired_difference,0.3490572543451719,-0.6911318188623153,-1.3892463275526592,guard_minus_hpcc,-1.0401890732074872,8KB_to_1BDP_slowdown_p99,5,2.7764451051977987,FbHdp
paired_percent,8.999927347408516,-33.29860074755156,-51.29845544236859,guard_minus_hpcc,-42.298528094960076,8KB_to_1BDP_slowdown_p99,5,2.7764451051977987,FbHdp
paired_difference,0.0,0.0,0.0,guard_minus_hpcc,0.0,completion_releases,5,2.7764451051977987,FbHdp
paired_difference,0.5552890210395597,-0.6447109789604403,-1.7552890210395597,guard_minus_hpcc,-1.2,elapsed_seconds,5,2.7764451051977987,FbHdp
paired_percent,13.882225525988993,-16.117774474011007,-43.88222552598899,guard_minus_hpcc,-30.0,elapsed_seconds,5,2.7764451051977987,FbHdp
paired_difference,0.0,0.0,0.0,guard_minus_hpcc,0.0,flow_count,5,2.7764451051977987,FbHdp
paired_percent,0.0,0.0,0.0,guard_minus_hpcc,0.0,flow_count,5,2.7764451051977987,FbHdp
paired_difference,0.6800873806582569,3.0800873806582567,1.719912619341743,guard_minus_hpcc,2.4,grant_binding_rate_changes,5,2.7764451051977987,FbHdp
paired_difference,34.32701334159364,77.92701334159364,9.27298665840636,guard_minus_hpcc,43.6,grant_binding_updates,5,2.7764451051977987,FbHdp
paired_difference,79470.74964220574,608070.3496422058,449128.8503577942,guard_minus_hpcc,528599.6,grant_bytes_sent,5,2.7764451051977987,FbHdp
paired_difference,162.38525252325172,528.3852525232517,203.61474747674828,guard_minus_hpcc,366.0,grant_event_rate_changes,5,2.7764451051977987,FbHdp
paired_difference,845.433506831976,6468.833506831976,4777.966493168024,guard_minus_hpcc,5623.4,grants_received,5,2.7764451051977987,FbHdp
paired_difference,845.433506831976,6468.833506831976,4777.966493168024,guard_minus_hpcc,5623.4,grants_sent,5,2.7764451051977987,FbHdp
paired_difference,42.339934669667386,-53.443023131401134,-138.1228924707359,guard_minus_hpcc,-95.78295780106852,gt_1MB_fct_us_mean,5,2.7764451051977987,FbHdp
paired_percent,5.257095006708749,-11.103197695727975,-21.617387709145472,guard_minus_hpcc,-16.360292702436723,gt_1MB_fct_us_mean,5,2.7764451051977987,FbHdp
paired_difference,224.7400153882447,-100.66519461175565,-550.1452253882451,guard_minus_hpcc,-325.40521000000035,gt_1MB_fct_us_p95,5,2.7764451051977987,FbHdp
paired_percent,12.389276562916418,-7.036474350420402,-31.81502747625324,guard_minus_hpcc,-19.42575091333682,gt_1MB_fct_us_p95,5,2.7764451051977987,FbHdp
paired_difference,585.9490953395774,-100.50250466042257,-1272.4006953395774,guard_minus_hpcc,-686.4516,gt_1MB_fct_us_p99,5,2.7764451051977987,FbHdp
paired_percent,17.97409646056369,-5.035108659077295,-40.983301580204675,guard_minus_hpcc,-23.009205119640985,gt_1MB_fct_us_p99,5,2.7764451051977987,FbHdp
paired_difference,0.0,0.0,0.0,guard_minus_hpcc,0.0,gt_1MB_flow_count,5,2.7764451051977987,FbHdp
paired_percent,0.0,0.0,0.0,guard_minus_hpcc,0.0,gt_1MB_flow_count,5,2.7764451051977987,FbHdp
paired_difference,0.13159115874298183,-0.22572834602219088,-0.48891066350815454,guard_minus_hpcc,-0.3573195047651727,gt_1MB_slowdown_mean,5,2.7764451051977987,FbHdp
paired_percent,4.642772347850341,-13.012164668065656,-22.297709363766337,guard_minus_hpcc,-17.654937015915998,gt_1MB_slowdown_mean,5,2.7764451051977987,FbHdp
paired_difference,0.5944916315594965,-0.6416070424807861,-1.8305903055997792,guard_minus_hpcc,-1.2360986740402826,gt_1MB_slowdown_p95,5,2.7764451051977987,FbHdp
paired_percent,9.022430266363674,-19.621102703661105,-37.66596323638845,guard_minus_hpcc,-28.64353297002478,gt_1MB_slowdown_p95,5,2.7764451051977987,FbHdp
paired_difference,2.9791149426041157,-0.04623337548395412,-6.0044632606921855,guard_minus_hpcc,-3.02534831808807,gt_1MB_slowdown_p99,5,2.7764451051977987,FbHdp
paired_percent,22.123566185656983,-17.465974515978765,-61.71310688729273,guard_minus_hpcc,-39.58954070163575,gt_1MB_slowdown_p99,5,2.7764451051977987,FbHdp
paired_difference,0.0,0.0,0.0,guard_minus_hpcc,0.0,guard_adaptive_grant_updates,5,2.7764451051977987,FbHdp
paired_difference,159.63617750083293,413.2361775008329,93.96382249916707,guard_minus_hpcc,253.6,guard_concurrency_limited_allocations,5,2.7764451051977987,FbHdp
paired_difference,0.6800873806582569,2.0800873806582567,0.719912619341743,guard_minus_hpcc,1.4,guard_concurrency_max_deferred_flows,5,2.7764451051977987,FbHdp
paired_difference,0.0,4.0,4.0,guard_minus_hpcc,4.0,guard_concurrency_min_bdps,5,2.7764451051977987,FbHdp
paired_percent,0.0,50.0,50.0,guard_minus_hpcc,50.0,guard_concurrency_min_bdps,5,2.7764451051977987,FbHdp
paired_difference,0.0,0.0,0.0,guard_minus_hpcc,0.0,guard_grant_refresh_bdps,5,2.7764451051977987,FbHdp
paired_percent,0.0,0.0,0.0,guard_minus_hpcc,0.0,guard_grant_refresh_bdps,5,2.7764451051977987,FbHdp
paired_difference,0.0,0.0,0.0,guard_minus_hpcc,0.0,guard_min_share_fraction,5,2.7764451051977987,FbHdp
paired_difference,0.0,0.0,0.0,guard_minus_hpcc,0.0,guard_rebalance_events,5,2.7764451051977987,FbHdp
paired_difference,0.0,1.0,1.0,guard_minus_hpcc,1.0,guard_receiver_concurrency,5,2.7764451051977987,FbHdp
paired_difference,0.0,0.0,0.0,guard_minus_hpcc,0.0,guard_remaining_aware,5,2.7764451051977987,FbHdp
paired_percent,0.0,0.0,0.0,guard_minus_hpcc,0.0,guard_remaining_aware,5,2.7764451051977987,FbHdp
paired_difference,0.0,0.0,0.0,guard_minus_hpcc,0.0,guard_remaining_exponent,5,2.7764451051977987,FbHdp
paired_percent,0.0,0.0,0.0,guard_minus_hpcc,0.0,guard_remaining_exponent,5,2.7764451051977987,FbHdp
paired_difference,637.1154505934901,5311.31545059349,4037.0845494065097,guard_minus_hpcc,4674.2,guard_remaining_refresh_events,5,2.7764451051977987,FbHdp
paired_difference,0.0,0.0,0.0,guard_minus_hpcc,0.0,guard_sender_srpt_enabled,5,2.7764451051977987,FbHdp
paired_percent,0.0,0.0,0.0,guard_minus_hpcc,0.0,guard_sender_srpt_enabled,5,2.7764451051977987,FbHdp
paired_difference,23.239359681318838,109.63935968131884,63.16064031868117,guard_minus_hpcc,86.4,guard_sender_srpt_forced_rr,5,2.7764451051977987,FbHdp
paired_difference,11302.971019948935,35674.17101994893,13068.228980051066,guard_minus_hpcc,24371.2,guard_sender_srpt_non_rr,5,2.7764451051977987,FbHdp
paired_difference,42572.795788570314,448521.5957885703,363376.0042114297,guard_minus_hpcc,405948.8,guard_sender_srpt_selections,5,2.7764451051977987,FbHdp
paired_difference,0.0,0.0,0.0,guard_minus_hpcc,0.0,guard_srpt_quantum_packets,5,2.7764451051977987,FbHdp
paired_percent,0.0,0.0,0.0,guard_minus_hpcc,0.0,guard_srpt_quantum_packets,5,2.7764451051977987,FbHdp
paired_difference,0.0,0.0,0.0,guard_minus_hpcc,0.0,guard_tail_bypass_bdps,5,2.7764451051977987,FbHdp
paired_percent,0.0,0.0,0.0,guard_minus_hpcc,0.0,guard_tail_bypass_bdps,5,2.7764451051977987,FbHdp
paired_difference,0.0,0.0,0.0,guard_minus_hpcc,0.0,guard_tail_bypass_enabled,5,2.7764451051977987,FbHdp
paired_percent,0.0,0.0,0.0,guard_minus_hpcc,0.0,guard_tail_bypass_enabled,5,2.7764451051977987,FbHdp
paired_difference,982.5735276765934,18241.973527676593,16276.826472323408,guard_minus_hpcc,17259.4,guard_tail_bypass_feedbacks,5,2.7764451051977987,FbHdp
paired_difference,25.36461538945302,507.764615389453,457.03538461054694,guard_minus_hpcc,482.4,guard_tail_bypass_flows,5,2.7764451051977987,FbHdp
paired_difference,0.0,0.0,0.0,guard_minus_hpcc,0.0,homa_completion_notices_received,5,2.7764451051977987,FbHdp
paired_difference,0.0,0.0,0.0,guard_minus_hpcc,0.0,homa_completion_notices_sent,5,2.7764451051977987,FbHdp
paired_difference,0.0,0.0,0.0,guard_minus_hpcc,0.0,homa_data_bytes,5,2.7764451051977987,FbHdp
paired_difference,0.0,0.0,0.0,guard_minus_hpcc,0.0,homa_data_packets,5,2.7764451051977987,FbHdp
paired_difference,0.0,0.0,0.0,guard_minus_hpcc,0.0,homa_grants_received,5,2.7764451051977987,FbHdp
paired_difference,0.0,0.0,0.0,guard_minus_hpcc,0.0,homa_grants_sent,5,2.7764451051977987,FbHdp
paired_difference,0.0,0.0,0.0,guard_minus_hpcc,0.0,homa_max_pending_messages,5,2.7764451051977987,FbHdp
paired_difference,0.0,0.0,0.0,guard_minus_hpcc,0.0,homa_messages_completed,5,2.7764451051977987,FbHdp
paired_difference,0.0,0.0,0.0,guard_minus_hpcc,0.0,homa_messages_tracked,5,2.7764451051977987,FbHdp
paired_difference,0.0,0.0,0.0,guard_minus_hpcc,0.0,homa_resends_received,5,2.7764451051977987,FbHdp
paired_difference,0.0,0.0,0.0,guard_minus_hpcc,0.0,homa_resends_sent,5,2.7764451051977987,FbHdp
paired_difference,0.0,0.0,0.0,guard_minus_hpcc,0.0,homa_retransmit_packets,5,2.7764451051977987,FbHdp
paired_difference,1215.907165236744,-5282.292834763256,-7714.107165236744,guard_minus_hpcc,-6498.2,hpcc_actual_rate_changes,5,2.7764451051977987,FbHdp
paired_percent,1.518331131539839,-91.21505507540951,-94.25171733848919,guard_minus_hpcc,-92.73338620694935,hpcc_actual_rate_changes,5,2.7764451051977987,FbHdp
paired_difference,0.0,0.0,0.0,guard_minus_hpcc,0.0,hpcc_fast_computations,5,2.7764451051977987,FbHdp
paired_difference,984.0371671020694,-6420.36283289793,-8388.437167102069,guard_minus_hpcc,-7404.4,hpcc_feedback_updates,5,2.7764451051977987,FbHdp
paired_percent,2.4499407754977285,-62.17956582829776,-67.07944737929321,guard_minus_hpcc,-64.62950660379549,hpcc_feedback_updates,5,2.7764451051977987,FbHdp
paired_difference,1290.4699414679603,-5588.93005853204,-8169.8699414679595,guard_minus_hpcc,-6879.4,hpcc_full_computations,5,2.7764451051977987,FbHdp
paired_percent,1.3444158455090733,-82.84961250908482,-85.53844420010297,guard_minus_hpcc,-84.1940283545939,hpcc_full_computations,5,2.7764451051977987,FbHdp
paired_difference,1290.4699414679603,-5588.93005853204,-8169.8699414679595,guard_minus_hpcc,-6879.4,hpcc_rate_updates_applied,5,2.7764451051977987,FbHdp
paired_percent,1.3444158455090733,-82.84961250908482,-85.53844420010297,guard_minus_hpcc,-84.1940283545939,hpcc_rate_updates_applied,5,2.7764451051977987,FbHdp
paired_difference,1336.1370262841353,-8785.062973715865,-11457.337026284136,guard_minus_hpcc,-10121.2,hpcc_valid_feedback,5,2.7764451051977987,FbHdp
paired_percent,1.0997753799378491,-87.20910936144942,-89.40866012132513,guard_minus_hpcc,-88.30888474138727,hpcc_valid_feedback,5,2.7764451051977987,FbHdp
paired_difference,7230.724382993322,60085.12438299332,45623.67561700668,guard_minus_hpcc,52854.4,int_hops_after_strip,5,2.7764451051977987,FbHdp
paired_difference,12079.582708285396,115481.1827082854,91322.01729171461,guard_minus_hpcc,103401.6,int_hops_before_strip,5,2.7764451051977987,FbHdp
paired_difference,5529.7495635064715,56076.94956350647,45017.45043649353,guard_minus_hpcc,50547.2,int_records_stripped,5,2.7764451051977987,FbHdp
paired_difference,0.0,0.0,0.0,guard_minus_hpcc,0.0,irn_nacks_generated,5,2.7764451051977987,FbHdp
paired_difference,0.0,0.0,0.0,guard_minus_hpcc,0.0,irn_nacks_received,5,2.7764451051977987,FbHdp
paired_difference,0.0,0.0,0.0,guard_minus_hpcc,0.0,irn_retransmit_bytes,5,2.7764451051977987,FbHdp
paired_difference,0.0,0.0,0.0,guard_minus_hpcc,0.0,irn_retransmit_packets,5,2.7764451051977987,FbHdp
paired_difference,0.1765124971397631,-0.43531205299239306,-0.7883370472719193,guard_minus_hpcc,-0.6118245501321562,le_8KB_fct_us_mean,5,2.7764451051977987,FbHdp
paired_percent,2.245816883908547,-6.435971175575728,-10.927604943392822,guard_minus_hpcc,-8.681788059484274,le_8KB_fct_us_mean,5,2.7764451051977987,FbHdp
paired_difference,1.444714553248047,-2.7997354467519537,-5.689164553248047,guard_minus_hpcc,-4.2444500000000005,le_8KB_fct_us_p95,5,2.7764451051977987,FbHdp
paired_percent,7.495947999460999,-25.218249735060564,-40.210145733982564,guard_minus_hpcc,-32.71419773452156,le_8KB_fct_us_p95,5,2.7764451051977987,FbHdp
paired_difference,3.0647763656979157,-8.465179634302082,-14.594732365697915,guard_minus_hpcc,-11.529955999999999,le_8KB_fct_us_p99,5,2.7764451051977987,FbHdp
paired_percent,5.871610726376447,-50.27289054087147,-62.016111993624364,guard_minus_hpcc,-56.14450126724792,le_8KB_fct_us_p99,5,2.7764451051977987,FbHdp
paired_difference,0.0,0.0,0.0,guard_minus_hpcc,0.0,le_8KB_flow_count,5,2.7764451051977987,FbHdp
paired_percent,0.0,0.0,0.0,guard_minus_hpcc,0.0,le_8KB_flow_count,5,2.7764451051977987,FbHdp
paired_difference,0.02110782098225495,-0.05253068884407878,-0.09474633080858869,guard_minus_hpcc,-0.07363850982633373,le_8KB_slowdown_mean,5,2.7764451051977987,FbHdp
paired_percent,1.8204157267839796,-5.003991696986823,-8.644823150554782,guard_minus_hpcc,-6.824407423770802,le_8KB_slowdown_mean,5,2.7764451051977987,FbHdp
paired_difference,0.18668172123295879,-0.3457652865634925,-0.71912872902941,guard_minus_hpcc,-0.5324470077964513,le_8KB_slowdown_p95,5,2.7764451051977987,FbHdp
paired_percent,7.961639322955888,-25.93489895947016,-41.85817760538194,guard_minus_hpcc,-33.89653828242605,le_8KB_slowdown_p95,5,2.7764451051977987,FbHdp
paired_difference,0.356567420182111,-1.0653308822924625,-1.7784657226566845,guard_minus_hpcc,-1.4218983024745735,le_8KB_slowdown_p99,5,2.7764451051977987,FbHdp
paired_percent,5.4952584622779295,-52.214223213119375,-63.20474013767524,guard_minus_hpcc,-57.709481675397306,le_8KB_slowdown_p99,5,2.7764451051977987,FbHdp
paired_difference,0.08637648764279594,-0.13199980505661318,-0.30475278034220504,guard_minus_hpcc,-0.2183762926994091,long_to_small_slowdown_mean_ratio,5,2.7764451051977987,FbHdp
paired_percent,3.714053306090733,-7.932863832556256,-15.360970444737722,guard_minus_hpcc,-11.64691713864699,long_to_small_slowdown_mean_ratio,5,2.7764451051977987,FbHdp
paired_difference,0.0,3.0,3.0,guard_minus_hpcc,3.0,max_active_flows,5,2.7764451051977987,FbHdp
paired_difference,863280.0988712581,1147302.098871258,-579258.0988712581,guard_minus_hpcc,284022.0,output_bytes,5,2.7764451051977987,FbHdp
paired_percent,204.48167471043814,271.4909744709807,-137.4723749498956,guard_minus_hpcc,67.00929976054255,output_bytes,5,2.7764451051977987,FbHdp
paired_difference,1.833550971786025,-2.6283841985335537,-6.295486142105603,guard_minus_hpcc,-4.461935170319578,overall_fct_us_mean,5,2.7764451051977987,FbHdp
paired_percent,4.458128903666228,-11.896841400416218,-20.813099207748675,guard_minus_hpcc,-16.354970304082446,overall_fct_us_mean,5,2.7764451051977987,FbHdp
paired_difference,4.768823455972335,-9.050276544027666,-18.587923455972337,guard_minus_hpcc,-13.8191,overall_fct_us_p95,5,2.7764451051977987,FbHdp
paired_percent,6.687179753363855,-21.99231598979612,-35.36667549652383,guard_minus_hpcc,-28.679495743159976,overall_fct_us_p95,5,2.7764451051977987,FbHdp
paired_difference,101.85725183330823,-10.041878166692698,-213.75638183330915,guard_minus_hpcc,-111.89913000000092,overall_fct_us_p99,5,2.7764451051977987,FbHdp
paired_percent,12.842215051575042,-6.161263100774047,-31.84569320392413,guard_minus_hpcc,-19.00347815234909,overall_fct_us_p99,5,2.7764451051977987,FbHdp
paired_difference,0.0,0.0,0.0,guard_minus_hpcc,0.0,overall_flow_count,5,2.7764451051977987,FbHdp
paired_percent,0.0,0.0,0.0,guard_minus_hpcc,0.0,overall_flow_count,5,2.7764451051977987,FbHdp
paired_difference,0.032812182929049666,-0.09819316707479753,-0.16381753293289686,guard_minus_hpcc,-0.1310053500038472,overall_slowdown_mean,5,2.7764451051977987,FbHdp
paired_percent,2.416415141122493,-8.747026359975973,-13.57985664222096,guard_minus_hpcc,-11.163441501098466,overall_slowdown_mean,5,2.7764451051977987,FbHdp
paired_difference,0.13294280093893954,-0.6629588087743403,-0.9288444106522193,guard_minus_hpcc,-0.7959016097132798,overall_slowdown_p95,5,2.7764451051977987,FbHdp
paired_percent,3.4543437448770002,-37.498375449226096,-44.4070629389801,guard_minus_hpcc,-40.952719194103096,overall_slowdown_p95,5,2.7764451051977987,FbHdp
paired_difference,0.3070421569535743,-0.861079030434346,-1.4751633443414947,guard_minus_hpcc,-1.1681211873879203,overall_slowdown_p99,5,2.7764451051977987,FbHdp
paired_percent,6.784016328542455,-32.97812152626629,-46.546154183351206,guard_minus_hpcc,-39.76213785480875,overall_slowdown_p99,5,2.7764451051977987,FbHdp
paired_difference,0.0,0.0,0.0,guard_minus_hpcc,0.0,pfc_cumulative_pause_ns,5,2.7764451051977987,FbHdp
paired_difference,0.0,0.0,0.0,guard_minus_hpcc,0.0,pfc_matched_intervals,5,2.7764451051977987,FbHdp
paired_difference,0.0,0.0,0.0,guard_minus_hpcc,0.0,pfc_max_pause_ns,5,2.7764451051977987,FbHdp
paired_difference,0.0,0.0,0.0,guard_minus_hpcc,0.0,pfc_pause_count,5,2.7764451051977987,FbHdp
paired_difference,0.0,0.0,0.0,guard_minus_hpcc,0.0,pfc_pause_events,5,2.7764451051977987,FbHdp
paired_difference,0.0,0.0,0.0,guard_minus_hpcc,0.0,pfc_resume_count,5,2.7764451051977987,FbHdp
paired_difference,0.0,0.0,0.0,guard_minus_hpcc,0.0,pfc_resume_events,5,2.7764451051977987,FbHdp
paired_difference,0.0,0.0,0.0,guard_minus_hpcc,0.0,pfc_unmatched_pauses,5,2.7764451051977987,FbHdp
paired_difference,0.0,0.0,0.0,guard_minus_hpcc,0.0,pfc_unmatched_resumes,5,2.7764451051977987,FbHdp
paired_difference,25.36461538945302,507.764615389453,457.03538461054694,guard_minus_hpcc,482.4,proactive_releases,5,2.7764451051977987,FbHdp
paired_difference,89214.3247839023,135881.7247839023,-42546.924783902294,guard_minus_hpcc,46667.4,queue_bytes_max,5,2.7764451051977987,FbHdp
paired_percent,26.398969289636398,42.624954817893865,-10.17298376137893,guard_minus_hpcc,16.225985528257468,queue_bytes_max,5,2.7764451051977987,FbHdp
paired_difference,309.02792952269795,1308.752329522698,690.6964704773019,guard_minus_hpcc,999.7243999999998,queue_bytes_mean,5,2.7764451051977987,FbHdp
paired_percent,17.394874257993425,87.17078521150043,52.381036695513586,guard_minus_hpcc,69.77591095350701,queue_bytes_mean,5,2.7764451051977987,FbHdp
paired_difference,0.0,0.0,0.0,guard_minus_hpcc,0.0,queue_bytes_p95,5,2.7764451051977987,FbHdp
paired_difference,11911.793776036395,63822.593776036396,39999.00622396361,guard_minus_hpcc,51910.8,queue_bytes_p99,5,2.7764451051977987,FbHdp
paired_percent,43.67828335523729,149.08004366406195,61.72347695358736,guard_minus_hpcc,105.40176030882465,queue_bytes_p99,5,2.7764451051977987,FbHdp
paired_difference,0.0,0.0,0.0,guard_minus_hpcc,0.0,queue_sample_count,5,2.7764451051977987,FbHdp
paired_percent,0.0,0.0,0.0,guard_minus_hpcc,0.0,queue_sample_count,5,2.7764451051977987,FbHdp
paired_difference,143.01684070104147,619.4168407010415,333.3831592989585,guard_minus_hpcc,476.4,reactive_binding_rate_changes,5,2.7764451051977987,FbHdp
paired_difference,143.01684070104147,619.4168407010415,333.3831592989585,guard_minus_hpcc,476.4,reactive_binding_updates,5,2.7764451051977987,FbHdp
paired_difference,0.0,0.0,0.0,guard_minus_hpcc,0.0,recovery_nacks_generated,5,2.7764451051977987,FbHdp
paired_difference,0.0,0.0,0.0,guard_minus_hpcc,0.0,recovery_nacks_received,5,2.7764451051977987,FbHdp
paired_difference,25.36461538945302,507.764615389453,457.03538461054694,guard_minus_hpcc,482.4,registrations,5,2.7764451051977987,FbHdp
paired_difference,25.36461538945302,507.764615389453,457.03538461054694,guard_minus_hpcc,482.4,selected_registrations,5,2.7764451051977987,FbHdp
paired_difference,0.0,0.0,0.0,guard_minus_hpcc,0.0,switch_drops_egress,5,2.7764451051977987,FbHdp
paired_difference,0.0,0.0,0.0,guard_minus_hpcc,0.0,switch_drops_ingress,5,2.7764451051977987,FbHdp
paired_difference,0.0,0.0,0.0,guard_minus_hpcc,0.0,switch_drops_total,5,2.7764451051977987,FbHdp
paired_difference,12.447642876695733,44.44764287669573,19.55235712330427,guard_minus_hpcc,32.0,tie_binding_rate_changes,5,2.7764451051977987,FbHdp
paired_difference,212.45411645098523,984.6541164509853,559.7458835490148,guard_minus_hpcc,772.2,tie_binding_updates,5,2.7764451051977987,FbHdp
paired_difference,0.0,0.0,0.0,guard_minus_hpcc,0.0,timeout_recoveries,5,2.7764451051977987,FbHdp
paired_difference,0.9755794273894093,-3.2231845926652016,-5.17434344744402,homa_minus_hpcc,-4.198764020054611,1BDP_to_1MB_fct_us_mean,5,2.7764451051977987,FbHdp
paired_percent,2.506411542248049,-6.8509495916759775,-11.863772676172076,homa_minus_hpcc,-9.357361133924027,1BDP_to_1MB_fct_us_mean,5,2.7764451051977987,FbHdp
paired_difference,21.84516149214127,11.28488149214126,-32.40544149214128,homa_minus_hpcc,-10.56028000000001,1BDP_to_1MB_fct_us_p95,5,2.7764451051977987,FbHdp
paired_percent,15.540025080173724,6.987893420542786,-24.09215673980466,homa_minus_hpcc,-8.552131659630938,1BDP_to_1MB_fct_us_p95,5,2.7764451051977987,FbHdp
paired_difference,38.099754141240986,17.183894141240742,-59.01561414124123,homa_minus_hpcc,-20.915860000000244,1BDP_to_1MB_fct_us_p99,5,2.7764451051977987,FbHdp
paired_percent,19.08926901885287,8.751446087707016,-29.427091949998726,homa_minus_hpcc,-10.337822931145855,1BDP_to_1MB_fct_us_p99,5,2.7764451051977987,FbHdp
paired_difference,0.0,0.0,0.0,homa_minus_hpcc,0.0,1BDP_to_1MB_flow_count,5,2.7764451051977987,FbHdp
paired_percent,0.0,0.0,0.0,homa_minus_hpcc,0.0,1BDP_to_1MB_flow_count,5,2.7764451051977987,FbHdp
paired_difference,0.033660366890799924,-0.08584604884032979,-0.15316678262192965,homa_minus_hpcc,-0.11950641573112972,1BDP_to_1MB_slowdown_mean,5,2.7764451051977987,FbHdp
paired_percent,2.7382000515190406,-5.412584696789942,-10.888984799828023,homa_minus_hpcc,-8.150784748308983,1BDP_to_1MB_slowdown_mean,5,2.7764451051977987,FbHdp
paired_difference,0.6455869230124153,0.6220527930295217,-0.6691210529953089,homa_minus_hpcc,-0.023534129982893594,1BDP_to_1MB_slowdown_p95,5,2.7764451051977987,FbHdp
paired_percent,24.515502122309282,23.16911900079188,-25.861885243826684,homa_minus_hpcc,-1.3463831215174005,1BDP_to_1MB_slowdown_p95,5,2.7764451051977987,FbHdp
paired_difference,1.4125072780579215,2.1635336922971984,-0.6614808638186445,homa_minus_hpcc,0.7510264142392771,1BDP_to_1MB_slowdown_p99,5,2.7764451051977987,FbHdp
paired_percent,42.54849268147843,65.24988496508219,-19.84710039787467,homa_minus_hpcc,22.70139228360376,1BDP_to_1MB_slowdown_p99,5,2.7764451051977987,FbHdp
paired_difference,0.5827196999283764,-1.7380307883833928,-2.9034701882401457,homa_minus_hpcc,-2.320750488311769,8KB_to_1BDP_fct_us_mean,5,2.7764451051977987,FbHdp
paired_percent,3.3494266572815383,-12.943713210466699,-19.642566525029775,homa_minus_hpcc,-16.293139867748238,8KB_to_1BDP_fct_us_mean,5,2.7764451051977987,FbHdp
paired_difference,2.1383473930797177,-6.043162606920282,-10.319857393079717,homa_minus_hpcc,-8.18151,8KB_to_1BDP_fct_us_p95,5,2.7764451051977987,FbHdp
paired_percent,5.72275146126735,-26.264329987950585,-37.70983291048529,homa_minus_hpcc,-31.987081449217936,8KB_to_1BDP_fct_us_p95,5,2.7764451051977987,FbHdp
paired_difference,5.459359045397211,-7.218102954602812,-18.136821045397234,homa_minus_hpcc,-12.677462000000023,8KB_to_1BDP_fct_us_p99,5,2.7764451051977987,FbHdp
paired_percent,10.728037599486298,-26.21968261722835,-47.67575781620095,homa_minus_hpcc,-36.94772021671465,8KB_to_1BDP_fct_us_p99,5,2.7764451051977987,FbHdp
paired_difference,0.0,0.0,0.0,homa_minus_hpcc,0.0,8KB_to_1BDP_flow_count,5,2.7764451051977987,FbHdp
paired_percent,0.0,0.0,0.0,homa_minus_hpcc,0.0,8KB_to_1BDP_flow_count,5,2.7764451051977987,FbHdp
paired_difference,0.04454601773446841,-0.14555438244799418,-0.23464641791693103,homa_minus_hpcc,-0.1901004001824626,8KB_to_1BDP_slowdown_mean,5,2.7764451051977987,FbHdp
paired_percent,2.9644241055814553,-12.117156614143445,-18.046004825306355,homa_minus_hpcc,-15.0815807197249,8KB_to_1BDP_slowdown_mean,5,2.7764451051977987,FbHdp
paired_difference,0.1694189297502774,-0.4791173468662293,-0.8179552063667841,homa_minus_hpcc,-0.6485362766165067,8KB_to_1BDP_slowdown_p95,5,2.7764451051977987,FbHdp
paired_percent,5.8813715553953,-27.271022503615686,-39.033765614406285,homa_minus_hpcc,-33.15239405901099,8KB_to_1BDP_slowdown_p95,5,2.7764451051977987,FbHdp
paired_difference,0.3425537577032794,-0.5868772582780364,-1.271984773684595,homa_minus_hpcc,-0.9294310159813157,8KB_to_1BDP_slowdown_p99,5,2.7764451051977987,FbHdp
paired_percent,8.711624082867095,-28.992092997149427,-46.41534116288362,homa_minus_hpcc,-37.703717080016524,8KB_to_1BDP_slowdown_p99,5,2.7764451051977987,FbHdp
paired_difference,0.0,0.0,0.0,homa_minus_hpcc,0.0,completion_releases,5,2.7764451051977987,FbHdp
paired_difference,0.5552890210395597,-0.24471097896044036,-1.3552890210395598,homa_minus_hpcc,-0.8,elapsed_seconds,5,2.7764451051977987,FbHdp
paired_percent,13.882225525988993,-6.117774474011007,-33.88222552598899,homa_minus_hpcc,-20.0,elapsed_seconds,5,2.7764451051977987,FbHdp
paired_difference,0.0,0.0,0.0,homa_minus_hpcc,0.0,flow_count,5,2.7764451051977987,FbHdp
paired_percent,0.0,0.0,0.0,homa_minus_hpcc,0.0,flow_count,5,2.7764451051977987,FbHdp
paired_difference,0.0,0.0,0.0,homa_minus_hpcc,0.0,grant_binding_rate_changes,5,2.7764451051977987,FbHdp
paired_difference,0.0,0.0,0.0,homa_minus_hpcc,0.0,grant_binding_updates,5,2.7764451051977987,FbHdp
paired_difference,0.0,0.0,0.0,homa_minus_hpcc,0.0,grant_bytes_sent,5,2.7764451051977987,FbHdp
paired_difference,0.0,0.0,0.0,homa_minus_hpcc,0.0,grant_event_rate_changes,5,2.7764451051977987,FbHdp
paired_difference,0.0,0.0,0.0,homa_minus_hpcc,0.0,grants_received,5,2.7764451051977987,FbHdp
paired_difference,0.0,0.0,0.0,homa_minus_hpcc,0.0,grants_sent,5,2.7764451051977987,FbHdp
paired_difference,40.896541315407276,-42.791283551493805,-124.58436618230836,homa_minus_hpcc,-83.68782486690108,gt_1MB_fct_us_mean,5,2.7764451051977987,FbHdp
paired_percent,5.2864200848624705,-8.930049415310489,-19.50288958503543,homa_minus_hpcc,-14.216469500172959,gt_1MB_fct_us_mean,5,2.7764451051977987,FbHdp
paired_difference,253.78883065920786,-62.97588934079232,-570.553550659208,homa_minus_hpcc,-316.7647200000002,gt_1MB_fct_us_p95,5,2.7764451051977987,FbHdp
paired_percent,11.24704170924539,-7.026344824426545,-29.520428242917326,homa_minus_hpcc,-18.273386533671935,gt_1MB_fct_us_p95,5,2.7764451051977987,FbHdp
paired_difference,336.63445161857703,-217.96579238142294,-891.234695618577,homa_minus_hpcc,-554.600244,gt_1MB_fct_us_p99,5,2.7764451051977987,FbHdp
paired_percent,8.432265974379284,-11.762814380186782,-28.62734632894535,homa_minus_hpcc,-20.195080354566066,gt_1MB_fct_us_p99,5,2.7764451051977987,FbHdp
paired_difference,0.0,0.0,0.0,homa_minus_hpcc,0.0,gt_1MB_flow_count,5,2.7764451051977987,FbHdp
paired_percent,0.0,0.0,0.0,homa_minus_hpcc,0.0,gt_1MB_flow_count,5,2.7764451051977987,FbHdp
paired_difference,0.17877624304216308,-0.12554060970947037,-0.48309309579379656,homa_minus_hpcc,-0.30431685275163345,gt_1MB_slowdown_mean,5,2.7764451051977987,FbHdp
paired_percent,7.584465046353336,-7.256959132393077,-22.42588922509975,homa_minus_hpcc,-14.841424178746413,gt_1MB_slowdown_mean,5,2.7764451051977987,FbHdp
paired_difference,0.8836409437317373,0.03705482101155633,-1.7302270664519184,homa_minus_hpcc,-0.846586122720181,gt_1MB_slowdown_p95,5,2.7764451051977987,FbHdp
paired_percent,18.6344493671716,0.4666898508370245,-36.80220888350618,homa_minus_hpcc,-18.167759516334577,gt_1MB_slowdown_p95,5,2.7764451051977987,FbHdp
paired_difference,3.4874854561795563,1.6112353951361673,-5.3637355172229455,homa_minus_hpcc,-1.876250061043389,gt_1MB_slowdown_p99,5,2.7764451051977987,FbHdp
paired_percent,43.19729821756599,23.613766060699373,-62.7808303744326,homa_minus_hpcc,-19.583532156866614,gt_1MB_slowdown_p99,5,2.7764451051977987,FbHdp
paired_difference,0.0,0.0,0.0,homa_minus_hpcc,0.0,guard_adaptive_grant_updates,5,2.7764451051977987,FbHdp
paired_difference,0.0,0.0,0.0,homa_minus_hpcc,0.0,guard_concurrency_limited_allocations,5,2.7764451051977987,FbHdp
paired_difference,0.0,0.0,0.0,homa_minus_hpcc,0.0,guard_concurrency_max_deferred_flows,5,2.7764451051977987,FbHdp
paired_difference,0.0,0.0,0.0,homa_minus_hpcc,0.0,guard_concurrency_min_bdps,5,2.7764451051977987,FbHdp
paired_percent,0.0,0.0,0.0,homa_minus_hpcc,0.0,guard_concurrency_min_bdps,5,2.7764451051977987,FbHdp
paired_difference,0.0,0.0,0.0,homa_minus_hpcc,0.0,guard_grant_refresh_bdps,5,2.7764451051977987,FbHdp
paired_percent,0.0,0.0,0.0,homa_minus_hpcc,0.0,guard_grant_refresh_bdps,5,2.7764451051977987,FbHdp
paired_difference,0.0,0.0,0.0,homa_minus_hpcc,0.0,guard_min_share_fraction,5,2.7764451051977987,FbHdp
paired_difference,0.0,0.0,0.0,homa_minus_hpcc,0.0,guard_rebalance_events,5,2.7764451051977987,FbHdp
paired_difference,0.0,0.0,0.0,homa_minus_hpcc,0.0,guard_receiver_concurrency,5,2.7764451051977987,FbHdp
paired_difference,0.0,0.0,0.0,homa_minus_hpcc,0.0,guard_remaining_aware,5,2.7764451051977987,FbHdp
paired_percent,0.0,0.0,0.0,homa_minus_hpcc,0.0,guard_remaining_aware,5,2.7764451051977987,FbHdp
paired_difference,0.0,0.0,0.0,homa_minus_hpcc,0.0,guard_remaining_exponent,5,2.7764451051977987,FbHdp
paired_percent,0.0,0.0,0.0,homa_minus_hpcc,0.0,guard_remaining_exponent,5,2.7764451051977987,FbHdp
paired_difference,0.0,0.0,0.0,homa_minus_hpcc,0.0,guard_remaining_refresh_events,5,2.7764451051977987,FbHdp
paired_difference,0.0,0.0,0.0,homa_minus_hpcc,0.0,guard_sender_srpt_enabled,5,2.7764451051977987,FbHdp
paired_percent,0.0,0.0,0.0,homa_minus_hpcc,0.0,guard_sender_srpt_enabled,5,2.7764451051977987,FbHdp
paired_difference,0.0,0.0,0.0,homa_minus_hpcc,0.0,guard_sender_srpt_forced_rr,5,2.7764451051977987,FbHdp
paired_difference,0.0,0.0,0.0,homa_minus_hpcc,0.0,guard_sender_srpt_non_rr,5,2.7764451051977987,FbHdp
paired_difference,0.0,0.0,0.0,homa_minus_hpcc,0.0,guard_sender_srpt_selections,5,2.7764451051977987,FbHdp
paired_difference,0.0,0.0,0.0,homa_minus_hpcc,0.0,guard_srpt_quantum_packets,5,2.7764451051977987,FbHdp
paired_percent,0.0,0.0,0.0,homa_minus_hpcc,0.0,guard_srpt_quantum_packets,5,2.7764451051977987,FbHdp
paired_difference,0.0,0.0,0.0,homa_minus_hpcc,0.0,guard_tail_bypass_bdps,5,2.7764451051977987,FbHdp
paired_percent,0.0,0.0,0.0,homa_minus_hpcc,0.0,guard_tail_bypass_bdps,5,2.7764451051977987,FbHdp
paired_difference,0.0,0.0,0.0,homa_minus_hpcc,0.0,guard_tail_bypass_enabled,5,2.7764451051977987,FbHdp
paired_percent,0.0,0.0,0.0,homa_minus_hpcc,0.0,guard_tail_bypass_enabled,5,2.7764451051977987,FbHdp
paired_difference,0.0,0.0,0.0,homa_minus_hpcc,0.0,guard_tail_bypass_feedbacks,5,2.7764451051977987,FbHdp
paired_difference,0.0,0.0,0.0,homa_minus_hpcc,0.0,guard_tail_bypass_flows,5,2.7764451051977987,FbHdp
paired_difference,96.48536233992208,3391.8853623399223,3198.914637660078,homa_minus_hpcc,3295.4,homa_completion_notices_received,5,2.7764451051977987,FbHdp
paired_difference,96.48536233992208,3391.8853623399223,3198.914637660078,homa_minus_hpcc,3295.4,homa_completion_notices_sent,5,2.7764451051977987,FbHdp
paired_difference,42542306.42108791,446809425.6210879,361724812.77891207,homa_minus_hpcc,404267119.2,homa_data_bytes,5,2.7764451051977987,FbHdp
paired_difference,42572.795788570314,448521.5957885703,363376.0042114297,homa_minus_hpcc,405948.8,homa_data_packets,5,2.7764451051977987,FbHdp
paired_difference,43228.17142315044,384741.3714231505,298285.02857684955,homa_minus_hpcc,341513.2,homa_grants_received,5,2.7764451051977987,FbHdp
paired_difference,43228.17142315044,384741.3714231505,298285.02857684955,homa_minus_hpcc,341513.2,homa_grants_sent,5,2.7764451051977987,FbHdp
paired_difference,0.0,3.0,3.0,homa_minus_hpcc,3.0,homa_max_pending_messages,5,2.7764451051977987,FbHdp
paired_difference,96.48536233992208,3391.8853623399223,3198.914637660078,homa_minus_hpcc,3295.4,homa_messages_completed,5,2.7764451051977987,FbHdp
paired_difference,96.48536233992208,3391.8853623399223,3198.914637660078,homa_minus_hpcc,3295.4,homa_messages_tracked,5,2.7764451051977987,FbHdp
paired_difference,0.0,0.0,0.0,homa_minus_hpcc,0.0,homa_resends_received,5,2.7764451051977987,FbHdp
paired_difference,0.0,0.0,0.0,homa_minus_hpcc,0.0,homa_resends_sent,5,2.7764451051977987,FbHdp
paired_difference,0.0,0.0,0.0,homa_minus_hpcc,0.0,homa_retransmit_packets,5,2.7764451051977987,FbHdp
paired_difference,1311.7364777870907,-5697.263522212909,-8320.73647778709,homa_minus_hpcc,-7009.0,hpcc_actual_rate_changes,5,2.7764451051977987,FbHdp
paired_percent,0.0,-100.0,-100.0,homa_minus_hpcc,-100.0,hpcc_actual_rate_changes,5,2.7764451051977987,FbHdp
paired_difference,0.0,0.0,0.0,homa_minus_hpcc,0.0,hpcc_fast_computations,5,2.7764451051977987,FbHdp
paired_difference,1587.9887427195192,-9879.011257280481,-13054.988742719519,homa_minus_hpcc,-11467.0,hpcc_feedback_updates,5,2.7764451051977987,FbHdp
paired_percent,0.0,-100.0,-100.0,homa_minus_hpcc,-100.0,hpcc_feedback_updates,5,2.7764451051977987,FbHdp
paired_difference,1536.2120194025424,-6635.3879805974575,-9707.812019402543,homa_minus_hpcc,-8171.6,hpcc_full_computations,5,2.7764451051977987,FbHdp
paired_percent,0.0,-100.0,-100.0,homa_minus_hpcc,-100.0,hpcc_full_computations,5,2.7764451051977987,FbHdp
paired_difference,1536.2120194025424,-6635.3879805974575,-9707.812019402543,homa_minus_hpcc,-8171.6,hpcc_rate_updates_applied,5,2.7764451051977987,FbHdp
paired_percent,0.0,-100.0,-100.0,homa_minus_hpcc,-100.0,hpcc_rate_updates_applied,5,2.7764451051977987,FbHdp
paired_difference,1587.9887427195192,-9879.011257280481,-13054.988742719519,homa_minus_hpcc,-11467.0,hpcc_valid_feedback,5,2.7764451051977987,FbHdp
paired_percent,0.0,-100.0,-100.0,homa_minus_hpcc,-100.0,hpcc_valid_feedback,5,2.7764451051977987,FbHdp
paired_difference,0.0,0.0,0.0,homa_minus_hpcc,0.0,int_hops_after_strip,5,2.7764451051977987,FbHdp
paired_difference,0.0,0.0,0.0,homa_minus_hpcc,0.0,int_hops_before_strip,5,2.7764451051977987,FbHdp
paired_difference,0.0,0.0,0.0,homa_minus_hpcc,0.0,int_records_stripped,5,2.7764451051977987,FbHdp
paired_difference,0.0,0.0,0.0,homa_minus_hpcc,0.0,irn_nacks_generated,5,2.7764451051977987,FbHdp
paired_difference,0.0,0.0,0.0,homa_minus_hpcc,0.0,irn_nacks_received,5,2.7764451051977987,FbHdp
paired_difference,0.0,0.0,0.0,homa_minus_hpcc,0.0,irn_retransmit_bytes,5,2.7764451051977987,FbHdp
paired_difference,0.0,0.0,0.0,homa_minus_hpcc,0.0,irn_retransmit_packets,5,2.7764451051977987,FbHdp
paired_difference,0.17646696700841347,-0.3992356642884741,-0.7521695983053011,homa_minus_hpcc,-0.5757026312968876,le_8KB_fct_us_mean,5,2.7764451051977987,FbHdp
paired_percent,2.2603219490121402,-5.906734771051101,-10.427378669075381,homa_minus_hpcc,-8.167056720063242,le_8KB_fct_us_mean,5,2.7764451051977987,FbHdp
paired_difference,1.4348027498931528,-2.734097250106848,-5.603702749893154,homa_minus_hpcc,-4.168900000000001,le_8KB_fct_us_p95,5,2.7764451051977987,FbHdp
paired_percent,7.4830291244418,-24.641730714914942,-39.60778896379854,homa_minus_hpcc,-32.12475983935674,le_8KB_fct_us_p95,5,2.7764451051977987,FbHdp
paired_difference,3.070340184998057,-8.206519815001943,-14.347200184998059,homa_minus_hpcc,-11.276860000000001,le_8KB_fct_us_p99,5,2.7764451051977987,FbHdp
paired_percent,6.068805710781077,-48.81782382609033,-60.95543524765249,homa_minus_hpcc,-54.88662953687141,le_8KB_fct_us_p99,5,2.7764451051977987,FbHdp
paired_difference,0.0,0.0,0.0,homa_minus_hpcc,0.0,le_8KB_flow_count,5,2.7764451051977987,FbHdp
paired_percent,0.0,0.0,0.0,homa_minus_hpcc,0.0,le_8KB_flow_count,5,2.7764451051977987,FbHdp
paired_difference,0.021015856543705295,-0.04927825218992315,-0.09130996527733373,homa_minus_hpcc,-0.07029410873362844,le_8KB_slowdown_mean,5,2.7764451051977987,FbHdp
paired_percent,1.8179827822811314,-4.695680698552794,-8.331646263115056,homa_minus_hpcc,-6.513663480833925,le_8KB_slowdown_mean,5,2.7764451051977987,FbHdp
paired_difference,0.18677006760153964,-0.3390720401531719,-0.7126121753562511,homa_minus_hpcc,-0.5258421077547115,le_8KB_slowdown_p95,5,2.7764451051977987,FbHdp
paired_percent,8.01666414155509,-25.4496503065669,-41.48297858967708,homa_minus_hpcc,-33.46631444812199,le_8KB_slowdown_p95,5,2.7764451051977987,FbHdp
paired_difference,0.35422363911168614,-1.0172295606885344,-1.7256768389119068,homa_minus_hpcc,-1.3714531998002206,le_8KB_slowdown_p99,5,2.7764451051977987,FbHdp
paired_percent,5.750918677746133,-49.88175886444081,-61.38359621993308,homa_minus_hpcc,-55.63267754218695,le_8KB_slowdown_p99,5,2.7764451051977987,FbHdp
paired_difference,0.1346543874866525,-0.036460142403783175,-0.3057689173770882,homa_minus_hpcc,-0.17111452989043568,long_to_small_slowdown_mean_ratio,5,2.7764451051977987,FbHdp
paired_percent,6.692683190999749,-2.263673196138657,-15.649039578138154,homa_minus_hpcc,-8.956356387138406,long_to_small_slowdown_mean_ratio,5,2.7764451051977987,FbHdp
paired_difference,0.0,0.0,0.0,homa_minus_hpcc,0.0,max_active_flows,5,2.7764451051977987,FbHdp
paired_difference,6780.28884835124,-12616.51115164876,-26177.08884835124,homa_minus_hpcc,-19396.8,output_bytes,5,2.7764451051977987,FbHdp
paired_percent,1.4652128033352096,-3.2628524901904883,-6.193278096860908,homa_minus_hpcc,-4.728065293525698,output_bytes,5,2.7764451051977987,FbHdp
paired_difference,1.4204611618526264,-2.0552475415523968,-4.896169865257649,homa_minus_hpcc,-3.475708703405023,overall_fct_us_mean,5,2.7764451051977987,FbHdp
paired_percent,3.5164699907615806,-9.21535250895463,-16.24829249047779,homa_minus_hpcc,-12.73182249971621,overall_fct_us_mean,5,2.7764451051977987,FbHdp
paired_difference,1.3947903379776432,-5.032379662022363,-7.821960337977648,homa_minus_hpcc,-6.427170000000006,overall_fct_us_p95,5,2.7764451051977987,FbHdp
paired_percent,3.153086479506793,-10.417565940523048,-16.723738899536635,homa_minus_hpcc,-13.570652420029841,overall_fct_us_p95,5,2.7764451051977987,FbHdp
paired_difference,67.93457036967939,-21.742077630320665,-157.61121836967945,homa_minus_hpcc,-89.67664800000006,overall_fct_us_p99,5,2.7764451051977987,FbHdp
paired_percent,8.126070095361241,-7.07405571724402,-23.3261959079665,homa_minus_hpcc,-15.200125812605261,overall_fct_us_p99,5,2.7764451051977987,FbHdp
paired_difference,0.0,0.0,0.0,homa_minus_hpcc,0.0,overall_flow_count,5,2.7764451051977987,FbHdp
paired_percent,0.0,0.0,0.0,homa_minus_hpcc,0.0,overall_flow_count,5,2.7764451051977987,FbHdp
paired_difference,0.023949135119737792,-0.07964895419771542,-0.127547224437191,homa_minus_hpcc,-0.1035980893174532,overall_slowdown_mean,5,2.7764451051977987,FbHdp
paired_percent,1.754067975452896,-7.077329419063128,-10.58546536996892,homa_minus_hpcc,-8.831397394516024,overall_slowdown_mean,5,2.7764451051977987,FbHdp
paired_difference,0.09549726057311309,-0.5781956771306207,-0.7691901982768468,homa_minus_hpcc,-0.6736929377037337,overall_slowdown_p95,5,2.7764451051977987,FbHdp
paired_percent,2.3928120544599816,-32.31211966542938,-37.09774377434934,homa_minus_hpcc,-34.70493171988936,overall_slowdown_p95,5,2.7764451051977987,FbHdp
paired_difference,0.22893480348297646,-0.3986629974242475,-0.8565326043902004,homa_minus_hpcc,-0.627597800907224,overall_slowdown_p99,5,2.7764451051977987,FbHdp
paired_percent,7.721827184428874,-13.968445201807917,-29.412099570665667,homa_minus_hpcc,-21.690272386236792,overall_slowdown_p99,5,2.7764451051977987,FbHdp
paired_difference,0.0,0.0,0.0,homa_minus_hpcc,0.0,pfc_cumulative_pause_ns,5,2.7764451051977987,FbHdp
paired_difference,0.0,0.0,0.0,homa_minus_hpcc,0.0,pfc_matched_intervals,5,2.7764451051977987,FbHdp
paired_difference,0.0,0.0,0.0,homa_minus_hpcc,0.0,pfc_max_pause_ns,5,2.7764451051977987,FbHdp
paired_difference,0.0,0.0,0.0,homa_minus_hpcc,0.0,pfc_pause_count,5,2.7764451051977987,FbHdp
paired_difference,0.0,0.0,0.0,homa_minus_hpcc,0.0,pfc_pause_events,5,2.7764451051977987,FbHdp
paired_difference,0.0,0.0,0.0,homa_minus_hpcc,0.0,pfc_resume_count,5,2.7764451051977987,FbHdp
paired_difference,0.0,0.0,0.0,homa_minus_hpcc,0.0,pfc_resume_events,5,2.7764451051977987,FbHdp
paired_difference,0.0,0.0,0.0,homa_minus_hpcc,0.0,pfc_unmatched_pauses,5,2.7764451051977987,FbHdp
paired_difference,0.0,0.0,0.0,homa_minus_hpcc,0.0,pfc_unmatched_resumes,5,2.7764451051977987,FbHdp
paired_difference,0.0,0.0,0.0,homa_minus_hpcc,0.0,proactive_releases,5,2.7764451051977987,FbHdp
paired_difference,119525.58935080461,304871.5893508046,65820.41064919539,homa_minus_hpcc,185346.0,queue_bytes_max,5,2.7764451051977987,FbHdp
paired_percent,44.74183508977227,100.98852144372655,11.504851264182008,homa_minus_hpcc,56.24668635395428,queue_bytes_max,5,2.7764451051977987,FbHdp
paired_difference,1118.5324151836144,4491.820215183615,2254.755384816386,homa_minus_hpcc,3373.2878000000005,queue_bytes_mean,5,2.7764451051977987,FbHdp
paired_percent,46.15509902341501,279.18200693826606,186.87180889143605,homa_minus_hpcc,233.02690791485105,queue_bytes_mean,5,2.7764451051977987,FbHdp
paired_difference,3573.93193865398,8911.531938653981,1763.6680613460203,homa_minus_hpcc,5337.6,queue_bytes_p95,5,2.7764451051977987,FbHdp
paired_difference,61656.54462315583,181672.9446231558,58359.85537684416,homa_minus_hpcc,120016.4,queue_bytes_p99,5,2.7764451051977987,FbHdp
paired_percent,129.58222638532865,363.64218455983746,104.47773178918018,homa_minus_hpcc,234.05995817450884,queue_bytes_p99,5,2.7764451051977987,FbHdp
paired_difference,0.0,0.0,0.0,homa_minus_hpcc,0.0,queue_sample_count,5,2.7764451051977987,FbHdp
paired_percent,0.0,0.0,0.0,homa_minus_hpcc,0.0,queue_sample_count,5,2.7764451051977987,FbHdp
paired_difference,0.0,0.0,0.0,homa_minus_hpcc,0.0,reactive_binding_rate_changes,5,2.7764451051977987,FbHdp
paired_difference,0.0,0.0,0.0,homa_minus_hpcc,0.0,reactive_binding_updates,5,2.7764451051977987,FbHdp
paired_difference,0.0,0.0,0.0,homa_minus_hpcc,0.0,recovery_nacks_generated,5,2.7764451051977987,FbHdp
paired_difference,0.0,0.0,0.0,homa_minus_hpcc,0.0,recovery_nacks_received,5,2.7764451051977987,FbHdp
paired_difference,0.0,0.0,0.0,homa_minus_hpcc,0.0,registrations,5,2.7764451051977987,FbHdp
paired_difference,0.0,0.0,0.0,homa_minus_hpcc,0.0,selected_registrations,5,2.7764451051977987,FbHdp
paired_difference,0.0,0.0,0.0,homa_minus_hpcc,0.0,switch_drops_egress,5,2.7764451051977987,FbHdp
paired_difference,0.0,0.0,0.0,homa_minus_hpcc,0.0,switch_drops_ingress,5,2.7764451051977987,FbHdp
paired_difference,0.0,0.0,0.0,homa_minus_hpcc,0.0,switch_drops_total,5,2.7764451051977987,FbHdp
paired_difference,0.0,0.0,0.0,homa_minus_hpcc,0.0,tie_binding_rate_changes,5,2.7764451051977987,FbHdp
paired_difference,0.0,0.0,0.0,homa_minus_hpcc,0.0,tie_binding_updates,5,2.7764451051977987,FbHdp
paired_difference,0.0,0.0,0.0,homa_minus_hpcc,0.0,timeout_recoveries,5,2.7764451051977987,FbHdp
arm_mean,7.67804304711537,56.20281607969682,40.846729985466084,guard,48.52477303258145,1BDP_to_1MB_fct_us_mean,5,2.7764451051977987,WebSearch
arm_mean,33.28272441858853,141.7842544185885,75.21880558141144,guard,108.50152999999997,1BDP_to_1MB_fct_us_p95,5,2.7764451051977987,WebSearch
arm_mean,30.814567002507566,160.35272500250758,98.72359099749244,guard,129.538158,1BDP_to_1MB_fct_us_p99,5,2.7764451051977987,WebSearch
arm_mean,5.119511816120866,40.11951181612086,29.880488183879134,guard,35.0,1BDP_to_1MB_flow_count,5,2.7764451051977987,WebSearch
arm_mean,0.04873630867721539,1.1436643532671158,1.0461917359126849,guard,1.0949280445899003,1BDP_to_1MB_slowdown_mean,5,2.7764451051977987,WebSearch
arm_mean,0.40097877428795353,1.7078597218720581,0.905902173296151,guard,1.3068809475841046,1BDP_to_1MB_slowdown_p95,5,2.7764451051977987,WebSearch
arm_mean,0.38936628421356667,1.9326260639951132,1.15389349556798,guard,1.5432597797815466,1BDP_to_1MB_slowdown_p99,5,2.7764451051977987,WebSearch
arm_mean,0.7831981181466449,10.709701136582785,9.143304900289495,guard,9.92650301843614,8KB_to_1BDP_fct_us_mean,5,2.7764451051977987,WebSearch
arm_mean,0.977693034191013,15.502973034191013,13.547586965808987,guard,14.52528,8KB_to_1BDP_fct_us_p95,5,2.7764451051977987,WebSearch
arm_mean,0.4368879235776856,15.864895923577686,14.991120076422314,guard,15.428008,8KB_to_1BDP_fct_us_p99,5,2.7764451051977987,WebSearch
arm_mean,13.98182029016265,101.38182029016265,73.41817970983736,guard,87.4,8KB_to_1BDP_flow_count,5,2.7764451051977987,WebSearch
arm_mean,0.007622758759687755,1.027027963142517,1.0117824456231415,guard,1.0194052043828292,8KB_to_1BDP_slowdown_mean,5,2.7764451051977987,WebSearch
arm_mean,0.003912065945365708,1.050167750986552,1.0423436190958204,guard,1.0462556850411862,8KB_to_1BDP_slowdown_p95,5,2.7764451051977987,WebSearch
arm_mean,0.0615554808535919,1.1379176163680673,1.0148066546608836,guard,1.0763621355144755,8KB_to_1BDP_slowdown_p99,5,2.7764451051977987,WebSearch
arm_mean,0.0,0.0,0.0,guard,0.0,completion_releases,5,2.7764451051977987,WebSearch
arm_mean,0.5552890210395597,2.7552890210395597,1.6447109789604406,guard,2.2,elapsed_seconds,5,2.7764451051977987,WebSearch
arm_mean,20.22426345310755,229.62426345310755,189.17573654689247,guard,209.4,flow_count,5,2.7764451051977987,WebSearch
arm_mean,5.238586147325389,7.838586147325389,-2.638586147325389,guard,2.6,grant_binding_rate_changes,5,2.7764451051977987,WebSearch
arm_mean,40.75798718630624,118.75798718630624,37.24201281369376,guard,78.0,grant_binding_updates,5,2.7764451051977987,WebSearch
arm_mean,77877.1688062212,571132.7688062212,415378.43119377876,guard,493255.6,grant_bytes_sent,5,2.7764451051977987,WebSearch
arm_mean,33.988496622937255,100.38849662293725,32.41150337706275,guard,66.4,grant_event_rate_changes,5,2.7764451051977987,WebSearch
arm_mean,828.4805192151191,6075.8805192151185,4418.919480784881,guard,5247.4,grants_received,5,2.7764451051977987,WebSearch
arm_mean,828.4805192151191,6075.8805192151185,4418.919480784881,guard,5247.4,grants_sent,5,2.7764451051977987,WebSearch
arm_mean,297.5956761335237,1009.8146223253771,414.62327005832964,guard,712.2189461918533,gt_1MB_fct_us_mean,5,2.7764451051977987,WebSearch
arm_mean,1080.4328181995386,3484.0671881995386,1323.2015518004616,guard,2403.63437,gt_1MB_fct_us_p95,5,2.7764451051977987,WebSearch
arm_mean,2215.819532535113,5966.772140535113,1535.1330754648866,guard,3750.9526079999996,gt_1MB_fct_us_p99,5,2.7764451051977987,WebSearch
arm_mean,6.721061961770338,68.32106196177034,54.87893803822966,guard,61.6,gt_1MB_flow_count,5,2.7764451051977987,WebSearch
arm_mean,0.5151809114803588,1.9710849046938477,0.9407230817331301,guard,1.455903993213489,gt_1MB_slowdown_mean,5,2.7764451051977987,WebSearch
arm_mean,1.6013103314508517,4.102542680678514,0.899922017776811,guard,2.5012323492276627,gt_1MB_slowdown_p95,5,2.7764451051977987,WebSearch
arm_mean,1.5794830448121375,4.4408162178493695,1.2818501282250943,guard,2.861333173037232,gt_1MB_slowdown_p99,5,2.7764451051977987,WebSearch
arm_mean,0.0,0.0,0.0,guard,0.0,guard_adaptive_grant_updates,5,2.7764451051977987,WebSearch
arm_mean,126.42249422589353,346.62249422589355,93.77750577410646,guard,220.2,guard_concurrency_limited_allocations,5,2.7764451051977987,WebSearch
arm_mean,0.6800873806582569,2.280087380658257,0.9199126193417432,guard,1.6,guard_concurrency_max_deferred_flows,5,2.7764451051977987,WebSearch
arm_mean,0.0,12.0,12.0,guard,12.0,guard_concurrency_min_bdps,5,2.7764451051977987,WebSearch
arm_mean,0.0,1.0,1.0,guard,1.0,guard_grant_refresh_bdps,5,2.7764451051977987,WebSearch
arm_mean,0.0,0.0,0.0,guard,0.0,guard_min_share_fraction,5,2.7764451051977987,WebSearch
arm_mean,0.0,0.0,0.0,guard,0.0,guard_rebalance_events,5,2.7764451051977987,WebSearch
arm_mean,0.0,1.0,1.0,guard,1.0,guard_receiver_concurrency,5,2.7764451051977987,WebSearch
arm_mean,0.0,1.0,1.0,guard,1.0,guard_remaining_aware,5,2.7764451051977987,WebSearch
arm_mean,0.0,1.0,1.0,guard,1.0,guard_remaining_exponent,5,2.7764451051977987,WebSearch
arm_mean,878.4763573525698,5758.27635735257,4001.3236426474305,guard,4879.8,guard_remaining_refresh_events,5,2.7764451051977987,WebSearch
arm_mean,0.0,1.0,1.0,guard,1.0,guard_sender_srpt_enabled,5,2.7764451051977987,WebSearch
arm_mean,92.13866401268974,177.13866401268973,-7.138664012689745,guard,85.0,guard_sender_srpt_forced_rr,5,2.7764451051977987,WebSearch
arm_mean,9532.82485066157,28825.42485066157,9759.77514933843,guard,19292.6,guard_sender_srpt_non_rr,5,2.7764451051977987,WebSearch
arm_mean,40072.95214714725,398709.55214714725,318563.6478528527,guard,358636.6,guard_sender_srpt_selections,5,2.7764451051977987,WebSearch
arm_mean,0.0,64.0,64.0,guard,64.0,guard_srpt_quantum_packets,5,2.7764451051977987,WebSearch
arm_mean,0.0,8.0,8.0,guard,8.0,guard_tail_bypass_bdps,5,2.7764451051977987,WebSearch
arm_mean,0.0,1.0,1.0,guard,1.0,guard_tail_bypass_enabled,5,2.7764451051977987,WebSearch
arm_mean,802.5335588391282,7455.333558839128,5850.266441160872,guard,6652.8,guard_tail_bypass_feedbacks,5,2.7764451051977987,WebSearch
arm_mean,10.087326007061236,119.08732600706124,98.91267399293876,guard,109.0,guard_tail_bypass_flows,5,2.7764451051977987,WebSearch
arm_mean,0.0,0.0,0.0,guard,0.0,homa_completion_notices_received,5,2.7764451051977987,WebSearch
arm_mean,0.0,0.0,0.0,guard,0.0,homa_completion_notices_sent,5,2.7764451051977987,WebSearch
arm_mean,0.0,0.0,0.0,guard,0.0,homa_data_bytes,5,2.7764451051977987,WebSearch
arm_mean,0.0,0.0,0.0,guard,0.0,homa_data_packets,5,2.7764451051977987,WebSearch
arm_mean,0.0,0.0,0.0,guard,0.0,homa_grants_received,5,2.7764451051977987,WebSearch
arm_mean,0.0,0.0,0.0,guard,0.0,homa_grants_sent,5,2.7764451051977987,WebSearch
arm_mean,0.0,0.0,0.0,guard,0.0,homa_max_pending_messages,5,2.7764451051977987,WebSearch
arm_mean,0.0,0.0,0.0,guard,0.0,homa_messages_completed,5,2.7764451051977987,WebSearch
arm_mean,0.0,0.0,0.0,guard,0.0,homa_messages_tracked,5,2.7764451051977987,WebSearch
arm_mean,0.0,0.0,0.0,guard,0.0,homa_resends_received,5,2.7764451051977987,WebSearch
arm_mean,0.0,0.0,0.0,guard,0.0,homa_resends_sent,5,2.7764451051977987,WebSearch
arm_mean,0.0,0.0,0.0,guard,0.0,homa_retransmit_packets,5,2.7764451051977987,WebSearch
arm_mean,1080.0333630980806,1690.8333630980806,-469.23336309808064,guard,610.8,hpcc_actual_rate_changes,5,2.7764451051977987,WebSearch
arm_mean,0.0,0.0,0.0,guard,0.0,hpcc_fast_computations,5,2.7764451051977987,WebSearch
arm_mean,923.7942596237178,5867.794259623718,4020.205740376282,guard,4944.0,hpcc_feedback_updates,5,2.7764451051977987,WebSearch
arm_mean,1081.9370898701084,2749.3370898701087,585.4629101298917,guard,1667.4,hpcc_full_computations,5,2.7764451051977987,WebSearch
arm_mean,1081.9370898701084,2749.3370898701087,585.4629101298917,guard,1667.4,hpcc_rate_updates_applied,5,2.7764451051977987,WebSearch
arm_mean,1091.0802602478507,2794.4802602478508,612.3197397521494,guard,1703.4,hpcc_valid_feedback,5,2.7764451051977987,WebSearch
arm_mean,21860.92037966164,69042.52037966164,25320.67962033836,guard,47181.6,int_hops_after_strip,5,2.7764451051977987,WebSearch
arm_mean,24394.450015343766,116287.25001534377,67498.34998465623,guard,91892.8,int_hops_before_strip,5,2.7764451051977987,WebSearch
arm_mean,5041.011510138747,49752.211510138746,39670.18848986125,guard,44711.2,int_records_stripped,5,2.7764451051977987,WebSearch
arm_mean,0.0,0.0,0.0,guard,0.0,irn_nacks_generated,5,2.7764451051977987,WebSearch
arm_mean,0.0,0.0,0.0,guard,0.0,irn_nacks_received,5,2.7764451051977987,WebSearch
arm_mean,0.0,0.0,0.0,guard,0.0,irn_retransmit_bytes,5,2.7764451051977987,WebSearch
arm_mean,0.0,0.0,0.0,guard,0.0,irn_retransmit_packets,5,2.7764451051977987,WebSearch
arm_mean,0.7697262659080953,7.221170307776051,5.681717775959861,guard,6.451444041867956,le_8KB_fct_us_mean,5,2.7764451051977987,WebSearch
arm_mean,0.09232296199776006,9.012512961997762,8.82786703800224,guard,8.920190000000002,le_8KB_fct_us_p95,5,2.7764451051977987,WebSearch
arm_mean,0.11072319577880418,9.083939195778804,8.862492804221194,guard,8.973215999999999,le_8KB_fct_us_p99,5,2.7764451051977987,WebSearch
arm_mean,5.311652244374358,30.711652244374356,20.08834775562564,guard,25.4,le_8KB_flow_count,5,2.7764451051977987,WebSearch
arm_mean,0.0019334523495996281,1.0057016243947374,1.0018347196955384,guard,1.003768172045138,le_8KB_slowdown_mean,5,2.7764451051977987,WebSearch
arm_mean,0.007137526941605238,1.0231090266448988,1.0088339727616884,guard,1.0159714997032936,le_8KB_slowdown_p95,5,2.7764451051977987,WebSearch
arm_mean,0.00991822846927985,1.0327596620173005,1.012923205078741,guard,1.0228414335480207,le_8KB_slowdown_p99,5,2.7764451051977987,WebSearch
arm_mean,0.5101553851232454,1.9601701383403438,0.939859368093853,guard,1.4500147532170984,long_to_small_slowdown_mean_ratio,5,2.7764451051977987,WebSearch
arm_mean,0.6800873806582569,3.280087380658257,1.9199126193417433,guard,2.6,max_active_flows,5,2.7764451051977987,WebSearch
arm_mean,543099.5172234894,787989.5172234894,-298209.51722348935,guard,244890.0,output_bytes,5,2.7764451051977987,WebSearch
arm_mean,96.54405465618643,321.1023748536454,128.01426554127255,guard,224.55832019745898,overall_fct_us_mean,5,2.7764451051977987,WebSearch
arm_mean,615.4445972222318,1722.3554072222316,491.4662127777681,guard,1106.9108099999999,overall_fct_us_p95,5,2.7764451051977987,WebSearch
arm_mean,1639.6465623005822,4625.326628300583,1346.033503699419,guard,2985.6800660000013,overall_fct_us_p99,5,2.7764451051977987,WebSearch
arm_mean,20.22426345310755,229.62426345310755,189.17573654689247,guard,209.4,overall_flow_count,5,2.7764451051977987,WebSearch
arm_mean,0.15754933374687982,1.3174849290466828,1.002386261552923,guard,1.159935595299803,overall_slowdown_mean,5,2.7764451051977987,WebSearch
arm_mean,0.9919772510667325,2.967902433635547,0.9839479315020822,guard,1.9759251825688147,overall_slowdown_p95,5,2.7764451051977987,WebSearch
arm_mean,1.5493672537238667,4.14369139327946,1.0449568858317264,guard,2.594324139555593,overall_slowdown_p99,5,2.7764451051977987,WebSearch
arm_mean,0.0,0.0,0.0,guard,0.0,pfc_cumulative_pause_ns,5,2.7764451051977987,WebSearch
arm_mean,0.0,0.0,0.0,guard,0.0,pfc_matched_intervals,5,2.7764451051977987,WebSearch
arm_mean,0.0,0.0,0.0,guard,0.0,pfc_max_pause_ns,5,2.7764451051977987,WebSearch
arm_mean,0.0,0.0,0.0,guard,0.0,pfc_pause_count,5,2.7764451051977987,WebSearch
arm_mean,0.0,0.0,0.0,guard,0.0,pfc_pause_events,5,2.7764451051977987,WebSearch
arm_mean,0.0,0.0,0.0,guard,0.0,pfc_resume_count,5,2.7764451051977987,WebSearch
arm_mean,0.0,0.0,0.0,guard,0.0,pfc_resume_events,5,2.7764451051977987,WebSearch
arm_mean,0.0,0.0,0.0,guard,0.0,pfc_unmatched_pauses,5,2.7764451051977987,WebSearch
arm_mean,0.0,0.0,0.0,guard,0.0,pfc_unmatched_resumes,5,2.7764451051977987,WebSearch
arm_mean,10.087326007061236,119.08732600706124,98.91267399293876,guard,109.0,proactive_releases,5,2.7764451051977987,WebSearch
arm_mean,152267.21481790874,465704.8148179087,161170.38518209124,guard,313437.6,queue_bytes_max,5,2.7764451051977987,WebSearch
arm_mean,3009.7037746358096,4768.91177463581,-1250.4957746358098,guard,1759.2079999999999,queue_bytes_mean,5,2.7764451051977987,WebSearch
arm_mean,605.2650329331202,823.2650329331202,-387.2650329331202,guard,218.0,queue_bytes_p95,5,2.7764451051977987,WebSearch
arm_mean,111424.67325283923,165924.67325283925,-56924.67325283923,guard,54500.0,queue_bytes_p99,5,2.7764451051977987,WebSearch
arm_mean,0.0,400020.0,400020.0,guard,400020.0,queue_sample_count,5,2.7764451051977987,WebSearch
arm_mean,993.1384891381699,1554.33848913817,-431.93848913816987,guard,561.2,reactive_binding_rate_changes,5,2.7764451051977987,WebSearch
arm_mean,993.1384891381699,1554.33848913817,-431.93848913816987,guard,561.2,reactive_binding_updates,5,2.7764451051977987,WebSearch
arm_mean,0.0,0.0,0.0,guard,0.0,recovery_nacks_generated,5,2.7764451051977987,WebSearch
arm_mean,0.0,0.0,0.0,guard,0.0,recovery_nacks_received,5,2.7764451051977987,WebSearch
arm_mean,10.087326007061236,119.08732600706124,98.91267399293876,guard,109.0,registrations,5,2.7764451051977987,WebSearch
arm_mean,10.087326007061236,119.08732600706124,98.91267399293876,guard,109.0,selected_registrations,5,2.7764451051977987,WebSearch
arm_mean,0.0,0.0,0.0,guard,0.0,switch_drops_egress,5,2.7764451051977987,WebSearch
arm_mean,0.0,0.0,0.0,guard,0.0,switch_drops_ingress,5,2.7764451051977987,WebSearch
arm_mean,0.0,0.0,0.0,guard,0.0,switch_drops_total,5,2.7764451051977987,WebSearch
arm_mean,81.86041292406425,128.86041292406424,-34.86041292406425,guard,47.0,tie_binding_rate_changes,5,2.7764451051977987,WebSearch
arm_mean,290.5618450146536,1318.7618450146538,737.6381549853464,guard,1028.2,tie_binding_updates,5,2.7764451051977987,WebSearch
arm_mean,0.0,0.0,0.0,guard,0.0,timeout_recoveries,5,2.7764451051977987,WebSearch
arm_mean,11.437874514281765,67.72297655271117,44.84722752414764,homa,56.28510203842941,1BDP_to_1MB_fct_us_mean,5,2.7764451051977987,WebSearch
arm_mean,74.10937966487917,221.2675396648791,73.04878033512078,homa,147.15815999999995,1BDP_to_1MB_fct_us_p95,5,2.7764451051977987,WebSearch
arm_mean,127.29980102599205,320.0631770259921,65.463574974008,homa,192.76337600000005,1BDP_to_1MB_fct_us_p99,5,2.7764451051977987,WebSearch
arm_mean,5.119511816120866,40.11951181612086,29.880488183879134,homa,35.0,1BDP_to_1MB_flow_count,5,2.7764451051977987,WebSearch
arm_mean,0.19827376948821104,1.4711390173933891,1.074591478416967,homa,1.272865247905178,1BDP_to_1MB_slowdown_mean,5,2.7764451051977987,WebSearch
arm_mean,1.3842443789219003,3.8388797694828383,1.0703910116390376,homa,2.454635390560938,1BDP_to_1MB_slowdown_p95,5,2.7764451051977987,WebSearch
arm_mean,1.8427165878334026,4.737017801031537,1.0515846253647316,homa,2.8943012131981343,1BDP_to_1MB_slowdown_p99,5,2.7764451051977987,WebSearch
arm_mean,0.8410649761615966,10.965228200961826,9.283098248638632,homa,10.12416322480023,8KB_to_1BDP_fct_us_mean,5,2.7764451051977987,WebSearch
arm_mean,1.1592986622435921,16.287878662243592,13.969281337756406,homa,15.12858,8KB_to_1BDP_fct_us_p95,5,2.7764451051977987,WebSearch
arm_mean,0.8564997187508794,17.52441571875088,15.811416281249123,homa,16.667916,8KB_to_1BDP_fct_us_p99,5,2.7764451051977987,WebSearch
arm_mean,13.98182029016265,101.38182029016265,73.41817970983736,homa,87.4,8KB_to_1BDP_flow_count,5,2.7764451051977987,WebSearch
arm_mean,0.010332695113293006,1.046072891841576,1.0254075016149902,homa,1.035740196728283,8KB_to_1BDP_slowdown_mean,5,2.7764451051977987,WebSearch
arm_mean,0.022359624787404254,1.1078016764363623,1.0630824268615537,homa,1.085442051648958,8KB_to_1BDP_slowdown_p95,5,2.7764451051977987,WebSearch
arm_mean,0.17402184885015648,1.4169376322952418,1.068893934594929,homa,1.2429157834450855,8KB_to_1BDP_slowdown_p99,5,2.7764451051977987,WebSearch
arm_mean,0.0,0.0,0.0,homa,0.0,completion_releases,5,2.7764451051977987,WebSearch
arm_mean,0.5552890210395597,3.3552890210395594,2.2447109789604403,homa,2.8,elapsed_seconds,5,2.7764451051977987,WebSearch
arm_mean,20.22426345310755,229.62426345310755,189.17573654689247,homa,209.4,flow_count,5,2.7764451051977987,WebSearch
arm_mean,0.0,0.0,0.0,homa,0.0,grant_binding_rate_changes,5,2.7764451051977987,WebSearch
arm_mean,0.0,0.0,0.0,homa,0.0,grant_binding_updates,5,2.7764451051977987,WebSearch
arm_mean,0.0,0.0,0.0,homa,0.0,grant_bytes_sent,5,2.7764451051977987,WebSearch
arm_mean,0.0,0.0,0.0,homa,0.0,grant_event_rate_changes,5,2.7764451051977987,WebSearch
arm_mean,0.0,0.0,0.0,homa,0.0,grants_received,5,2.7764451051977987,WebSearch
arm_mean,0.0,0.0,0.0,homa,0.0,grants_sent,5,2.7764451051977987,WebSearch
arm_mean,412.7486187831469,1173.4512172066497,347.95397964035595,homa,760.7025984235029,gt_1MB_fct_us_mean,5,2.7764451051977987,WebSearch
arm_mean,1581.8287107821593,4220.525260782159,1056.8678392178408,homa,2638.69655,gt_1MB_fct_us_p95,5,2.7764451051977987,WebSearch
arm_mean,2658.1906961999034,6555.271124199903,1238.8897318000963,homa,3897.0804279999998,gt_1MB_fct_us_p99,5,2.7764451051977987,WebSearch
arm_mean,6.721061961770338,68.32106196177034,54.87893803822966,homa,61.6,gt_1MB_flow_count,5,2.7764451051977987,WebSearch
arm_mean,0.76142063199849,2.323574447360219,0.8007331833632387,homa,1.5621538153617287,gt_1MB_slowdown_mean,5,2.7764451051977987,WebSearch
arm_mean,2.493052019958036,5.451131710320979,0.46502767040490633,homa,2.9580796903629425,gt_1MB_slowdown_p95,5,2.7764451051977987,WebSearch
arm_mean,3.713503500293331,7.678023959053901,0.25101695846723926,homa,3.9645204587605702,gt_1MB_slowdown_p99,5,2.7764451051977987,WebSearch
arm_mean,0.0,0.0,0.0,homa,0.0,guard_adaptive_grant_updates,5,2.7764451051977987,WebSearch
arm_mean,0.0,0.0,0.0,homa,0.0,guard_concurrency_limited_allocations,5,2.7764451051977987,WebSearch
arm_mean,0.0,0.0,0.0,homa,0.0,guard_concurrency_max_deferred_flows,5,2.7764451051977987,WebSearch
arm_mean,0.0,8.0,8.0,homa,8.0,guard_concurrency_min_bdps,5,2.7764451051977987,WebSearch
arm_mean,0.0,1.0,1.0,homa,1.0,guard_grant_refresh_bdps,5,2.7764451051977987,WebSearch
arm_mean,0.0,0.0,0.0,homa,0.0,guard_min_share_fraction,5,2.7764451051977987,WebSearch
arm_mean,0.0,0.0,0.0,homa,0.0,guard_rebalance_events,5,2.7764451051977987,WebSearch
arm_mean,0.0,0.0,0.0,homa,0.0,guard_receiver_concurrency,5,2.7764451051977987,WebSearch
arm_mean,0.0,1.0,1.0,homa,1.0,guard_remaining_aware,5,2.7764451051977987,WebSearch
arm_mean,0.0,1.0,1.0,homa,1.0,guard_remaining_exponent,5,2.7764451051977987,WebSearch
arm_mean,0.0,0.0,0.0,homa,0.0,guard_remaining_refresh_events,5,2.7764451051977987,WebSearch
arm_mean,0.0,1.0,1.0,homa,1.0,guard_sender_srpt_enabled,5,2.7764451051977987,WebSearch
arm_mean,0.0,0.0,0.0,homa,0.0,guard_sender_srpt_forced_rr,5,2.7764451051977987,WebSearch
arm_mean,0.0,0.0,0.0,homa,0.0,guard_sender_srpt_non_rr,5,2.7764451051977987,WebSearch
arm_mean,0.0,0.0,0.0,homa,0.0,guard_sender_srpt_selections,5,2.7764451051977987,WebSearch
arm_mean,0.0,64.0,64.0,homa,64.0,guard_srpt_quantum_packets,5,2.7764451051977987,WebSearch
arm_mean,0.0,8.0,8.0,homa,8.0,guard_tail_bypass_bdps,5,2.7764451051977987,WebSearch
arm_mean,0.0,1.0,1.0,homa,1.0,guard_tail_bypass_enabled,5,2.7764451051977987,WebSearch
arm_mean,0.0,0.0,0.0,homa,0.0,guard_tail_bypass_feedbacks,5,2.7764451051977987,WebSearch
arm_mean,0.0,0.0,0.0,homa,0.0,guard_tail_bypass_flows,5,2.7764451051977987,WebSearch
arm_mean,20.22426345310755,229.62426345310755,189.17573654689247,homa,209.4,homa_completion_notices_received,5,2.7764451051977987,WebSearch
arm_mean,20.22426345310755,229.62426345310755,189.17573654689247,homa,209.4,homa_completion_notices_sent,5,2.7764451051977987,WebSearch
arm_mean,40076752.269405685,398610783.0694057,318457278.53059435,homa,358534030.8,homa_data_bytes,5,2.7764451051977987,WebSearch
arm_mean,40073.41618162079,398710.4161816208,318563.5838183792,homa,358637.0,homa_data_packets,5,2.7764451051977987,WebSearch
arm_mean,39693.07812695293,387061.47812695295,307675.3218730471,homa,347368.4,homa_grants_received,5,2.7764451051977987,WebSearch
arm_mean,39693.07812695293,387061.47812695295,307675.3218730471,homa,347368.4,homa_grants_sent,5,2.7764451051977987,WebSearch
arm_mean,0.6800873806582569,3.0800873806582567,1.719912619341743,homa,2.4,homa_max_pending_messages,5,2.7764451051977987,WebSearch
arm_mean,20.22426345310755,229.62426345310755,189.17573654689247,homa,209.4,homa_messages_completed,5,2.7764451051977987,WebSearch
arm_mean,20.22426345310755,229.62426345310755,189.17573654689247,homa,209.4,homa_messages_tracked,5,2.7764451051977987,WebSearch
arm_mean,0.6800873806582569,1.080087380658257,-0.2800873806582569,homa,0.4,homa_resends_received,5,2.7764451051977987,WebSearch
arm_mean,0.6800873806582569,1.080087380658257,-0.2800873806582569,homa,0.4,homa_resends_sent,5,2.7764451051977987,WebSearch
arm_mean,0.6800873806582569,1.080087380658257,-0.2800873806582569,homa,0.4,homa_retransmit_packets,5,2.7764451051977987,WebSearch
arm_mean,0.0,0.0,0.0,homa,0.0,hpcc_actual_rate_changes,5,2.7764451051977987,WebSearch
arm_mean,0.0,0.0,0.0,homa,0.0,hpcc_fast_computations,5,2.7764451051977987,WebSearch
arm_mean,0.0,0.0,0.0,homa,0.0,hpcc_feedback_updates,5,2.7764451051977987,WebSearch
arm_mean,0.0,0.0,0.0,homa,0.0,hpcc_full_computations,5,2.7764451051977987,WebSearch
arm_mean,0.0,0.0,0.0,homa,0.0,hpcc_rate_updates_applied,5,2.7764451051977987,WebSearch
arm_mean,0.0,0.0,0.0,homa,0.0,hpcc_valid_feedback,5,2.7764451051977987,WebSearch
arm_mean,0.0,0.0,0.0,homa,0.0,int_hops_after_strip,5,2.7764451051977987,WebSearch
arm_mean,0.0,0.0,0.0,homa,0.0,int_hops_before_strip,5,2.7764451051977987,WebSearch
arm_mean,0.0,0.0,0.0,homa,0.0,int_records_stripped,5,2.7764451051977987,WebSearch
arm_mean,0.0,0.0,0.0,homa,0.0,irn_nacks_generated,5,2.7764451051977987,WebSearch
arm_mean,0.0,0.0,0.0,homa,0.0,irn_nacks_received,5,2.7764451051977987,WebSearch
arm_mean,0.0,0.0,0.0,homa,0.0,irn_retransmit_bytes,5,2.7764451051977987,WebSearch
arm_mean,0.0,0.0,0.0,homa,0.0,irn_retransmit_packets,5,2.7764451051977987,WebSearch
arm_mean,0.7795408999042794,7.254120490714033,5.6950386909054735,homa,6.474579590809753,le_8KB_fct_us_mean,5,2.7764451051977987,WebSearch
arm_mean,0.09924708184243834,9.05183708184244,8.853342918157562,homa,8.95259,le_8KB_fct_us_p95,5,2.7764451051977987,WebSearch
arm_mean,0.10767091189664128,9.113024911896641,8.89768308810336,homa,9.005354,le_8KB_fct_us_p99,5,2.7764451051977987,WebSearch
arm_mean,5.311652244374358,30.711652244374356,20.08834775562564,homa,25.4,le_8KB_flow_count,5,2.7764451051977987,WebSearch
arm_mean,0.0029768116957281637,1.0090790401912721,1.003125416799816,homa,1.006102228495544,le_8KB_slowdown_mean,5,2.7764451051977987,WebSearch
arm_mean,0.009542661940654321,1.0332318293072429,1.0141465054259344,homa,1.0236891673665887,le_8KB_slowdown_p95,5,2.7764451051977987,WebSearch
arm_mean,0.01126214917177204,1.0394685678054914,1.016944269461947,homa,1.0282064186337192,le_8KB_slowdown_p99,5,2.7764451051977987,WebSearch
arm_mean,0.7531706422614032,2.305205205401191,0.7988639208783846,homa,1.5520345631397878,long_to_small_slowdown_mean_ratio,5,2.7764451051977987,WebSearch
arm_mean,0.0,0.0,0.0,homa,0.0,max_active_flows,5,2.7764451051977987,WebSearch
arm_mean,1574.3668860291773,51261.56688602918,48112.83311397082,homa,49687.2,output_bytes,5,2.7764451051977987,WebSearch
arm_mean,131.93857617828183,372.3889823285783,108.51182997201468,homa,240.45040615029652,overall_fct_us_mean,5,2.7764451051977987,WebSearch
arm_mean,1004.173927729037,2277.488027729037,269.14017227096303,homa,1273.3141,overall_fct_us_p95,5,2.7764451051977987,WebSearch
arm_mean,1958.1367287730304,5100.137344773029,1183.863887226969,homa,3142.0006159999994,overall_fct_us_p99,5,2.7764451051977987,WebSearch
arm_mean,20.22426345310755,229.62426345310755,189.17573654689247,homa,209.4,overall_flow_count,5,2.7764451051977987,WebSearch
arm_mean,0.2689970737904667,1.4983468589322582,0.9603527113513246,homa,1.2293497851417914,overall_slowdown_mean,5,2.7764451051977987,WebSearch
arm_mean,1.7934477356516763,4.173942952579714,0.5870474812763617,homa,2.380495216928038,overall_slowdown_p95,5,2.7764451051977987,WebSearch
arm_mean,2.6930885048159676,5.913764769182909,0.5275877595509737,homa,3.2206762643669413,overall_slowdown_p99,5,2.7764451051977987,WebSearch
arm_mean,0.0,0.0,0.0,homa,0.0,pfc_cumulative_pause_ns,5,2.7764451051977987,WebSearch
arm_mean,0.0,0.0,0.0,homa,0.0,pfc_matched_intervals,5,2.7764451051977987,WebSearch
arm_mean,0.0,0.0,0.0,homa,0.0,pfc_max_pause_ns,5,2.7764451051977987,WebSearch
arm_mean,0.0,0.0,0.0,homa,0.0,pfc_pause_count,5,2.7764451051977987,WebSearch
arm_mean,0.0,0.0,0.0,homa,0.0,pfc_pause_events,5,2.7764451051977987,WebSearch
arm_mean,0.0,0.0,0.0,homa,0.0,pfc_resume_count,5,2.7764451051977987,WebSearch
arm_mean,0.0,0.0,0.0,homa,0.0,pfc_resume_events,5,2.7764451051977987,WebSearch
arm_mean,0.0,0.0,0.0,homa,0.0,pfc_unmatched_pauses,5,2.7764451051977987,WebSearch
arm_mean,0.0,0.0,0.0,homa,0.0,pfc_unmatched_resumes,5,2.7764451051977987,WebSearch
arm_mean,0.0,0.0,0.0,homa,0.0,proactive_releases,5,2.7764451051977987,WebSearch
arm_mean,300207.59013888234,701218.1901388823,100803.00986111764,homa,401010.6,queue_bytes_max,5,2.7764451051977987,WebSearch
arm_mean,7890.108824257296,12359.076624257297,-3421.1410242572956,homa,4468.9678,queue_bytes_mean,5,2.7764451051977987,WebSearch
arm_mean,22700.315805634153,31151.515805634153,-14249.115805634152,homa,8451.2,queue_bytes_p95,5,2.7764451051977987,WebSearch
arm_mean,236555.42058645774,387565.02058645774,-85545.82058645773,homa,151009.6,queue_bytes_p99,5,2.7764451051977987,WebSearch
arm_mean,0.0,400020.0,400020.0,homa,400020.0,queue_sample_count,5,2.7764451051977987,WebSearch
arm_mean,0.0,0.0,0.0,homa,0.0,reactive_binding_rate_changes,5,2.7764451051977987,WebSearch
arm_mean,0.0,0.0,0.0,homa,0.0,reactive_binding_updates,5,2.7764451051977987,WebSearch
arm_mean,0.0,0.0,0.0,homa,0.0,recovery_nacks_generated,5,2.7764451051977987,WebSearch
arm_mean,0.0,0.0,0.0,homa,0.0,recovery_nacks_received,5,2.7764451051977987,WebSearch
arm_mean,0.0,0.0,0.0,homa,0.0,registrations,5,2.7764451051977987,WebSearch
arm_mean,0.0,0.0,0.0,homa,0.0,selected_registrations,5,2.7764451051977987,WebSearch
arm_mean,0.0,0.0,0.0,homa,0.0,switch_drops_egress,5,2.7764451051977987,WebSearch
arm_mean,0.0,0.0,0.0,homa,0.0,switch_drops_ingress,5,2.7764451051977987,WebSearch
arm_mean,0.0,0.0,0.0,homa,0.0,switch_drops_total,5,2.7764451051977987,WebSearch
arm_mean,0.0,0.0,0.0,homa,0.0,tie_binding_rate_changes,5,2.7764451051977987,WebSearch
arm_mean,0.0,0.0,0.0,homa,0.0,tie_binding_updates,5,2.7764451051977987,WebSearch
arm_mean,0.0,0.0,0.0,homa,0.0,timeout_recoveries,5,2.7764451051977987,WebSearch
arm_mean,9.750853719191262,67.79831344350202,48.29660600511951,hpcc,58.04745972431077,1BDP_to_1MB_fct_us_mean,5,2.7764451051977987,WebSearch
arm_mean,33.205145883254765,162.75135588325475,96.3410641167452,hpcc,129.54620999999997,1BDP_to_1MB_fct_us_p95,5,2.7764451051977987,WebSearch
arm_mean,43.9956027789921,204.58304477899213,116.59183922100794,hpcc,160.58744200000004,1BDP_to_1MB_fct_us_p99,5,2.7764451051977987,WebSearch
arm_mean,5.119511816120866,40.11951181612086,29.880488183879134,hpcc,35.0,1BDP_to_1MB_flow_count,5,2.7764451051977987,WebSearch
arm_mean,0.08481065550276028,1.4141761335480807,1.24455482254256,hpcc,1.3293654780453203,1BDP_to_1MB_slowdown_mean,5,2.7764451051977987,WebSearch
arm_mean,0.15697114368564333,2.1616560474618653,1.8477137600905786,hpcc,2.004684903776222,1BDP_to_1MB_slowdown_p95,5,2.7764451051977987,WebSearch
arm_mean,0.27410020924748313,2.5334132887978154,1.985212870302849,hpcc,2.2593130795503322,1BDP_to_1MB_slowdown_p99,5,2.7764451051977987,WebSearch
arm_mean,1.384772844216306,12.786678098204149,10.017132409771538,hpcc,11.401905253987843,8KB_to_1BDP_fct_us_mean,5,2.7764451051977987,WebSearch
arm_mean,3.2135215171121043,23.453041517112105,17.025998482887893,hpcc,20.23952,8KB_to_1BDP_fct_us_p95,5,2.7764451051977987,WebSearch
arm_mean,4.410939946144964,31.03705194614496,22.21517205385503,hpcc,26.626111999999996,8KB_to_1BDP_fct_us_p99,5,2.7764451051977987,WebSearch
arm_mean,13.98182029016265,101.38182029016265,73.41817970983736,hpcc,87.4,8KB_to_1BDP_flow_count,5,2.7764451051977987,WebSearch
arm_mean,0.050798920764634554,1.1978822845288506,1.0962844429995813,hpcc,1.147083363764216,8KB_to_1BDP_slowdown_mean,5,2.7764451051977987,WebSearch
arm_mean,0.10602029261653927,1.6883730981749456,1.4763325129418672,hpcc,1.5823528055584064,8KB_to_1BDP_slowdown_p95,5,2.7764451051977987,WebSearch
arm_mean,0.3650985145281753,2.391323509912119,1.6611264808557684,hpcc,2.0262249953839437,8KB_to_1BDP_slowdown_p99,5,2.7764451051977987,WebSearch
arm_mean,0.0,0.0,0.0,hpcc,0.0,completion_releases,5,2.7764451051977987,WebSearch
arm_mean,0.5552890210395597,3.7552890210395597,2.6447109789604406,hpcc,3.2,elapsed_seconds,5,2.7764451051977987,WebSearch
arm_mean,20.22426345310755,229.62426345310755,189.17573654689247,hpcc,209.4,flow_count,5,2.7764451051977987,WebSearch
arm_mean,0.0,0.0,0.0,hpcc,0.0,grant_binding_rate_changes,5,2.7764451051977987,WebSearch
arm_mean,0.0,0.0,0.0,hpcc,0.0,grant_binding_updates,5,2.7764451051977987,WebSearch
arm_mean,0.0,0.0,0.0,hpcc,0.0,grant_bytes_sent,5,2.7764451051977987,WebSearch
arm_mean,0.0,0.0,0.0,hpcc,0.0,grant_event_rate_changes,5,2.7764451051977987,WebSearch
arm_mean,0.0,0.0,0.0,hpcc,0.0,grants_received,5,2.7764451051977987,WebSearch
arm_mean,0.0,0.0,0.0,hpcc,0.0,grants_sent,5,2.7764451051977987,WebSearch
arm_mean,304.8416754679235,1119.3140596242245,509.6307086883774,hpcc,814.4723841563009,gt_1MB_fct_us_mean,5,2.7764451051977987,WebSearch
arm_mean,1186.594465718296,3798.147475718296,1424.958544281704,hpcc,2611.55301,gt_1MB_fct_us_p95,5,2.7764451051977987,WebSearch
arm_mean,2960.5801992508505,7386.009995250849,1464.849596749148,hpcc,4425.4297959999985,gt_1MB_fct_us_p99,5,2.7764451051977987,WebSearch
arm_mean,6.721061961770338,68.32106196177034,54.87893803822966,hpcc,61.6,gt_1MB_flow_count,5,2.7764451051977987,WebSearch
arm_mean,0.4636787573362292,2.1869010083891633,1.2595434937167052,hpcc,1.7232222510529343,gt_1MB_slowdown_mean,5,2.7764451051977987,WebSearch
arm_mean,1.5780808786259914,4.7626751296919645,1.6065133724399816,hpcc,3.184594251065973,gt_1MB_slowdown_p95,5,2.7764451051977987,WebSearch
arm_mean,3.6998170988482832,9.171544167894268,1.7719099701977012,hpcc,5.4717270690459845,gt_1MB_slowdown_p99,5,2.7764451051977987,WebSearch
arm_mean,0.0,0.0,0.0,hpcc,0.0,guard_adaptive_grant_updates,5,2.7764451051977987,WebSearch
arm_mean,0.0,0.0,0.0,hpcc,0.0,guard_concurrency_limited_allocations,5,2.7764451051977987,WebSearch
arm_mean,0.0,0.0,0.0,hpcc,0.0,guard_concurrency_max_deferred_flows,5,2.7764451051977987,WebSearch
arm_mean,0.0,8.0,8.0,hpcc,8.0,guard_concurrency_min_bdps,5,2.7764451051977987,WebSearch
arm_mean,0.0,1.0,1.0,hpcc,1.0,guard_grant_refresh_bdps,5,2.7764451051977987,WebSearch
arm_mean,0.0,0.0,0.0,hpcc,0.0,guard_min_share_fraction,5,2.7764451051977987,WebSearch
arm_mean,0.0,0.0,0.0,hpcc,0.0,guard_rebalance_events,5,2.7764451051977987,WebSearch
arm_mean,0.0,0.0,0.0,hpcc,0.0,guard_receiver_concurrency,5,2.7764451051977987,WebSearch
arm_mean,0.0,1.0,1.0,hpcc,1.0,guard_remaining_aware,5,2.7764451051977987,WebSearch
arm_mean,0.0,1.0,1.0,hpcc,1.0,guard_remaining_exponent,5,2.7764451051977987,WebSearch
arm_mean,0.0,0.0,0.0,hpcc,0.0,guard_remaining_refresh_events,5,2.7764451051977987,WebSearch
arm_mean,0.0,1.0,1.0,hpcc,1.0,guard_sender_srpt_enabled,5,2.7764451051977987,WebSearch
arm_mean,0.0,0.0,0.0,hpcc,0.0,guard_sender_srpt_forced_rr,5,2.7764451051977987,WebSearch
arm_mean,0.0,0.0,0.0,hpcc,0.0,guard_sender_srpt_non_rr,5,2.7764451051977987,WebSearch
arm_mean,0.0,0.0,0.0,hpcc,0.0,guard_sender_srpt_selections,5,2.7764451051977987,WebSearch
arm_mean,0.0,64.0,64.0,hpcc,64.0,guard_srpt_quantum_packets,5,2.7764451051977987,WebSearch
arm_mean,0.0,8.0,8.0,hpcc,8.0,guard_tail_bypass_bdps,5,2.7764451051977987,WebSearch
arm_mean,0.0,1.0,1.0,hpcc,1.0,guard_tail_bypass_enabled,5,2.7764451051977987,WebSearch
arm_mean,0.0,0.0,0.0,hpcc,0.0,guard_tail_bypass_feedbacks,5,2.7764451051977987,WebSearch
arm_mean,0.0,0.0,0.0,hpcc,0.0,guard_tail_bypass_flows,5,2.7764451051977987,WebSearch
arm_mean,0.0,0.0,0.0,hpcc,0.0,homa_completion_notices_received,5,2.7764451051977987,WebSearch
arm_mean,0.0,0.0,0.0,hpcc,0.0,homa_completion_notices_sent,5,2.7764451051977987,WebSearch
arm_mean,0.0,0.0,0.0,hpcc,0.0,homa_data_bytes,5,2.7764451051977987,WebSearch
arm_mean,0.0,0.0,0.0,hpcc,0.0,homa_data_packets,5,2.7764451051977987,WebSearch
arm_mean,0.0,0.0,0.0,hpcc,0.0,homa_grants_received,5,2.7764451051977987,WebSearch
arm_mean,0.0,0.0,0.0,hpcc,0.0,homa_grants_sent,5,2.7764451051977987,WebSearch
arm_mean,0.0,0.0,0.0,hpcc,0.0,homa_max_pending_messages,5,2.7764451051977987,WebSearch
arm_mean,0.0,0.0,0.0,hpcc,0.0,homa_messages_completed,5,2.7764451051977987,WebSearch
arm_mean,0.0,0.0,0.0,hpcc,0.0,homa_messages_tracked,5,2.7764451051977987,WebSearch
arm_mean,0.0,0.0,0.0,hpcc,0.0,homa_resends_received,5,2.7764451051977987,WebSearch
arm_mean,0.0,0.0,0.0,hpcc,0.0,homa_resends_sent,5,2.7764451051977987,WebSearch
arm_mean,0.0,0.0,0.0,hpcc,0.0,homa_retransmit_packets,5,2.7764451051977987,WebSearch
arm_mean,2076.2683466318867,8757.468346631886,4604.931653368113,hpcc,6681.2,hpcc_actual_rate_changes,5,2.7764451051977987,WebSearch
arm_mean,0.0,0.0,0.0,hpcc,0.0,hpcc_fast_computations,5,2.7764451051977987,WebSearch
arm_mean,1827.687945792299,9904.4879457923,6249.1120542077015,hpcc,8076.8,hpcc_feedback_updates,5,2.7764451051977987,WebSearch
arm_mean,1829.443818396754,9696.843818396754,6037.956181603246,hpcc,7867.4,hpcc_full_computations,5,2.7764451051977987,WebSearch
arm_mean,1829.443818396754,9696.843818396754,6037.956181603246,hpcc,7867.4,hpcc_rate_updates_applied,5,2.7764451051977987,WebSearch
arm_mean,1827.687945792299,9904.4879457923,6249.1120542077015,hpcc,8076.8,hpcc_valid_feedback,5,2.7764451051977987,WebSearch
arm_mean,0.0,0.0,0.0,hpcc,0.0,int_hops_after_strip,5,2.7764451051977987,WebSearch
arm_mean,0.0,0.0,0.0,hpcc,0.0,int_hops_before_strip,5,2.7764451051977987,WebSearch
arm_mean,0.0,0.0,0.0,hpcc,0.0,int_records_stripped,5,2.7764451051977987,WebSearch
arm_mean,0.0,0.0,0.0,hpcc,0.0,irn_nacks_generated,5,2.7764451051977987,WebSearch
arm_mean,0.0,0.0,0.0,hpcc,0.0,irn_nacks_received,5,2.7764451051977987,WebSearch
arm_mean,0.0,0.0,0.0,hpcc,0.0,irn_retransmit_bytes,5,2.7764451051977987,WebSearch
arm_mean,0.0,0.0,0.0,hpcc,0.0,irn_retransmit_packets,5,2.7764451051977987,WebSearch
arm_mean,0.793617454999023,7.419902308058605,5.8326673980605594,hpcc,6.626284853059582,le_8KB_fct_us_mean,5,2.7764451051977987,WebSearch
arm_mean,0.30724165432211537,9.549061654322117,8.934578345677885,hpcc,9.24182,le_8KB_fct_us_p95,5,2.7764451051977987,WebSearch
arm_mean,1.0844023354411247,11.135200335441125,8.966395664558876,hpcc,10.050798,le_8KB_fct_us_p99,5,2.7764451051977987,WebSearch
arm_mean,5.311652244374358,30.711652244374356,20.08834775562564,hpcc,25.4,le_8KB_flow_count,5,2.7764451051977987,WebSearch
arm_mean,0.015045225994186647,1.0456612116097068,1.0155707596213335,hpcc,1.0306159856155201,le_8KB_slowdown_mean,5,2.7764451051977987,WebSearch
arm_mean,0.047912531624603884,1.161084326011385,1.0652592627621773,hpcc,1.1131717943867812,le_8KB_slowdown_p95,5,2.7764451051977987,WebSearch
arm_mean,0.17481707341752015,1.4031755222385882,1.053541375403548,hpcc,1.2283584488210681,le_8KB_slowdown_p99,5,2.7764451051977987,WebSearch
arm_mean,0.42697928178393557,2.096631367984739,1.242672804416868,hpcc,1.6696520862008035,long_to_small_slowdown_mean_ratio,5,2.7764451051977987,WebSearch
arm_mean,0.0,0.0,0.0,hpcc,0.0,max_active_flows,5,2.7764451051977987,WebSearch
arm_mean,1410.9768914668757,50868.57689146687,48046.623108533124,hpcc,49457.6,output_bytes,5,2.7764451051977987,WebSearch
arm_mean,100.99278937846242,358.05102654461166,156.06544778768682,hpcc,257.05823716614924,overall_fct_us_mean,5,2.7764451051977987,WebSearch
arm_mean,453.383557054458,1660.9186870544575,754.1515729455416,hpcc,1207.5351299999995,overall_fct_us_p95,5,2.7764451051977987,WebSearch
arm_mean,1420.1103291414245,4567.601161141423,1727.3805028585741,hpcc,3147.4908319999986,overall_fct_us_p99,5,2.7764451051977987,WebSearch
arm_mean,20.22426345310755,229.62426345310755,189.17573654689247,hpcc,209.4,overall_flow_count,5,2.7764451051977987,WebSearch
arm_mean,0.16449374693411928,1.5004141526819046,1.1714266588136661,hpcc,1.3359204057477854,overall_slowdown_mean,5,2.7764451051977987,WebSearch
arm_mean,0.5804703284658155,2.8588564242865733,1.6979157673549423,hpcc,2.278386095820758,overall_slowdown_p95,5,2.7764451051977987,WebSearch
arm_mean,1.7239747924893498,5.2847343494169845,1.8367847644382844,hpcc,3.5607595569276342,overall_slowdown_p99,5,2.7764451051977987,WebSearch
arm_mean,0.0,0.0,0.0,hpcc,0.0,pfc_cumulative_pause_ns,5,2.7764451051977987,WebSearch
arm_mean,0.0,0.0,0.0,hpcc,0.0,pfc_matched_intervals,5,2.7764451051977987,WebSearch
arm_mean,0.0,0.0,0.0,hpcc,0.0,pfc_max_pause_ns,5,2.7764451051977987,WebSearch
arm_mean,0.0,0.0,0.0,hpcc,0.0,pfc_pause_count,5,2.7764451051977987,WebSearch
arm_mean,0.0,0.0,0.0,hpcc,0.0,pfc_pause_events,5,2.7764451051977987,WebSearch
arm_mean,0.0,0.0,0.0,hpcc,0.0,pfc_resume_count,5,2.7764451051977987,WebSearch
arm_mean,0.0,0.0,0.0,hpcc,0.0,pfc_resume_events,5,2.7764451051977987,WebSearch
arm_mean,0.0,0.0,0.0,hpcc,0.0,pfc_unmatched_pauses,5,2.7764451051977987,WebSearch
arm_mean,0.0,0.0,0.0,hpcc,0.0,pfc_unmatched_resumes,5,2.7764451051977987,WebSearch
arm_mean,0.0,0.0,0.0,hpcc,0.0,proactive_releases,5,2.7764451051977987,WebSearch
arm_mean,49647.10474962778,232960.50474962778,133666.2952503722,hpcc,183313.4,queue_bytes_max,5,2.7764451051977987,WebSearch
arm_mean,253.21548481284768,587.6294848128476,81.19851518715231,hpcc,334.414,queue_bytes_mean,5,2.7764451051977987,WebSearch
arm_mean,0.0,0.0,0.0,hpcc,0.0,queue_bytes_p95,5,2.7764451051977987,WebSearch
arm_mean,6532.938163695058,10238.938163695058,-2826.9381636950584,hpcc,3706.0,queue_bytes_p99,5,2.7764451051977987,WebSearch
arm_mean,0.0,400020.0,400020.0,hpcc,400020.0,queue_sample_count,5,2.7764451051977987,WebSearch
arm_mean,0.0,0.0,0.0,hpcc,0.0,reactive_binding_rate_changes,5,2.7764451051977987,WebSearch
arm_mean,0.0,0.0,0.0,hpcc,0.0,reactive_binding_updates,5,2.7764451051977987,WebSearch
arm_mean,0.0,0.0,0.0,hpcc,0.0,recovery_nacks_generated,5,2.7764451051977987,WebSearch
arm_mean,0.0,0.0,0.0,hpcc,0.0,recovery_nacks_received,5,2.7764451051977987,WebSearch
arm_mean,0.0,0.0,0.0,hpcc,0.0,registrations,5,2.7764451051977987,WebSearch
arm_mean,0.0,0.0,0.0,hpcc,0.0,selected_registrations,5,2.7764451051977987,WebSearch
arm_mean,0.0,0.0,0.0,hpcc,0.0,switch_drops_egress,5,2.7764451051977987,WebSearch
arm_mean,0.0,0.0,0.0,hpcc,0.0,switch_drops_ingress,5,2.7764451051977987,WebSearch
arm_mean,0.0,0.0,0.0,hpcc,0.0,switch_drops_total,5,2.7764451051977987,WebSearch
arm_mean,0.0,0.0,0.0,hpcc,0.0,tie_binding_rate_changes,5,2.7764451051977987,WebSearch
arm_mean,0.0,0.0,0.0,hpcc,0.0,tie_binding_updates,5,2.7764451051977987,WebSearch
arm_mean,0.0,0.0,0.0,hpcc,0.0,timeout_recoveries,5,2.7764451051977987,WebSearch
paired_difference,11.272967254711467,3.51263824886351,-19.033296260559425,guard_minus_homa,-7.760329005847957,1BDP_to_1MB_fct_us_mean,5,2.7764451051977987,WebSearch
paired_percent,15.839704876942596,3.317654525878355,-28.361755228006835,guard_minus_homa,-12.522050351064241,1BDP_to_1MB_fct_us_mean,5,2.7764451051977987,WebSearch
paired_difference,75.11974489286902,36.46311489286905,-113.776374892869,guard_minus_homa,-38.65662999999997,1BDP_to_1MB_fct_us_p95,5,2.7764451051977987,WebSearch
paired_percent,29.1437929746396,9.570810323812342,-48.71677562546685,guard_minus_homa,-19.572982650827257,1BDP_to_1MB_fct_us_p95,5,2.7764451051977987,WebSearch
paired_difference,140.33686099697138,77.11164299697131,-203.56207899697145,guard_minus_homa,-63.22521800000006,1BDP_to_1MB_fct_us_p99,5,2.7764451051977987,WebSearch
paired_percent,35.71180815041885,14.966471145867942,-56.45714515496975,guard_minus_homa,-20.745337004550905,1BDP_to_1MB_fct_us_p99,5,2.7764451051977987,WebSearch
paired_difference,0.0,0.0,0.0,guard_minus_homa,0.0,1BDP_to_1MB_flow_count,5,2.7764451051977987,WebSearch
paired_percent,0.0,0.0,0.0,guard_minus_homa,0.0,1BDP_to_1MB_flow_count,5,2.7764451051977987,WebSearch
paired_difference,0.2092685045412952,0.031331301226017516,-0.3872057078565729,guard_minus_homa,-0.17793720331527768,1BDP_to_1MB_slowdown_mean,5,2.7764451051977987,WebSearch
paired_percent,12.809218077941749,-0.1716103427721034,-25.7900464986556,guard_minus_homa,-12.980828420713852,1BDP_to_1MB_slowdown_mean,5,2.7764451051977987,WebSearch
paired_difference,1.4676151798111536,0.31986073683432026,-2.615369622787987,guard_minus_homa,-1.1477544429768334,1BDP_to_1MB_slowdown_p95,5,2.7764451051977987,WebSearch
paired_percent,27.704413238937345,-12.635072914236634,-68.04389939211133,guard_minus_homa,-40.33948615317398,1BDP_to_1MB_slowdown_p95,5,2.7764451051977987,WebSearch
paired_difference,1.9919579503947358,0.6409165169781479,-3.342999383811324,guard_minus_homa,-1.351041433416588,1BDP_to_1MB_slowdown_p99,5,2.7764451051977987,WebSearch
paired_percent,29.691569132134443,-8.132779350389615,-67.5159176146585,guard_minus_homa,-37.82434848252406,1BDP_to_1MB_slowdown_p99,5,2.7764451051977987,WebSearch
paired_difference,0.08038916639766605,-0.11727103996642291,-0.278049372761755,guard_minus_homa,-0.19766020636408896,8KB_to_1BDP_fct_us_mean,5,2.7764451051977987,WebSearch
paired_percent,0.7135393346184417,-1.2192486609468034,-2.6463273301836865,guard_minus_homa,-1.932787995565245,8KB_to_1BDP_fct_us_mean,5,2.7764451051977987,WebSearch
paired_difference,0.34484746986128706,-0.25845253013871233,-0.9481474698612864,guard_minus_homa,-0.6032999999999994,8KB_to_1BDP_fct_us_p95,5,2.7764451051977987,WebSearch
paired_percent,2.0277998753298863,-1.9162136803948084,-5.971813431054581,guard_minus_homa,-3.9440135557246947,8KB_to_1BDP_fct_us_p95,5,2.7764451051977987,WebSearch
paired_difference,0.8238274214606095,-0.4160805785393914,-2.0637354214606103,guard_minus_homa,-1.239908000000001,8KB_to_1BDP_fct_us_p99,5,2.7764451051977987,WebSearch
paired_percent,4.7171594554576215,-2.613166660446976,-12.04748557136222,guard_minus_homa,-7.330326115904597,8KB_to_1BDP_fct_us_p99,5,2.7764451051977987,WebSearch
paired_difference,0.0,0.0,0.0,guard_minus_homa,0.0,8KB_to_1BDP_flow_count,5,2.7764451051977987,WebSearch
paired_percent,0.0,0.0,0.0,guard_minus_homa,0.0,8KB_to_1BDP_flow_count,5,2.7764451051977987,WebSearch
paired_difference,0.005649810810450373,-0.010685181535003417,-0.021984803155904162,guard_minus_homa,-0.01633499234545379,8KB_to_1BDP_slowdown_mean,5,2.7764451051977987,WebSearch
paired_percent,0.5367614316753151,-1.038488826006512,-2.112011689357142,guard_minus_homa,-1.575250257681827,8KB_to_1BDP_slowdown_mean,5,2.7764451051977987,WebSearch
paired_difference,0.023379508103788624,-0.015806858503983105,-0.06256587471156036,guard_minus_homa,-0.03918636660777173,8KB_to_1BDP_slowdown_p95,5,2.7764451051977987,WebSearch
paired_percent,2.0486270646521123,-1.539954171870257,-5.637208301174482,guard_minus_homa,-3.5885812365223693,8KB_to_1BDP_slowdown_p95,5,2.7764451051977987,WebSearch
paired_difference,0.1769621378909107,0.01040848996030061,-0.34351578582152076,guard_minus_homa,-0.1665536479306101,8KB_to_1BDP_slowdown_p99,5,2.7764451051977987,WebSearch
paired_percent,12.353973784408312,-0.2050634388049506,-24.913011007621577,guard_minus_homa,-12.559037223213263,8KB_to_1BDP_slowdown_p99,5,2.7764451051977987,WebSearch
paired_difference,0.0,0.0,0.0,guard_minus_homa,0.0,completion_releases,5,2.7764451051977987,WebSearch
paired_difference,0.6800873806582569,0.08008738065825693,-1.280087380658257,guard_minus_homa,-0.6,elapsed_seconds,5,2.7764451051977987,WebSearch
paired_percent,22.669579355275232,2.669579355275232,-42.66957935527523,guard_minus_homa,-20.0,elapsed_seconds,5,2.7764451051977987,WebSearch
paired_difference,0.0,0.0,0.0,guard_minus_homa,0.0,flow_count,5,2.7764451051977987,WebSearch
paired_percent,0.0,0.0,0.0,guard_minus_homa,0.0,flow_count,5,2.7764451051977987,WebSearch
paired_difference,5.238586147325389,7.838586147325389,-2.638586147325389,guard_minus_homa,2.6,grant_binding_rate_changes,5,2.7764451051977987,WebSearch
paired_difference,40.75798718630624,118.75798718630624,37.24201281369376,guard_minus_homa,78.0,grant_binding_updates,5,2.7764451051977987,WebSearch
paired_difference,77877.1688062212,571132.7688062212,415378.43119377876,guard_minus_homa,493255.6,grant_bytes_sent,5,2.7764451051977987,WebSearch
paired_difference,33.988496622937255,100.38849662293725,32.41150337706275,guard_minus_homa,66.4,grant_event_rate_changes,5,2.7764451051977987,WebSearch
paired_difference,828.4805192151191,6075.8805192151185,4418.919480784881,guard_minus_homa,5247.4,grants_received,5,2.7764451051977987,WebSearch
paired_difference,828.4805192151191,6075.8805192151185,4418.919480784881,guard_minus_homa,5247.4,grants_sent,5,2.7764451051977987,WebSearch
paired_difference,115.58094542398646,67.09729319233693,-164.064597655636,guard_minus_homa,-48.483652231649536,gt_1MB_fct_us_mean,5,2.7764451051977987,WebSearch
paired_percent,8.28415630075814,4.224609490015105,-12.343703111501174,guard_minus_homa,-4.059546810743035,gt_1MB_fct_us_mean,5,2.7764451051977987,WebSearch
paired_difference,518.0880886812796,283.02590868127953,-753.1502686812796,guard_minus_homa,-235.06218000000007,gt_1MB_fct_us_p95,5,2.7764451051977987,WebSearch
paired_percent,11.055836196460765,5.298616731322138,-16.813055661599392,guard_minus_homa,-5.757219465138627,gt_1MB_fct_us_p95,5,2.7764451051977987,WebSearch
paired_difference,496.1106365024265,349.98281650242615,-642.2384565024267,guard_minus_homa,-146.12782000000033,gt_1MB_fct_us_p99,5,2.7764451051977987,WebSearch
paired_percent,7.883499898059983,6.290553953860039,-9.476445842259928,guard_minus_homa,-1.5929459441999438,gt_1MB_fct_us_p99,5,2.7764451051977987,WebSearch
paired_difference,0.0,0.0,0.0,guard_minus_homa,0.0,gt_1MB_flow_count,5,2.7764451051977987,WebSearch
paired_percent,0.0,0.0,0.0,guard_minus_homa,0.0,gt_1MB_flow_count,5,2.7764451051977987,WebSearch
paired_difference,0.24747047904235353,0.14122065689411364,-0.3537203011905934,guard_minus_homa,-0.10624982214823989,gt_1MB_slowdown_mean,5,2.7764451051977987,WebSearch
paired_percent,8.979987432967578,4.4345131295857865,-13.525461736349369,guard_minus_homa,-4.545474303381791,gt_1MB_slowdown_mean,5,2.7764451051977987,WebSearch
paired_difference,0.9035168203429583,0.4466694792076787,-1.360364161478238,guard_minus_homa,-0.45684734113527964,gt_1MB_slowdown_p95,5,2.7764451051977987,WebSearch
paired_percent,11.9614038286511,1.402189543847399,-22.520618113454802,guard_minus_homa,-10.559214284803701,gt_1MB_slowdown_p95,5,2.7764451051977987,WebSearch
paired_difference,2.1518273903182745,1.0486401045949358,-3.255014676041613,guard_minus_homa,-1.1031872857233387,gt_1MB_slowdown_p99,5,2.7764451051977987,WebSearch
paired_percent,20.593819630822896,1.8882543607145479,-39.299384900931244,guard_minus_homa,-18.705565270108348,gt_1MB_slowdown_p99,5,2.7764451051977987,WebSearch
paired_difference,0.0,0.0,0.0,guard_minus_homa,0.0,guard_adaptive_grant_updates,5,2.7764451051977987,WebSearch
paired_difference,126.42249422589353,346.62249422589355,93.77750577410646,guard_minus_homa,220.2,guard_concurrency_limited_allocations,5,2.7764451051977987,WebSearch
paired_difference,0.6800873806582569,2.280087380658257,0.9199126193417432,guard_minus_homa,1.6,guard_concurrency_max_deferred_flows,5,2.7764451051977987,WebSearch
paired_difference,0.0,4.0,4.0,guard_minus_homa,4.0,guard_concurrency_min_bdps,5,2.7764451051977987,WebSearch
paired_percent,0.0,50.0,50.0,guard_minus_homa,50.0,guard_concurrency_min_bdps,5,2.7764451051977987,WebSearch
paired_difference,0.0,0.0,0.0,guard_minus_homa,0.0,guard_grant_refresh_bdps,5,2.7764451051977987,WebSearch
paired_percent,0.0,0.0,0.0,guard_minus_homa,0.0,guard_grant_refresh_bdps,5,2.7764451051977987,WebSearch
paired_difference,0.0,0.0,0.0,guard_minus_homa,0.0,guard_min_share_fraction,5,2.7764451051977987,WebSearch
paired_difference,0.0,0.0,0.0,guard_minus_homa,0.0,guard_rebalance_events,5,2.7764451051977987,WebSearch
paired_difference,0.0,1.0,1.0,guard_minus_homa,1.0,guard_receiver_concurrency,5,2.7764451051977987,WebSearch
paired_difference,0.0,0.0,0.0,guard_minus_homa,0.0,guard_remaining_aware,5,2.7764451051977987,WebSearch
paired_percent,0.0,0.0,0.0,guard_minus_homa,0.0,guard_remaining_aware,5,2.7764451051977987,WebSearch
paired_difference,0.0,0.0,0.0,guard_minus_homa,0.0,guard_remaining_exponent,5,2.7764451051977987,WebSearch
paired_percent,0.0,0.0,0.0,guard_minus_homa,0.0,guard_remaining_exponent,5,2.7764451051977987,WebSearch
paired_difference,878.4763573525698,5758.27635735257,4001.3236426474305,guard_minus_homa,4879.8,guard_remaining_refresh_events,5,2.7764451051977987,WebSearch
paired_difference,0.0,0.0,0.0,guard_minus_homa,0.0,guard_sender_srpt_enabled,5,2.7764451051977987,WebSearch
paired_percent,0.0,0.0,0.0,guard_minus_homa,0.0,guard_sender_srpt_enabled,5,2.7764451051977987,WebSearch
paired_difference,92.13866401268974,177.13866401268973,-7.138664012689745,guard_minus_homa,85.0,guard_sender_srpt_forced_rr,5,2.7764451051977987,WebSearch
paired_difference,9532.82485066157,28825.42485066157,9759.77514933843,guard_minus_homa,19292.6,guard_sender_srpt_non_rr,5,2.7764451051977987,WebSearch
paired_difference,40072.95214714725,398709.55214714725,318563.6478528527,guard_minus_homa,358636.6,guard_sender_srpt_selections,5,2.7764451051977987,WebSearch
paired_difference,0.0,0.0,0.0,guard_minus_homa,0.0,guard_srpt_quantum_packets,5,2.7764451051977987,WebSearch
paired_percent,0.0,0.0,0.0,guard_minus_homa,0.0,guard_srpt_quantum_packets,5,2.7764451051977987,WebSearch
paired_difference,0.0,0.0,0.0,guard_minus_homa,0.0,guard_tail_bypass_bdps,5,2.7764451051977987,WebSearch
paired_percent,0.0,0.0,0.0,guard_minus_homa,0.0,guard_tail_bypass_bdps,5,2.7764451051977987,WebSearch
paired_difference,0.0,0.0,0.0,guard_minus_homa,0.0,guard_tail_bypass_enabled,5,2.7764451051977987,WebSearch
paired_percent,0.0,0.0,0.0,guard_minus_homa,0.0,guard_tail_bypass_enabled,5,2.7764451051977987,WebSearch
paired_difference,802.5335588391282,7455.333558839128,5850.266441160872,guard_minus_homa,6652.8,guard_tail_bypass_feedbacks,5,2.7764451051977987,WebSearch
paired_difference,10.087326007061236,119.08732600706124,98.91267399293876,guard_minus_homa,109.0,guard_tail_bypass_flows,5,2.7764451051977987,WebSearch
paired_difference,20.22426345310755,-189.17573654689247,-229.62426345310755,guard_minus_homa,-209.4,homa_completion_notices_received,5,2.7764451051977987,WebSearch
paired_percent,0.0,-100.0,-100.0,guard_minus_homa,-100.0,homa_completion_notices_received,5,2.7764451051977987,WebSearch
paired_difference,20.22426345310755,-189.17573654689247,-229.62426345310755,guard_minus_homa,-209.4,homa_completion_notices_sent,5,2.7764451051977987,WebSearch
paired_percent,0.0,-100.0,-100.0,guard_minus_homa,-100.0,homa_completion_notices_sent,5,2.7764451051977987,WebSearch
paired_difference,40076752.269405685,-318457278.53059435,-398610783.0694057,guard_minus_homa,-358534030.8,homa_data_bytes,5,2.7764451051977987,WebSearch
paired_percent,0.0,-100.0,-100.0,guard_minus_homa,-100.0,homa_data_bytes,5,2.7764451051977987,WebSearch
paired_difference,40073.41618162079,-318563.5838183792,-398710.4161816208,guard_minus_homa,-358637.0,homa_data_packets,5,2.7764451051977987,WebSearch
paired_percent,0.0,-100.0,-100.0,guard_minus_homa,-100.0,homa_data_packets,5,2.7764451051977987,WebSearch
paired_difference,39693.07812695293,-307675.3218730471,-387061.47812695295,guard_minus_homa,-347368.4,homa_grants_received,5,2.7764451051977987,WebSearch
paired_percent,0.0,-100.0,-100.0,guard_minus_homa,-100.0,homa_grants_received,5,2.7764451051977987,WebSearch
paired_difference,39693.07812695293,-307675.3218730471,-387061.47812695295,guard_minus_homa,-347368.4,homa_grants_sent,5,2.7764451051977987,WebSearch
paired_percent,0.0,-100.0,-100.0,guard_minus_homa,-100.0,homa_grants_sent,5,2.7764451051977987,WebSearch
paired_difference,0.6800873806582569,-1.719912619341743,-3.0800873806582567,guard_minus_homa,-2.4,homa_max_pending_messages,5,2.7764451051977987,WebSearch
paired_percent,0.0,-100.0,-100.0,guard_minus_homa,-100.0,homa_max_pending_messages,5,2.7764451051977987,WebSearch
paired_difference,20.22426345310755,-189.17573654689247,-229.62426345310755,guard_minus_homa,-209.4,homa_messages_completed,5,2.7764451051977987,WebSearch
paired_percent,0.0,-100.0,-100.0,guard_minus_homa,-100.0,homa_messages_completed,5,2.7764451051977987,WebSearch
paired_difference,20.22426345310755,-189.17573654689247,-229.62426345310755,guard_minus_homa,-209.4,homa_messages_tracked,5,2.7764451051977987,WebSearch
paired_percent,0.0,-100.0,-100.0,guard_minus_homa,-100.0,homa_messages_tracked,5,2.7764451051977987,WebSearch
paired_difference,0.6800873806582569,0.2800873806582569,-1.080087380658257,guard_minus_homa,-0.4,homa_resends_received,5,2.7764451051977987,WebSearch
paired_difference,0.6800873806582569,0.2800873806582569,-1.080087380658257,guard_minus_homa,-0.4,homa_resends_sent,5,2.7764451051977987,WebSearch
paired_difference,0.6800873806582569,0.2800873806582569,-1.080087380658257,guard_minus_homa,-0.4,homa_retransmit_packets,5,2.7764451051977987,WebSearch
paired_difference,1080.0333630980806,1690.8333630980806,-469.23336309808064,guard_minus_homa,610.8,hpcc_actual_rate_changes,5,2.7764451051977987,WebSearch
paired_difference,0.0,0.0,0.0,guard_minus_homa,0.0,hpcc_fast_computations,5,2.7764451051977987,WebSearch
paired_difference,923.7942596237178,5867.794259623718,4020.205740376282,guard_minus_homa,4944.0,hpcc_feedback_updates,5,2.7764451051977987,WebSearch
paired_difference,1081.9370898701084,2749.3370898701087,585.4629101298917,guard_minus_homa,1667.4,hpcc_full_computations,5,2.7764451051977987,WebSearch
paired_difference,1081.9370898701084,2749.3370898701087,585.4629101298917,guard_minus_homa,1667.4,hpcc_rate_updates_applied,5,2.7764451051977987,WebSearch
paired_difference,1091.0802602478507,2794.4802602478508,612.3197397521494,guard_minus_homa,1703.4,hpcc_valid_feedback,5,2.7764451051977987,WebSearch
paired_difference,21860.92037966164,69042.52037966164,25320.67962033836,guard_minus_homa,47181.6,int_hops_after_strip,5,2.7764451051977987,WebSearch
paired_difference,24394.450015343766,116287.25001534377,67498.34998465623,guard_minus_homa,91892.8,int_hops_before_strip,5,2.7764451051977987,WebSearch
paired_difference,5041.011510138747,49752.211510138746,39670.18848986125,guard_minus_homa,44711.2,int_records_stripped,5,2.7764451051977987,WebSearch
paired_difference,0.0,0.0,0.0,guard_minus_homa,0.0,irn_nacks_generated,5,2.7764451051977987,WebSearch
paired_difference,0.0,0.0,0.0,guard_minus_homa,0.0,irn_nacks_received,5,2.7764451051977987,WebSearch
paired_difference,0.0,0.0,0.0,guard_minus_homa,0.0,irn_retransmit_bytes,5,2.7764451051977987,WebSearch
paired_difference,0.0,0.0,0.0,guard_minus_homa,0.0,irn_retransmit_packets,5,2.7764451051977987,WebSearch
paired_difference,0.01620541078675511,-0.006930138155043834,-0.03934095972855405,guard_minus_homa,-0.023135548941798943,le_8KB_fct_us_mean,5,2.7764451051977987,WebSearch
paired_percent,0.23750663494644447,-0.11261007365746578,-0.5876233435503547,guard_minus_homa,-0.35011670860391025,le_8KB_fct_us_mean,5,2.7764451051977987,WebSearch
paired_difference,0.0297227817731269,-0.0026772182268732653,-0.062122781773127064,guard_minus_homa,-0.032400000000000165,le_8KB_fct_us_p95,5,2.7764451051977987,WebSearch
paired_percent,0.3288068897509107,-0.03241478624515176,-0.6900285657469731,guard_minus_homa,-0.3612216759960625,le_8KB_fct_us_p95,5,2.7764451051977987,WebSearch
paired_difference,0.04165697443537572,0.009518974435376297,-0.07379497443537514,guard_minus_homa,-0.032137999999999424,le_8KB_fct_us_p99,5,2.7764451051977987,WebSearch
paired_percent,0.4617605745642226,0.10518615263790843,-0.8183349964905368,guard_minus_homa,-0.35657442192631417,le_8KB_fct_us_p99,5,2.7764451051977987,WebSearch
paired_difference,0.0,0.0,0.0,guard_minus_homa,0.0,le_8KB_flow_count,5,2.7764451051977987,WebSearch
paired_percent,0.0,0.0,0.0,guard_minus_homa,0.0,le_8KB_flow_count,5,2.7764451051977987,WebSearch
paired_difference,0.002068240661816388,-0.00026581578858975337,-0.004402297112222529,guard_minus_homa,-0.0023340564504061414,le_8KB_slowdown_mean,5,2.7764451051977987,WebSearch
paired_percent,0.20547365217460367,-0.026275867522891877,-0.43722317187209925,guard_minus_homa,-0.23174951969749555,le_8KB_slowdown_mean,5,2.7764451051977987,WebSearch
paired_difference,0.005927117364786134,-0.0017905502985090692,-0.013644785028081335,guard_minus_homa,-0.007717667663295203,le_8KB_slowdown_p95,5,2.7764451051977987,WebSearch
paired_percent,0.5725250113393101,-0.17955986316638772,-1.324609885845008,guard_minus_homa,-0.7520848745056978,le_8KB_slowdown_p95,5,2.7764451051977987,WebSearch
paired_difference,0.005766621604767679,0.00040163651906940847,-0.01113160669046595,guard_minus_homa,-0.005364985085698271,le_8KB_slowdown_p99,5,2.7764451051977987,WebSearch
paired_percent,0.557603760558564,0.03729737436849956,-1.0779101467486285,guard_minus_homa,-0.5203063861900644,le_8KB_slowdown_p99,5,2.7764451051977987,WebSearch
paired_difference,0.24431346264071432,0.14229365271802466,-0.34633327256340396,guard_minus_homa,-0.10201980992268966,long_to_small_slowdown_mean_ratio,5,2.7764451051977987,WebSearch
paired_percent,8.994055278491798,4.670136368570833,-13.317974188412762,guard_minus_homa,-4.323918909920965,long_to_small_slowdown_mean_ratio,5,2.7764451051977987,WebSearch
paired_difference,0.6800873806582569,3.280087380658257,1.9199126193417433,guard_minus_homa,2.6,max_active_flows,5,2.7764451051977987,WebSearch
paired_difference,542599.4867382097,737802.2867382097,-347396.68673820974,guard_minus_homa,195202.8,output_bytes,5,2.7764451051977987,WebSearch
paired_percent,1076.482245104333,1463.7470018099464,-689.2174883987198,guard_minus_homa,387.26475670561325,output_bytes,5,2.7764451051977987,WebSearch
paired_difference,37.07479854102749,21.18271258818994,-52.96688449386504,guard_minus_homa,-15.89208595283755,overall_fct_us_mean,5,2.7764451051977987,WebSearch
paired_percent,8.34492136614652,3.9818942527564705,-12.70794847953657,guard_minus_homa,-4.36302711339005,overall_fct_us_mean,5,2.7764451051977987,WebSearch
paired_difference,394.65648495265117,228.25319495265126,-561.0597749526511,guard_minus_homa,-166.4032899999999,overall_fct_us_p95,5,2.7764451051977987,WebSearch
paired_percent,13.683612166863336,6.038598085231445,-21.328626248495226,guard_minus_homa,-7.64501408163189,overall_fct_us_p95,5,2.7764451051977987,WebSearch
paired_difference,370.51434764778355,214.1937976477853,-526.8348976477819,guard_minus_homa,-156.32054999999826,overall_fct_us_p99,5,2.7764451051977987,WebSearch
paired_percent,7.980429523679768,4.572281380781508,-11.388577666578028,guard_minus_homa,-3.4081481428982605,overall_fct_us_p99,5,2.7764451051977987,WebSearch
paired_difference,0.0,0.0,0.0,guard_minus_homa,0.0,overall_flow_count,5,2.7764451051977987,WebSearch
paired_percent,0.0,0.0,0.0,guard_minus_homa,0.0,overall_flow_count,5,2.7764451051977987,WebSearch
paired_difference,0.11177612571322225,0.042361935871233894,-0.1811903155552106,guard_minus_homa,-0.06941418984198836,overall_slowdown_mean,5,2.7764451051977987,WebSearch
paired_percent,6.552332923831415,1.6450113669243747,-11.459654480738454,guard_minus_homa,-4.90732155690704,overall_slowdown_mean,5,2.7764451051977987,WebSearch
paired_difference,0.8069927199273226,0.4024226855680992,-1.211562754286546,guard_minus_homa,-0.4045700343592234,overall_slowdown_p95,5,2.7764451051977987,WebSearch
paired_percent,15.185933158481296,3.8015581505701252,-26.570308166392465,guard_minus_homa,-11.38437500791117,overall_slowdown_p95,5,2.7764451051977987,WebSearch
paired_difference,1.1524381068597265,0.5260859820483785,-1.7787902316710744,guard_minus_homa,-0.6263521248113479,overall_slowdown_p99,5,2.7764451051977987,WebSearch
paired_percent,13.105325846562856,-0.9059727530308699,-27.11662444615658,guard_minus_homa,-14.011298599593726,overall_slowdown_p99,5,2.7764451051977987,WebSearch
paired_difference,0.0,0.0,0.0,guard_minus_homa,0.0,pfc_cumulative_pause_ns,5,2.7764451051977987,WebSearch
paired_difference,0.0,0.0,0.0,guard_minus_homa,0.0,pfc_matched_intervals,5,2.7764451051977987,WebSearch
paired_difference,0.0,0.0,0.0,guard_minus_homa,0.0,pfc_max_pause_ns,5,2.7764451051977987,WebSearch
paired_difference,0.0,0.0,0.0,guard_minus_homa,0.0,pfc_pause_count,5,2.7764451051977987,WebSearch
paired_difference,0.0,0.0,0.0,guard_minus_homa,0.0,pfc_pause_events,5,2.7764451051977987,WebSearch
paired_difference,0.0,0.0,0.0,guard_minus_homa,0.0,pfc_resume_count,5,2.7764451051977987,WebSearch
paired_difference,0.0,0.0,0.0,guard_minus_homa,0.0,pfc_resume_events,5,2.7764451051977987,WebSearch
paired_difference,0.0,0.0,0.0,guard_minus_homa,0.0,pfc_unmatched_pauses,5,2.7764451051977987,WebSearch
paired_difference,0.0,0.0,0.0,guard_minus_homa,0.0,pfc_unmatched_resumes,5,2.7764451051977987,WebSearch
paired_difference,10.087326007061236,119.08732600706124,98.91267399293876,guard_minus_homa,109.0,proactive_releases,5,2.7764451051977987,WebSearch
paired_difference,160275.06578852123,72702.06578852123,-247848.06578852123,guard_minus_homa,-87573.0,queue_bytes_max,5,2.7764451051977987,WebSearch
paired_percent,22.44094562149321,7.041338746242182,-37.84055249674424,guard_minus_homa,-15.399606875251028,queue_bytes_max,5,2.7764451051977987,WebSearch
paired_difference,4890.460975421457,2180.701175421457,-7600.220775421458,guard_minus_homa,-2709.7598000000003,queue_bytes_mean,5,2.7764451051977987,WebSearch
paired_percent,11.526308424038383,-49.527110513843965,-72.57972736192073,guard_minus_homa,-61.05341893788235,queue_bytes_mean,5,2.7764451051977987,WebSearch
paired_difference,22095.26648798895,13862.066487988948,-30328.46648798895,guard_minus_homa,-8233.2,queue_bytes_p95,5,2.7764451051977987,WebSearch
paired_difference,127028.73586820826,30519.13586820825,-223538.33586820826,guard_minus_homa,-96509.6,queue_bytes_p99,5,2.7764451051977987,WebSearch
paired_percent,20.87188223409467,-58.275686894935916,-100.01945136312526,guard_minus_homa,-79.14756912903059,queue_bytes_p99,5,2.7764451051977987,WebSearch
paired_difference,0.0,0.0,0.0,guard_minus_homa,0.0,queue_sample_count,5,2.7764451051977987,WebSearch
paired_percent,0.0,0.0,0.0,guard_minus_homa,0.0,queue_sample_count,5,2.7764451051977987,WebSearch
paired_difference,993.1384891381699,1554.33848913817,-431.93848913816987,guard_minus_homa,561.2,reactive_binding_rate_changes,5,2.7764451051977987,WebSearch
paired_difference,993.1384891381699,1554.33848913817,-431.93848913816987,guard_minus_homa,561.2,reactive_binding_updates,5,2.7764451051977987,WebSearch
paired_difference,0.0,0.0,0.0,guard_minus_homa,0.0,recovery_nacks_generated,5,2.7764451051977987,WebSearch
paired_difference,0.0,0.0,0.0,guard_minus_homa,0.0,recovery_nacks_received,5,2.7764451051977987,WebSearch
paired_difference,10.087326007061236,119.08732600706124,98.91267399293876,guard_minus_homa,109.0,registrations,5,2.7764451051977987,WebSearch
paired_difference,10.087326007061236,119.08732600706124,98.91267399293876,guard_minus_homa,109.0,selected_registrations,5,2.7764451051977987,WebSearch
paired_difference,0.0,0.0,0.0,guard_minus_homa,0.0,switch_drops_egress,5,2.7764451051977987,WebSearch
paired_difference,0.0,0.0,0.0,guard_minus_homa,0.0,switch_drops_ingress,5,2.7764451051977987,WebSearch
paired_difference,0.0,0.0,0.0,guard_minus_homa,0.0,switch_drops_total,5,2.7764451051977987,WebSearch
paired_difference,81.86041292406425,128.86041292406424,-34.86041292406425,guard_minus_homa,47.0,tie_binding_rate_changes,5,2.7764451051977987,WebSearch
paired_difference,290.5618450146536,1318.7618450146538,737.6381549853464,guard_minus_homa,1028.2,tie_binding_updates,5,2.7764451051977987,WebSearch
paired_difference,0.0,0.0,0.0,guard_minus_homa,0.0,timeout_recoveries,5,2.7764451051977987,WebSearch
paired_difference,4.843936203547273,-4.67875048818205,-14.366622895276596,guard_minus_hpcc,-9.522686691729323,1BDP_to_1MB_fct_us_mean,5,2.7764451051977987,WebSearch
paired_percent,7.07244060959686,-9.093642935621087,-23.238524154814808,guard_minus_hpcc,-16.166083545217948,1BDP_to_1MB_fct_us_mean,5,2.7764451051977987,WebSearch
paired_difference,13.674949091372705,-7.369730908627284,-34.719629091372695,guard_minus_hpcc,-21.04467999999999,1BDP_to_1MB_fct_us_p95,5,2.7764451051977987,WebSearch
paired_percent,10.11096455816867,-6.194926685631321,-26.41685580196866,guard_minus_hpcc,-16.30589124379999,1BDP_to_1MB_fct_us_p95,5,2.7764451051977987,WebSearch
paired_difference,34.65198160476668,3.6026976047666466,-65.70126560476672,guard_minus_hpcc,-31.049284000000036,1BDP_to_1MB_fct_us_p99,5,2.7764451051977987,WebSearch
paired_percent,19.93992402464348,2.324596316629581,-37.55525173265738,guard_minus_hpcc,-17.6153277080139,1BDP_to_1MB_fct_us_p99,5,2.7764451051977987,WebSearch
paired_difference,0.0,0.0,0.0,guard_minus_hpcc,0.0,1BDP_to_1MB_flow_count,5,2.7764451051977987,WebSearch
paired_percent,0.0,0.0,0.0,guard_minus_hpcc,0.0,1BDP_to_1MB_flow_count,5,2.7764451051977987,WebSearch
paired_difference,0.08069732716955721,-0.15374010628586296,-0.31513476062497736,guard_minus_hpcc,-0.23443743345542017,1BDP_to_1MB_slowdown_mean,5,2.7764451051977987,WebSearch
paired_percent,4.936885381916289,-12.573993650436305,-22.44776441426888,guard_minus_hpcc,-17.510879032352594,1BDP_to_1MB_slowdown_mean,5,2.7764451051977987,WebSearch
paired_difference,0.38058611112976065,-0.317217845062357,-1.0783900673218783,guard_minus_hpcc,-0.6978039561921177,1BDP_to_1MB_slowdown_p95,5,2.7764451051977987,WebSearch
paired_percent,18.48836195205815,-16.387519925663632,-53.36424382977993,guard_minus_hpcc,-34.87588187772178,1BDP_to_1MB_slowdown_p95,5,2.7764451051977987,WebSearch
paired_difference,0.4234869254526872,-0.29256637431609844,-1.1395402252214728,guard_minus_hpcc,-0.7160532997687856,1BDP_to_1MB_slowdown_p99,5,2.7764451051977987,WebSearch
paired_percent,17.220052064430657,-14.25994211366028,-48.700046242521594,guard_minus_hpcc,-31.479994178090937,1BDP_to_1MB_slowdown_p99,5,2.7764451051977987,WebSearch
paired_difference,0.6243582337388929,-0.85104400181281,-2.0997604692905956,guard_minus_hpcc,-1.475402235551703,8KB_to_1BDP_fct_us_mean,5,2.7764451051977987,WebSearch
paired_percent,4.072272452565376,-8.624733289579584,-16.769278194710335,guard_minus_hpcc,-12.69700574214496,8KB_to_1BDP_fct_us_mean,5,2.7764451051977987,WebSearch
paired_difference,2.2957252112175723,-3.418514788782427,-8.009965211217573,guard_minus_hpcc,-5.714239999999999,8KB_to_1BDP_fct_us_p95,5,2.7764451051977987,WebSearch
paired_percent,7.361495908482964,-20.26830647643764,-34.99129829340357,guard_minus_hpcc,-27.629802384920605,8KB_to_1BDP_fct_us_p95,5,2.7764451051977987,WebSearch
paired_difference,4.1317427061121945,-7.066361293887797,-15.329846706112185,guard_minus_hpcc,-11.198103999999992,8KB_to_1BDP_fct_us_p99,5,2.7764451051977987,WebSearch
paired_percent,10.38748824008133,-30.789855229058922,-51.564831709221586,guard_minus_hpcc,-41.177343469140254,8KB_to_1BDP_fct_us_p99,5,2.7764451051977987,WebSearch
paired_difference,0.0,0.0,0.0,guard_minus_hpcc,0.0,8KB_to_1BDP_flow_count,5,2.7764451051977987,WebSearch
paired_percent,0.0,0.0,0.0,guard_minus_hpcc,0.0,8KB_to_1BDP_flow_count,5,2.7764451051977987,WebSearch
paired_difference,0.04521919386591537,-0.0824589655154712,-0.17289735324730193,guard_minus_hpcc,-0.12767815938138657,8KB_to_1BDP_slowdown_mean,5,2.7764451051977987,WebSearch
paired_percent,3.4870349371781018,-7.564268121428174,-14.538337995784378,guard_minus_hpcc,-11.051303058606276,8KB_to_1BDP_slowdown_mean,5,2.7764451051977987,WebSearch
paired_difference,0.10381614828373806,-0.4322809722334823,-0.6399132688009584,guard_minus_hpcc,-0.5360971205172204,8KB_to_1BDP_slowdown_p95,5,2.7764451051977987,WebSearch
paired_percent,4.0373117533585345,-29.702316580333477,-37.77694008705055,guard_minus_hpcc,-33.73962833369201,8KB_to_1BDP_slowdown_p95,5,2.7764451051977987,WebSearch
paired_difference,0.353855393926722,-0.5960074659427461,-1.3037182537961902,guard_minus_hpcc,-0.9498628598694682,8KB_to_1BDP_slowdown_p99,5,2.7764451051977987,WebSearch
paired_percent,9.406970131851658,-36.62898451868261,-55.44292478238592,guard_minus_hpcc,-46.035954650534265,8KB_to_1BDP_slowdown_p99,5,2.7764451051977987,WebSearch
paired_difference,0.0,0.0,0.0,guard_minus_hpcc,0.0,completion_releases,5,2.7764451051977987,WebSearch
paired_difference,0.0,-1.0,-1.0,guard_minus_hpcc,-1.0,elapsed_seconds,5,2.7764451051977987,WebSearch
paired_percent,4.627408508663,-27.03925815800367,-36.29407517532967,guard_minus_hpcc,-31.666666666666668,elapsed_seconds,5,2.7764451051977987,WebSearch
paired_difference,0.0,0.0,0.0,guard_minus_hpcc,0.0,flow_count,5,2.7764451051977987,WebSearch
paired_percent,0.0,0.0,0.0,guard_minus_hpcc,0.0,flow_count,5,2.7764451051977987,WebSearch
paired_difference,5.238586147325389,7.838586147325389,-2.638586147325389,guard_minus_hpcc,2.6,grant_binding_rate_changes,5,2.7764451051977987,WebSearch
paired_difference,40.75798718630624,118.75798718630624,37.24201281369376,guard_minus_hpcc,78.0,grant_binding_updates,5,2.7764451051977987,WebSearch
paired_difference,77877.1688062212,571132.7688062212,415378.43119377876,guard_minus_hpcc,493255.6,grant_bytes_sent,5,2.7764451051977987,WebSearch
paired_difference,33.988496622937255,100.38849662293725,32.41150337706275,guard_minus_hpcc,66.4,grant_event_rate_changes,5,2.7764451051977987,WebSearch
paired_difference,828.4805192151191,6075.8805192151185,4418.919480784881,guard_minus_hpcc,5247.4,grants_received,5,2.7764451051977987,WebSearch
paired_difference,828.4805192151191,6075.8805192151185,4418.919480784881,guard_minus_hpcc,5247.4,grants_sent,5,2.7764451051977987,WebSearch
paired_difference,26.05074808834907,-76.20268987609849,-128.30418605279664,guard_minus_hpcc,-102.25343796444756,gt_1MB_fct_us_mean,5,2.7764451051977987,WebSearch
paired_percent,4.21412404857791,-8.86377985997468,-17.2920279571305,guard_minus_hpcc,-13.07790390855259,gt_1MB_fct_us_mean,5,2.7764451051977987,WebSearch
paired_difference,224.7842865407453,16.86564654074536,-432.70292654074524,guard_minus_hpcc,-207.91863999999995,gt_1MB_fct_us_p95,5,2.7764451051977987,WebSearch
paired_percent,7.352167660324973,-0.20684241177039997,-14.911177732420345,guard_minus_hpcc,-7.559010072095373,gt_1MB_fct_us_p95,5,2.7764451051977987,WebSearch
paired_difference,919.1326806927719,244.65549269277278,-1593.6098686927712,guard_minus_hpcc,-674.4771879999992,gt_1MB_fct_us_p99,5,2.7764451051977987,WebSearch
paired_percent,12.044889284058947,-1.5848802650967126,-25.674658833214608,guard_minus_hpcc,-13.62976954915566,gt_1MB_fct_us_p99,5,2.7764451051977987,WebSearch
paired_difference,0.0,0.0,0.0,guard_minus_hpcc,0.0,gt_1MB_flow_count,5,2.7764451051977987,WebSearch
paired_percent,0.0,0.0,0.0,guard_minus_hpcc,0.0,gt_1MB_flow_count,5,2.7764451051977987,WebSearch
paired_difference,0.1386538491565574,-0.12866440868288795,-0.4059721069960027,guard_minus_hpcc,-0.26731825783944535,gt_1MB_slowdown_mean,5,2.7764451051977987,WebSearch
paired_percent,8.926414233572736,-7.208055177250348,-25.06088364439582,guard_minus_hpcc,-16.134469410823083,gt_1MB_slowdown_mean,5,2.7764451051977987,WebSearch
paired_difference,0.6354670134965098,-0.047894888341800335,-1.3188289153348198,guard_minus_hpcc,-0.6833619018383101,gt_1MB_slowdown_p95,5,2.7764451051977987,WebSearch
paired_percent,20.409294388273775,-1.6881528166722717,-42.50674159321982,guard_minus_hpcc,-22.097447204946047,gt_1MB_slowdown_p95,5,2.7764451051977987,WebSearch
paired_difference,2.9503052307357374,0.33991133472698465,-5.56069912674449,guard_minus_hpcc,-2.6103938960087527,gt_1MB_slowdown_p99,5,2.7764451051977987,WebSearch
paired_percent,29.51179897225091,-10.489171281707389,-69.51276922620922,guard_minus_hpcc,-40.0009702539583,gt_1MB_slowdown_p99,5,2.7764451051977987,WebSearch
paired_difference,0.0,0.0,0.0,guard_minus_hpcc,0.0,guard_adaptive_grant_updates,5,2.7764451051977987,WebSearch
paired_difference,126.42249422589353,346.62249422589355,93.77750577410646,guard_minus_hpcc,220.2,guard_concurrency_limited_allocations,5,2.7764451051977987,WebSearch
paired_difference,0.6800873806582569,2.280087380658257,0.9199126193417432,guard_minus_hpcc,1.6,guard_concurrency_max_deferred_flows,5,2.7764451051977987,WebSearch
paired_difference,0.0,4.0,4.0,guard_minus_hpcc,4.0,guard_concurrency_min_bdps,5,2.7764451051977987,WebSearch
paired_percent,0.0,50.0,50.0,guard_minus_hpcc,50.0,guard_concurrency_min_bdps,5,2.7764451051977987,WebSearch
paired_difference,0.0,0.0,0.0,guard_minus_hpcc,0.0,guard_grant_refresh_bdps,5,2.7764451051977987,WebSearch
paired_percent,0.0,0.0,0.0,guard_minus_hpcc,0.0,guard_grant_refresh_bdps,5,2.7764451051977987,WebSearch
paired_difference,0.0,0.0,0.0,guard_minus_hpcc,0.0,guard_min_share_fraction,5,2.7764451051977987,WebSearch
paired_difference,0.0,0.0,0.0,guard_minus_hpcc,0.0,guard_rebalance_events,5,2.7764451051977987,WebSearch
paired_difference,0.0,1.0,1.0,guard_minus_hpcc,1.0,guard_receiver_concurrency,5,2.7764451051977987,WebSearch
paired_difference,0.0,0.0,0.0,guard_minus_hpcc,0.0,guard_remaining_aware,5,2.7764451051977987,WebSearch
paired_percent,0.0,0.0,0.0,guard_minus_hpcc,0.0,guard_remaining_aware,5,2.7764451051977987,WebSearch
paired_difference,0.0,0.0,0.0,guard_minus_hpcc,0.0,guard_remaining_exponent,5,2.7764451051977987,WebSearch
paired_percent,0.0,0.0,0.0,guard_minus_hpcc,0.0,guard_remaining_exponent,5,2.7764451051977987,WebSearch
paired_difference,878.4763573525698,5758.27635735257,4001.3236426474305,guard_minus_hpcc,4879.8,guard_remaining_refresh_events,5,2.7764451051977987,WebSearch
paired_difference,0.0,0.0,0.0,guard_minus_hpcc,0.0,guard_sender_srpt_enabled,5,2.7764451051977987,WebSearch
paired_percent,0.0,0.0,0.0,guard_minus_hpcc,0.0,guard_sender_srpt_enabled,5,2.7764451051977987,WebSearch
paired_difference,92.13866401268974,177.13866401268973,-7.138664012689745,guard_minus_hpcc,85.0,guard_sender_srpt_forced_rr,5,2.7764451051977987,WebSearch
paired_difference,9532.82485066157,28825.42485066157,9759.77514933843,guard_minus_hpcc,19292.6,guard_sender_srpt_non_rr,5,2.7764451051977987,WebSearch
paired_difference,40072.95214714725,398709.55214714725,318563.6478528527,guard_minus_hpcc,358636.6,guard_sender_srpt_selections,5,2.7764451051977987,WebSearch
paired_difference,0.0,0.0,0.0,guard_minus_hpcc,0.0,guard_srpt_quantum_packets,5,2.7764451051977987,WebSearch
paired_percent,0.0,0.0,0.0,guard_minus_hpcc,0.0,guard_srpt_quantum_packets,5,2.7764451051977987,WebSearch
paired_difference,0.0,0.0,0.0,guard_minus_hpcc,0.0,guard_tail_bypass_bdps,5,2.7764451051977987,WebSearch
paired_percent,0.0,0.0,0.0,guard_minus_hpcc,0.0,guard_tail_bypass_bdps,5,2.7764451051977987,WebSearch
paired_difference,0.0,0.0,0.0,guard_minus_hpcc,0.0,guard_tail_bypass_enabled,5,2.7764451051977987,WebSearch
paired_percent,0.0,0.0,0.0,guard_minus_hpcc,0.0,guard_tail_bypass_enabled,5,2.7764451051977987,WebSearch
paired_difference,802.5335588391282,7455.333558839128,5850.266441160872,guard_minus_hpcc,6652.8,guard_tail_bypass_feedbacks,5,2.7764451051977987,WebSearch
paired_difference,10.087326007061236,119.08732600706124,98.91267399293876,guard_minus_hpcc,109.0,guard_tail_bypass_flows,5,2.7764451051977987,WebSearch
paired_difference,0.0,0.0,0.0,guard_minus_hpcc,0.0,homa_completion_notices_received,5,2.7764451051977987,WebSearch
paired_difference,0.0,0.0,0.0,guard_minus_hpcc,0.0,homa_completion_notices_sent,5,2.7764451051977987,WebSearch
paired_difference,0.0,0.0,0.0,guard_minus_hpcc,0.0,homa_data_bytes,5,2.7764451051977987,WebSearch
paired_difference,0.0,0.0,0.0,guard_minus_hpcc,0.0,homa_data_packets,5,2.7764451051977987,WebSearch
paired_difference,0.0,0.0,0.0,guard_minus_hpcc,0.0,homa_grants_received,5,2.7764451051977987,WebSearch
paired_difference,0.0,0.0,0.0,guard_minus_hpcc,0.0,homa_grants_sent,5,2.7764451051977987,WebSearch
paired_difference,0.0,0.0,0.0,guard_minus_hpcc,0.0,homa_max_pending_messages,5,2.7764451051977987,WebSearch
paired_difference,0.0,0.0,0.0,guard_minus_hpcc,0.0,homa_messages_completed,5,2.7764451051977987,WebSearch
paired_difference,0.0,0.0,0.0,guard_minus_hpcc,0.0,homa_messages_tracked,5,2.7764451051977987,WebSearch
paired_difference,0.0,0.0,0.0,guard_minus_hpcc,0.0,homa_resends_received,5,2.7764451051977987,WebSearch
paired_difference,0.0,0.0,0.0,guard_minus_hpcc,0.0,homa_resends_sent,5,2.7764451051977987,WebSearch
paired_difference,0.0,0.0,0.0,guard_minus_hpcc,0.0,homa_retransmit_packets,5,2.7764451051977987,WebSearch
paired_difference,1095.2928495350154,-4975.107150464984,-7165.692849535015,guard_minus_hpcc,-6070.4,hpcc_actual_rate_changes,5,2.7764451051977987,WebSearch
paired_percent,10.899805654899135,-81.62160149402997,-103.42121280382825,guard_minus_hpcc,-92.52140714892911,hpcc_actual_rate_changes,5,2.7764451051977987,WebSearch
paired_difference,0.0,0.0,0.0,guard_minus_hpcc,0.0,hpcc_fast_computations,5,2.7764451051977987,WebSearch
paired_difference,1557.912409335176,-1574.887590664824,-4690.712409335176,guard_minus_hpcc,-3132.8,hpcc_feedback_updates,5,2.7764451051977987,WebSearch
paired_percent,10.84152514076564,-27.080927661339338,-48.76397794287062,guard_minus_hpcc,-37.92245280210498,hpcc_feedback_updates,5,2.7764451051977987,WebSearch
paired_difference,1562.6219322424145,-4637.378067757585,-7762.621932242415,guard_minus_hpcc,-6200.0,hpcc_full_computations,5,2.7764451051977987,WebSearch
paired_percent,10.157009062656618,-68.86037632834065,-89.17439445365387,guard_minus_hpcc,-79.01738539099726,hpcc_full_computations,5,2.7764451051977987,WebSearch
paired_difference,1562.6219322424145,-4637.378067757585,-7762.621932242415,guard_minus_hpcc,-6200.0,hpcc_rate_updates_applied,5,2.7764451051977987,WebSearch
paired_percent,10.157009062656618,-68.86037632834065,-89.17439445365387,guard_minus_hpcc,-79.01738539099726,hpcc_rate_updates_applied,5,2.7764451051977987,WebSearch
paired_difference,1551.980810465198,-4821.419189534801,-7925.380810465198,guard_minus_hpcc,-6373.4,hpcc_valid_feedback,5,2.7764451051977987,WebSearch
paired_percent,9.993345508056183,-69.13761466721873,-89.12430568333109,guard_minus_hpcc,-79.13096017527491,hpcc_valid_feedback,5,2.7764451051977987,WebSearch
paired_difference,21860.92037966164,69042.52037966164,25320.67962033836,guard_minus_hpcc,47181.6,int_hops_after_strip,5,2.7764451051977987,WebSearch
paired_difference,24394.450015343766,116287.25001534377,67498.34998465623,guard_minus_hpcc,91892.8,int_hops_before_strip,5,2.7764451051977987,WebSearch
paired_difference,5041.011510138747,49752.211510138746,39670.18848986125,guard_minus_hpcc,44711.2,int_records_stripped,5,2.7764451051977987,WebSearch
paired_difference,0.0,0.0,0.0,guard_minus_hpcc,0.0,irn_nacks_generated,5,2.7764451051977987,WebSearch
paired_difference,0.0,0.0,0.0,guard_minus_hpcc,0.0,irn_nacks_received,5,2.7764451051977987,WebSearch
paired_difference,0.0,0.0,0.0,guard_minus_hpcc,0.0,irn_retransmit_bytes,5,2.7764451051977987,WebSearch
paired_difference,0.0,0.0,0.0,guard_minus_hpcc,0.0,irn_retransmit_packets,5,2.7764451051977987,WebSearch
paired_difference,0.08259471903962913,-0.09224609215199729,-0.25743553023125554,guard_minus_hpcc,-0.17484081119162642,le_8KB_fct_us_mean,5,2.7764451051977987,WebSearch
paired_percent,1.2671844168143447,-1.3631840152049421,-3.8975528488336315,guard_minus_hpcc,-2.630368432019287,le_8KB_fct_us_mean,5,2.7764451051977987,WebSearch
paired_difference,0.2896855648419706,-0.031944435158028694,-0.6113155648419699,guard_minus_hpcc,-0.3216299999999993,le_8KB_fct_us_p95,5,2.7764451051977987,WebSearch
paired_percent,3.024023603416826,-0.40684536850312103,-6.454892575336773,guard_minus_hpcc,-3.430868971919947,le_8KB_fct_us_p95,5,2.7764451051977987,WebSearch
paired_difference,1.1045738146212263,0.026991814621224908,-2.1821558146212277,guard_minus_hpcc,-1.0775820000000014,le_8KB_fct_us_p99,5,2.7764451051977987,WebSearch
paired_percent,9.433019731881428,-0.7622077984653473,-19.628247262228204,guard_minus_hpcc,-10.195227530346775,le_8KB_fct_us_p99,5,2.7764451051977987,WebSearch
paired_difference,0.0,0.0,0.0,guard_minus_hpcc,0.0,le_8KB_flow_count,5,2.7764451051977987,WebSearch
paired_percent,0.0,0.0,0.0,guard_minus_hpcc,0.0,le_8KB_flow_count,5,2.7764451051977987,WebSearch
paired_difference,0.014031378103368537,-0.012816435467013613,-0.04087919167375069,guard_minus_hpcc,-0.02684781357038215,le_8KB_slowdown_mean,5,2.7764451051977987,WebSearch
paired_percent,1.3269683263356278,-1.2680815006739392,-3.9220181533451948,guard_minus_hpcc,-2.595049827009567,le_8KB_slowdown_mean,5,2.7764451051977987,WebSearch
paired_difference,0.05062694898511705,-0.0465733456983707,-0.14782724366860478,guard_minus_hpcc,-0.09720029468348775,le_8KB_slowdown_p95,5,2.7764451051977987,WebSearch
paired_percent,4.054535490073733,-4.5875290220199245,-12.69660000216739,guard_minus_hpcc,-8.642064512093658,le_8KB_slowdown_p95,5,2.7764451051977987,WebSearch
paired_difference,0.17347472276480547,-0.03204229250824189,-0.3789917380378528,guard_minus_hpcc,-0.20551701527304736,le_8KB_slowdown_p99,5,2.7764451051977987,WebSearch
paired_percent,11.655770864036164,-4.219236659203947,-27.530778387276275,guard_minus_hpcc,-15.87500752324011,le_8KB_slowdown_p99,5,2.7764451051977987,WebSearch
paired_difference,0.15550132325992877,-0.06413600972377653,-0.37513865624363407,guard_minus_hpcc,-0.2196373329837053,long_to_small_slowdown_mean_ratio,5,2.7764451051977987,WebSearch
paired_percent,9.889259932227661,-3.966931610274502,-23.745451474729826,guard_minus_hpcc,-13.856191542502163,long_to_small_slowdown_mean_ratio,5,2.7764451051977987,WebSearch
paired_difference,0.6800873806582569,3.280087380658257,1.9199126193417433,guard_minus_hpcc,2.6,max_active_flows,5,2.7764451051977987,WebSearch
paired_difference,542689.245209713,738121.645209713,-347256.845209713,guard_minus_hpcc,195432.4,output_bytes,5,2.7764451051977987,WebSearch
paired_percent,1084.382817747343,1474.8855342978852,-693.880101196801,guard_minus_hpcc,390.50271655054206,output_bytes,5,2.7764451051977987,WebSearch
paired_difference,8.730133321559181,-23.769783647131092,-41.23005029024945,guard_minus_hpcc,-32.49991696869027,overall_fct_us_mean,5,2.7764451051977987,WebSearch
paired_percent,3.907391042469158,-9.213850641026937,-17.028632725965252,guard_minus_hpcc,-13.121241683496095,overall_fct_us_mean,5,2.7764451051977987,WebSearch
paired_difference,192.8009531346485,92.17663313464908,-293.4252731346479,guard_minus_hpcc,-100.62431999999941,overall_fct_us_p95,5,2.7764451051977987,WebSearch
paired_percent,14.207437894547416,3.6061923109745706,-24.808683478120262,guard_minus_hpcc,-10.601245583572846,overall_fct_us_p95,5,2.7764451051977987,WebSearch
paired_difference,441.0620300535512,279.2512640535536,-602.8727960535489,guard_minus_hpcc,-161.8107659999976,overall_fct_us_p99,5,2.7764451051977987,WebSearch
paired_percent,13.626760151523303,7.3733766967138035,-19.8801436063328,guard_minus_hpcc,-6.2533834548095,overall_fct_us_p99,5,2.7764451051977987,WebSearch
paired_difference,0.0,0.0,0.0,guard_minus_hpcc,0.0,overall_flow_count,5,2.7764451051977987,WebSearch
paired_percent,0.0,0.0,0.0,guard_minus_hpcc,0.0,overall_flow_count,5,2.7764451051977987,WebSearch
paired_difference,0.02650524583877714,-0.1494795646092052,-0.20249005628675948,guard_minus_hpcc,-0.17598481044798234,overall_slowdown_mean,5,2.7764451051977987,WebSearch
paired_percent,2.096964130576858,-11.127315820426643,-15.321244081580359,guard_minus_hpcc,-13.224279951003501,overall_slowdown_mean,5,2.7764451051977987,WebSearch
paired_difference,0.420076356138819,0.11761544288687553,-0.7225372693907625,guard_minus_hpcc,-0.30246091325194346,overall_slowdown_p95,5,2.7764451051977987,WebSearch
paired_percent,18.013816942175986,2.4697053606890087,-33.557928523662966,guard_minus_hpcc,-15.544111581486977,overall_slowdown_p95,5,2.7764451051977987,WebSearch
paired_difference,0.9452116005723494,-0.021223816799690987,-1.9116470179443898,guard_minus_hpcc,-0.9664354173720404,overall_slowdown_p99,5,2.7764451051977987,WebSearch
paired_percent,22.650804555832263,-3.577077336050003,-48.87868644771453,guard_minus_hpcc,-26.227881891882266,overall_slowdown_p99,5,2.7764451051977987,WebSearch
paired_difference,0.0,0.0,0.0,guard_minus_hpcc,0.0,pfc_cumulative_pause_ns,5,2.7764451051977987,WebSearch
paired_difference,0.0,0.0,0.0,guard_minus_hpcc,0.0,pfc_matched_intervals,5,2.7764451051977987,WebSearch
paired_difference,0.0,0.0,0.0,guard_minus_hpcc,0.0,pfc_max_pause_ns,5,2.7764451051977987,WebSearch
paired_difference,0.0,0.0,0.0,guard_minus_hpcc,0.0,pfc_pause_count,5,2.7764451051977987,WebSearch
paired_difference,0.0,0.0,0.0,guard_minus_hpcc,0.0,pfc_pause_events,5,2.7764451051977987,WebSearch
paired_difference,0.0,0.0,0.0,guard_minus_hpcc,0.0,pfc_resume_count,5,2.7764451051977987,WebSearch
paired_difference,0.0,0.0,0.0,guard_minus_hpcc,0.0,pfc_resume_events,5,2.7764451051977987,WebSearch
paired_difference,0.0,0.0,0.0,guard_minus_hpcc,0.0,pfc_unmatched_pauses,5,2.7764451051977987,WebSearch
paired_difference,0.0,0.0,0.0,guard_minus_hpcc,0.0,pfc_unmatched_resumes,5,2.7764451051977987,WebSearch
paired_difference,10.087326007061236,119.08732600706124,98.91267399293876,guard_minus_hpcc,109.0,proactive_releases,5,2.7764451051977987,WebSearch
paired_difference,132666.56573861212,262790.7657386121,-2542.3657386121195,guard_minus_hpcc,130124.2,queue_bytes_max,5,2.7764451051977987,WebSearch
paired_percent,59.696849821053256,131.37761950433665,11.983919862230131,guard_minus_hpcc,71.68076968328339,queue_bytes_max,5,2.7764451051977987,WebSearch
paired_difference,2760.5724714149287,4185.366471414929,-1335.7784714149288,guard_minus_hpcc,1424.7939999999999,queue_bytes_mean,5,2.7764451051977987,WebSearch
paired_percent,362.13631499740035,653.5758802249604,-70.69674976984027,guard_minus_hpcc,291.4395652275601,queue_bytes_mean,5,2.7764451051977987,WebSearch
paired_difference,605.2650329331202,823.2650329331202,-387.2650329331202,guard_minus_hpcc,218.0,queue_bytes_p95,5,2.7764451051977987,WebSearch
paired_difference,104929.28796952199,155723.287969522,-54135.28796952199,guard_minus_hpcc,50794.0,queue_bytes_p99,5,2.7764451051977987,WebSearch
paired_percent,1096.520078098905,2061.5200780989053,-131.52007809890506,guard_minus_hpcc,965.0,queue_bytes_p99,5,2.7764451051977987,WebSearch
paired_difference,0.0,0.0,0.0,guard_minus_hpcc,0.0,queue_sample_count,5,2.7764451051977987,WebSearch
paired_percent,0.0,0.0,0.0,guard_minus_hpcc,0.0,queue_sample_count,5,2.7764451051977987,WebSearch
paired_difference,993.1384891381699,1554.33848913817,-431.93848913816987,guard_minus_hpcc,561.2,reactive_binding_rate_changes,5,2.7764451051977987,WebSearch
paired_difference,993.1384891381699,1554.33848913817,-431.93848913816987,guard_minus_hpcc,561.2,reactive_binding_updates,5,2.7764451051977987,WebSearch
paired_difference,0.0,0.0,0.0,guard_minus_hpcc,0.0,recovery_nacks_generated,5,2.7764451051977987,WebSearch
paired_difference,0.0,0.0,0.0,guard_minus_hpcc,0.0,recovery_nacks_received,5,2.7764451051977987,WebSearch
paired_difference,10.087326007061236,119.08732600706124,98.91267399293876,guard_minus_hpcc,109.0,registrations,5,2.7764451051977987,WebSearch
paired_difference,10.087326007061236,119.08732600706124,98.91267399293876,guard_minus_hpcc,109.0,selected_registrations,5,2.7764451051977987,WebSearch
paired_difference,0.0,0.0,0.0,guard_minus_hpcc,0.0,switch_drops_egress,5,2.7764451051977987,WebSearch
paired_difference,0.0,0.0,0.0,guard_minus_hpcc,0.0,switch_drops_ingress,5,2.7764451051977987,WebSearch
paired_difference,0.0,0.0,0.0,guard_minus_hpcc,0.0,switch_drops_total,5,2.7764451051977987,WebSearch
paired_difference,81.86041292406425,128.86041292406424,-34.86041292406425,guard_minus_hpcc,47.0,tie_binding_rate_changes,5,2.7764451051977987,WebSearch
paired_difference,290.5618450146536,1318.7618450146538,737.6381549853464,guard_minus_hpcc,1028.2,tie_binding_updates,5,2.7764451051977987,WebSearch
paired_difference,0.0,0.0,0.0,guard_minus_hpcc,0.0,timeout_recoveries,5,2.7764451051977987,WebSearch
paired_difference,8.376111265227431,6.6137535793460644,-10.138468951108797,homa_minus_hpcc,-1.7623576858813663,1BDP_to_1MB_fct_us_mean,5,2.7764451051977987,WebSearch
paired_percent,13.84627211457669,10.9242098625462,-16.76833436660718,homa_minus_hpcc,-2.922062252030491,1BDP_to_1MB_fct_us_mean,5,2.7764451051977987,WebSearch
paired_difference,69.57364844262574,87.18559844262572,-51.96169844262576,homa_minus_hpcc,17.61194999999998,1BDP_to_1MB_fct_us_p95,5,2.7764451051977987,WebSearch
paired_percent,55.596920659374454,69.88030556301908,-41.31353575572983,homa_minus_hpcc,14.28338490364462,1BDP_to_1MB_fct_us_p95,5,2.7764451051977987,WebSearch
paired_difference,118.90517252067072,151.08110652067074,-86.72923852067069,homa_minus_hpcc,32.17593400000003,1BDP_to_1MB_fct_us_p99,5,2.7764451051977987,WebSearch
paired_percent,69.60706776141778,89.41580079385938,-49.79833472897619,homa_minus_hpcc,19.808733032441598,1BDP_to_1MB_fct_us_p99,5,2.7764451051977987,WebSearch
paired_difference,0.0,0.0,0.0,homa_minus_hpcc,0.0,1BDP_to_1MB_flow_count,5,2.7764451051977987,WebSearch
paired_percent,0.0,0.0,0.0,homa_minus_hpcc,0.0,1BDP_to_1MB_flow_count,5,2.7764451051977987,WebSearch
paired_difference,0.1405009467082331,0.0840007165680906,-0.1970011768483756,homa_minus_hpcc,-0.05650023014014249,1BDP_to_1MB_slowdown_mean,5,2.7764451051977987,WebSearch
paired_percent,10.336992131611229,5.9048751324711946,-14.769109130751264,homa_minus_hpcc,-4.432116999140034,1BDP_to_1MB_slowdown_mean,5,2.7764451051977987,WebSearch
paired_difference,1.2725802530867911,1.7225307398715066,-0.8226297663020755,homa_minus_hpcc,0.4499504867847156,1BDP_to_1MB_slowdown_p95,5,2.7764451051977987,WebSearch
paired_percent,59.808755400283395,80.5698408935005,-39.04766990706629,homa_minus_hpcc,20.761085493217102,1BDP_to_1MB_slowdown_p95,5,2.7764451051977987,WebSearch
paired_difference,1.6394057853177282,2.2743939189655302,-1.004417651669926,homa_minus_hpcc,0.6349881336478023,1BDP_to_1MB_slowdown_p99,5,2.7764451051977987,WebSearch
paired_percent,66.16035945469187,91.27255392857559,-41.04816498080815,homa_minus_hpcc,25.112194473883722,1BDP_to_1MB_slowdown_p99,5,2.7764451051977987,WebSearch
paired_difference,0.5624249335984138,-0.7153170955892002,-1.8401669627860278,homa_minus_hpcc,-1.277742029187614,8KB_to_1BDP_fct_us_mean,5,2.7764451051977987,WebSearch
paired_percent,3.6704843462753973,-7.315364669588476,-14.656333362139272,homa_minus_hpcc,-10.985849015863874,8KB_to_1BDP_fct_us_mean,5,2.7764451051977987,WebSearch
paired_difference,2.1363504029806952,-2.974589597019305,-7.2472904029806955,homa_minus_hpcc,-5.11094,8KB_to_1BDP_fct_us_p95,5,2.7764451051977987,WebSearch
paired_percent,7.1591806615560465,-17.516630542527697,-31.83499186563979,homa_minus_hpcc,-24.675811204083743,8KB_to_1BDP_fct_us_p95,5,2.7764451051977987,WebSearch
paired_difference,3.65457649936219,-6.303619500637801,-13.61277249936218,homa_minus_hpcc,-9.95819599999999,8KB_to_1BDP_fct_us_p99,5,2.7764451051977987,WebSearch
paired_percent,8.8459389163606,-27.797140574064677,-45.48901840678588,homa_minus_hpcc,-36.64307949042528,8KB_to_1BDP_fct_us_p99,5,2.7764451051977987,WebSearch
paired_difference,0.0,0.0,0.0,homa_minus_hpcc,0.0,8KB_to_1BDP_flow_count,5,2.7764451051977987,WebSearch
paired_percent,0.0,0.0,0.0,homa_minus_hpcc,0.0,8KB_to_1BDP_flow_count,5,2.7764451051977987,WebSearch
paired_difference,0.041743633469318156,-0.06959953356661464,-0.15308680050525095,homa_minus_hpcc,-0.11134316703593279,8KB_to_1BDP_slowdown_mean,5,2.7764451051977987,WebSearch
paired_percent,3.232504334097759,-6.4004218408081845,-12.865430509003701,homa_minus_hpcc,-9.632926174905943,8KB_to_1BDP_slowdown_mean,5,2.7764451051977987,WebSearch
paired_difference,0.10823670977030371,-0.38867404413914486,-0.6051474636797523,homa_minus_hpcc,-0.49691075390944855,8KB_to_1BDP_slowdown_p95,5,2.7764451051977987,WebSearch
paired_percent,4.573994724175573,-26.678994295472425,-35.82698374382357,homa_minus_hpcc,-31.252989019648,8KB_to_1BDP_slowdown_p95,5,2.7764451051977987,WebSearch
paired_difference,0.21911791205234357,-0.5641912998865145,-1.0024271239912017,homa_minus_hpcc,-0.783309211938858,8KB_to_1BDP_slowdown_p99,5,2.7764451051977987,WebSearch
paired_percent,5.07932317219802,-33.261168748889986,-43.41981509328602,homa_minus_hpcc,-38.340491921088,8KB_to_1BDP_slowdown_p99,5,2.7764451051977987,WebSearch
paired_difference,0.0,0.0,0.0,homa_minus_hpcc,0.0,completion_releases,5,2.7764451051977987,WebSearch
paired_difference,0.6800873806582569,0.2800873806582569,-1.080087380658257,homa_minus_hpcc,-0.4,elapsed_seconds,5,2.7764451051977987,WebSearch
paired_percent,20.17040605974227,8.503739393075602,-31.837072726408937,homa_minus_hpcc,-11.666666666666668,elapsed_seconds,5,2.7764451051977987,WebSearch
paired_difference,0.0,0.0,0.0,homa_minus_hpcc,0.0,flow_count,5,2.7764451051977987,WebSearch
paired_percent,0.0,0.0,0.0,homa_minus_hpcc,0.0,flow_count,5,2.7764451051977987,WebSearch
paired_difference,0.0,0.0,0.0,homa_minus_hpcc,0.0,grant_binding_rate_changes,5,2.7764451051977987,WebSearch
paired_difference,0.0,0.0,0.0,homa_minus_hpcc,0.0,grant_binding_updates,5,2.7764451051977987,WebSearch
paired_difference,0.0,0.0,0.0,homa_minus_hpcc,0.0,grant_bytes_sent,5,2.7764451051977987,WebSearch
paired_difference,0.0,0.0,0.0,homa_minus_hpcc,0.0,grant_event_rate_changes,5,2.7764451051977987,WebSearch
paired_difference,0.0,0.0,0.0,homa_minus_hpcc,0.0,grants_received,5,2.7764451051977987,WebSearch
paired_difference,0.0,0.0,0.0,homa_minus_hpcc,0.0,grants_sent,5,2.7764451051977987,WebSearch
paired_difference,112.72475806618036,58.95497233338233,-166.49454379897838,homa_minus_hpcc,-53.76978573279803,gt_1MB_fct_us_mean,5,2.7764451051977987,WebSearch
paired_percent,12.42825879380859,3.5686977411309098,-21.287819846486272,homa_minus_hpcc,-8.85956105267768,gt_1MB_fct_us_mean,5,2.7764451051977987,WebSearch
paired_difference,470.36474361197224,497.5082836119724,-443.2212036119721,homa_minus_hpcc,27.143540000000122,gt_1MB_fct_us_p95,5,2.7764451051977987,WebSearch
paired_percent,13.14723352166155,11.869503167524643,-14.424963875798456,homa_minus_hpcc,-1.277730354136907,gt_1MB_fct_us_p95,5,2.7764451051977987,WebSearch
paired_difference,532.6295829370497,4.280214937050914,-1060.9789509370485,homa_minus_hpcc,-528.3493679999988,gt_1MB_fct_us_p99,5,2.7764451051977987,WebSearch
paired_percent,10.948804959972417,-1.2009330858892167,-23.098543005834053,homa_minus_hpcc,-12.149738045861634,gt_1MB_fct_us_p99,5,2.7764451051977987,WebSearch
paired_difference,0.0,0.0,0.0,homa_minus_hpcc,0.0,gt_1MB_flow_count,5,2.7764451051977987,WebSearch
paired_percent,0.0,0.0,0.0,homa_minus_hpcc,0.0,gt_1MB_flow_count,5,2.7764451051977987,WebSearch
paired_difference,0.3409016419014087,0.17983320621020324,-0.5019700775926141,homa_minus_hpcc,-0.16106843569120546,gt_1MB_slowdown_mean,5,2.7764451051977987,WebSearch
paired_percent,17.918873189717203,6.6045646975394625,-29.233181681894944,homa_minus_hpcc,-11.31430849217774,gt_1MB_slowdown_mean,5,2.7764451051977987,WebSearch
paired_difference,1.1381228483401569,0.9116082876371263,-1.3646374090431874,homa_minus_hpcc,-0.22651456070303055,gt_1MB_slowdown_p95,5,2.7764451051977987,WebSearch
paired_percent,29.544364494989882,17.914220266535253,-41.17450872344451,homa_minus_hpcc,-11.630144228454629,gt_1MB_slowdown_p95,5,2.7764451051977987,WebSearch
paired_difference,3.266942060627978,1.7597354503425637,-4.774148670913393,homa_minus_hpcc,-1.5072066102854142,gt_1MB_slowdown_p99,5,2.7764451051977987,WebSearch
paired_percent,37.21297691475018,12.878230777016274,-61.54772305248409,homa_minus_hpcc,-24.334746137733905,gt_1MB_slowdown_p99,5,2.7764451051977987,WebSearch
paired_difference,0.0,0.0,0.0,homa_minus_hpcc,0.0,guard_adaptive_grant_updates,5,2.7764451051977987,WebSearch
paired_difference,0.0,0.0,0.0,homa_minus_hpcc,0.0,guard_concurrency_limited_allocations,5,2.7764451051977987,WebSearch
paired_difference,0.0,0.0,0.0,homa_minus_hpcc,0.0,guard_concurrency_max_deferred_flows,5,2.7764451051977987,WebSearch
paired_difference,0.0,0.0,0.0,homa_minus_hpcc,0.0,guard_concurrency_min_bdps,5,2.7764451051977987,WebSearch
paired_percent,0.0,0.0,0.0,homa_minus_hpcc,0.0,guard_concurrency_min_bdps,5,2.7764451051977987,WebSearch
paired_difference,0.0,0.0,0.0,homa_minus_hpcc,0.0,guard_grant_refresh_bdps,5,2.7764451051977987,WebSearch
paired_percent,0.0,0.0,0.0,homa_minus_hpcc,0.0,guard_grant_refresh_bdps,5,2.7764451051977987,WebSearch
paired_difference,0.0,0.0,0.0,homa_minus_hpcc,0.0,guard_min_share_fraction,5,2.7764451051977987,WebSearch
paired_difference,0.0,0.0,0.0,homa_minus_hpcc,0.0,guard_rebalance_events,5,2.7764451051977987,WebSearch
paired_difference,0.0,0.0,0.0,homa_minus_hpcc,0.0,guard_receiver_concurrency,5,2.7764451051977987,WebSearch
paired_difference,0.0,0.0,0.0,homa_minus_hpcc,0.0,guard_remaining_aware,5,2.7764451051977987,WebSearch
paired_percent,0.0,0.0,0.0,homa_minus_hpcc,0.0,guard_remaining_aware,5,2.7764451051977987,WebSearch
paired_difference,0.0,0.0,0.0,homa_minus_hpcc,0.0,guard_remaining_exponent,5,2.7764451051977987,WebSearch
paired_percent,0.0,0.0,0.0,homa_minus_hpcc,0.0,guard_remaining_exponent,5,2.7764451051977987,WebSearch
paired_difference,0.0,0.0,0.0,homa_minus_hpcc,0.0,guard_remaining_refresh_events,5,2.7764451051977987,WebSearch
paired_difference,0.0,0.0,0.0,homa_minus_hpcc,0.0,guard_sender_srpt_enabled,5,2.7764451051977987,WebSearch
paired_percent,0.0,0.0,0.0,homa_minus_hpcc,0.0,guard_sender_srpt_enabled,5,2.7764451051977987,WebSearch
paired_difference,0.0,0.0,0.0,homa_minus_hpcc,0.0,guard_sender_srpt_forced_rr,5,2.7764451051977987,WebSearch
paired_difference,0.0,0.0,0.0,homa_minus_hpcc,0.0,guard_sender_srpt_non_rr,5,2.7764451051977987,WebSearch
paired_difference,0.0,0.0,0.0,homa_minus_hpcc,0.0,guard_sender_srpt_selections,5,2.7764451051977987,WebSearch
paired_difference,0.0,0.0,0.0,homa_minus_hpcc,0.0,guard_srpt_quantum_packets,5,2.7764451051977987,WebSearch
paired_percent,0.0,0.0,0.0,homa_minus_hpcc,0.0,guard_srpt_quantum_packets,5,2.7764451051977987,WebSearch
paired_difference,0.0,0.0,0.0,homa_minus_hpcc,0.0,guard_tail_bypass_bdps,5,2.7764451051977987,WebSearch
paired_percent,0.0,0.0,0.0,homa_minus_hpcc,0.0,guard_tail_bypass_bdps,5,2.7764451051977987,WebSearch
paired_difference,0.0,0.0,0.0,homa_minus_hpcc,0.0,guard_tail_bypass_enabled,5,2.7764451051977987,WebSearch
paired_percent,0.0,0.0,0.0,homa_minus_hpcc,0.0,guard_tail_bypass_enabled,5,2.7764451051977987,WebSearch
paired_difference,0.0,0.0,0.0,homa_minus_hpcc,0.0,guard_tail_bypass_feedbacks,5,2.7764451051977987,WebSearch
paired_difference,0.0,0.0,0.0,homa_minus_hpcc,0.0,guard_tail_bypass_flows,5,2.7764451051977987,WebSearch
paired_difference,20.22426345310755,229.62426345310755,189.17573654689247,homa_minus_hpcc,209.4,homa_completion_notices_received,5,2.7764451051977987,WebSearch
paired_difference,20.22426345310755,229.62426345310755,189.17573654689247,homa_minus_hpcc,209.4,homa_completion_notices_sent,5,2.7764451051977987,WebSearch
paired_difference,40076752.269405685,398610783.0694057,318457278.53059435,homa_minus_hpcc,358534030.8,homa_data_bytes,5,2.7764451051977987,WebSearch
paired_difference,40073.41618162079,398710.4161816208,318563.5838183792,homa_minus_hpcc,358637.0,homa_data_packets,5,2.7764451051977987,WebSearch
paired_difference,39693.07812695293,387061.47812695295,307675.3218730471,homa_minus_hpcc,347368.4,homa_grants_received,5,2.7764451051977987,WebSearch
paired_difference,39693.07812695293,387061.47812695295,307675.3218730471,homa_minus_hpcc,347368.4,homa_grants_sent,5,2.7764451051977987,WebSearch
paired_difference,0.6800873806582569,3.0800873806582567,1.719912619341743,homa_minus_hpcc,2.4,homa_max_pending_messages,5,2.7764451051977987,WebSearch
paired_difference,20.22426345310755,229.62426345310755,189.17573654689247,homa_minus_hpcc,209.4,homa_messages_completed,5,2.7764451051977987,WebSearch
paired_difference,20.22426345310755,229.62426345310755,189.17573654689247,homa_minus_hpcc,209.4,homa_messages_tracked,5,2.7764451051977987,WebSearch
paired_difference,0.6800873806582569,1.080087380658257,-0.2800873806582569,homa_minus_hpcc,0.4,homa_resends_received,5,2.7764451051977987,WebSearch
paired_difference,0.6800873806582569,1.080087380658257,-0.2800873806582569,homa_minus_hpcc,0.4,homa_resends_sent,5,2.7764451051977987,WebSearch
paired_difference,0.6800873806582569,1.080087380658257,-0.2800873806582569,homa_minus_hpcc,0.4,homa_retransmit_packets,5,2.7764451051977987,WebSearch
paired_difference,2076.2683466318867,-4604.931653368113,-8757.468346631886,homa_minus_hpcc,-6681.2,hpcc_actual_rate_changes,5,2.7764451051977987,WebSearch
paired_percent,0.0,-100.0,-100.0,homa_minus_hpcc,-100.0,hpcc_actual_rate_changes,5,2.7764451051977987,WebSearch
paired_difference,0.0,0.0,0.0,homa_minus_hpcc,0.0,hpcc_fast_computations,5,2.7764451051977987,WebSearch
paired_difference,1827.687945792299,-6249.1120542077015,-9904.4879457923,homa_minus_hpcc,-8076.8,hpcc_feedback_updates,5,2.7764451051977987,WebSearch
paired_percent,0.0,-100.0,-100.0,homa_minus_hpcc,-100.0,hpcc_feedback_updates,5,2.7764451051977987,WebSearch
paired_difference,1829.443818396754,-6037.956181603246,-9696.843818396754,homa_minus_hpcc,-7867.4,hpcc_full_computations,5,2.7764451051977987,WebSearch
paired_percent,0.0,-100.0,-100.0,homa_minus_hpcc,-100.0,hpcc_full_computations,5,2.7764451051977987,WebSearch
paired_difference,1829.443818396754,-6037.956181603246,-9696.843818396754,homa_minus_hpcc,-7867.4,hpcc_rate_updates_applied,5,2.7764451051977987,WebSearch
paired_percent,0.0,-100.0,-100.0,homa_minus_hpcc,-100.0,hpcc_rate_updates_applied,5,2.7764451051977987,WebSearch
paired_difference,1827.687945792299,-6249.1120542077015,-9904.4879457923,homa_minus_hpcc,-8076.8,hpcc_valid_feedback,5,2.7764451051977987,WebSearch
paired_percent,0.0,-100.0,-100.0,homa_minus_hpcc,-100.0,hpcc_valid_feedback,5,2.7764451051977987,WebSearch
paired_difference,0.0,0.0,0.0,homa_minus_hpcc,0.0,int_hops_after_strip,5,2.7764451051977987,WebSearch
paired_difference,0.0,0.0,0.0,homa_minus_hpcc,0.0,int_hops_before_strip,5,2.7764451051977987,WebSearch
paired_difference,0.0,0.0,0.0,homa_minus_hpcc,0.0,int_records_stripped,5,2.7764451051977987,WebSearch
paired_difference,0.0,0.0,0.0,homa_minus_hpcc,0.0,irn_nacks_generated,5,2.7764451051977987,WebSearch
paired_difference,0.0,0.0,0.0,homa_minus_hpcc,0.0,irn_nacks_received,5,2.7764451051977987,WebSearch
paired_difference,0.0,0.0,0.0,homa_minus_hpcc,0.0,irn_retransmit_bytes,5,2.7764451051977987,WebSearch
paired_difference,0.0,0.0,0.0,homa_minus_hpcc,0.0,irn_retransmit_packets,5,2.7764451051977987,WebSearch
paired_difference,0.06898064477389354,-0.08272461747593393,-0.220685907023721,homa_minus_hpcc,-0.15170526224982747,le_8KB_fct_us_mean,5,2.7764451051977987,WebSearch
paired_percent,1.0860062770151173,-1.2032623676832594,-3.375274921713494,homa_minus_hpcc,-2.2892686446983768,le_8KB_fct_us_mean,5,2.7764451051977987,WebSearch
paired_difference,0.2742409869011433,-0.014989013098855863,-0.5634709869011425,homa_minus_hpcc,-0.28922999999999915,le_8KB_fct_us_p95,5,2.7764451051977987,WebSearch
paired_percent,2.873006428680082,-0.21007003304721872,-5.956082890407382,homa_minus_hpcc,-3.0830764617273005,le_8KB_fct_us_p95,5,2.7764451051977987,WebSearch
paired_difference,1.0806766972873867,0.03523269728738465,-2.126120697287389,homa_minus_hpcc,-1.045444000000002,le_8KB_fct_us_p99,5,2.7764451051977987,WebSearch
paired_percent,9.244163469967416,-0.6419335817251746,-19.130260521660006,homa_minus_hpcc,-9.886097051692591,le_8KB_fct_us_p99,5,2.7764451051977987,WebSearch
paired_difference,0.0,0.0,0.0,homa_minus_hpcc,0.0,le_8KB_flow_count,5,2.7764451051977987,WebSearch
paired_percent,0.0,0.0,0.0,homa_minus_hpcc,0.0,le_8KB_flow_count,5,2.7764451051977987,WebSearch
paired_difference,0.012852379872384042,-0.011661377247591967,-0.03736613699236005,homa_minus_hpcc,-0.02451375711997601,le_8KB_slowdown_mean,5,2.7764451051977987,WebSearch
paired_percent,1.212135449042018,-1.157332140503503,-3.581603038587539,homa_minus_hpcc,-2.369467589545521,le_8KB_slowdown_mean,5,2.7764451051977987,WebSearch
paired_difference,0.0478797610458762,-0.04160286597431634,-0.13736238806606874,homa_minus_hpcc,-0.08948262702019254,le_8KB_slowdown_p95,5,2.7764451051977987,WebSearch
paired_percent,3.8308664748835013,-4.123788994720043,-11.785521944487046,homa_minus_hpcc,-7.954655469603544,le_8KB_slowdown_p95,5,2.7764451051977987,WebSearch
paired_difference,0.17054583406082596,-0.029606196126523127,-0.3706978642481751,homa_minus_hpcc,-0.2001520301873491,le_8KB_slowdown_p99,5,2.7764451051977987,WebSearch
paired_percent,11.43544611660257,-4.0176397633019185,-26.88853199650706,homa_minus_hpcc,-15.453085879904489,le_8KB_slowdown_p99,5,2.7764451051977987,WebSearch
paired_difference,0.3673420103636022,0.24972448730258656,-0.48495953342461784,homa_minus_hpcc,-0.11761752306101565,long_to_small_slowdown_mean_ratio,5,2.7764451051977987,WebSearch
paired_percent,19.379013038946535,10.314941118421343,-28.443084959471726,homa_minus_hpcc,-9.064071920525192,long_to_small_slowdown_mean_ratio,5,2.7764451051977987,WebSearch
paired_difference,0.0,0.0,0.0,homa_minus_hpcc,0.0,max_active_flows,5,2.7764451051977987,WebSearch
paired_difference,254.6737311440157,484.2737311440157,-25.07373114401571,homa_minus_hpcc,229.6,output_bytes,5,2.7764451051977987,WebSearch
paired_percent,0.5044406716950748,0.9644659432484652,-0.04441540014168427,homa_minus_hpcc,0.4600252715533905,output_bytes,5,2.7764451051977987,WebSearch
paired_difference,35.22204047761635,18.614209461763636,-51.82987149346907,homa_minus_hpcc,-16.607831015852717,overall_fct_us_mean,5,2.7764451051977987,WebSearch
paired_percent,12.163250300540753,3.5402984040437975,-20.78620219703771,homa_minus_hpcc,-8.622951896496955,overall_fct_us_mean,5,2.7764451051977987,WebSearch
paired_difference,581.6862836015567,647.4652536015573,-515.9073136015562,homa_minus_hpcc,65.7789700000005,overall_fct_us_p95,5,2.7764451051977987,WebSearch
paired_percent,35.05675479766858,34.53669397494483,-35.57681562039233,homa_minus_hpcc,-0.5200608227237501,overall_fct_us_p95,5,2.7764451051977987,WebSearch
paired_difference,624.9225788477221,619.4323628477227,-630.4127948477214,homa_minus_hpcc,-5.490215999999327,overall_fct_us_p99,5,2.7764451051977987,WebSearch
paired_percent,15.005825551897775,12.241624919339017,-17.770026184456533,homa_minus_hpcc,-2.764200632558758,overall_fct_us_p99,5,2.7764451051977987,WebSearch
paired_difference,0.0,0.0,0.0,homa_minus_hpcc,0.0,overall_flow_count,5,2.7764451051977987,WebSearch
paired_percent,0.0,0.0,0.0,homa_minus_hpcc,0.0,overall_flow_count,5,2.7764451051977987,WebSearch
paired_difference,0.11230905599764168,0.0057384353916477004,-0.21887967660363566,homa_minus_hpcc,-0.10657062060599398,overall_slowdown_mean,5,2.7764451051977987,WebSearch
paired_percent,8.380423011849855,-0.07149098371662355,-16.832337007416335,homa_minus_hpcc,-8.451913995566478,overall_slowdown_mean,5,2.7764451051977987,WebSearch
paired_difference,1.214616440387323,1.316725561494603,-1.112507319280043,homa_minus_hpcc,0.1021091211072799,overall_slowdown_p95,5,2.7764451051977987,WebSearch
paired_percent,42.587377329490586,41.50075243262086,-43.674002226360315,homa_minus_hpcc,-1.0866248968697279,overall_slowdown_p95,5,2.7764451051977987,WebSearch
paired_difference,1.454630656777464,1.1145473642167714,-1.7947139493381568,homa_minus_hpcc,-0.34008329256069264,overall_slowdown_p99,5,2.7764451051977987,WebSearch
paired_percent,32.81628266287634,20.098269505538507,-45.53429582021417,homa_minus_hpcc,-12.718013157337833,overall_slowdown_p99,5,2.7764451051977987,WebSearch
paired_difference,0.0,0.0,0.0,homa_minus_hpcc,0.0,pfc_cumulative_pause_ns,5,2.7764451051977987,WebSearch
paired_difference,0.0,0.0,0.0,homa_minus_hpcc,0.0,pfc_matched_intervals,5,2.7764451051977987,WebSearch
paired_difference,0.0,0.0,0.0,homa_minus_hpcc,0.0,pfc_max_pause_ns,5,2.7764451051977987,WebSearch
paired_difference,0.0,0.0,0.0,homa_minus_hpcc,0.0,pfc_pause_count,5,2.7764451051977987,WebSearch
paired_difference,0.0,0.0,0.0,homa_minus_hpcc,0.0,pfc_pause_events,5,2.7764451051977987,WebSearch
paired_difference,0.0,0.0,0.0,homa_minus_hpcc,0.0,pfc_resume_count,5,2.7764451051977987,WebSearch
paired_difference,0.0,0.0,0.0,homa_minus_hpcc,0.0,pfc_resume_events,5,2.7764451051977987,WebSearch
paired_difference,0.0,0.0,0.0,homa_minus_hpcc,0.0,pfc_unmatched_pauses,5,2.7764451051977987,WebSearch
paired_difference,0.0,0.0,0.0,homa_minus_hpcc,0.0,pfc_unmatched_resumes,5,2.7764451051977987,WebSearch
paired_difference,0.0,0.0,0.0,homa_minus_hpcc,0.0,proactive_releases,5,2.7764451051977987,WebSearch
paired_difference,271367.1523152894,489064.35231528943,-53669.95231528941,homa_minus_hpcc,217697.2,queue_bytes_max,5,2.7764451051977987,WebSearch
paired_percent,115.94413978076699,228.66456915437766,-3.223710407156304,homa_minus_hpcc,112.72042937361068,queue_bytes_max,5,2.7764451051977987,WebSearch
paired_difference,7641.731184873113,11776.284984873113,-3507.1773848731136,homa_minus_hpcc,4134.5538,queue_bytes_mean,5,2.7764451051977987,WebSearch
paired_percent,922.5636451152081,1810.989067331495,-34.138222898921185,homa_minus_hpcc,888.425422216287,queue_bytes_mean,5,2.7764451051977987,WebSearch
paired_difference,22700.315805634153,31151.515805634153,-14249.115805634152,homa_minus_hpcc,8451.2,queue_bytes_p95,5,2.7764451051977987,WebSearch
paired_difference,230196.21564698312,377499.8156469831,-82892.61564698312,homa_minus_hpcc,147303.6,queue_bytes_p99,5,2.7764451051977987,WebSearch
paired_percent,4685.351541932208,9245.889768231902,-124.81331563251479,homa_minus_hpcc,4560.538226299694,queue_bytes_p99,5,2.7764451051977987,WebSearch
paired_difference,0.0,0.0,0.0,homa_minus_hpcc,0.0,queue_sample_count,5,2.7764451051977987,WebSearch
paired_percent,0.0,0.0,0.0,homa_minus_hpcc,0.0,queue_sample_count,5,2.7764451051977987,WebSearch
paired_difference,0.0,0.0,0.0,homa_minus_hpcc,0.0,reactive_binding_rate_changes,5,2.7764451051977987,WebSearch
paired_difference,0.0,0.0,0.0,homa_minus_hpcc,0.0,reactive_binding_updates,5,2.7764451051977987,WebSearch
paired_difference,0.0,0.0,0.0,homa_minus_hpcc,0.0,recovery_nacks_generated,5,2.7764451051977987,WebSearch
paired_difference,0.0,0.0,0.0,homa_minus_hpcc,0.0,recovery_nacks_received,5,2.7764451051977987,WebSearch
paired_difference,0.0,0.0,0.0,homa_minus_hpcc,0.0,registrations,5,2.7764451051977987,WebSearch
paired_difference,0.0,0.0,0.0,homa_minus_hpcc,0.0,selected_registrations,5,2.7764451051977987,WebSearch
paired_difference,0.0,0.0,0.0,homa_minus_hpcc,0.0,switch_drops_egress,5,2.7764451051977987,WebSearch
paired_difference,0.0,0.0,0.0,homa_minus_hpcc,0.0,switch_drops_ingress,5,2.7764451051977987,WebSearch
paired_difference,0.0,0.0,0.0,homa_minus_hpcc,0.0,switch_drops_total,5,2.7764451051977987,WebSearch
paired_difference,0.0,0.0,0.0,homa_minus_hpcc,0.0,tie_binding_rate_changes,5,2.7764451051977987,WebSearch
paired_difference,0.0,0.0,0.0,homa_minus_hpcc,0.0,tie_binding_updates,5,2.7764451051977987,WebSearch
paired_difference,0.0,0.0,0.0,homa_minus_hpcc,0.0,timeout_recoveries,5,2.7764451051977987,WebSearch
