analysis,ci95_half_width,ci95_high,ci95_low,comparison,mean,metric,n
arm_mean,3.1669600214757523,51.1594234663492,44.8255034233977,eta000_rho100_q64,47.99246344487345,1BDP_to_1MB_fct_us_mean,5
arm_mean,12.378542978336725,144.7334129783367,119.97632702166325,eta000_rho100_q64,132.35486999999998,1BDP_to_1MB_fct_us_p95,5
arm_mean,24.281078422442302,219.7421404224425,171.1799835775579,eta000_rho100_q64,195.4610620000002,1BDP_to_1MB_fct_us_p99,5
arm_mean,6.019189553771424,197.0191895537714,184.9808104462286,eta000_rho100_q64,191.0,1BDP_to_1MB_flow_count,5
arm_mean,0.02561929742173005,1.3278852641446823,1.2766466693012224,eta000_rho100_q64,1.3022659667229524,1BDP_to_1MB_slowdown_mean,5
arm_mean,0.17428208777870277,2.1445590382648514,1.7959948627074458,eta000_rho100_q64,1.9702769504861486,1BDP_to_1MB_slowdown_p95,5
arm_mean,0.2799093669687703,2.8326301946861916,2.2728114607486507,eta000_rho100_q64,2.552720827717421,1BDP_to_1MB_slowdown_p99,5
arm_mean,0.12791744670479133,9.295646926891653,9.039812033482072,eta000_rho100_q64,9.167729480186862,8KB_to_1BDP_fct_us_mean,5
arm_mean,0.6350966876768535,15.758116687676853,14.487923312323147,eta000_rho100_q64,15.12302,8KB_to_1BDP_fct_us_p95,5
arm_mean,0.38096165914545566,18.719555659145453,17.95763234085454,eta000_rho100_q64,18.338593999999997,8KB_to_1BDP_fct_us_p99,5
arm_mean,49.864830416811344,1638.2648304168115,1538.5351695831887,eta000_rho100_q64,1588.4,8KB_to_1BDP_flow_count,5
arm_mean,0.002338228684281377,1.047349492444099,1.042673035075536,eta000_rho100_q64,1.0450112637598175,8KB_to_1BDP_slowdown_mean,5
arm_mean,0.018410944270988713,1.2033397255602918,1.1665178370183142,eta000_rho100_q64,1.184928781289303,8KB_to_1BDP_slowdown_p95,5
arm_mean,0.026373044694550037,1.4011274605657025,1.3483813711766024,eta000_rho100_q64,1.3747544158711524,8KB_to_1BDP_slowdown_p99,5
arm_mean,14.5403233495316,207.46719745959848,178.38655076053527,eta000_rho100_q64,192.92687411006688,aggregate_goodput_gbps,5
arm_mean,0.0,0.0,0.0,eta000_rho100_q64,0.0,completion_releases,5
arm_mean,64.15986687685752,10209.204666876858,10080.884933123141,eta000_rho100_q64,10145.0448,completion_span_us,5
arm_mean,0.5552890210395597,0.7552890210395597,-0.35528902103955967,eta000_rho100_q64,0.2,grant_binding_rate_changes,5
arm_mean,79.44418160213525,196.24418160213526,37.35581839786475,eta000_rho100_q64,116.8,grant_binding_updates,5
arm_mean,36829.71659987745,339227.71659987746,265568.28340012254,eta000_rho100_q64,302398.0,grant_bytes_sent,5
arm_mean,419.0808217511008,1655.2808217511008,817.1191782488993,eta000_rho100_q64,1236.2,grant_event_rate_changes,5
arm_mean,391.8054957433772,3608.8054957433774,2825.1945042566226,eta000_rho100_q64,3217.0,grants_received,5
arm_mean,391.8054957433772,3608.8054957433774,2825.1945042566226,eta000_rho100_q64,3217.0,grants_sent,5
arm_mean,17.22311107742793,257.9642053741511,223.51798321929522,eta000_rho100_q64,240.74109429672316,gt_1MB_fct_us_mean,5
arm_mean,33.84105126173741,446.68272126173736,379.0006187382626,eta000_rho100_q64,412.84166999999997,gt_1MB_fct_us_p95,5
arm_mean,104.60979313076824,615.2475751307682,406.02798886923165,eta000_rho100_q64,510.6377819999999,gt_1MB_fct_us_p99,5
arm_mean,14.384022275122689,92.58402227512269,63.815977724877314,eta000_rho100_q64,78.2,gt_1MB_flow_count,5
arm_mean,0.11004440122637983,1.8885994830149968,1.668510680562237,eta000_rho100_q64,1.7785550817886169,gt_1MB_slowdown_mean,5
arm_mean,0.38621087586834635,3.321333627692312,2.548911875955619,eta000_rho100_q64,2.9351227518239655,gt_1MB_slowdown_p95,5
arm_mean,0.5337025000203377,4.033150369039684,2.965745368999009,eta000_rho100_q64,3.4994478690193467,gt_1MB_slowdown_p99,5
arm_mean,0.0,8.0,8.0,eta000_rho100_q64,8.0,guard_ack_interval_packets,5
arm_mean,0.0,0.0,0.0,eta000_rho100_q64,0.0,guard_adaptive_grant_updates,5
arm_mean,0.0,1.0,1.0,eta000_rho100_q64,1.0,guard_fixed_window,5
arm_mean,0.0,1.0,1.0,eta000_rho100_q64,1.0,guard_grant_refresh_bdps,5
arm_mean,17157.106824427516,182157.70682442753,147843.49317557248,eta000_rho100_q64,165000.6,guard_long_acks_suppressed,5
arm_mean,0.0,0.0,0.0,eta000_rho100_q64,0.0,guard_min_share_fraction,5
arm_mean,1476.4237578995587,54316.82375789956,51363.97624210044,eta000_rho100_q64,52840.4,guard_one_rtt_acks_suppressed,5
arm_mean,0.0,1.0,1.0,eta000_rho100_q64,1.0,guard_one_rtt_bypass_enabled,5
arm_mean,64.44463426207012,5845.044634262071,5716.15536573793,eta000_rho100_q64,5780.6,guard_one_rtt_bypass_feedbacks,5
arm_mean,64.44463426207012,5845.044634262071,5716.15536573793,eta000_rho100_q64,5780.6,guard_one_rtt_bypass_flows,5
arm_mean,0.0,0.0,0.0,eta000_rho100_q64,0.0,guard_rebalance_events,5
arm_mean,0.0,1.0,1.0,eta000_rho100_q64,1.0,guard_remaining_aware,5
arm_mean,0.0,1.0,1.0,eta000_rho100_q64,1.0,guard_remaining_exponent,5
arm_mean,239.59193038293458,2390.7919303829344,1911.6080696170652,eta000_rho100_q64,2151.2,guard_remaining_refresh_events,5
arm_mean,0.0,1.0,1.0,eta000_rho100_q64,1.0,guard_sender_srpt_enabled,5
arm_mean,13.562017825277284,121.16201782527727,94.03798217472271,eta000_rho100_q64,107.6,guard_sender_srpt_forced_rr,5
arm_mean,5446.0794606744375,39316.47946067444,28424.320539325563,eta000_rho100_q64,33870.4,guard_sender_srpt_non_rr,5
arm_mean,18670.81953665243,266393.21953665244,229051.58046334755,eta000_rho100_q64,247722.4,guard_sender_srpt_selections,5
arm_mean,0.0,64.0,64.0,eta000_rho100_q64,64.0,guard_srpt_quantum_packets,5
arm_mean,0.0,8.0,8.0,eta000_rho100_q64,8.0,guard_tail_bypass_bdps,5
arm_mean,0.0,1.0,1.0,eta000_rho100_q64,1.0,guard_tail_bypass_enabled,5
arm_mean,1055.487288936772,15335.087288936773,13224.112711063228,eta000_rho100_q64,14279.6,guard_tail_bypass_feedbacks,5
arm_mean,11.594775161371766,364.7947751613718,341.6052248386282,eta000_rho100_q64,353.2,guard_tail_bypass_flows,5
arm_mean,23.60141654067604,51.20141654067604,3.99858345932396,eta000_rho100_q64,27.6,hpcc_actual_rate_changes,5
arm_mean,0.0,0.0,0.0,eta000_rho100_q64,0.0,hpcc_fast_computations,5
arm_mean,291.3675097098789,1925.9675097098789,1343.232490290121,eta000_rho100_q64,1634.6,hpcc_feedback_updates,5
arm_mean,116.9493256725811,526.349325672581,292.4506743274189,eta000_rho100_q64,409.4,hpcc_full_computations,5
arm_mean,116.9493256725811,526.349325672581,292.4506743274189,eta000_rho100_q64,409.4,hpcc_rate_updates_applied,5
arm_mean,128.0462047392454,592.2462047392454,336.1537952607546,eta000_rho100_q64,464.2,hpcc_valid_feedback,5
arm_mean,3554.656981149596,36714.656981149594,29605.343018850403,eta000_rho100_q64,33160.0,int_hops_after_strip,5
arm_mean,5912.7180827122875,68954.11808271229,57128.681917287715,eta000_rho100_q64,63041.4,int_hops_before_strip,5
arm_mean,2410.3344192357417,32291.73441923574,27471.06558076426,eta000_rho100_q64,29881.4,int_records_stripped,5
arm_mean,0.0,0.0,0.0,eta000_rho100_q64,0.0,irn_nacks_generated,5
arm_mean,0.0,0.0,0.0,eta000_rho100_q64,0.0,irn_nacks_received,5
arm_mean,0.0,0.0,0.0,eta000_rho100_q64,0.0,irn_retransmit_bytes,5
arm_mean,0.0,0.0,0.0,eta000_rho100_q64,0.0,irn_retransmit_packets,5
arm_mean,0.032178771529972644,7.043941524666618,6.979583981606673,eta000_rho100_q64,7.0117627531366455,le_8KB_fct_us_mean,5
arm_mean,0.01236854098589247,9.137658540985894,9.112921459014109,eta000_rho100_q64,9.125290000000001,le_8KB_fct_us_p95,5
arm_mean,0.0457026397708486,9.452464639770849,9.361059360229152,eta000_rho100_q64,9.406762,le_8KB_fct_us_p99,5
arm_mean,37.86973417416308,4314.0697341741625,4238.330265825837,eta000_rho100_q64,4276.2,le_8KB_flow_count,5
arm_mean,0.00040070132051944556,1.0110028066031171,1.0102014039620784,eta000_rho100_q64,1.0106021052825978,le_8KB_slowdown_mean,5
arm_mean,0.0010862346111134913,1.04037065642161,1.0381981871993828,eta000_rho100_q64,1.0392844218104964,le_8KB_slowdown_p95,5
arm_mean,0.004714730132448552,1.0833434305934984,1.0739139703286011,eta000_rho100_q64,1.0786287004610497,le_8KB_slowdown_p99,5
arm_mean,0.10895814289791424,1.8688572424184673,1.6509409566226387,eta000_rho100_q64,1.759899099520553,long_to_small_slowdown_mean_ratio,5
arm_mean,0.6800873806582569,4.080087380658257,2.719912619341743,eta000_rho100_q64,3.4,max_active_flows,5
arm_mean,0.6182933380793313,12.446623741795174,11.210037065636511,eta000_rho100_q64,11.828330403715842,overall_fct_us_mean,5
arm_mean,0.6028742086054711,16.79546420860546,15.589715791394518,eta000_rho100_q64,16.19258999999999,overall_fct_us_p95,5
arm_mean,22.136487519046835,192.32292951904682,148.04995448095318,eta000_rho100_q64,170.186442,overall_fct_us_p99,5
arm_mean,54.09011039564431,6187.890110395644,6079.709889604356,eta000_rho100_q64,6133.8,overall_flow_count,5
arm_mean,0.0021951945922939254,1.0405949428338357,1.0362045536492477,eta000_rho100_q64,1.0383997482415417,overall_slowdown_mean,5
arm_mean,0.009016234403321052,1.1550652025470418,1.1370327337403996,eta000_rho100_q64,1.1460489681437207,overall_slowdown_p95,5
arm_mean,0.06895515234113346,1.7176327667993818,1.579722462117115,eta000_rho100_q64,1.6486776144582485,overall_slowdown_p99,5
arm_mean,0.0,0.0,0.0,eta000_rho100_q64,0.0,pfc_pause_events,5
arm_mean,0.0,0.0,0.0,eta000_rho100_q64,0.0,pfc_resume_events,5
arm_mean,11.594775161371766,364.7947751613718,341.6052248386282,eta000_rho100_q64,353.2,proactive_releases,5
arm_mean,55978.017640346196,329350.0176403462,217393.9823596538,eta000_rho100_q64,273372.0,queue_bytes_max,5
arm_mean,325.1944813545631,2751.046881354563,2100.6579186454373,eta000_rho100_q64,2425.8524,queue_bytes_mean,5
arm_mean,1337.0773885350777,9087.277388535078,6413.122611464922,eta000_rho100_q64,7750.2,queue_bytes_p95,5
arm_mean,12677.336811967982,89683.73681196797,64329.063188032014,eta000_rho100_q64,77006.4,queue_bytes_p99,5
arm_mean,0.0,160000.0,160000.0,eta000_rho100_q64,160000.0,queue_sample_count,5
arm_mean,20.296554344053796,45.49655434405379,4.903445655946204,eta000_rho100_q64,25.2,reactive_binding_rate_changes,5
arm_mean,20.296554344053796,45.49655434405379,4.903445655946204,eta000_rho100_q64,25.2,reactive_binding_updates,5
arm_mean,0.0,0.0,0.0,eta000_rho100_q64,0.0,recovery_nacks_generated,5
arm_mean,0.0,0.0,0.0,eta000_rho100_q64,0.0,recovery_nacks_received,5
arm_mean,11.594775161371766,364.7947751613718,341.6052248386282,eta000_rho100_q64,353.2,registrations,5
arm_mean,11.594775161371766,364.7947751613718,341.6052248386282,eta000_rho100_q64,353.2,selected_registrations,5
arm_mean,3.662382628097132,5.862382628097132,-1.462382628097132,eta000_rho100_q64,2.2,tie_binding_rate_changes,5
arm_mean,69.30331783444056,336.70331783444055,198.0966821655594,eta000_rho100_q64,267.4,tie_binding_updates,5
arm_mean,0.0,0.0,0.0,eta000_rho100_q64,0.0,timeout_recoveries,5
arm_mean,3.2523973095587566,51.49463881964027,44.989844200522754,eta000_rho075_q64,48.24224151008151,1BDP_to_1MB_fct_us_mean,5
paired_percent,0.22338330677369445,0.739141715583227,0.29237510203583816,eta000_rho075_q64_minus_eta000_rho100_q64,0.5157584088095326,1BDP_to_1MB_fct_us_mean,5
arm_mean,14.793865186895186,149.02889518689517,119.4411648131048,eta000_rho075_q64,134.23503,1BDP_to_1MB_fct_us_p95,5
paired_percent,2.807842404730771,4.1551024871323925,-1.4605823223291496,eta000_rho075_q64_minus_eta000_rho100_q64,1.3472600824016214,1BDP_to_1MB_fct_us_p95,5
arm_mean,26.48374056485727,223.67759256485752,170.71011143514298,eta000_rho075_q64,197.19385200000025,1BDP_to_1MB_fct_us_p99,5
paired_percent,1.250690018394411,2.068997955051045,-0.43238208173777704,eta000_rho075_q64_minus_eta000_rho100_q64,0.8183079366566339,1BDP_to_1MB_fct_us_p99,5
arm_mean,6.019189553771424,197.0191895537714,184.9808104462286,eta000_rho075_q64,191.0,1BDP_to_1MB_flow_count,5
paired_percent,0.0,0.0,0.0,eta000_rho075_q64_minus_eta000_rho100_q64,0.0,1BDP_to_1MB_flow_count,5
arm_mean,0.027227261597728064,1.3351808130482392,1.2807262898527831,eta000_rho075_q64,1.3079535514505112,1BDP_to_1MB_slowdown_mean,5
paired_percent,0.28078745426770646,0.7165364859846465,0.15496157744923356,eta000_rho075_q64_minus_eta000_rho100_q64,0.43574903171694,1BDP_to_1MB_slowdown_mean,5
arm_mean,0.17459330134728468,2.154624685439594,1.8054380827450245,eta000_rho075_q64,1.9800313840923092,1BDP_to_1MB_slowdown_p95,5
paired_percent,1.6396376716469938,2.1432437651989336,-1.136031578095054,eta000_rho075_q64_minus_eta000_rho100_q64,0.5036060935519399,1BDP_to_1MB_slowdown_p95,5
arm_mean,0.26828981193811896,2.847533699481148,2.3109540756049096,eta000_rho075_q64,2.579243887543029,1BDP_to_1MB_slowdown_p99,5
paired_percent,1.2874772009334259,2.3591210833076257,-0.21583331855922627,eta000_rho075_q64_minus_eta000_rho100_q64,1.0716438823741996,1BDP_to_1MB_slowdown_p99,5
arm_mean,0.12952168014315965,9.300025087372722,9.040981727086402,eta000_rho075_q64,9.170503407229562,8KB_to_1BDP_fct_us_mean,5
paired_percent,0.04464733199842349,0.07478461290127728,-0.014510051095569708,eta000_rho075_q64_minus_eta000_rho100_q64,0.03013728090285378,8KB_to_1BDP_fct_us_mean,5
arm_mean,0.6313796807845725,15.792399680784575,14.52964031921543,eta000_rho075_q64,15.161020000000002,8KB_to_1BDP_fct_us_p95,5
paired_percent,0.45149314729136397,0.7040161521789571,-0.19897014240377087,eta000_rho075_q64_minus_eta000_rho100_q64,0.2525230048875931,8KB_to_1BDP_fct_us_p95,5
arm_mean,0.4368742555489159,18.743430255548912,17.869681744451082,eta000_rho075_q64,18.306555999999997,8KB_to_1BDP_fct_us_p99,5
paired_percent,0.39719304301406216,0.21926168495691215,-0.5751244010712122,eta000_rho075_q64_minus_eta000_rho100_q64,-0.17793135805715002,8KB_to_1BDP_fct_us_p99,5
arm_mean,49.864830416811344,1638.2648304168115,1538.5351695831887,eta000_rho075_q64,1588.4,8KB_to_1BDP_flow_count,5
paired_percent,0.0,0.0,0.0,eta000_rho075_q64_minus_eta000_rho100_q64,0.0,8KB_to_1BDP_flow_count,5
arm_mean,0.0025765630612653236,1.0478455418198653,1.0426924156973347,eta000_rho075_q64,1.0452689787586,8KB_to_1BDP_slowdown_mean,5
paired_percent,0.043338398321998706,0.06797689560571583,-0.01869990103828158,eta000_rho075_q64_minus_eta000_rho100_q64,0.024638497283717125,8KB_to_1BDP_slowdown_mean,5
arm_mean,0.018350262047447434,1.203374958066472,1.1666744339715773,eta000_rho075_q64,1.1850246960190247,8KB_to_1BDP_slowdown_p95,5
paired_percent,0.2541885288280529,0.26248696526630944,-0.2458900923897963,eta000_rho075_q64_minus_eta000_rho100_q64,0.008298436438256573,8KB_to_1BDP_slowdown_p95,5
arm_mean,0.03432088066728474,1.4141790653450144,1.3455373040104448,eta000_rho075_q64,1.3798581846777296,8KB_to_1BDP_slowdown_p99,5
paired_percent,0.7835641171411618,1.1498386463990409,-0.4172895878832828,eta000_rho075_q64_minus_eta000_rho100_q64,0.366274529257879,8KB_to_1BDP_slowdown_p99,5
arm_mean,14.50691794932263,207.4179409694713,178.40410507082603,eta000_rho075_q64,192.91102302014866,aggregate_goodput_gbps,5
paired_percent,0.024999907538146356,0.01743037583053118,-0.032569439245761535,eta000_rho075_q64_minus_eta000_rho100_q64,-0.0075695317076151765,aggregate_goodput_gbps,5
arm_mean,0.0,0.0,0.0,eta000_rho075_q64,0.0,completion_releases,5
arm_mean,63.990620362702636,10209.803020362702,10081.821779637296,eta000_rho075_q64,10145.812399999999,completion_span_us,5
paired_percent,0.025009027037528563,0.03258237628231561,-0.017435677792741515,eta000_rho075_q64_minus_eta000_rho100_q64,0.00757334924478705,completion_span_us,5
arm_mean,0.5552890210395597,0.7552890210395597,-0.35528902103955967,eta000_rho075_q64,0.2,grant_binding_rate_changes,5
arm_mean,87.98922065792527,211.78922065792528,35.810779342074724,eta000_rho075_q64,123.8,grant_binding_updates,5
paired_percent,3.1067737930155372,8.05717810455454,1.8436305185234652,eta000_rho075_q64_minus_eta000_rho100_q64,4.950404311539002,grant_binding_updates,5
arm_mean,38618.93817488944,343272.9381748894,266035.0618251106,eta000_rho075_q64,304654.0,grant_bytes_sent,5
paired_percent,0.5546104738088635,1.2718820954455592,0.16266114782783203,eta000_rho075_q64_minus_eta000_rho100_q64,0.7172716216366956,grant_bytes_sent,5
arm_mean,450.77584988322275,1726.3758498832226,824.8241501167772,eta000_rho075_q64,1275.6,grant_event_rate_changes,5
paired_percent,1.8471967426978788,4.755934819530577,1.0615413341348192,eta000_rho075_q64_minus_eta000_rho100_q64,2.908738076832698,grant_event_rate_changes,5
arm_mean,410.83976781797276,3651.8397678179726,2830.1602321820274,eta000_rho075_q64,3241.0,grants_received,5
paired_percent,0.5546104738088635,1.2718820954455592,0.16266114782783203,eta000_rho075_q64_minus_eta000_rho100_q64,0.7172716216366956,grants_received,5
arm_mean,410.83976781797276,3651.8397678179726,2830.1602321820274,eta000_rho075_q64,3241.0,grants_sent,5
paired_percent,0.5546104738088635,1.2718820954455592,0.16266114782783203,eta000_rho075_q64_minus_eta000_rho100_q64,0.7172716216366956,grants_sent,5
arm_mean,18.239184202174833,259.90826646425774,223.42989805990806,eta000_rho075_q64,241.6690822620829,gt_1MB_fct_us_mean,5
paired_percent,0.5989056722137017,0.9697612169990423,-0.22805012742836117,eta000_rho075_q64_minus_eta000_rho100_q64,0.37085554478534055,gt_1MB_fct_us_mean,5
arm_mean,36.941204346211535,451.71395434621144,377.8315456537884,eta000_rho075_q64,414.7727499999999,gt_1MB_fct_us_p95,5
paired_percent,1.3907535243278464,1.8329983896790023,-0.9485086589766905,eta000_rho075_q64_minus_eta000_rho100_q64,0.44224486535115587,gt_1MB_fct_us_p95,5
arm_mean,90.34708979957112,597.0534197995711,416.35924020042887,eta000_rho075_q64,506.70633,gt_1MB_fct_us_p99,5
paired_percent,3.147697392832743,2.628774979567758,-3.6666198060977284,eta000_rho075_q64_minus_eta000_rho100_q64,-0.5189224132649853,gt_1MB_fct_us_p99,5
arm_mean,14.384022275122689,92.58402227512269,63.815977724877314,eta000_rho075_q64,78.2,gt_1MB_flow_count,5
paired_percent,0.0,0.0,0.0,eta000_rho075_q64_minus_eta000_rho100_q64,0.0,gt_1MB_flow_count,5
arm_mean,0.11663933497662474,1.9020043579708013,1.6687256880175516,eta000_rho075_q64,1.7853650229941764,gt_1MB_slowdown_mean,5
paired_percent,0.5414651715648277,0.9133175768093076,-0.16961276632034766,eta000_rho075_q64_minus_eta000_rho100_q64,0.37185240524448,gt_1MB_slowdown_mean,5
arm_mean,0.43927211495000507,3.376650161133897,2.498105931233887,eta000_rho075_q64,2.937378046183892,gt_1MB_slowdown_p95,5
paired_percent,2.4112597935913733,2.39209896457277,-2.4304206226099767,eta000_rho075_q64_minus_eta000_rho100_q64,-0.019160829018603453,gt_1MB_slowdown_p95,5
arm_mean,0.48947037269186705,3.9611299685052592,2.9821892231215252,eta000_rho075_q64,3.4716595958133922,gt_1MB_slowdown_p99,5
paired_percent,2.5534907557622133,1.8475703060015949,-3.2594112055228317,eta000_rho075_q64_minus_eta000_rho100_q64,-0.7059204497606185,gt_1MB_slowdown_p99,5
arm_mean,0.0,8.0,8.0,eta000_rho075_q64,8.0,guard_ack_interval_packets,5
paired_percent,0.0,0.0,0.0,eta000_rho075_q64_minus_eta000_rho100_q64,0.0,guard_ack_interval_packets,5
arm_mean,0.0,0.0,0.0,eta000_rho075_q64,0.0,guard_adaptive_grant_updates,5
arm_mean,0.0,1.0,1.0,eta000_rho075_q64,1.0,guard_fixed_window,5
paired_percent,0.0,0.0,0.0,eta000_rho075_q64_minus_eta000_rho100_q64,0.0,guard_fixed_window,5
arm_mean,0.0,1.0,1.0,eta000_rho075_q64,1.0,guard_grant_refresh_bdps,5
paired_percent,0.0,0.0,0.0,eta000_rho075_q64_minus_eta000_rho100_q64,0.0,guard_grant_refresh_bdps,5
arm_mean,17157.106824427516,182157.70682442753,147843.49317557248,eta000_rho075_q64,165000.6,guard_long_acks_suppressed,5
paired_percent,0.0,0.0,0.0,eta000_rho075_q64_minus_eta000_rho100_q64,0.0,guard_long_acks_suppressed,5
arm_mean,0.0,0.0,0.0,eta000_rho075_q64,0.0,guard_min_share_fraction,5
arm_mean,1476.4237578995587,54316.82375789956,51363.97624210044,eta000_rho075_q64,52840.4,guard_one_rtt_acks_suppressed,5
paired_percent,0.0,0.0,0.0,eta000_rho075_q64_minus_eta000_rho100_q64,0.0,guard_one_rtt_acks_suppressed,5
arm_mean,0.0,1.0,1.0,eta000_rho075_q64,1.0,guard_one_rtt_bypass_enabled,5
paired_percent,0.0,0.0,0.0,eta000_rho075_q64_minus_eta000_rho100_q64,0.0,guard_one_rtt_bypass_enabled,5
arm_mean,64.44463426207012,5845.044634262071,5716.15536573793,eta000_rho075_q64,5780.6,guard_one_rtt_bypass_feedbacks,5
paired_percent,0.0,0.0,0.0,eta000_rho075_q64_minus_eta000_rho100_q64,0.0,guard_one_rtt_bypass_feedbacks,5
arm_mean,64.44463426207012,5845.044634262071,5716.15536573793,eta000_rho075_q64,5780.6,guard_one_rtt_bypass_flows,5
paired_percent,0.0,0.0,0.0,eta000_rho075_q64_minus_eta000_rho100_q64,0.0,guard_one_rtt_bypass_flows,5
arm_mean,0.0,0.0,0.0,eta000_rho075_q64,0.0,guard_rebalance_events,5
arm_mean,0.0,1.0,1.0,eta000_rho075_q64,1.0,guard_remaining_aware,5
paired_percent,0.0,0.0,0.0,eta000_rho075_q64_minus_eta000_rho100_q64,0.0,guard_remaining_aware,5
arm_mean,0.0,0.75,0.75,eta000_rho075_q64,0.75,guard_remaining_exponent,5
paired_percent,0.0,-25.0,-25.0,eta000_rho075_q64_minus_eta000_rho100_q64,-25.0,guard_remaining_exponent,5
arm_mean,240.0310258116539,2391.6310258116537,1911.568974188346,eta000_rho075_q64,2151.6,guard_remaining_refresh_events,5
paired_percent,0.04856047407429468,0.06605063585829118,-0.031070312290298177,eta000_rho075_q64_minus_eta000_rho100_q64,0.017490161783996504,guard_remaining_refresh_events,5
arm_mean,0.0,1.0,1.0,eta000_rho075_q64,1.0,guard_sender_srpt_enabled,5
paired_percent,0.0,0.0,0.0,eta000_rho075_q64_minus_eta000_rho100_q64,0.0,guard_sender_srpt_enabled,5
arm_mean,13.169835496276267,120.16983549627626,93.83016450372374,eta000_rho075_q64,107.0,guard_sender_srpt_forced_rr,5
paired_percent,2.5656548797703733,2.040775123051242,-3.0905346364895045,eta000_rho075_q64_minus_eta000_rho100_q64,-0.524879756719131,guard_sender_srpt_forced_rr,5
arm_mean,5558.332013955025,39493.33201395503,28376.667986044973,eta000_rho075_q64,33935.0,guard_sender_srpt_non_rr,5
paired_percent,0.6445113076924588,0.8091734082219599,-0.47984920716295765,eta000_rho075_q64_minus_eta000_rho100_q64,0.16466210052950117,guard_sender_srpt_non_rr,5
arm_mean,18670.81953665243,266393.21953665244,229051.58046334755,eta000_rho075_q64,247722.4,guard_sender_srpt_selections,5
paired_percent,0.0,0.0,0.0,eta000_rho075_q64_minus_eta000_rho100_q64,0.0,guard_sender_srpt_selections,5
arm_mean,0.0,64.0,64.0,eta000_rho075_q64,64.0,guard_srpt_quantum_packets,5
paired_percent,0.0,0.0,0.0,eta000_rho075_q64_minus_eta000_rho100_q64,0.0,guard_srpt_quantum_packets,5
arm_mean,0.0,8.0,8.0,eta000_rho075_q64,8.0,guard_tail_bypass_bdps,5
paired_percent,0.0,0.0,0.0,eta000_rho075_q64_minus_eta000_rho100_q64,0.0,guard_tail_bypass_bdps,5
arm_mean,0.0,1.0,1.0,eta000_rho075_q64,1.0,guard_tail_bypass_enabled,5
paired_percent,0.0,0.0,0.0,eta000_rho075_q64_minus_eta000_rho100_q64,0.0,guard_tail_bypass_enabled,5
arm_mean,1055.5811334738066,15336.181133473807,13225.018866526194,eta000_rho075_q64,14280.6,guard_tail_bypass_feedbacks,5
paired_percent,0.00584752788347718,0.012847934643111198,0.0011528788761568385,eta000_rho075_q64_minus_eta000_rho100_q64,0.007000406759634019,guard_tail_bypass_feedbacks,5
arm_mean,11.594775161371766,364.7947751613718,341.6052248386282,eta000_rho075_q64,353.2,guard_tail_bypass_flows,5
paired_percent,0.0,0.0,0.0,eta000_rho075_q64_minus_eta000_rho100_q64,0.0,guard_tail_bypass_flows,5
arm_mean,21.264742128342213,48.66474212834221,6.135257871657785,eta000_rho075_q64,27.4,hpcc_actual_rate_changes,5
paired_percent,13.363471019428717,15.140646089547479,-11.586295949309955,eta000_rho075_q64_minus_eta000_rho100_q64,1.7771750701187616,hpcc_actual_rate_changes,5
arm_mean,0.0,0.0,0.0,eta000_rho075_q64,0.0,hpcc_fast_computations,5
arm_mean,294.9554467984079,1929.355446798408,1339.4445532015923,eta000_rho075_q64,1634.4,hpcc_feedback_updates,5
paired_percent,0.2670989144046169,0.23780276694467642,-0.29639506186455744,eta000_rho075_q64_minus_eta000_rho100_q64,-0.029296147459940507,hpcc_feedback_updates,5
arm_mean,117.15348219019754,524.7534821901976,290.44651780980246,eta000_rho075_q64,407.6,hpcc_full_computations,5
paired_percent,0.28358605321323305,-0.17807285383793453,-0.7452449602644007,eta000_rho075_q64_minus_eta000_rho100_q64,-0.4616589070511676,hpcc_full_computations,5
arm_mean,117.15348219019754,524.7534821901976,290.44651780980246,eta000_rho075_q64,407.6,hpcc_rate_updates_applied,5
paired_percent,0.28358605321323305,-0.17807285383793453,-0.7452449602644007,eta000_rho075_q64_minus_eta000_rho100_q64,-0.4616589070511676,hpcc_rate_updates_applied,5
arm_mean,128.24832419490627,590.6483241949063,334.1516758050937,eta000_rho075_q64,462.4,hpcc_valid_feedback,5
paired_percent,0.2495713382736439,-0.15671407137815205,-0.6558567479254398,eta000_rho075_q64_minus_eta000_rho100_q64,-0.40628540965179594,hpcc_valid_feedback,5
arm_mean,3554.656981149596,36714.656981149594,29605.343018850403,eta000_rho075_q64,33160.0,int_hops_after_strip,5
paired_percent,0.0,0.0,0.0,eta000_rho075_q64_minus_eta000_rho100_q64,0.0,int_hops_after_strip,5
arm_mean,5912.7180827122875,68954.11808271229,57128.681917287715,eta000_rho075_q64,63041.4,int_hops_before_strip,5
paired_percent,0.0,0.0,0.0,eta000_rho075_q64_minus_eta000_rho100_q64,0.0,int_hops_before_strip,5
arm_mean,2410.3344192357417,32291.73441923574,27471.06558076426,eta000_rho075_q64,29881.4,int_records_stripped,5
paired_percent,0.0,0.0,0.0,eta000_rho075_q64_minus_eta000_rho100_q64,0.0,int_records_stripped,5
arm_mean,0.0,0.0,0.0,eta000_rho075_q64,0.0,irn_nacks_generated,5
arm_mean,0.0,0.0,0.0,eta000_rho075_q64,0.0,irn_nacks_received,5
arm_mean,0.0,0.0,0.0,eta000_rho075_q64,0.0,irn_retransmit_bytes,5
arm_mean,0.0,0.0,0.0,eta000_rho075_q64,0.0,irn_retransmit_packets,5
arm_mean,0.03284536361956223,7.044772425099881,6.979081697860757,eta000_rho075_q64,7.011927061480319,le_8KB_fct_us_mean,5
paired_percent,0.010439170793760642,0.012759926973618555,-0.008118414613902728,eta000_rho075_q64_minus_eta000_rho100_q64,0.0023207561798579144,le_8KB_fct_us_mean,5
arm_mean,0.010989024519719897,9.13727902451972,9.115300975480281,eta000_rho075_q64,9.126290000000001,le_8KB_fct_us_p95,5
paired_percent,0.038462057768235844,0.04943448371064862,-0.02748963182582307,eta000_rho075_q64_minus_eta000_rho100_q64,0.010972425942412775,le_8KB_fct_us_p95,5
arm_mean,0.03921082743736789,9.445732827437368,9.367311172562633,eta000_rho075_q64,9.406522,le_8KB_fct_us_p99,5
paired_percent,0.13906166109714016,0.13672245245136563,-0.1414008697429147,eta000_rho075_q64_minus_eta000_rho100_q64,-0.002339208645774515,le_8KB_fct_us_p99,5
arm_mean,37.86973417416308,4314.0697341741625,4238.330265825837,eta000_rho075_q64,4276.2,le_8KB_flow_count,5
paired_percent,0.0,0.0,0.0,eta000_rho075_q64_minus_eta000_rho100_q64,0.0,le_8KB_flow_count,5
arm_mean,0.00044690007818264674,1.0110789639446494,1.0101851637882842,eta000_rho075_q64,1.0106320638664668,le_8KB_slowdown_mean,5
paired_percent,0.013835483093807863,0.016799414472545064,-0.010871551715070663,eta000_rho075_q64_minus_eta000_rho100_q64,0.0029639313787372,le_8KB_slowdown_mean,5
arm_mean,0.0007381595615545519,1.040552346567608,1.039076027444499,eta000_rho075_q64,1.0398141870060535,le_8KB_slowdown_p95,5
paired_percent,0.06935537716845584,0.12035715920820365,-0.01835359512870803,eta000_rho075_q64_minus_eta000_rho100_q64,0.05100178203974781,le_8KB_slowdown_p95,5
arm_mean,0.004812176676145291,1.0851024013941375,1.0754780480418469,eta000_rho075_q64,1.0802902247179922,le_8KB_slowdown_p99,5
paired_percent,0.21071266438765948,0.3648493567797179,-0.05657597199560105,eta000_rho075_q64_minus_eta000_rho100_q64,0.15413669239205843,le_8KB_slowdown_p99,5
arm_mean,0.11537118846753763,1.8819530444704788,1.6512106675354035,eta000_rho075_q64,1.7665818560029412,long_to_small_slowdown_mean_ratio,5
paired_percent,0.5313501615666153,0.9002002073336366,-0.162500115799594,eta000_rho075_q64_minus_eta000_rho100_q64,0.3688500457670213,long_to_small_slowdown_mean_ratio,5
arm_mean,0.6800873806582569,4.080087380658257,2.719912619341743,eta000_rho075_q64,3.4,max_active_flows,5
paired_percent,0.0,0.0,0.0,eta000_rho075_q64_minus_eta000_rho100_q64,0.0,max_active_flows,5
arm_mean,0.6281744614877575,12.477345012415402,11.220996089439886,eta000_rho075_q64,11.849170550927644,overall_fct_us_mean,5
paired_percent,0.18156127283772247,0.35594111517324556,-0.007181430502199382,eta000_rho075_q64_minus_eta000_rho100_q64,0.1743798423355231,overall_fct_us_mean,5
arm_mean,0.6102108413707207,16.811440841370715,15.591019158629274,eta000_rho075_q64,16.201229999999995,overall_fct_us_p95,5
paired_percent,0.21727745663437553,0.26984803347826725,-0.1647068797904838,eta000_rho075_q64_minus_eta000_rho100_q64,0.052570576843891735,overall_fct_us_p95,5
arm_mean,22.16132581177447,193.44357981177436,149.1209281882254,eta000_rho075_q64,171.28225399999988,overall_fct_us_p99,5
paired_percent,1.0873403594287243,1.739187939216594,-0.43549277964085453,eta000_rho075_q64_minus_eta000_rho100_q64,0.6518475797878698,overall_fct_us_p99,5
arm_mean,54.09011039564431,6187.890110395644,6079.709889604356,eta000_rho075_q64,6133.8,overall_flow_count,5
paired_percent,0.0,0.0,0.0,eta000_rho075_q64_minus_eta000_rho100_q64,0.0,overall_flow_count,5
arm_mean,0.0022717114777970246,1.0410262623445266,1.0364828393889325,eta000_rho075_q64,1.0387545508667295,overall_slowdown_mean,5
paired_percent,0.018883049094511287,0.05304405272680863,0.015277954537786055,eta000_rho075_q64_minus_eta000_rho100_q64,0.03416100363229734,overall_slowdown_mean,5
arm_mean,0.00858662899544242,1.1553498514313223,1.1381765934404375,eta000_rho075_q64,1.14676322243588,overall_slowdown_p95,5
paired_percent,0.10125619593036657,0.16375738599024853,-0.038755005870484596,eta000_rho075_q64_minus_eta000_rho100_q64,0.06250119005988197,overall_slowdown_p95,5
arm_mean,0.060905350210898886,1.715750586004603,1.593939885582805,eta000_rho075_q64,1.654845235793704,overall_slowdown_p99,5
paired_percent,1.198289853171194,1.5861281989558682,-0.8104515073865198,eta000_rho075_q64_minus_eta000_rho100_q64,0.38783834578467424,overall_slowdown_p99,5
arm_mean,0.0,0.0,0.0,eta000_rho075_q64,0.0,pfc_pause_events,5
arm_mean,0.0,0.0,0.0,eta000_rho075_q64,0.0,pfc_resume_events,5
arm_mean,11.594775161371766,364.7947751613718,341.6052248386282,eta000_rho075_q64,353.2,proactive_releases,5
paired_percent,0.0,0.0,0.0,eta000_rho075_q64_minus_eta000_rho100_q64,0.0,proactive_releases,5
arm_mean,57592.486592165136,329438.48659216514,214253.51340783486,eta000_rho075_q64,271846.0,queue_bytes_max,5
paired_percent,1.956523029898785,1.3322712919174113,-2.5807747678801585,eta000_rho075_q64_minus_eta000_rho100_q64,-0.6242517379813737,queue_bytes_max,5
arm_mean,325.8839424380214,2811.816942438021,2160.0490575619788,eta000_rho075_q64,2485.933,queue_bytes_mean,5
paired_percent,1.2928399253955625,3.7937877799772215,1.2081079291860963,eta000_rho075_q64_minus_eta000_rho100_q64,2.500947854581659,queue_bytes_mean,5
arm_mean,1543.1291069106794,9827.12910691068,6740.870893089321,eta000_rho075_q64,8284.0,queue_bytes_p95,5
paired_percent,8.410126223428936,15.317666773572352,-1.5025856732855196,eta000_rho075_q64_minus_eta000_rho100_q64,6.907540550143416,queue_bytes_p95,5
arm_mean,12450.574849252622,90590.57484925262,65689.42515074738,eta000_rho075_q64,78140.0,queue_bytes_p99,5
paired_percent,0.8858089525025235,2.402400109406851,0.6307822044018041,eta000_rho075_q64_minus_eta000_rho100_q64,1.5165911569043276,queue_bytes_p99,5
arm_mean,0.0,160000.0,160000.0,eta000_rho075_q64,160000.0,queue_sample_count,5
paired_percent,0.0,0.0,0.0,eta000_rho075_q64_minus_eta000_rho100_q64,0.0,queue_sample_count,5
arm_mean,18.155488530256648,42.75548853025665,6.444511469743354,eta000_rho075_q64,24.6,reactive_binding_rate_changes,5
paired_percent,10.947567275044705,10.490616818094248,-11.404517731995162,eta000_rho075_q64_minus_eta000_rho100_q64,-0.45695045695045666,reactive_binding_rate_changes,5
arm_mean,18.155488530256648,42.75548853025665,6.444511469743354,eta000_rho075_q64,24.6,reactive_binding_updates,5
paired_percent,10.947567275044705,10.490616818094248,-11.404517731995162,eta000_rho075_q64_minus_eta000_rho100_q64,-0.45695045695045666,reactive_binding_updates,5
arm_mean,0.0,0.0,0.0,eta000_rho075_q64,0.0,recovery_nacks_generated,5
arm_mean,0.0,0.0,0.0,eta000_rho075_q64,0.0,recovery_nacks_received,5
arm_mean,11.594775161371766,364.7947751613718,341.6052248386282,eta000_rho075_q64,353.2,registrations,5
paired_percent,0.0,0.0,0.0,eta000_rho075_q64_minus_eta000_rho100_q64,0.0,registrations,5
arm_mean,11.594775161371766,364.7947751613718,341.6052248386282,eta000_rho075_q64,353.2,selected_registrations,5
paired_percent,0.0,0.0,0.0,eta000_rho075_q64_minus_eta000_rho100_q64,0.0,selected_registrations,5
arm_mean,3.577199284470116,6.177199284470117,-0.9771992844701161,eta000_rho075_q64,2.6,tie_binding_rate_changes,5
arm_mean,68.1185967948923,327.3185967948923,191.08140320510768,eta000_rho075_q64,259.2,tie_binding_updates,5
paired_percent,3.088782176883245,0.006828045797131033,-6.170736307969359,eta000_rho075_q64_minus_eta000_rho100_q64,-3.081954131086114,tie_binding_updates,5
arm_mean,0.0,0.0,0.0,eta000_rho075_q64,0.0,timeout_recoveries,5
arm_mean,3.1904527569584795,51.96833247483962,45.58742696092266,eta000_rho050_q64,48.77787971788114,1BDP_to_1MB_fct_us_mean,5
paired_percent,0.47830600396002765,2.117543102133895,1.16093109421384,eta000_rho050_q64_minus_eta000_rho100_q64,1.6392370981738675,1BDP_to_1MB_fct_us_mean,5
arm_mean,15.749130425744413,153.39927042574445,121.90100957425561,eta000_rho050_q64,137.65014000000002,1BDP_to_1MB_fct_us_p95,5
paired_percent,4.18160546679455,8.094277938216859,-0.2689329953722406,eta000_rho050_q64_minus_eta000_rho100_q64,3.9126724714223093,1BDP_to_1MB_fct_us_p95,5
arm_mean,33.13719359720934,235.29835359720963,169.02396640279093,eta000_rho050_q64,202.16116000000028,1BDP_to_1MB_fct_us_p99,5
paired_percent,6.981591474052885,10.215409592143846,-3.7477733559619226,eta000_rho050_q64_minus_eta000_rho100_q64,3.233818118090962,1BDP_to_1MB_fct_us_p99,5
arm_mean,6.019189553771424,197.0191895537714,184.9808104462286,eta000_rho050_q64,191.0,1BDP_to_1MB_flow_count,5
paired_percent,0.0,0.0,0.0,eta000_rho050_q64_minus_eta000_rho100_q64,0.0,1BDP_to_1MB_flow_count,5
arm_mean,0.02671229321377886,1.349739046662295,1.2963144602347372,eta000_rho050_q64,1.323026753448516,1BDP_to_1MB_slowdown_mean,5
paired_percent,0.2509546494293739,1.8447727690766693,1.3428634702179214,eta000_rho050_q64_minus_eta000_rho100_q64,1.5938181196472954,1BDP_to_1MB_slowdown_mean,5
arm_mean,0.14996607803733014,2.171264358501268,1.871332202426608,eta000_rho050_q64,2.021298280463938,1BDP_to_1MB_slowdown_p95,5
paired_percent,3.4940862913601594,6.176799074698842,-0.8113735080214775,eta000_rho050_q64_minus_eta000_rho100_q64,2.682712783338682,1BDP_to_1MB_slowdown_p95,5
arm_mean,0.35535529724800996,3.045717097358815,2.335006502862795,eta000_rho050_q64,2.690361800110805,1BDP_to_1MB_slowdown_p99,5
paired_percent,5.125774948758073,10.440123803642985,0.18857390612683922,eta000_rho050_q64_minus_eta000_rho100_q64,5.314348854884912,1BDP_to_1MB_slowdown_p99,5
arm_mean,0.12573606263023612,9.297869741509952,9.046397616249479,eta000_rho050_q64,9.172133678879716,8KB_to_1BDP_fct_us_mean,5
paired_percent,0.05316448170574546,0.10138643556700547,-0.004942527844485463,eta000_rho050_q64_minus_eta000_rho100_q64,0.04822195386126,8KB_to_1BDP_fct_us_mean,5
arm_mean,0.5968212777427148,15.789521277742713,14.595878722257284,eta000_rho050_q64,15.192699999999999,8KB_to_1BDP_fct_us_p95,5
paired_percent,0.7317003195820652,1.199724207595481,-0.2636764315686492,eta000_rho050_q64_minus_eta000_rho100_q64,0.46802388801341593,8KB_to_1BDP_fct_us_p95,5
arm_mean,0.40251445913036366,18.690208459130357,17.885179540869633,eta000_rho050_q64,18.287693999999995,8KB_to_1BDP_fct_us_p99,5
paired_percent,0.30981411190161695,0.0310802407903209,-0.588547983012913,eta000_rho050_q64_minus_eta000_rho100_q64,-0.27873387111129605,8KB_to_1BDP_fct_us_p99,5
arm_mean,49.864830416811344,1638.2648304168115,1538.5351695831887,eta000_rho050_q64,1588.4,8KB_to_1BDP_flow_count,5
paired_percent,0.0,0.0,0.0,eta000_rho050_q64_minus_eta000_rho100_q64,0.0,8KB_to_1BDP_flow_count,5
arm_mean,0.0022641422055610814,1.0477159844295347,1.0431877000184124,eta000_rho050_q64,1.0454518422239736,8KB_to_1BDP_slowdown_mean,5
paired_percent,0.04459071453602879,0.08676425782223873,-0.002417171249818835,eta000_rho050_q64_minus_eta000_rho100_q64,0.04217354328620995,8KB_to_1BDP_slowdown_mean,5
arm_mean,0.01768096000230235,1.204198004451265,1.16883608444666,eta000_rho050_q64,1.1865170444489626,8KB_to_1BDP_slowdown_p95,5
paired_percent,0.08582788996581878,0.2203876355221161,0.048731855590478546,eta000_rho050_q64_minus_eta000_rho100_q64,0.13455974555629732,8KB_to_1BDP_slowdown_p95,5
arm_mean,0.03517669721734355,1.4139135558333984,1.3435601613987114,eta000_rho050_q64,1.3787368586160549,8KB_to_1BDP_slowdown_p99,5
paired_percent,1.0652330326813884,1.3505351902491807,-0.7799308751135959,eta000_rho050_q64_minus_eta000_rho100_q64,0.2853021575677924,8KB_to_1BDP_slowdown_p99,5
arm_mean,14.47139528888236,207.41150740326728,178.46871682550258,eta000_rho050_q64,192.94011211438493,aggregate_goodput_gbps,5
paired_percent,0.04293110354290158,0.05121548685840237,-0.0346467202274008,eta000_rho050_q64_minus_eta000_rho100_q64,0.008284383315500783,aggregate_goodput_gbps,5
arm_mean,0.0,0.0,0.0,eta000_rho050_q64,0.0,completion_releases,5
arm_mean,64.31193951046151,10208.517339510463,10079.893460489538,eta000_rho050_q64,10144.2054,completion_span_us,5
paired_percent,0.04291996388215575,0.034645827245052385,-0.051194100519259114,eta000_rho050_q64_minus_eta000_rho100_q64,-0.008274136637103364,completion_span_us,5
arm_mean,0.5552890210395597,0.7552890210395597,-0.35528902103955967,eta000_rho050_q64,0.2,grant_binding_rate_changes,5
arm_mean,74.63423227490831,192.6342322749083,43.365767725091686,eta000_rho050_q64,118.0,grant_binding_updates,5
paired_percent,7.814187964868364,10.479941088009282,-5.148434841727447,eta000_rho050_q64_minus_eta000_rho100_q64,2.665753123140918,grant_binding_updates,5
arm_mean,40421.25568773278,347820.05568773276,266977.5443122672,eta000_rho050_q64,307398.8,grant_bytes_sent,5
paired_percent,1.162348055984561,2.760573888344952,0.43587777637583014,eta000_rho050_q64_minus_eta000_rho100_q64,1.598225832360391,grant_bytes_sent,5
arm_mean,473.7419246009763,1790.9419246009763,843.4580753990238,eta000_rho050_q64,1317.2,grant_event_rate_changes,5
paired_percent,3.004942413847245,9.11297210653666,3.1030872788421684,eta000_rho050_q64_minus_eta000_rho100_q64,6.1080296926894135,grant_event_rate_changes,5
arm_mean,430.01335838013597,3700.213358380136,2840.1866416198636,eta000_rho050_q64,3270.2,grants_received,5
paired_percent,1.162348055984561,2.760573888344952,0.43587777637583014,eta000_rho050_q64_minus_eta000_rho100_q64,1.598225832360391,grants_received,5
arm_mean,430.01335838013597,3700.213358380136,2840.1866416198636,eta000_rho050_q64,3270.2,grants_sent,5
paired_percent,1.162348055984561,2.760573888344952,0.43587777637583014,eta000_rho050_q64_minus_eta000_rho100_q64,1.598225832360391,grants_sent,5
arm_mean,18.64415206971526,261.15463397159874,223.86632983216822,eta000_rho050_q64,242.51048190188348,gt_1MB_fct_us_mean,5
paired_percent,0.8387480618567288,1.5541727597691464,-0.1233233639443112,eta000_rho050_q64_minus_eta000_rho100_q64,0.7154246979124176,gt_1MB_fct_us_mean,5
arm_mean,42.57443526755158,459.3158452675515,374.16697473244835,eta000_rho050_q64,416.7414099999999,gt_1MB_fct_us_p95,5
paired_percent,3.165243705595704,4.046087870442766,-2.284399540748642,eta000_rho050_q64_minus_eta000_rho100_q64,0.8808441648470622,gt_1MB_fct_us_p95,5
arm_mean,85.72087247654385,591.4246624765437,419.9829175234561,eta000_rho050_q64,505.7037899999999,gt_1MB_fct_us_p99,5
paired_percent,3.9665256177887747,3.3340368107612677,-4.599014424816282,eta000_rho050_q64_minus_eta000_rho100_q64,-0.632488807027507,gt_1MB_fct_us_p99,5
arm_mean,14.384022275122689,92.58402227512269,63.815977724877314,eta000_rho050_q64,78.2,gt_1MB_flow_count,5
paired_percent,0.0,0.0,0.0,eta000_rho050_q64_minus_eta000_rho100_q64,0.0,gt_1MB_flow_count,5
arm_mean,0.11952343809042294,1.912124345820216,1.6730774696393702,eta000_rho050_q64,1.792600907729793,gt_1MB_slowdown_mean,5
paired_percent,0.8278166818285065,1.6026945502508818,-0.05293881340613127,eta000_rho050_q64_minus_eta000_rho100_q64,0.7748778684223753,gt_1MB_slowdown_mean,5
arm_mean,0.47241156715240995,3.4205743519395853,2.475751217634765,eta000_rho050_q64,2.948162784787175,gt_1MB_slowdown_p95,5
paired_percent,3.475447383438288,3.765077886017682,-3.1858168808588943,eta000_rho050_q64_minus_eta000_rho100_q64,0.289630502579394,gt_1MB_slowdown_p95,5
arm_mean,0.48996747135073926,3.9514418390975194,2.9715068963960407,eta000_rho050_q64,3.46147436774678,gt_1MB_slowdown_p99,5
paired_percent,3.558495651108964,2.5675255021858225,-4.549465800032105,eta000_rho050_q64_minus_eta000_rho100_q64,-0.9909701489231411,gt_1MB_slowdown_p99,5
arm_mean,0.0,8.0,8.0,eta000_rho050_q64,8.0,guard_ack_interval_packets,5
paired_percent,0.0,0.0,0.0,eta000_rho050_q64_minus_eta000_rho100_q64,0.0,guard_ack_interval_packets,5
arm_mean,0.0,0.0,0.0,eta000_rho050_q64,0.0,guard_adaptive_grant_updates,5
arm_mean,0.0,1.0,1.0,eta000_rho050_q64,1.0,guard_fixed_window,5
paired_percent,0.0,0.0,0.0,eta000_rho050_q64_minus_eta000_rho100_q64,0.0,guard_fixed_window,5
arm_mean,0.0,1.0,1.0,eta000_rho050_q64,1.0,guard_grant_refresh_bdps,5
paired_percent,0.0,0.0,0.0,eta000_rho050_q64_minus_eta000_rho100_q64,0.0,guard_grant_refresh_bdps,5
arm_mean,17157.106824427516,182157.70682442753,147843.49317557248,eta000_rho050_q64,165000.6,guard_long_acks_suppressed,5
paired_percent,0.0,0.0,0.0,eta000_rho050_q64_minus_eta000_rho100_q64,0.0,guard_long_acks_suppressed,5
arm_mean,0.0,0.0,0.0,eta000_rho050_q64,0.0,guard_min_share_fraction,5
arm_mean,1476.4237578995587,54316.82375789956,51363.97624210044,eta000_rho050_q64,52840.4,guard_one_rtt_acks_suppressed,5
paired_percent,0.0,0.0,0.0,eta000_rho050_q64_minus_eta000_rho100_q64,0.0,guard_one_rtt_acks_suppressed,5
arm_mean,0.0,1.0,1.0,eta000_rho050_q64,1.0,guard_one_rtt_bypass_enabled,5
paired_percent,0.0,0.0,0.0,eta000_rho050_q64_minus_eta000_rho100_q64,0.0,guard_one_rtt_bypass_enabled,5
arm_mean,64.44463426207012,5845.044634262071,5716.15536573793,eta000_rho050_q64,5780.6,guard_one_rtt_bypass_feedbacks,5
paired_percent,0.0,0.0,0.0,eta000_rho050_q64_minus_eta000_rho100_q64,0.0,guard_one_rtt_bypass_feedbacks,5
arm_mean,64.44463426207012,5845.044634262071,5716.15536573793,eta000_rho050_q64,5780.6,guard_one_rtt_bypass_flows,5
paired_percent,0.0,0.0,0.0,eta000_rho050_q64_minus_eta000_rho100_q64,0.0,guard_one_rtt_bypass_flows,5
arm_mean,0.0,0.0,0.0,eta000_rho050_q64,0.0,guard_rebalance_events,5
arm_mean,0.0,1.0,1.0,eta000_rho050_q64,1.0,guard_remaining_aware,5
paired_percent,0.0,0.0,0.0,eta000_rho050_q64_minus_eta000_rho100_q64,0.0,guard_remaining_aware,5
arm_mean,0.0,0.5,0.5,eta000_rho050_q64,0.5,guard_remaining_exponent,5
paired_percent,0.0,-50.0,-50.0,eta000_rho050_q64_minus_eta000_rho100_q64,-50.0,guard_remaining_exponent,5
arm_mean,240.7842303974426,2392.9842303974424,1911.4157696025572,eta000_rho050_q64,2152.2,guard_remaining_refresh_events,5
paired_percent,0.07556852047264223,0.11915893290054705,-0.031978108044737406,eta000_rho050_q64_minus_eta000_rho100_q64,0.043590412427904825,guard_remaining_refresh_events,5
arm_mean,0.0,1.0,1.0,eta000_rho050_q64,1.0,guard_sender_srpt_enabled,5
paired_percent,0.0,0.0,0.0,eta000_rho050_q64_minus_eta000_rho100_q64,0.0,guard_sender_srpt_enabled,5
arm_mean,16.55189805986504,121.75189805986504,88.64810194013496,eta000_rho050_q64,105.2,guard_sender_srpt_forced_rr,5
paired_percent,4.7059570105133535,2.2802381341677074,-7.131675886859,eta000_rho050_q64_minus_eta000_rho100_q64,-2.425718876345646,guard_sender_srpt_forced_rr,5
arm_mean,5728.436845836097,39904.8368458361,28447.963154163903,eta000_rho050_q64,34176.4,guard_sender_srpt_non_rr,5
paired_percent,1.0402088294347263,1.893380529062925,-0.1870371298065273,eta000_rho050_q64_minus_eta000_rho100_q64,0.8531716996281989,guard_sender_srpt_non_rr,5
arm_mean,18670.81953665243,266393.21953665244,229051.58046334755,eta000_rho050_q64,247722.4,guard_sender_srpt_selections,5
paired_percent,0.0,0.0,0.0,eta000_rho050_q64_minus_eta000_rho100_q64,0.0,guard_sender_srpt_selections,5
arm_mean,0.0,64.0,64.0,eta000_rho050_q64,64.0,guard_srpt_quantum_packets,5
paired_percent,0.0,0.0,0.0,eta000_rho050_q64_minus_eta000_rho100_q64,0.0,guard_srpt_quantum_packets,5
arm_mean,0.0,8.0,8.0,eta000_rho050_q64,8.0,guard_tail_bypass_bdps,5
paired_percent,0.0,0.0,0.0,eta000_rho050_q64_minus_eta000_rho100_q64,0.0,guard_tail_bypass_bdps,5
arm_mean,0.0,1.0,1.0,eta000_rho050_q64,1.0,guard_tail_bypass_enabled,5
paired_percent,0.0,0.0,0.0,eta000_rho050_q64_minus_eta000_rho100_q64,0.0,guard_tail_bypass_enabled,5
arm_mean,1058.8913925446664,15338.291392544666,13220.508607455333,eta000_rho050_q64,14279.4,guard_tail_bypass_feedbacks,5
paired_percent,0.04106488609094331,0.038746571820775254,-0.04338320036111137,eta000_rho050_q64_minus_eta000_rho100_q64,-0.002318314270168054,guard_tail_bypass_feedbacks,5
arm_mean,11.594775161371766,364.7947751613718,341.6052248386282,eta000_rho050_q64,353.2,guard_tail_bypass_flows,5
paired_percent,0.0,0.0,0.0,eta000_rho050_q64_minus_eta000_rho100_q64,0.0,guard_tail_bypass_flows,5
arm_mean,22.86820152789622,52.668201527896215,6.931798472103782,eta000_rho050_q64,29.8,hpcc_actual_rate_changes,5
paired_percent,14.708571865116888,26.047169119608654,-3.369974610625121,eta000_rho050_q64_minus_eta000_rho100_q64,11.338597254491766,hpcc_actual_rate_changes,5
arm_mean,0.0,0.0,0.0,eta000_rho050_q64,0.0,hpcc_fast_computations,5
arm_mean,299.9725052032524,1926.5725052032524,1326.6274947967474,eta000_rho050_q64,1626.6,hpcc_feedback_updates,5
paired_percent,0.8924897948321794,0.3591655062869651,-1.4258140833773938,eta000_rho050_q64_minus_eta000_rho100_q64,-0.5333242885452143,hpcc_feedback_updates,5
arm_mean,111.48593973062707,514.085939730627,291.11406026937294,eta000_rho050_q64,402.6,hpcc_full_computations,5
paired_percent,1.6124352975614682,0.0936149898602181,-3.1312556052627185,eta000_rho050_q64_minus_eta000_rho100_q64,-1.51882030770125,hpcc_full_computations,5
arm_mean,111.48593973062707,514.085939730627,291.11406026937294,eta000_rho050_q64,402.6,hpcc_rate_updates_applied,5
paired_percent,1.6124352975614682,0.0936149898602181,-3.1312556052627185,eta000_rho050_q64_minus_eta000_rho100_q64,-1.51882030770125,hpcc_rate_updates_applied,5
arm_mean,122.54034777371716,579.9403477737171,334.85965222628283,eta000_rho050_q64,457.4,hpcc_valid_feedback,5
paired_percent,1.4192877907693282,0.07768337262224256,-2.760892208916414,eta000_rho050_q64_minus_eta000_rho100_q64,-1.3416044181470856,hpcc_valid_feedback,5
arm_mean,3554.656981149596,36714.656981149594,29605.343018850403,eta000_rho050_q64,33160.0,int_hops_after_strip,5
paired_percent,0.0,0.0,0.0,eta000_rho050_q64_minus_eta000_rho100_q64,0.0,int_hops_after_strip,5
arm_mean,5912.7180827122875,68954.11808271229,57128.681917287715,eta000_rho050_q64,63041.4,int_hops_before_strip,5
paired_percent,0.0,0.0,0.0,eta000_rho050_q64_minus_eta000_rho100_q64,0.0,int_hops_before_strip,5
arm_mean,2410.3344192357417,32291.73441923574,27471.06558076426,eta000_rho050_q64,29881.4,int_records_stripped,5
paired_percent,0.0,0.0,0.0,eta000_rho050_q64_minus_eta000_rho100_q64,0.0,int_records_stripped,5
arm_mean,0.0,0.0,0.0,eta000_rho050_q64,0.0,irn_nacks_generated,5
arm_mean,0.0,0.0,0.0,eta000_rho050_q64,0.0,irn_nacks_received,5
arm_mean,0.0,0.0,0.0,eta000_rho050_q64,0.0,irn_retransmit_bytes,5
arm_mean,0.0,0.0,0.0,eta000_rho050_q64,0.0,irn_retransmit_packets,5
arm_mean,0.032679161117767065,7.044738249215125,6.979379926979591,eta000_rho050_q64,7.012059088097358,le_8KB_fct_us_mean,5
paired_percent,0.013110246737934483,0.017319845139481697,-0.008900648336387271,eta000_rho050_q64_minus_eta000_rho100_q64,0.004209598401547212,le_8KB_fct_us_mean,5
arm_mean,0.009018169803295626,9.133398169803295,9.115361830196703,eta000_rho050_q64,9.124379999999999,le_8KB_fct_us_p95,5
paired_percent,0.05222940521027964,0.04228650249894185,-0.06217230792161743,eta000_rho050_q64_minus_eta000_rho100_q64,-0.009942902711337794,le_8KB_fct_us_p95,5
arm_mean,0.03505718890903381,9.433615188909036,9.363500811090967,eta000_rho050_q64,9.398558000000001,le_8KB_fct_us_p99,5
paired_percent,0.1461542952922301,0.05924753231637908,-0.2330610582680811,eta000_rho050_q64_minus_eta000_rho100_q64,-0.08690676297585101,le_8KB_fct_us_p99,5
arm_mean,37.86973417416308,4314.0697341741625,4238.330265825837,eta000_rho050_q64,4276.2,le_8KB_flow_count,5
paired_percent,0.0,0.0,0.0,eta000_rho050_q64_minus_eta000_rho100_q64,0.0,le_8KB_flow_count,5
arm_mean,0.00047861317079389196,1.0111247068873028,1.010167480545715,eta000_rho050_q64,1.010646093716509,le_8KB_slowdown_mean,5
paired_percent,0.015061238005462496,0.01941278195135326,-0.010709694059571732,eta000_rho050_q64_minus_eta000_rho100_q64,0.004351543945890764,le_8KB_slowdown_mean,5
arm_mean,0.0009845914704962949,1.0403508261406091,1.0383816431996167,eta000_rho050_q64,1.039366234670113,le_8KB_slowdown_p95,5
paired_percent,0.01477963685645606,0.022657302755309063,-0.0069019709576030545,eta000_rho050_q64_minus_eta000_rho100_q64,0.007877665898853005,le_8KB_slowdown_p95,5
arm_mean,0.004503592650271151,1.0849065206714403,1.0758993353708979,eta000_rho050_q64,1.080402928021169,le_8KB_slowdown_p99,5
paired_percent,0.292034150347667,0.4567881512507763,-0.12728014944455768,eta000_rho050_q64_minus_eta000_rho100_q64,0.16475400090310932,le_8KB_slowdown_p99,5
arm_mean,0.11817526247064442,1.89189069098121,1.6555401660399212,eta000_rho050_q64,1.7737154285105656,long_to_small_slowdown_mean_ratio,5
paired_percent,0.8177630521780984,1.5882140685793855,-0.04731203577681142,eta000_rho050_q64_minus_eta000_rho100_q64,0.770451016401287,long_to_small_slowdown_mean_ratio,5
arm_mean,1.1105780420791194,4.71057804207912,2.4894219579208805,eta000_rho050_q64,3.6,max_active_flows,5
paired_percent,13.882225525988993,18.882225525988993,-8.882225525988993,eta000_rho050_q64_minus_eta000_rho100_q64,5.0,max_active_flows,5
arm_mean,0.6406577326425078,12.517896971698073,11.236581506413058,eta000_rho050_q64,11.877239239055566,overall_fct_us_mean,5
paired_percent,0.30255528945609556,0.711945792921852,0.1068352140096609,eta000_rho050_q64_minus_eta000_rho100_q64,0.40939050346575645,overall_fct_us_mean,5
arm_mean,0.621348384240763,16.85611838424075,15.613421615759227,eta000_rho050_q64,16.23476999999999,overall_fct_us_p95,5
paired_percent,0.3540555679911572,0.6128654581200925,-0.09524567786222188,eta000_rho050_q64_minus_eta000_rho100_q64,0.25880989012893535,overall_fct_us_p95,5
arm_mean,19.463121978733636,192.73705197873306,153.8108080212658,eta000_rho050_q64,173.27392999999944,overall_fct_us_p99,5
paired_percent,3.1109442708785573,5.060225021929429,-1.1616635198276857,eta000_rho050_q64_minus_eta000_rho100_q64,1.9492807510508716,overall_fct_us_p99,5
arm_mean,54.09011039564431,6187.890110395644,6079.709889604356,eta000_rho050_q64,6133.8,overall_flow_count,5
paired_percent,0.0,0.0,0.0,eta000_rho050_q64_minus_eta000_rho100_q64,0.0,overall_flow_count,5
arm_mean,0.0025716522034313007,1.0419468593837953,1.0368035549769326,eta000_rho050_q64,1.039375207180364,overall_slowdown_mean,5
paired_percent,0.04091952399378594,0.13481965429022919,0.052980606302657315,eta000_rho050_q64_minus_eta000_rho100_q64,0.09390013029644326,overall_slowdown_mean,5
arm_mean,0.010634835054037485,1.1594527562236954,1.1381830861156204,eta000_rho050_q64,1.1488179211696579,overall_slowdown_p95,5
paired_percent,0.2325866210414881,0.4737184182623664,0.008545176179390157,eta000_rho050_q64_minus_eta000_rho100_q64,0.24113179722087827,overall_slowdown_p95,5
arm_mean,0.07046697807303677,1.7421846061695239,1.6012506500234505,eta000_rho050_q64,1.6717176280964872,overall_slowdown_p99,5
paired_percent,1.5082676864931455,2.9101591384826975,-0.10637623450359346,eta000_rho050_q64_minus_eta000_rho100_q64,1.401891451989552,overall_slowdown_p99,5
arm_mean,0.0,0.0,0.0,eta000_rho050_q64,0.0,pfc_pause_events,5
arm_mean,0.0,0.0,0.0,eta000_rho050_q64,0.0,pfc_resume_events,5
arm_mean,11.594775161371766,364.7947751613718,341.6052248386282,eta000_rho050_q64,353.2,proactive_releases,5
paired_percent,0.0,0.0,0.0,eta000_rho050_q64_minus_eta000_rho100_q64,0.0,proactive_releases,5
arm_mean,55055.41640437107,325036.4164043711,214925.58359562894,eta000_rho050_q64,269981.0,queue_bytes_max,5
paired_percent,1.457415592138097,0.23068552698177447,-2.6841456572944193,eta000_rho050_q64_minus_eta000_rho100_q64,-1.2267300651563224,queue_bytes_max,5
arm_mean,334.44268379368253,2879.3664837936826,2210.4811162063174,eta000_rho050_q64,2544.9238,queue_bytes_mean,5
paired_percent,2.692219999323154,7.634862056926103,2.2504220582797942,eta000_rho050_q64_minus_eta000_rho100_q64,4.942642057602948,queue_bytes_mean,5
arm_mean,1543.1291069106794,9827.12910691068,6740.870893089321,eta000_rho050_q64,8284.0,queue_bytes_p95,5
paired_percent,8.410126223428936,15.317666773572352,-1.5025856732855196,eta000_rho050_q64_minus_eta000_rho100_q64,6.907540550143416,queue_bytes_p95,5
arm_mean,11539.786990810166,90237.78699081017,67158.21300918983,eta000_rho050_q64,78698.0,queue_bytes_p99,5
paired_percent,3.9381955108920756,6.320268799855776,-1.5561222219283755,eta000_rho050_q64_minus_eta000_rho100_q64,2.3820732889637,queue_bytes_p99,5
arm_mean,0.0,160000.0,160000.0,eta000_rho050_q64,160000.0,queue_sample_count,5
paired_percent,0.0,0.0,0.0,eta000_rho050_q64_minus_eta000_rho100_q64,0.0,queue_sample_count,5
arm_mean,18.7610458476225,45.1610458476225,7.638954152377497,eta000_rho050_q64,26.4,reactive_binding_rate_changes,5
paired_percent,11.651890658265412,19.607638614013368,-3.6961427025174567,eta000_rho050_q64_minus_eta000_rho100_q64,7.955747955747955,reactive_binding_rate_changes,5
arm_mean,18.7610458476225,45.1610458476225,7.638954152377497,eta000_rho050_q64,26.4,reactive_binding_updates,5
paired_percent,11.651890658265412,19.607638614013368,-3.6961427025174567,eta000_rho050_q64_minus_eta000_rho100_q64,7.955747955747955,reactive_binding_updates,5
arm_mean,0.0,0.0,0.0,eta000_rho050_q64,0.0,recovery_nacks_generated,5
arm_mean,0.0,0.0,0.0,eta000_rho050_q64,0.0,recovery_nacks_received,5
arm_mean,11.594775161371766,364.7947751613718,341.6052248386282,eta000_rho050_q64,353.2,registrations,5
paired_percent,0.0,0.0,0.0,eta000_rho050_q64_minus_eta000_rho100_q64,0.0,registrations,5
arm_mean,11.594775161371766,364.7947751613718,341.6052248386282,eta000_rho050_q64,353.2,selected_registrations,5
paired_percent,0.0,0.0,0.0,eta000_rho050_q64_minus_eta000_rho100_q64,0.0,selected_registrations,5
arm_mean,4.336945896608745,7.536945896608745,-1.1369458966087445,eta000_rho050_q64,3.2,tie_binding_rate_changes,5
arm_mean,70.24680463076072,328.4468046307607,187.95319536923927,eta000_rho050_q64,258.2,tie_binding_updates,5
paired_percent,1.381144323092709,-2.244055718269756,-5.006344364455174,eta000_rho050_q64_minus_eta000_rho100_q64,-3.625200041362465,tie_binding_updates,5
arm_mean,0.0,0.0,0.0,eta000_rho050_q64,0.0,timeout_recoveries,5
arm_mean,3.171382728199276,51.3153719559985,44.97260649959995,eta010_rho100_q64,48.143989227799224,1BDP_to_1MB_fct_us_mean,5
paired_percent,0.13535686641947334,0.4515099237551041,0.18079619091615748,eta010_rho100_q64_minus_eta000_rho100_q64,0.3161530573356308,1BDP_to_1MB_fct_us_mean,5
arm_mean,14.13371895652448,147.46241895652446,119.1949810434755,eta010_rho100_q64,133.32869999999997,1BDP_to_1MB_fct_us_p95,5
paired_percent,1.9974200824210406,2.6781643003492843,-1.316675864492797,eta010_rho100_q64_minus_eta000_rho100_q64,0.6807442179282438,1BDP_to_1MB_fct_us_p95,5
arm_mean,28.405336167634726,227.1342441676349,170.32357183236547,eta010_rho100_q64,198.7289080000002,1BDP_to_1MB_fct_us_p99,5
paired_percent,3.9880349286583447,5.563231535887316,-2.4128383214293736,eta010_rho100_q64_minus_eta000_rho100_q64,1.575196607228971,1BDP_to_1MB_fct_us_p99,5
arm_mean,6.019189553771424,197.0191895537714,184.9808104462286,eta010_rho100_q64,191.0,1BDP_to_1MB_flow_count,5
paired_percent,0.0,0.0,0.0,eta010_rho100_q64_minus_eta000_rho100_q64,0.0,1BDP_to_1MB_flow_count,5
arm_mean,0.025529270732890148,1.3310303074308816,1.279971765965101,eta010_rho100_q64,1.3055010366979913,1BDP_to_1MB_slowdown_mean,5
paired_percent,0.07564048286334679,0.32419010548535215,0.17290913975865857,eta010_rho100_q64_minus_eta000_rho100_q64,0.24854962262200536,1BDP_to_1MB_slowdown_mean,5
arm_mean,0.17236567634043817,2.143438652284119,1.7987072996032427,eta010_rho100_q64,1.971072975943681,1BDP_to_1MB_slowdown_p95,5
paired_percent,0.4997468082681105,0.546040308280489,-0.45345330825573205,eta010_rho100_q64_minus_eta000_rho100_q64,0.04629350001237847,1BDP_to_1MB_slowdown_p95,5
arm_mean,0.27583885272764835,2.8359948081532864,2.28431710269799,eta010_rho100_q64,2.560155955425638,1BDP_to_1MB_slowdown_p99,5
paired_percent,0.640356600409664,0.941757619970784,-0.3389555808485441,eta010_rho100_q64_minus_eta000_rho100_q64,0.3014010195611199,1BDP_to_1MB_slowdown_p99,5
arm_mean,0.12797700242777563,9.297631212614771,9.041677207759221,eta010_rho100_q64,9.169654210186996,8KB_to_1BDP_fct_us_mean,5
paired_percent,0.013735799133734836,0.03472869968452589,0.007257101417056218,eta010_rho100_q64_minus_eta000_rho100_q64,0.020992900550791053,8KB_to_1BDP_fct_us_mean,5
arm_mean,0.645677549932597,15.7776875499326,14.486332450067406,eta010_rho100_q64,15.132010000000003,8KB_to_1BDP_fct_us_p95,5
paired_percent,0.21163199596624918,0.26964599202484796,-0.1536179999076504,eta010_rho100_q64_minus_eta000_rho100_q64,0.05801399605859877,8KB_to_1BDP_fct_us_p95,5
arm_mean,0.42139457013898574,18.741838570138984,17.899049429861012,eta010_rho100_q64,18.320444,8KB_to_1BDP_fct_us_p99,5
paired_percent,0.2994642854288856,0.19813762121569867,-0.4007909496420725,eta010_rho100_q64_minus_eta000_rho100_q64,-0.10132666421318692,8KB_to_1BDP_fct_us_p99,5
arm_mean,49.864830416811344,1638.2648304168115,1538.5351695831887,eta010_rho100_q64,1588.4,8KB_to_1BDP_flow_count,5
paired_percent,0.0,0.0,0.0,eta010_rho100_q64_minus_eta000_rho100_q64,0.0,8KB_to_1BDP_flow_count,5
arm_mean,0.0024429192532104595,1.047661584547993,1.042775746041572,eta010_rho100_q64,1.0452186652947826,8KB_to_1BDP_slowdown_mean,5
paired_percent,0.011890197444986036,0.031725518755781945,0.007945123865809877,eta010_rho100_q64_minus_eta000_rho100_q64,0.019835321310795913,8KB_to_1BDP_slowdown_mean,5
arm_mean,0.018537921607930274,1.2042295377215448,1.1671536945056844,eta010_rho100_q64,1.1856916161136146,8KB_to_1BDP_slowdown_p95,5
paired_percent,0.14066147724656716,0.205001023136917,-0.07632193135621732,eta010_rho100_q64_minus_eta000_rho100_q64,0.06433954589034985,8KB_to_1BDP_slowdown_p95,5
arm_mean,0.03383781181546431,1.415879223967599,1.3482036003366704,eta010_rho100_q64,1.3820414121521347,8KB_to_1BDP_slowdown_p99,5
paired_percent,0.7564412832816809,1.2819188984782692,-0.2309636680850926,eta010_rho100_q64_minus_eta000_rho100_q64,0.5254776151965883,8KB_to_1BDP_slowdown_p99,5
arm_mean,14.520978616194762,207.43394066283457,178.39198343044507,eta010_rho100_q64,192.91296204663982,aggregate_goodput_gbps,5
paired_percent,0.01667127449187026,0.00982580849837894,-0.02351674048536158,eta010_rho100_q64_minus_eta000_rho100_q64,-0.006845465993491319,aggregate_goodput_gbps,5
arm_mean,0.0,0.0,0.0,eta010_rho100_q64,0.0,completion_releases,5
arm_mean,63.97832919365755,10209.71712919366,10081.760470806343,eta010_rho100_q64,10145.738800000001,completion_span_us,5
paired_percent,0.016675588798216442,0.023522966079619685,-0.009828211516813202,eta010_rho100_q64_minus_eta000_rho100_q64,0.006847377281403241,completion_span_us,5
arm_mean,0.5552890210395597,0.7552890210395597,-0.35528902103955967,eta010_rho100_q64,0.2,grant_binding_rate_changes,5
arm_mean,78.2612849550553,195.4612849550553,38.9387150449447,eta010_rho100_q64,117.2,grant_binding_updates,5
paired_percent,2.7844609099661337,3.2577325597604423,-2.311189260171825,eta010_rho100_q64_minus_eta000_rho100_q64,0.4732716497943087,grant_binding_updates,5
arm_mean,36688.742934847345,340007.9429348474,266630.45706515264,eta010_rho100_q64,303319.2,grant_bytes_sent,5
paired_percent,0.23167123487154204,0.5414385628086866,0.07809609306560258,eta010_rho100_q64_minus_eta000_rho100_q64,0.3097673279371446,grant_bytes_sent,5
arm_mean,421.4259558990506,1672.6259558990507,829.7740441009494,eta010_rho100_q64,1251.2,grant_event_rate_changes,5
paired_percent,0.8052567911031226,2.0355302644839055,0.4250166822776601,eta010_rho100_q64_minus_eta000_rho100_q64,1.2302734733807827,grant_event_rate_changes,5
arm_mean,390.30577590263135,3617.1057759026316,2836.4942240973687,eta010_rho100_q64,3226.8,grants_received,5
paired_percent,0.23167123487154204,0.5414385628086866,0.07809609306560258,eta010_rho100_q64_minus_eta000_rho100_q64,0.3097673279371446,grants_received,5
arm_mean,390.30577590263135,3617.1057759026316,2836.4942240973687,eta010_rho100_q64,3226.8,grants_sent,5
paired_percent,0.23167123487154204,0.5414385628086866,0.07809609306560258,eta010_rho100_q64_minus_eta000_rho100_q64,0.3097673279371446,grants_sent,5
arm_mean,17.169831029186412,258.1397213972941,223.80005933892127,eta010_rho100_q64,240.96989036810768,gt_1MB_fct_us_mean,5
paired_percent,0.19993129063641152,0.29592262300477085,-0.10393995826805218,eta010_rho100_q64_minus_eta000_rho100_q64,0.09599133236835934,gt_1MB_fct_us_mean,5
arm_mean,34.09602674076824,446.3173167407682,378.1252632592317,eta010_rho100_q64,412.22128999999995,gt_1MB_fct_us_p95,5
paired_percent,0.42957134420619714,0.2773725752249616,-0.5817701131874327,eta010_rho100_q64_minus_eta000_rho100_q64,-0.15219876898123552,gt_1MB_fct_us_p95,5
arm_mean,100.66777513070456,608.6622511307045,407.3267008692954,eta010_rho100_q64,507.99447599999996,gt_1MB_fct_us_p99,5
paired_percent,1.0198341810956846,0.5625798262459155,-1.4770885359454535,eta010_rho100_q64_minus_eta000_rho100_q64,-0.45725435484976906,gt_1MB_fct_us_p99,5
arm_mean,14.384022275122689,92.58402227512269,63.815977724877314,eta010_rho100_q64,78.2,gt_1MB_flow_count,5
paired_percent,0.0,0.0,0.0,eta010_rho100_q64_minus_eta000_rho100_q64,0.0,gt_1MB_flow_count,5
arm_mean,0.10940203977443207,1.889776367494304,1.67097228794544,eta010_rho100_q64,1.780374327719872,gt_1MB_slowdown_mean,5
paired_percent,0.20209127393807816,0.3056974981776272,-0.0984850496985291,eta010_rho100_q64_minus_eta000_rho100_q64,0.10360622423954906,gt_1MB_slowdown_mean,5
arm_mean,0.3890955775912376,3.318485306022927,2.5402941508404515,eta010_rho100_q64,2.929389728431689,gt_1MB_slowdown_p95,5
paired_percent,0.708512643326794,0.5091881231772815,-0.9078371634763065,eta010_rho100_q64_minus_eta000_rho100_q64,-0.19932452014951257,gt_1MB_slowdown_p95,5
arm_mean,0.5086417931027493,3.9920844691305093,2.974800882925011,eta010_rho100_q64,3.48344267602776,gt_1MB_slowdown_p99,5
paired_percent,0.6680279737697138,0.25750151870099053,-1.078554428838437,eta010_rho100_q64_minus_eta000_rho100_q64,-0.41052645506872326,gt_1MB_slowdown_p99,5
arm_mean,0.0,8.0,8.0,eta010_rho100_q64,8.0,guard_ack_interval_packets,5
paired_percent,0.0,0.0,0.0,eta010_rho100_q64_minus_eta000_rho100_q64,0.0,guard_ack_interval_packets,5
arm_mean,0.0,0.0,0.0,eta010_rho100_q64,0.0,guard_adaptive_grant_updates,5
arm_mean,0.0,1.0,1.0,eta010_rho100_q64,1.0,guard_fixed_window,5
paired_percent,0.0,0.0,0.0,eta010_rho100_q64_minus_eta000_rho100_q64,0.0,guard_fixed_window,5
arm_mean,0.0,1.0,1.0,eta010_rho100_q64,1.0,guard_grant_refresh_bdps,5
paired_percent,0.0,0.0,0.0,eta010_rho100_q64_minus_eta000_rho100_q64,0.0,guard_grant_refresh_bdps,5
arm_mean,17157.106824427516,182157.70682442753,147843.49317557248,eta010_rho100_q64,165000.6,guard_long_acks_suppressed,5
paired_percent,0.0,0.0,0.0,eta010_rho100_q64_minus_eta000_rho100_q64,0.0,guard_long_acks_suppressed,5
arm_mean,0.0,0.1,0.1,eta010_rho100_q64,0.1,guard_min_share_fraction,5
arm_mean,1476.4237578995587,54316.82375789956,51363.97624210044,eta010_rho100_q64,52840.4,guard_one_rtt_acks_suppressed,5
paired_percent,0.0,0.0,0.0,eta010_rho100_q64_minus_eta000_rho100_q64,0.0,guard_one_rtt_acks_suppressed,5
arm_mean,0.0,1.0,1.0,eta010_rho100_q64,1.0,guard_one_rtt_bypass_enabled,5
paired_percent,0.0,0.0,0.0,eta010_rho100_q64_minus_eta000_rho100_q64,0.0,guard_one_rtt_bypass_enabled,5
arm_mean,64.44463426207012,5845.044634262071,5716.15536573793,eta010_rho100_q64,5780.6,guard_one_rtt_bypass_feedbacks,5
paired_percent,0.0,0.0,0.0,eta010_rho100_q64_minus_eta000_rho100_q64,0.0,guard_one_rtt_bypass_feedbacks,5
arm_mean,64.44463426207012,5845.044634262071,5716.15536573793,eta010_rho100_q64,5780.6,guard_one_rtt_bypass_flows,5
paired_percent,0.0,0.0,0.0,eta010_rho100_q64_minus_eta000_rho100_q64,0.0,guard_one_rtt_bypass_flows,5
arm_mean,0.0,0.0,0.0,eta010_rho100_q64,0.0,guard_rebalance_events,5
arm_mean,0.0,1.0,1.0,eta010_rho100_q64,1.0,guard_remaining_aware,5
paired_percent,0.0,0.0,0.0,eta010_rho100_q64_minus_eta000_rho100_q64,0.0,guard_remaining_aware,5
arm_mean,0.0,1.0,1.0,eta010_rho100_q64,1.0,guard_remaining_exponent,5
paired_percent,0.0,0.0,0.0,eta010_rho100_q64_minus_eta000_rho100_q64,0.0,guard_remaining_exponent,5
arm_mean,238.9527442297096,2390.5527442297093,1912.6472557702903,eta010_rho100_q64,2151.6,guard_remaining_refresh_events,5
paired_percent,0.05689436690979096,0.07738617018847949,-0.03640256363110243,eta010_rho100_q64_minus_eta000_rho100_q64,0.020491803278688527,guard_remaining_refresh_events,5
arm_mean,0.0,1.0,1.0,eta010_rho100_q64,1.0,guard_sender_srpt_enabled,5
paired_percent,0.0,0.0,0.0,eta010_rho100_q64_minus_eta000_rho100_q64,0.0,guard_sender_srpt_enabled,5
arm_mean,13.562017825277284,119.96201782527729,92.83798217472273,eta010_rho100_q64,106.4,guard_sender_srpt_forced_rr,5
paired_percent,4.169710125692482,3.078604841949534,-5.260815409435429,eta010_rho100_q64_minus_eta000_rho100_q64,-1.0911052837429476,guard_sender_srpt_forced_rr,5
arm_mean,5491.778730531856,39460.778730531856,28477.221269468144,eta010_rho100_q64,33969.0,guard_sender_srpt_non_rr,5
paired_percent,0.3171012013272138,0.6000383611389775,-0.034164041515450105,eta010_rho100_q64_minus_eta000_rho100_q64,0.2829371598117637,guard_sender_srpt_non_rr,5
arm_mean,18670.81953665243,266393.21953665244,229051.58046334755,eta010_rho100_q64,247722.4,guard_sender_srpt_selections,5
paired_percent,0.0,0.0,0.0,eta010_rho100_q64_minus_eta000_rho100_q64,0.0,guard_sender_srpt_selections,5
arm_mean,0.0,64.0,64.0,eta010_rho100_q64,64.0,guard_srpt_quantum_packets,5
paired_percent,0.0,0.0,0.0,eta010_rho100_q64_minus_eta000_rho100_q64,0.0,guard_srpt_quantum_packets,5
arm_mean,0.0,8.0,8.0,eta010_rho100_q64,8.0,guard_tail_bypass_bdps,5
paired_percent,0.0,0.0,0.0,eta010_rho100_q64_minus_eta000_rho100_q64,0.0,guard_tail_bypass_bdps,5
arm_mean,0.0,1.0,1.0,eta010_rho100_q64,1.0,guard_tail_bypass_enabled,5
paired_percent,0.0,0.0,0.0,eta010_rho100_q64_minus_eta000_rho100_q64,0.0,guard_tail_bypass_enabled,5
arm_mean,1056.0636620782432,15335.863662078242,13223.736337921757,eta010_rho100_q64,14279.8,guard_tail_bypass_feedbacks,5
paired_percent,0.011115204983406552,0.012356977477155941,-0.009873432489657163,eta010_rho100_q64_minus_eta000_rho100_q64,0.0012417724937493894,guard_tail_bypass_feedbacks,5
arm_mean,11.594775161371766,364.7947751613718,341.6052248386282,eta010_rho100_q64,353.2,guard_tail_bypass_flows,5
paired_percent,0.0,0.0,0.0,eta010_rho100_q64_minus_eta000_rho100_q64,0.0,guard_tail_bypass_flows,5
arm_mean,23.33865949130356,51.73865949130356,5.061340508696439,eta010_rho100_q64,28.4,hpcc_actual_rate_changes,5
paired_percent,7.0490920504673085,10.56687861173213,-3.5313054892024867,eta010_rho100_q64_minus_eta000_rho100_q64,3.517786561264822,hpcc_actual_rate_changes,5
arm_mean,0.0,0.0,0.0,eta010_rho100_q64,0.0,hpcc_fast_computations,5
arm_mean,291.1939014820836,1922.9939014820836,1340.6060985179163,eta010_rho100_q64,1631.8,hpcc_feedback_updates,5
paired_percent,0.22030124674875112,0.04637603442051713,-0.3942264590769851,eta010_rho100_q64_minus_eta000_rho100_q64,-0.173925212328234,hpcc_feedback_updates,5
arm_mean,113.5243554451666,521.1243554451667,294.0756445548334,eta010_rho100_q64,407.6,hpcc_full_computations,5
paired_percent,0.7845173507757629,0.4504044707643656,-1.11863023078716,eta010_rho100_q64_minus_eta000_rho100_q64,-0.3341128800113973,hpcc_full_computations,5
arm_mean,113.5243554451666,521.1243554451667,294.0756445548334,eta010_rho100_q64,407.6,hpcc_rate_updates_applied,5
paired_percent,0.7845173507757629,0.4504044707643656,-1.11863023078716,eta010_rho100_q64_minus_eta000_rho100_q64,-0.3341128800113973,hpcc_rate_updates_applied,5
arm_mean,124.61445295822755,587.0144529582275,337.7855470417724,eta010_rho100_q64,462.4,hpcc_valid_feedback,5
paired_percent,0.6952669445795772,0.39876789900655196,-0.9917659901526024,eta010_rho100_q64_minus_eta000_rho100_q64,-0.2964990455730252,hpcc_valid_feedback,5
arm_mean,3554.656981149596,36714.656981149594,29605.343018850403,eta010_rho100_q64,33160.0,int_hops_after_strip,5
paired_percent,0.0,0.0,0.0,eta010_rho100_q64_minus_eta000_rho100_q64,0.0,int_hops_after_strip,5
arm_mean,5912.7180827122875,68954.11808271229,57128.681917287715,eta010_rho100_q64,63041.4,int_hops_before_strip,5
paired_percent,0.0,0.0,0.0,eta010_rho100_q64_minus_eta000_rho100_q64,0.0,int_hops_before_strip,5
arm_mean,2410.3344192357417,32291.73441923574,27471.06558076426,eta010_rho100_q64,29881.4,int_records_stripped,5
paired_percent,0.0,0.0,0.0,eta010_rho100_q64_minus_eta000_rho100_q64,0.0,int_records_stripped,5
arm_mean,0.0,0.0,0.0,eta010_rho100_q64,0.0,irn_nacks_generated,5
arm_mean,0.0,0.0,0.0,eta010_rho100_q64,0.0,irn_nacks_received,5
arm_mean,0.0,0.0,0.0,eta010_rho100_q64,0.0,irn_retransmit_bytes,5
arm_mean,0.0,0.0,0.0,eta010_rho100_q64,0.0,irn_retransmit_packets,5
arm_mean,0.03229608312427333,7.044086758533196,6.97949459228465,eta010_rho100_q64,7.011790675408923,le_8KB_fct_us_mean,5
paired_percent,0.0076944922882884095,0.008088866524728225,-0.007300118051848594,eta010_rho100_q64_minus_eta000_rho100_q64,0.0003943742364398149,le_8KB_fct_us_mean,5
arm_mean,0.013311338794835701,9.142621338794836,9.115998661205165,eta010_rho100_q64,9.12931,le_8KB_fct_us_p95,5
paired_percent,0.06146724735823459,0.10552290116021376,-0.017411593556255413,eta010_rho100_q64_minus_eta000_rho100_q64,0.04405565380197918,le_8KB_fct_us_p95,5
arm_mean,0.039575411910159834,9.44724541191016,9.36809458808984,eta010_rho100_q64,9.40767,le_8KB_fct_us_p99,5
paired_percent,0.12430240004490963,0.13414871564051584,-0.11445608444930341,eta010_rho100_q64_minus_eta000_rho100_q64,0.009846315595606212,le_8KB_fct_us_p99,5
arm_mean,37.86973417416308,4314.0697341741625,4238.330265825837,eta010_rho100_q64,4276.2,le_8KB_flow_count,5
paired_percent,0.0,0.0,0.0,eta010_rho100_q64_minus_eta000_rho100_q64,0.0,le_8KB_flow_count,5
arm_mean,0.0004606980733903292,1.01105696976242,1.0101355736156394,eta010_rho100_q64,1.0105962716890298,le_8KB_slowdown_mean,5
paired_percent,0.006822742946388038,0.006244311504475918,-0.007401174388300158,eta010_rho100_q64_minus_eta000_rho100_q64,-0.0005784314419121192,le_8KB_slowdown_mean,5
arm_mean,0.0009746275290516605,1.0407170069974612,1.0387677519393579,eta010_rho100_q64,1.0397423794684095,le_8KB_slowdown_p95,5
paired_percent,0.0850548987005766,0.12914392641053318,-0.04096587099062002,eta010_rho100_q64_minus_eta000_rho100_q64,0.04408902770995658,le_8KB_slowdown_p95,5
arm_mean,0.0044216654027982505,1.0843743574024696,1.0755310265968732,eta010_rho100_q64,1.0799526919996714,le_8KB_slowdown_p99,5
paired_percent,0.1055241473940319,0.22836183929102846,0.017313544502964656,eta010_rho100_q64_minus_eta000_rho100_q64,0.12283769189699656,le_8KB_slowdown_p99,5
arm_mean,0.1083672299748201,1.870078164160534,1.6533437042108936,eta010_rho100_q64,1.7617109341857138,long_to_small_slowdown_mean_ratio,5
paired_percent,0.2066442039356133,0.31083440700941917,-0.10245400086180746,eta010_rho100_q64_minus_eta000_rho100_q64,0.10419020307380585,long_to_small_slowdown_mean_ratio,5
arm_mean,0.6800873806582569,4.080087380658257,2.719912619341743,eta010_rho100_q64,3.4,max_active_flows,5
paired_percent,0.0,0.0,0.0,eta010_rho100_q64_minus_eta000_rho100_q64,0.0,max_active_flows,5
arm_mean,0.6163406527776534,12.452455433559745,11.219774128004438,eta010_rho100_q64,11.836114780782092,overall_fct_us_mean,5
paired_percent,0.05476536737754478,0.12111607674981346,0.0115853419947239,eta010_rho100_q64_minus_eta000_rho100_q64,0.06635070937226868,overall_fct_us_mean,5
arm_mean,0.5999762164173669,16.811126216417364,15.611173783582629,eta010_rho100_q64,16.211149999999996,overall_fct_us_p95,5
paired_percent,0.17025669246397596,0.28530907218979373,-0.05520431273815821,eta010_rho100_q64_minus_eta000_rho100_q64,0.11505237972581775,overall_fct_us_p95,5
arm_mean,21.884957969565832,192.5474499695656,148.77753403043397,eta010_rho100_q64,170.6624919999998,overall_fct_us_p99,5
paired_percent,1.0583251123529396,1.350441715724697,-0.7662085089811821,eta010_rho100_q64_minus_eta000_rho100_q64,0.29211660337175754,overall_fct_us_p99,5
arm_mean,54.09011039564431,6187.890110395644,6079.709889604356,eta010_rho100_q64,6133.8,overall_flow_count,5
paired_percent,0.0,0.0,0.0,eta010_rho100_q64_minus_eta000_rho100_q64,0.0,overall_flow_count,5
arm_mean,0.0021923817060473852,1.0407635000734936,1.0363787366613988,eta010_rho100_q64,1.0385711183674462,overall_slowdown_mean,5
paired_percent,0.0019226437967649192,0.01842627744383995,0.01458098985031011,eta010_rho100_q64_minus_eta000_rho100_q64,0.01650363364707503,overall_slowdown_mean,5
arm_mean,0.008632087264689971,1.1549392713090847,1.137675096779705,eta010_rho100_q64,1.1463071840443948,overall_slowdown_p95,5
paired_percent,0.10149490521670683,0.12418752679882555,-0.0788022836345881,eta010_rho100_q64_minus_eta000_rho100_q64,0.02269262158211872,overall_slowdown_p95,5
arm_mean,0.06641242755208919,1.720849808568522,1.5880249534643436,eta010_rho100_q64,1.6544373810164328,overall_slowdown_p99,5
paired_percent,0.3611144741761417,0.7143689610930224,-0.007859987259261014,eta010_rho100_q64_minus_eta000_rho100_q64,0.35325448691688066,overall_slowdown_p99,5
arm_mean,0.0,0.0,0.0,eta010_rho100_q64,0.0,pfc_pause_events,5
arm_mean,0.0,0.0,0.0,eta010_rho100_q64,0.0,pfc_resume_events,5
arm_mean,11.594775161371766,364.7947751613718,341.6052248386282,eta010_rho100_q64,353.2,proactive_releases,5
paired_percent,0.0,0.0,0.0,eta010_rho100_q64_minus_eta000_rho100_q64,0.0,proactive_releases,5
arm_mean,55986.197614618715,328268.1976146187,216295.80238538128,eta010_rho100_q64,272282.0,queue_bytes_max,5
paired_percent,0.769067907049728,0.35927918535950154,-1.1788566287399544,eta010_rho100_q64_minus_eta000_rho100_q64,-0.4097887216902265,queue_bytes_max,5
arm_mean,321.0311210147206,2776.4135210147206,2134.3512789852794,eta010_rho100_q64,2455.3824,queue_bytes_mean,5
paired_percent,0.7313622887963375,1.9737300434447138,0.511005465852039,eta010_rho100_q64_minus_eta000_rho100_q64,1.2423677546483765,queue_bytes_mean,5
arm_mean,1566.3536956004812,9661.153695600482,6528.446304399519,eta010_rho100_q64,8094.8,queue_bytes_p95,5
paired_percent,5.1796208371429735,9.47164126886912,-0.8876004054168263,eta010_rho100_q64_minus_eta000_rho100_q64,4.292020431726147,queue_bytes_p95,5
arm_mean,12389.466230566652,90215.46623056666,65436.53376943335,eta010_rho100_q64,77826.0,queue_bytes_p99,5
paired_percent,1.3697928182732582,2.48485974946582,-0.25472588708069654,eta010_rho100_q64_minus_eta000_rho100_q64,1.1150669311925616,queue_bytes_p99,5
arm_mean,0.0,160000.0,160000.0,eta010_rho100_q64,160000.0,queue_sample_count,5
paired_percent,0.0,0.0,0.0,eta010_rho100_q64_minus_eta000_rho100_q64,0.0,queue_sample_count,5
arm_mean,20.067380031646305,45.867380031646306,5.732619968353696,eta010_rho100_q64,25.8,reactive_binding_rate_changes,5
paired_percent,5.216652959114588,8.145945888407518,-2.287360029821658,eta010_rho100_q64_minus_eta000_rho100_q64,2.9292929292929295,reactive_binding_rate_changes,5
arm_mean,20.067380031646305,45.867380031646306,5.732619968353696,eta010_rho100_q64,25.8,reactive_binding_updates,5
paired_percent,5.216652959114588,8.145945888407518,-2.287360029821658,eta010_rho100_q64_minus_eta000_rho100_q64,2.9292929292929295,reactive_binding_updates,5
arm_mean,0.0,0.0,0.0,eta010_rho100_q64,0.0,recovery_nacks_generated,5
arm_mean,0.0,0.0,0.0,eta010_rho100_q64,0.0,recovery_nacks_received,5
arm_mean,11.594775161371766,364.7947751613718,341.6052248386282,eta010_rho100_q64,353.2,registrations,5
paired_percent,0.0,0.0,0.0,eta010_rho100_q64_minus_eta000_rho100_q64,0.0,registrations,5
arm_mean,11.594775161371766,364.7947751613718,341.6052248386282,eta010_rho100_q64,353.2,selected_registrations,5
paired_percent,0.0,0.0,0.0,eta010_rho100_q64_minus_eta000_rho100_q64,0.0,selected_registrations,5
arm_mean,3.577199284470116,5.977199284470116,-1.1771992844701162,eta010_rho100_q64,2.4,tie_binding_rate_changes,5
arm_mean,69.4755112962131,334.0755112962131,195.12448870378694,eta010_rho100_q64,264.6,tie_binding_updates,5
paired_percent,0.9839880746363565,-0.10574756416810893,-2.073723713440822,eta010_rho100_q64_minus_eta000_rho100_q64,-1.0897356388044654,tie_binding_updates,5
arm_mean,0.0,0.0,0.0,eta010_rho100_q64,0.0,timeout_recoveries,5
arm_mean,3.213751746694347,51.65436007583982,45.22685658245112,eta010_rho075_q64,48.44060832914547,1BDP_to_1MB_fct_us_mean,5
paired_percent,0.21502473496218016,1.147914899214115,0.7178654292897546,eta010_rho075_q64_minus_eta000_rho100_q64,0.9328901642519348,1BDP_to_1MB_fct_us_mean,5
arm_mean,14.395766996893327,149.6656969968933,120.87416300310666,eta010_rho075_q64,135.26993,1BDP_to_1MB_fct_us_p95,5
paired_percent,3.4400301541083538,5.594694816196349,-1.2853654920203583,eta010_rho075_q64_minus_eta000_rho100_q64,2.1546646620879955,1BDP_to_1MB_fct_us_p95,5
arm_mean,26.51491955131034,223.8341795513106,170.80434044868994,eta010_rho075_q64,197.31926000000027,1BDP_to_1MB_fct_us_p99,5
paired_percent,1.520782748439102,2.402626708872778,-0.6389387880054263,eta010_rho075_q64_minus_eta000_rho100_q64,0.8818439604336759,1BDP_to_1MB_fct_us_p99,5
arm_mean,6.019189553771424,197.0191895537714,184.9808104462286,eta010_rho075_q64,191.0,1BDP_to_1MB_flow_count,5
paired_percent,0.0,0.0,0.0,eta010_rho075_q64_minus_eta000_rho100_q64,0.0,1BDP_to_1MB_flow_count,5
arm_mean,0.024303830510044686,1.338912243667946,1.2903045826478565,eta010_rho075_q64,1.3146084131579012,1BDP_to_1MB_slowdown_mean,5
paired_percent,0.3872734149153298,1.336636872101299,0.5620900422706392,eta010_rho075_q64_minus_eta000_rho100_q64,0.949363457185969,1BDP_to_1MB_slowdown_mean,5
arm_mean,0.17430281620001845,2.169260634573705,1.820655002173668,eta010_rho075_q64,1.9949578183736865,1BDP_to_1MB_slowdown_p95,5
paired_percent,2.2333024606953784,3.503866562934979,-0.9627383584557778,eta010_rho075_q64_minus_eta000_rho100_q64,1.2705641022396006,1BDP_to_1MB_slowdown_p95,5
arm_mean,0.28824068003022946,2.884091892942053,2.307610532881594,eta010_rho075_q64,2.5958512129118234,1BDP_to_1MB_slowdown_p99,5
paired_percent,1.84543808830446,3.5333199809365157,-0.1575561956724043,eta010_rho075_q64_minus_eta000_rho100_q64,1.6878818926320558,1BDP_to_1MB_slowdown_p99,5
arm_mean,0.12920563001864624,9.298782933783995,9.040371673746703,eta010_rho075_q64,9.16957730376535,8KB_to_1BDP_fct_us_mean,5
paired_percent,0.026419465216796015,0.04647711012647981,-0.006361820307112222,eta010_rho075_q64_minus_eta000_rho100_q64,0.020057644909683793,8KB_to_1BDP_fct_us_mean,5
arm_mean,0.6133429077337553,15.776982907733757,14.550297092266245,eta010_rho075_q64,15.163640000000001,8KB_to_1BDP_fct_us_p95,5
paired_percent,0.4083629999035257,0.6808701300036382,-0.1358558698034133,eta010_rho075_q64_minus_eta000_rho100_q64,0.2725071301001124,8KB_to_1BDP_fct_us_p95,5
arm_mean,0.4274768710608229,18.733622871060817,17.878669128939173,eta010_rho075_q64,18.306145999999995,8KB_to_1BDP_fct_us_p99,5
paired_percent,0.3978923761330582,0.2183343175833394,-0.577450434682777,eta010_rho075_q64_minus_eta000_rho100_q64,-0.17955805854971882,8KB_to_1BDP_fct_us_p99,5
arm_mean,49.864830416811344,1638.2648304168115,1538.5351695831887,eta010_rho075_q64,1588.4,8KB_to_1BDP_flow_count,5
paired_percent,0.0,0.0,0.0,eta010_rho075_q64_minus_eta000_rho100_q64,0.0,8KB_to_1BDP_flow_count,5
arm_mean,0.002492918214829506,1.0477037509595863,1.0427179145299275,eta010_rho075_q64,1.045210832744757,8KB_to_1BDP_slowdown_mean,5
paired_percent,0.02443800203778102,0.043519115014901924,-0.005356889060660123,eta010_rho075_q64_minus_eta000_rho100_q64,0.0190811129771209,8KB_to_1BDP_slowdown_mean,5
arm_mean,0.018227179132353676,1.2041354362006778,1.1676810779359705,eta010_rho075_q64,1.1859082570683241,8KB_to_1BDP_slowdown_p95,5
paired_percent,0.1454304149674181,0.22827154210902167,-0.06258928782581451,eta010_rho075_q64_minus_eta000_rho100_q64,0.08284112714160359,8KB_to_1BDP_slowdown_p95,5
arm_mean,0.03293719691950245,1.4071162643118003,1.3412418704727953,eta010_rho075_q64,1.3741790673922978,8KB_to_1BDP_slowdown_p99,5
paired_percent,0.6346878081460797,0.5885516725678197,-0.6808239437243397,eta010_rho075_q64_minus_eta000_rho100_q64,-0.04613613557826,8KB_to_1BDP_slowdown_p99,5
arm_mean,14.480212699697303,207.39414829318946,178.43372289379488,eta010_rho075_q64,192.91393559349217,aggregate_goodput_gbps,5
paired_percent,0.0383201017125039,0.032806161835157686,-0.04383404158985011,eta010_rho075_q64_minus_eta000_rho100_q64,-0.00551393987734621,aggregate_goodput_gbps,5
arm_mean,0.0,0.0,0.0,eta010_rho075_q64,0.0,completion_releases,5
arm_mean,64.03533667313434,10209.639536673134,10081.568863326866,eta010_rho075_q64,10145.6042,completion_span_us,5
paired_percent,0.03833724947763003,0.04385911688862294,-0.03281538206663712,eta010_rho075_q64_minus_eta000_rho100_q64,0.005521867410992915,completion_span_us,5
arm_mean,0.5552890210395597,0.7552890210395597,-0.35528902103955967,eta010_rho075_q64,0.2,grant_binding_rate_changes,5
arm_mean,86.75402482979169,208.55402482979167,35.04597517020831,eta010_rho075_q64,121.8,grant_binding_updates,5
paired_percent,5.173000668106059,8.947056625600592,-1.398944710611528,eta010_rho075_q64_minus_eta000_rho100_q64,3.7740559574945314,grant_binding_updates,5
arm_mean,38675.125202663454,343648.72520266345,266298.4747973365,eta010_rho075_q64,304973.6,grant_bytes_sent,5
paired_percent,0.5906834661864645,1.412633580285663,0.231266647912734,eta010_rho075_q64_minus_eta000_rho100_q64,0.8219501140991985,grant_bytes_sent,5
arm_mean,452.0802959553777,1735.2802959553778,831.1197040446223,eta010_rho075_q64,1283.2,grant_event_rate_changes,5
paired_percent,1.8136808653229768,5.345853318299819,1.7184915876538656,eta010_rho075_q64_minus_eta000_rho100_q64,3.5321724529768423,grant_event_rate_changes,5
arm_mean,411.4375021559942,3655.837502155994,2832.962497844006,eta010_rho075_q64,3244.4,grants_received,5
paired_percent,0.5906834661864645,1.412633580285663,0.231266647912734,eta010_rho075_q64_minus_eta000_rho100_q64,0.8219501140991985,grants_received,5
arm_mean,411.4375021559942,3655.837502155994,2832.962497844006,eta010_rho075_q64,3244.4,grants_sent,5
paired_percent,0.5906834661864645,1.412633580285663,0.231266647912734,eta010_rho075_q64_minus_eta000_rho100_q64,0.8219501140991985,grants_sent,5
arm_mean,18.317619382292175,260.299660708873,223.66442194428865,eta010_rho075_q64,241.98204132658083,gt_1MB_fct_us_mean,5
paired_percent,0.7265522598347728,1.2267184264117095,-0.2263860932578361,eta010_rho075_q64_minus_eta000_rho100_q64,0.5001661665769367,gt_1MB_fct_us_mean,5
arm_mean,37.605011198613724,452.68353119861365,377.4735088013862,eta010_rho075_q64,415.0785199999999,gt_1MB_fct_us_p95,5
paired_percent,1.7324831803809813,2.2455294843813864,-1.219436876380576,eta010_rho075_q64_minus_eta000_rho100_q64,0.5130463040004052,gt_1MB_fct_us_p95,5
arm_mean,89.47872355524828,594.4803995552481,415.5229524447516,eta010_rho075_q64,505.00167599999986,gt_1MB_fct_us_p99,5
paired_percent,3.4541309992612854,2.6131091200451055,-4.295152878477466,eta010_rho075_q64_minus_eta000_rho100_q64,-0.84102187921618,gt_1MB_fct_us_p99,5
arm_mean,14.384022275122689,92.58402227512269,63.815977724877314,eta010_rho075_q64,78.2,gt_1MB_flow_count,5
paired_percent,0.0,0.0,0.0,eta010_rho075_q64_minus_eta000_rho100_q64,0.0,gt_1MB_flow_count,5
arm_mean,0.11715352193528936,1.9050505977151984,1.6707435538446198,eta010_rho075_q64,1.787897075779909,gt_1MB_slowdown_mean,5
paired_percent,0.6660108708159357,1.179794271802078,-0.1522274698297933,eta010_rho075_q64_minus_eta000_rho100_q64,0.5137834009861424,gt_1MB_slowdown_mean,5
arm_mean,0.4488865471477688,3.3924509627347006,2.494677868439163,eta010_rho075_q64,2.943564415586932,gt_1MB_slowdown_p95,5
paired_percent,2.4155328229460107,2.5850928790392924,-2.245972766852729,eta010_rho075_q64_minus_eta000_rho100_q64,0.16956005609328195,gt_1MB_slowdown_p95,5
arm_mean,0.47436890989981767,3.9333255885874774,2.9845877687878417,eta010_rho075_q64,3.4589566786876595,gt_1MB_slowdown_p99,5
paired_percent,2.447154166087714,1.4044087971997596,-3.4898995349756685,eta010_rho075_q64_minus_eta000_rho100_q64,-1.0427453688879544,gt_1MB_slowdown_p99,5
arm_mean,0.0,8.0,8.0,eta010_rho075_q64,8.0,guard_ack_interval_packets,5
paired_percent,0.0,0.0,0.0,eta010_rho075_q64_minus_eta000_rho100_q64,0.0,guard_ack_interval_packets,5
arm_mean,0.0,0.0,0.0,eta010_rho075_q64,0.0,guard_adaptive_grant_updates,5
arm_mean,0.0,1.0,1.0,eta010_rho075_q64,1.0,guard_fixed_window,5
paired_percent,0.0,0.0,0.0,eta010_rho075_q64_minus_eta000_rho100_q64,0.0,guard_fixed_window,5
arm_mean,0.0,1.0,1.0,eta010_rho075_q64,1.0,guard_grant_refresh_bdps,5
paired_percent,0.0,0.0,0.0,eta010_rho075_q64_minus_eta000_rho100_q64,0.0,guard_grant_refresh_bdps,5
arm_mean,17157.106824427516,182157.70682442753,147843.49317557248,eta010_rho075_q64,165000.6,guard_long_acks_suppressed,5
paired_percent,0.0,0.0,0.0,eta010_rho075_q64_minus_eta000_rho100_q64,0.0,guard_long_acks_suppressed,5
arm_mean,0.0,0.1,0.1,eta010_rho075_q64,0.1,guard_min_share_fraction,5
arm_mean,1476.4237578995587,54316.82375789956,51363.97624210044,eta010_rho075_q64,52840.4,guard_one_rtt_acks_suppressed,5
paired_percent,0.0,0.0,0.0,eta010_rho075_q64_minus_eta000_rho100_q64,0.0,guard_one_rtt_acks_suppressed,5
arm_mean,0.0,1.0,1.0,eta010_rho075_q64,1.0,guard_one_rtt_bypass_enabled,5
paired_percent,0.0,0.0,0.0,eta010_rho075_q64_minus_eta000_rho100_q64,0.0,guard_one_rtt_bypass_enabled,5
arm_mean,64.44463426207012,5845.044634262071,5716.15536573793,eta010_rho075_q64,5780.6,guard_one_rtt_bypass_feedbacks,5
paired_percent,0.0,0.0,0.0,eta010_rho075_q64_minus_eta000_rho100_q64,0.0,guard_one_rtt_bypass_feedbacks,5
arm_mean,64.44463426207012,5845.044634262071,5716.15536573793,eta010_rho075_q64,5780.6,guard_one_rtt_bypass_flows,5
paired_percent,0.0,0.0,0.0,eta010_rho075_q64_minus_eta000_rho100_q64,0.0,guard_one_rtt_bypass_flows,5
arm_mean,0.0,0.0,0.0,eta010_rho075_q64,0.0,guard_rebalance_events,5
arm_mean,0.0,1.0,1.0,eta010_rho075_q64,1.0,guard_remaining_aware,5
paired_percent,0.0,0.0,0.0,eta010_rho075_q64_minus_eta000_rho100_q64,0.0,guard_remaining_aware,5
arm_mean,0.0,0.75,0.75,eta010_rho075_q64,0.75,guard_remaining_exponent,5
paired_percent,0.0,-25.0,-25.0,eta010_rho075_q64_minus_eta000_rho100_q64,-25.0,guard_remaining_exponent,5
arm_mean,241.0929748112473,2391.8929748112473,1909.7070251887528,eta010_rho075_q64,2150.8,guard_remaining_refresh_events,5
paired_percent,0.09270677219995435,0.06978927983811412,-0.11562426456179459,eta010_rho075_q64_minus_eta000_rho100_q64,-0.022917492361840243,guard_remaining_refresh_events,5
arm_mean,0.0,1.0,1.0,eta010_rho075_q64,1.0,guard_sender_srpt_enabled,5
paired_percent,0.0,0.0,0.0,eta010_rho075_q64_minus_eta000_rho100_q64,0.0,guard_sender_srpt_enabled,5
arm_mean,14.675817148480018,120.87581714848002,91.52418285151998,eta010_rho075_q64,106.2,guard_sender_srpt_forced_rr,5
paired_percent,3.8331008618949185,2.4824955329698684,-5.183706190819969,eta010_rho075_q64_minus_eta000_rho100_q64,-1.3506053289250501,guard_sender_srpt_forced_rr,5
arm_mean,5494.764620686313,39438.36462068631,28448.835379313685,eta010_rho075_q64,33943.6,guard_sender_srpt_non_rr,5
paired_percent,0.5080573659319273,0.7170523298127904,-0.29906240205106416,eta010_rho075_q64_minus_eta000_rho100_q64,0.2089949638808631,guard_sender_srpt_non_rr,5
arm_mean,18670.81953665243,266393.21953665244,229051.58046334755,eta010_rho075_q64,247722.4,guard_sender_srpt_selections,5
paired_percent,0.0,0.0,0.0,eta010_rho075_q64_minus_eta000_rho100_q64,0.0,guard_sender_srpt_selections,5
arm_mean,0.0,64.0,64.0,eta010_rho075_q64,64.0,guard_srpt_quantum_packets,5
paired_percent,0.0,0.0,0.0,eta010_rho075_q64_minus_eta000_rho100_q64,0.0,guard_srpt_quantum_packets,5
arm_mean,0.0,8.0,8.0,eta010_rho075_q64,8.0,guard_tail_bypass_bdps,5
paired_percent,0.0,0.0,0.0,eta010_rho075_q64_minus_eta000_rho100_q64,0.0,guard_tail_bypass_bdps,5
arm_mean,0.0,1.0,1.0,eta010_rho075_q64,1.0,guard_tail_bypass_enabled,5
paired_percent,0.0,0.0,0.0,eta010_rho075_q64_minus_eta000_rho100_q64,0.0,guard_tail_bypass_enabled,5
arm_mean,1056.1425658117266,15336.742565811726,13224.457434188274,eta010_rho075_q64,14280.6,guard_tail_bypass_feedbacks,5
paired_percent,0.005836590325486784,0.012680883483892302,0.0010077028329187323,eta010_rho075_q64_minus_eta000_rho100_q64,0.0068442931584055166,guard_tail_bypass_feedbacks,5
arm_mean,11.594775161371766,364.7947751613718,341.6052248386282,eta010_rho075_q64,353.2,guard_tail_bypass_flows,5
paired_percent,0.0,0.0,0.0,eta010_rho075_q64_minus_eta000_rho100_q64,0.0,guard_tail_bypass_flows,5
arm_mean,21.808795151229916,50.808795151229916,7.191204848770084,eta010_rho075_q64,29.0,hpcc_actual_rate_changes,5
paired_percent,12.607020439166407,20.45495297704905,-4.759087901283762,eta010_rho075_q64_minus_eta000_rho100_q64,7.847932537882644,hpcc_actual_rate_changes,5
arm_mean,0.0,0.0,0.0,eta010_rho075_q64,0.0,hpcc_fast_computations,5
arm_mean,294.9010810810502,1926.9010810810503,1337.0989189189497,eta010_rho075_q64,1632.0,hpcc_feedback_updates,5
paired_percent,0.3113255891713755,0.13397050479515615,-0.4886806735475948,eta010_rho075_q64_minus_eta000_rho100_q64,-0.17735508437621933,hpcc_feedback_updates,5
arm_mean,115.81004837210178,521.2100483721017,289.5899516278982,eta010_rho075_q64,405.4,hpcc_full_computations,5
paired_percent,0.7799623361768286,-0.18956227689840233,-1.7494869492520597,eta010_rho075_q64_minus_eta000_rho100_q64,-0.969524613075231,hpcc_full_computations,5
arm_mean,115.81004837210178,521.2100483721017,289.5899516278982,eta010_rho075_q64,405.4,hpcc_rate_updates_applied,5
paired_percent,0.7799623361768286,-0.18956227689840233,-1.7494869492520597,eta010_rho075_q64_minus_eta000_rho100_q64,-0.969524613075231,hpcc_rate_updates_applied,5
arm_mean,126.89721015878183,587.0972101587818,333.30278984121816,eta010_rho075_q64,460.2,hpcc_valid_feedback,5
paired_percent,0.6846078210995161,-0.17016001444795403,-1.5393756566469863,eta010_rho075_q64_minus_eta000_rho100_q64,-0.8547678355474702,hpcc_valid_feedback,5
arm_mean,3554.656981149596,36714.656981149594,29605.343018850403,eta010_rho075_q64,33160.0,int_hops_after_strip,5
paired_percent,0.0,0.0,0.0,eta010_rho075_q64_minus_eta000_rho100_q64,0.0,int_hops_after_strip,5
arm_mean,5912.7180827122875,68954.11808271229,57128.681917287715,eta010_rho075_q64,63041.4,int_hops_before_strip,5
paired_percent,0.0,0.0,0.0,eta010_rho075_q64_minus_eta000_rho100_q64,0.0,int_hops_before_strip,5
arm_mean,2410.3344192357417,32291.73441923574,27471.06558076426,eta010_rho075_q64,29881.4,int_records_stripped,5
paired_percent,0.0,0.0,0.0,eta010_rho075_q64_minus_eta000_rho100_q64,0.0,int_records_stripped,5
arm_mean,0.0,0.0,0.0,eta010_rho075_q64,0.0,irn_nacks_generated,5
arm_mean,0.0,0.0,0.0,eta010_rho075_q64,0.0,irn_nacks_received,5
arm_mean,0.0,0.0,0.0,eta010_rho075_q64,0.0,irn_retransmit_bytes,5
arm_mean,0.0,0.0,0.0,eta010_rho075_q64,0.0,irn_retransmit_packets,5
arm_mean,0.03295251935072391,7.044856924681381,6.978951885979932,eta010_rho075_q64,7.0119044053306565,le_8KB_fct_us_mean,5
paired_percent,0.013197259490101096,0.015191348187521951,-0.011203170792680241,eta010_rho075_q64_minus_eta000_rho100_q64,0.001994088697420855,le_8KB_fct_us_mean,5
arm_mean,0.014295093242494537,9.143915093242494,9.115324906757504,eta010_rho075_q64,9.12962,le_8KB_fct_us_p95,5
paired_percent,0.061936081820091,0.10938059850190877,-0.014491565138273224,eta010_rho075_q64_minus_eta000_rho100_q64,0.047444516681817775,le_8KB_fct_us_p95,5
arm_mean,0.040563319096511695,9.438219319096513,9.35709268090349,eta010_rho075_q64,9.397656000000001,le_8KB_fct_us_p99,5
paired_percent,0.13993205755391178,0.04330955367125393,-0.2365545614365696,eta010_rho075_q64_minus_eta000_rho100_q64,-0.09662250388265785,le_8KB_fct_us_p99,5
arm_mean,37.86973417416308,4314.0697341741625,4238.330265825837,eta010_rho075_q64,4276.2,le_8KB_flow_count,5
paired_percent,0.0,0.0,0.0,eta010_rho075_q64_minus_eta000_rho100_q64,0.0,le_8KB_flow_count,5
arm_mean,0.00042370788024569274,1.011048183474845,1.0102007677143539,eta010_rho075_q64,1.0106244755945994,le_8KB_slowdown_mean,5
paired_percent,0.014521284328157361,0.0167349126227194,-0.012307656033595321,eta010_rho075_q64_minus_eta000_rho100_q64,0.002213628294562041,le_8KB_slowdown_mean,5
arm_mean,0.0009565034724148139,1.0407243428768043,1.0388113359319746,eta010_rho075_q64,1.0397678394043894,le_8KB_slowdown_p95,5
paired_percent,0.060617559331421926,0.1071479330663831,-0.014087185596460765,eta010_rho075_q64_minus_eta000_rho100_q64,0.04653037373496116,le_8KB_slowdown_p95,5
arm_mean,0.006941421546914916,1.0853521654586067,1.0714693223647767,eta010_rho075_q64,1.0784107439116917,le_8KB_slowdown_p99,5
paired_percent,0.24195665247049464,0.22132472126143948,-0.2625885836795498,eta010_rho075_q64_minus_eta000_rho100_q64,-0.02063193120905515,le_8KB_slowdown_p99,5
arm_mean,0.11585567251637624,1.884955388180711,1.6532440431479587,eta010_rho075_q64,1.7690997156643349,long_to_small_slowdown_mean_ratio,5
paired_percent,0.6556695747101918,1.1671932783018628,-0.14414587111852084,eta010_rho075_q64_minus_eta000_rho100_q64,0.511523703591671,long_to_small_slowdown_mean_ratio,5
arm_mean,0.6800873806582569,4.080087380658257,2.719912619341743,eta010_rho075_q64,3.4,max_active_flows,5
paired_percent,0.0,0.0,0.0,eta010_rho075_q64_minus_eta000_rho100_q64,0.0,max_active_flows,5
arm_mean,0.629593341640638,12.488730306774704,11.229543623493429,eta010_rho075_q64,11.859136965134066,overall_fct_us_mean,5
paired_percent,0.20579443736148814,0.4642507947713591,0.0526619200483828,eta010_rho075_q64_minus_eta000_rho100_q64,0.25845635740987094,overall_fct_us_mean,5
arm_mean,0.640559019323339,16.867929019323334,15.586810980676658,eta010_rho075_q64,16.227369999999997,overall_fct_us_p95,5
paired_percent,0.28047216286506477,0.4910186072599718,-0.06992571847015769,eta010_rho075_q64_minus_eta000_rho100_q64,0.21054644439490708,overall_fct_us_p95,5
arm_mean,20.849102942573772,192.9072029425737,151.20899705742613,eta010_rho075_q64,172.0580999999999,overall_fct_us_p99,5
paired_percent,1.4701742097064032,2.635009721940147,-0.3053386974726593,eta010_rho075_q64_minus_eta000_rho100_q64,1.164835512233744,overall_fct_us_p99,5
arm_mean,54.09011039564431,6187.890110395644,6079.709889604356,eta010_rho075_q64,6133.8,overall_flow_count,5
paired_percent,0.0,0.0,0.0,eta010_rho075_q64_minus_eta000_rho100_q64,0.0,overall_flow_count,5
arm_mean,0.002273125937681761,1.04124829140253,1.0367020395271664,eta010_rho075_q64,1.0389751654648482,overall_slowdown_mean,5
paired_percent,0.012988640125005307,0.06839467976792907,0.042417399517918446,eta010_rho075_q64_minus_eta000_rho100_q64,0.05540603964292375,overall_slowdown_mean,5
arm_mean,0.008179782236420376,1.1557013950583583,1.1393418305855174,eta010_rho075_q64,1.1475216128219379,overall_slowdown_p95,5
paired_percent,0.0911043125345304,0.21991130733730085,0.03770268226824007,eta010_rho075_q64_minus_eta000_rho100_q64,0.12880699480277047,overall_slowdown_p95,5
arm_mean,0.06664919278231486,1.7330976551442376,1.5997992695796077,eta010_rho075_q64,1.6664484623619227,overall_slowdown_p99,5
paired_percent,1.820450104355031,2.9101869361200547,-0.7307132725900072,eta010_rho075_q64_minus_eta000_rho100_q64,1.0897368317650238,overall_slowdown_p99,5
arm_mean,0.0,0.0,0.0,eta010_rho075_q64,0.0,pfc_pause_events,5
arm_mean,0.0,0.0,0.0,eta010_rho075_q64,0.0,pfc_resume_events,5
arm_mean,11.594775161371766,364.7947751613718,341.6052248386282,eta010_rho075_q64,353.2,proactive_releases,5
paired_percent,0.0,0.0,0.0,eta010_rho075_q64_minus_eta000_rho100_q64,0.0,proactive_releases,5
arm_mean,57217.55748944519,329063.5574894452,214628.4425105548,eta010_rho075_q64,271846.0,queue_bytes_max,5
paired_percent,1.6792680050046924,1.0662323236939208,-2.292303686315464,eta010_rho075_q64_minus_eta000_rho100_q64,-0.6130356813107715,queue_bytes_max,5
arm_mean,324.24194403866767,2825.9143440386674,2177.4304559613324,eta010_rho075_q64,2501.6724,queue_bytes_mean,5
paired_percent,1.7883551647866318,4.953608102083737,1.3768977725104736,eta010_rho075_q64_minus_eta000_rho100_q64,3.1652529372971054,queue_bytes_mean,5
arm_mean,1543.1291069106794,9827.12910691068,6740.870893089321,eta010_rho075_q64,8284.0,queue_bytes_p95,5
paired_percent,8.410126223428936,15.317666773572352,-1.5025856732855196,eta010_rho075_q64_minus_eta000_rho100_q64,6.907540550143416,queue_bytes_p95,5
arm_mean,11596.952248327805,89734.1522483278,66540.2477516722,eta010_rho075_q64,78137.2,queue_bytes_p99,5
paired_percent,2.065613673019626,3.6842489567421417,-0.4469783892971104,eta010_rho075_q64_minus_eta000_rho100_q64,1.6186352837225157,queue_bytes_p99,5
arm_mean,0.0,160000.0,160000.0,eta010_rho075_q64,160000.0,queue_sample_count,5
paired_percent,0.0,0.0,0.0,eta010_rho075_q64_minus_eta000_rho100_q64,0.0,queue_sample_count,5
arm_mean,18.48787242219396,44.68787242219396,7.71212757780604,eta010_rho075_q64,26.2,reactive_binding_rate_changes,5
paired_percent,10.766720258336628,17.515157006773375,-4.01828350989988,eta010_rho075_q64_minus_eta000_rho100_q64,6.748436748436748,reactive_binding_rate_changes,5
arm_mean,18.48787242219396,44.68787242219396,7.71212757780604,eta010_rho075_q64,26.2,reactive_binding_updates,5
paired_percent,10.766720258336628,17.515157006773375,-4.01828350989988,eta010_rho075_q64_minus_eta000_rho100_q64,6.748436748436748,reactive_binding_updates,5
arm_mean,0.0,0.0,0.0,eta010_rho075_q64,0.0,recovery_nacks_generated,5
arm_mean,0.0,0.0,0.0,eta010_rho075_q64,0.0,recovery_nacks_received,5
arm_mean,11.594775161371766,364.7947751613718,341.6052248386282,eta010_rho075_q64,353.2,registrations,5
paired_percent,0.0,0.0,0.0,eta010_rho075_q64_minus_eta000_rho100_q64,0.0,registrations,5
arm_mean,11.594775161371766,364.7947751613718,341.6052248386282,eta010_rho075_q64,353.2,selected_registrations,5
paired_percent,0.0,0.0,0.0,eta010_rho075_q64_minus_eta000_rho100_q64,0.0,selected_registrations,5
arm_mean,3.577199284470116,6.177199284470117,-0.9771992844701161,eta010_rho075_q64,2.6,tie_binding_rate_changes,5
arm_mean,66.87487486679957,324.27487486679956,190.5251251332004,eta010_rho075_q64,257.4,tie_binding_updates,5
paired_percent,2.7762749134119424,-0.9522111118328298,-6.504760938656714,eta010_rho075_q64_minus_eta000_rho100_q64,-3.7284860252447722,tie_binding_updates,5
arm_mean,0.0,0.0,0.0,eta010_rho075_q64,0.0,timeout_recoveries,5
arm_mean,3.1741961873433877,52.19323306912313,45.84484069443635,eta010_rho050_q64,49.01903688177974,1BDP_to_1MB_fct_us_mean,5
paired_percent,1.1869591482565207,3.3335889892381925,0.959670692725151,eta010_rho050_q64_minus_eta000_rho100_q64,2.1466298409816718,1BDP_to_1MB_fct_us_mean,5
arm_mean,16.126170529571215,154.97179052957122,122.71944947042878,eta010_rho050_q64,138.84562,1BDP_to_1MB_fct_us_p95,5
paired_percent,3.496834183063172,8.29127204594711,1.2976036798207669,eta010_rho050_q64_minus_eta000_rho100_q64,4.794437862883939,1BDP_to_1MB_fct_us_p95,5
arm_mean,53.2305839083271,263.9858859083273,157.5247180916731,eta010_rho050_q64,210.7553020000002,1BDP_to_1MB_fct_us_p99,5
paired_percent,19.071699449945353,26.4595456077701,-11.683853292120606,eta010_rho050_q64_minus_eta000_rho100_q64,7.387846157824747,1BDP_to_1MB_fct_us_p99,5
arm_mean,6.019189553771424,197.0191895537714,184.9808104462286,eta010_rho050_q64,191.0,1BDP_to_1MB_flow_count,5
paired_percent,0.0,0.0,0.0,eta010_rho050_q64_minus_eta000_rho100_q64,0.0,1BDP_to_1MB_flow_count,5
arm_mean,0.03067443246597306,1.359107066914076,1.2977582019821297,eta010_rho050_q64,1.3284326344481028,1BDP_to_1MB_slowdown_mean,5
paired_percent,0.695472827275257,2.7021296960912915,1.3111840415407776,eta010_rho050_q64_minus_eta000_rho100_q64,2.0066568688160347,1BDP_to_1MB_slowdown_mean,5
arm_mean,0.17781417720669235,2.2201295923092754,1.8645012378958905,eta010_rho050_q64,2.042315415102583,1BDP_to_1MB_slowdown_p95,5
paired_percent,3.5060967922304993,7.199586192420444,0.1873926079594459,eta010_rho050_q64_minus_eta000_rho100_q64,3.693489400189945,1BDP_to_1MB_slowdown_p95,5
arm_mean,0.3550019011768052,3.053461711972994,2.3434579096193833,eta010_rho050_q64,2.6984598107961886,1BDP_to_1MB_slowdown_p99,5
paired_percent,5.3244025224604306,10.962372596819597,0.31356755189873553,eta010_rho050_q64_minus_eta000_rho100_q64,5.637970074359166,1BDP_to_1MB_slowdown_p99,5
arm_mean,0.1266612977397016,9.29964330737817,9.046320711898767,eta010_rho050_q64,9.172982009638469,8KB_to_1BDP_fct_us_mean,5
paired_percent,0.05184936968997647,0.10925290772831821,0.005554168348365265,eta010_rho050_q64_minus_eta000_rho100_q64,0.057403538038341737,8KB_to_1BDP_fct_us_mean,5
arm_mean,0.5771580692105455,15.761028069210544,14.606711930789453,eta010_rho050_q64,15.183869999999999,8KB_to_1BDP_fct_us_p95,5
paired_percent,0.6010409899242244,1.0128270390609904,-0.18925494078745841,eta010_rho050_q64_minus_eta000_rho100_q64,0.411786049136766,8KB_to_1BDP_fct_us_p95,5
arm_mean,0.35659481501813356,18.68332881501813,17.97013918498186,eta010_rho050_q64,18.326733999999995,8KB_to_1BDP_fct_us_p99,5
paired_percent,0.15707581522600533,0.09384154898744301,-0.22031008146456765,eta010_rho050_q64_minus_eta000_rho100_q64,-0.06323426623856232,8KB_to_1BDP_fct_us_p99,5
arm_mean,49.864830416811344,1638.2648304168115,1538.5351695831887,eta010_rho050_q64,1588.4,8KB_to_1BDP_flow_count,5
paired_percent,0.0,0.0,0.0,eta010_rho050_q64_minus_eta000_rho100_q64,0.0,8KB_to_1BDP_flow_count,5
arm_mean,0.002044430860481887,1.0475293843161795,1.0434405225952157,eta010_rho050_q64,1.0454849534556976,8KB_to_1BDP_slowdown_mean,5
paired_percent,0.03894960906478307,0.08431297477959601,0.006413756650029877,eta010_rho050_q64_minus_eta000_rho100_q64,0.04536336571481295,8KB_to_1BDP_slowdown_mean,5
arm_mean,0.018515636147541367,1.2063646956456548,1.169333423350572,eta010_rho050_q64,1.1878490594981135,8KB_to_1BDP_slowdown_p95,5
paired_percent,0.12506836312229377,0.3715128118451301,0.12137608560054255,eta010_rho050_q64_minus_eta000_rho100_q64,0.24644444872283633,8KB_to_1BDP_slowdown_p95,5
arm_mean,0.03274955496489365,1.411248061444717,1.3457489515149295,eta010_rho050_q64,1.3784985064798232,8KB_to_1BDP_slowdown_p99,5
paired_percent,0.8309191193764238,1.0999944336207053,-0.5618438051321424,eta010_rho050_q64_minus_eta000_rho100_q64,0.2690753142442815,8KB_to_1BDP_slowdown_p99,5
arm_mean,14.495398142567893,207.41291427121095,178.42211798607516,eta010_rho050_q64,192.91751612864306,aggregate_goodput_gbps,5
paired_percent,0.028749526077282633,0.02479405944259415,-0.032704992711971116,eta010_rho050_q64_minus_eta000_rho100_q64,-0.003955466634688483,aggregate_goodput_gbps,5
arm_mean,0.0,0.0,0.0,eta010_rho050_q64,0.0,completion_releases,5
arm_mean,64.00223754991968,10209.448037549919,10081.44356245008,eta010_rho050_q64,10145.4458,completion_span_us,5
paired_percent,0.02875740861608659,0.03271732193269004,-0.024797495299483142,eta010_rho050_q64_minus_eta000_rho100_q64,0.003959913316603446,completion_span_us,5
arm_mean,0.5552890210395597,0.7552890210395597,-0.35528902103955967,eta010_rho050_q64,0.2,grant_binding_rate_changes,5
arm_mean,74.79209241876327,193.19209241876328,43.60790758123673,eta010_rho050_q64,118.4,grant_binding_updates,5
paired_percent,9.333577406869018,12.228241071884359,-6.438913741853679,eta010_rho050_q64_minus_eta000_rho100_q64,2.8946636650153392,grant_binding_updates,5
arm_mean,40789.54028815654,348714.74028815655,267135.6597118435,eta010_rho050_q64,307925.2,grant_bytes_sent,5
paired_percent,1.257980691499377,3.024816423038632,0.5088550400398779,eta010_rho050_q64_minus_eta000_rho100_q64,1.7668357315392549,grant_bytes_sent,5
arm_mean,474.6199524031629,1799.019952403163,849.7800475968372,eta010_rho050_q64,1324.4,grant_event_rate_changes,5
paired_percent,3.020179557114913,9.736234611836686,3.6958754976068597,eta010_rho050_q64_minus_eta000_rho100_q64,6.716055054721773,grant_event_rate_changes,5
arm_mean,433.9312796612397,3709.73127966124,2841.8687203387603,eta010_rho050_q64,3275.8,grants_received,5
paired_percent,1.257980691499377,3.024816423038632,0.5088550400398779,eta010_rho050_q64_minus_eta000_rho100_q64,1.7668357315392549,grants_received,5
arm_mean,433.9312796612397,3709.73127966124,2841.8687203387603,eta010_rho050_q64,3275.8,grants_sent,5
paired_percent,1.257980691499377,3.024816423038632,0.5088550400398779,eta010_rho050_q64_minus_eta000_rho100_q64,1.7668357315392549,grants_sent,5
arm_mean,18.907516401695798,261.7218268704745,223.90679406708293,eta010_rho050_q64,242.81431046877873,gt_1MB_fct_us_mean,5
paired_percent,1.009619076097564,1.8478953238978815,-0.17134282829724667,eta010_rho050_q64_minus_eta000_rho100_q64,0.8382762478003174,gt_1MB_fct_us_mean,5
arm_mean,57.08674456409456,479.8550545640945,365.6815654359054,eta010_rho050_q64,422.76830999999993,gt_1MB_fct_us_p95,5
paired_percent,6.299543091931293,8.523061807819012,-4.076024376043573,eta010_rho050_q64_minus_eta000_rho100_q64,2.22351871588772,gt_1MB_fct_us_p95,5
arm_mean,79.17650498175682,581.6310529817567,423.27804301824307,eta010_rho050_q64,502.4545479999999,gt_1MB_fct_us_p99,5
paired_percent,4.51555343987162,3.344515389872186,-5.686591489871054,eta010_rho050_q64_minus_eta000_rho100_q64,-1.1710380499994337,gt_1MB_fct_us_p99,5
arm_mean,14.384022275122689,92.58402227512269,63.815977724877314,eta010_rho050_q64,78.2,gt_1MB_flow_count,5
paired_percent,0.0,0.0,0.0,eta010_rho050_q64_minus_eta000_rho100_q64,0.0,gt_1MB_flow_count,5
arm_mean,0.12157355873400842,1.9165268813188774,1.6733797638508607,eta010_rho050_q64,1.794953322584869,gt_1MB_slowdown_mean,5
paired_percent,1.0139760463191612,1.9181618468271573,-0.10979024581116492,eta010_rho050_q64_minus_eta000_rho100_q64,0.9041858005079962,gt_1MB_slowdown_mean,5
arm_mean,0.4750431360550966,3.4273124974511173,2.4772262253409245,eta010_rho050_q64,2.952269361396021,gt_1MB_slowdown_p95,5
paired_percent,3.3351758134165066,3.7557867720691043,-2.914564854763909,eta010_rho050_q64_minus_eta000_rho100_q64,0.4206109586525975,gt_1MB_slowdown_p95,5
arm_mean,0.5042187648525505,3.9768814108154635,2.9684438811103626,eta010_rho050_q64,3.472662645962913,gt_1MB_slowdown_p99,5
paired_percent,2.809766126627992,2.103545476509868,-3.5159867767461157,eta010_rho050_q64_minus_eta000_rho100_q64,-0.706220650118124,gt_1MB_slowdown_p99,5
arm_mean,0.0,8.0,8.0,eta010_rho050_q64,8.0,guard_ack_interval_packets,5
paired_percent,0.0,0.0,0.0,eta010_rho050_q64_minus_eta000_rho100_q64,0.0,guard_ack_interval_packets,5
arm_mean,0.0,0.0,0.0,eta010_rho050_q64,0.0,guard_adaptive_grant_updates,5
arm_mean,0.0,1.0,1.0,eta010_rho050_q64,1.0,guard_fixed_window,5
paired_percent,0.0,0.0,0.0,eta010_rho050_q64_minus_eta000_rho100_q64,0.0,guard_fixed_window,5
arm_mean,0.0,1.0,1.0,eta010_rho050_q64,1.0,guard_grant_refresh_bdps,5
paired_percent,0.0,0.0,0.0,eta010_rho050_q64_minus_eta000_rho100_q64,0.0,guard_grant_refresh_bdps,5
arm_mean,17157.106824427516,182157.70682442753,147843.49317557248,eta010_rho050_q64,165000.6,guard_long_acks_suppressed,5
paired_percent,0.0,0.0,0.0,eta010_rho050_q64_minus_eta000_rho100_q64,0.0,guard_long_acks_suppressed,5
arm_mean,0.0,0.1,0.1,eta010_rho050_q64,0.1,guard_min_share_fraction,5
arm_mean,1476.4237578995587,54316.82375789956,51363.97624210044,eta010_rho050_q64,52840.4,guard_one_rtt_acks_suppressed,5
paired_percent,0.0,0.0,0.0,eta010_rho050_q64_minus_eta000_rho100_q64,0.0,guard_one_rtt_acks_suppressed,5
arm_mean,0.0,1.0,1.0,eta010_rho050_q64,1.0,guard_one_rtt_bypass_enabled,5
paired_percent,0.0,0.0,0.0,eta010_rho050_q64_minus_eta000_rho100_q64,0.0,guard_one_rtt_bypass_enabled,5
arm_mean,64.44463426207012,5845.044634262071,5716.15536573793,eta010_rho050_q64,5780.6,guard_one_rtt_bypass_feedbacks,5
paired_percent,0.0,0.0,0.0,eta010_rho050_q64_minus_eta000_rho100_q64,0.0,guard_one_rtt_bypass_feedbacks,5
arm_mean,64.44463426207012,5845.044634262071,5716.15536573793,eta010_rho050_q64,5780.6,guard_one_rtt_bypass_flows,5
paired_percent,0.0,0.0,0.0,eta010_rho050_q64_minus_eta000_rho100_q64,0.0,guard_one_rtt_bypass_flows,5
arm_mean,0.0,0.0,0.0,eta010_rho050_q64,0.0,guard_rebalance_events,5
arm_mean,0.0,1.0,1.0,eta010_rho050_q64,1.0,guard_remaining_aware,5
paired_percent,0.0,0.0,0.0,eta010_rho050_q64_minus_eta000_rho100_q64,0.0,guard_remaining_aware,5
arm_mean,0.0,0.5,0.5,eta010_rho050_q64,0.5,guard_remaining_exponent,5
paired_percent,0.0,-50.0,-50.0,eta010_rho050_q64_minus_eta000_rho100_q64,-50.0,guard_remaining_exponent,5
arm_mean,240.45264940617656,2391.6526494061764,1910.7473505938233,eta010_rho050_q64,2151.2,guard_remaining_refresh_events,5
paired_percent,0.07449270102345015,0.07206701194029844,-0.07691839010660187,eta010_rho050_q64_minus_eta000_rho100_q64,-0.002425689083151719,guard_remaining_refresh_events,5
arm_mean,0.0,1.0,1.0,eta010_rho050_q64,1.0,guard_sender_srpt_enabled,5
paired_percent,0.0,0.0,0.0,eta010_rho050_q64_minus_eta000_rho100_q64,0.0,guard_sender_srpt_enabled,5
arm_mean,15.36857042849131,122.56857042849131,91.83142957150869,eta010_rho050_q64,107.2,guard_sender_srpt_forced_rr,5
paired_percent,6.033699529089119,5.591938754113803,-6.475460304064434,eta010_rho050_q64_minus_eta000_rho100_q64,-0.44176077497531496,guard_sender_srpt_forced_rr,5
arm_mean,5812.108045112613,40005.30804511261,28381.091954887386,eta010_rho050_q64,34193.2,guard_sender_srpt_non_rr,5
paired_percent,1.597350879252528,2.4871401626792013,-0.7075615958258547,eta010_rho050_q64_minus_eta000_rho100_q64,0.8897892834266733,guard_sender_srpt_non_rr,5
arm_mean,18670.81953665243,266393.21953665244,229051.58046334755,eta010_rho050_q64,247722.4,guard_sender_srpt_selections,5
paired_percent,0.0,0.0,0.0,eta010_rho050_q64_minus_eta000_rho100_q64,0.0,guard_sender_srpt_selections,5
arm_mean,0.0,64.0,64.0,eta010_rho050_q64,64.0,guard_srpt_quantum_packets,5
paired_percent,0.0,0.0,0.0,eta010_rho050_q64_minus_eta000_rho100_q64,0.0,guard_srpt_quantum_packets,5
arm_mean,0.0,8.0,8.0,eta010_rho050_q64,8.0,guard_tail_bypass_bdps,5
paired_percent,0.0,0.0,0.0,eta010_rho050_q64_minus_eta000_rho100_q64,0.0,guard_tail_bypass_bdps,5
arm_mean,0.0,1.0,1.0,eta010_rho050_q64,1.0,guard_tail_bypass_enabled,5
paired_percent,0.0,0.0,0.0,eta010_rho050_q64_minus_eta000_rho100_q64,0.0,guard_tail_bypass_enabled,5
arm_mean,1056.3345086542347,15336.734508654234,13224.065491345766,eta010_rho050_q64,14280.4,guard_tail_bypass_feedbacks,5
paired_percent,0.02576190877773794,0.031165807024981354,-0.020358010530494526,eta010_rho050_q64_minus_eta000_rho100_q64,0.005403898247243416,guard_tail_bypass_feedbacks,5
arm_mean,11.594775161371766,364.7947751613718,341.6052248386282,eta010_rho050_q64,353.2,guard_tail_bypass_flows,5
paired_percent,0.0,0.0,0.0,eta010_rho050_q64_minus_eta000_rho100_q64,0.0,guard_tail_bypass_flows,5
arm_mean,22.579856963735942,51.77985696373594,6.620143036264057,eta010_rho050_q64,29.2,hpcc_actual_rate_changes,5
paired_percent,12.756561754502183,21.54820489397141,-3.964918615032957,eta010_rho050_q64_minus_eta000_rho100_q64,8.791643139469226,hpcc_actual_rate_changes,5
arm_mean,0.0,0.0,0.0,eta010_rho050_q64,0.0,hpcc_fast_computations,5
arm_mean,300.08555442611777,1926.6855544261177,1326.514445573882,eta010_rho050_q64,1626.6,hpcc_feedback_updates,5
paired_percent,0.8988811969502881,0.36488015789034534,-1.432882236010231,eta010_rho050_q64_minus_eta000_rho100_q64,-0.5340010390599428,hpcc_feedback_updates,5
arm_mean,110.98489859389129,511.9848985938913,290.0151014061087,eta010_rho050_q64,401.0,hpcc_full_computations,5
paired_percent,1.6504564267222952,-0.26216323587605195,-3.563076089320642,eta010_rho050_q64_minus_eta000_rho100_q64,-1.9126196625983471,hpcc_full_computations,5
arm_mean,110.98489859389129,511.9848985938913,290.0151014061087,eta010_rho050_q64,401.0,hpcc_rate_updates_applied,5
paired_percent,1.6504564267222952,-0.26216323587605195,-3.563076089320642,eta010_rho050_q64_minus_eta000_rho100_q64,-1.9126196625983471,hpcc_rate_updates_applied,5
arm_mean,122.02278820708617,577.8227882070862,333.7772117929138,eta010_rho050_q64,455.8,hpcc_valid_feedback,5
paired_percent,1.4558467852960035,-0.2318140391507395,-3.1435076097427466,eta010_rho050_q64_minus_eta000_rho100_q64,-1.687660824446743,hpcc_valid_feedback,5
arm_mean,3554.656981149596,36714.656981149594,29605.343018850403,eta010_rho050_q64,33160.0,int_hops_after_strip,5
paired_percent,0.0,0.0,0.0,eta010_rho050_q64_minus_eta000_rho100_q64,0.0,int_hops_after_strip,5
arm_mean,5912.7180827122875,68954.11808271229,57128.681917287715,eta010_rho050_q64,63041.4,int_hops_before_strip,5
paired_percent,0.0,0.0,0.0,eta010_rho050_q64_minus_eta000_rho100_q64,0.0,int_hops_before_strip,5
arm_mean,2410.3344192357417,32291.73441923574,27471.06558076426,eta010_rho050_q64,29881.4,int_records_stripped,5
paired_percent,0.0,0.0,0.0,eta010_rho050_q64_minus_eta000_rho100_q64,0.0,int_records_stripped,5
arm_mean,0.0,0.0,0.0,eta010_rho050_q64,0.0,irn_nacks_generated,5
arm_mean,0.0,0.0,0.0,eta010_rho050_q64,0.0,irn_nacks_received,5
arm_mean,0.0,0.0,0.0,eta010_rho050_q64,0.0,irn_retransmit_bytes,5
arm_mean,0.0,0.0,0.0,eta010_rho050_q64,0.0,irn_retransmit_packets,5
arm_mean,0.03262397324439401,7.044486313967641,6.979238367478854,eta010_rho050_q64,7.011862340723248,le_8KB_fct_us_mean,5
paired_percent,0.008141234241515027,0.009546467609358773,-0.006736000873671282,eta010_rho050_q64_minus_eta000_rho100_q64,0.0014052333678437451,le_8KB_fct_us_mean,5
arm_mean,0.0105723879810368,9.137072387981037,9.115927612018963,eta010_rho050_q64,9.1265,le_8KB_fct_us_p95,5
paired_percent,0.07691994017335302,0.09020796221263651,-0.06363191813406953,eta010_rho050_q64_minus_eta000_rho100_q64,0.013288022039283484,le_8KB_fct_us_p95,5
arm_mean,0.03935977635537666,9.436859776355378,9.358140223644623,eta010_rho050_q64,9.3975,le_8KB_fct_us_p99,5
paired_percent,0.08562279338444054,-0.012661834964392507,-0.18390742173327357,eta010_rho050_q64_minus_eta000_rho100_q64,-0.09828462834883304,le_8KB_fct_us_p99,5
arm_mean,37.86973417416308,4314.0697341741625,4238.330265825837,eta010_rho050_q64,4276.2,le_8KB_flow_count,5
paired_percent,0.0,0.0,0.0,eta010_rho050_q64_minus_eta000_rho100_q64,0.0,le_8KB_flow_count,5
arm_mean,0.00042206588211116114,1.0110466277499741,1.0102024959857516,eta010_rho050_q64,1.0106245618678629,le_8KB_slowdown_mean,5
paired_percent,0.010059184206962049,0.012281099953233917,-0.00783726846069018,eta010_rho050_q64_minus_eta000_rho100_q64,0.0022219157462718686,le_8KB_slowdown_mean,5
arm_mean,0.0009930315632389426,1.0402651972688564,1.0382791341423785,eta010_rho050_q64,1.0392721657056174,le_8KB_slowdown_p95,5
paired_percent,0.06117321476451598,0.06000829710111521,-0.062338132427916755,eta010_rho050_q64_minus_eta000_rho100_q64,-0.0011649176634007709,le_8KB_slowdown_p95,5
arm_mean,0.004588828718661205,1.0838637708376195,1.074686113400297,eta010_rho050_q64,1.0792749421189582,le_8KB_slowdown_p99,5
paired_percent,0.17155928059670453,0.23157513206210045,-0.1115434291313086,eta010_rho050_q64_minus_eta000_rho100_q64,0.06001585146539592,le_8KB_slowdown_p99,5
arm_mean,0.12030756174048925,1.8963919918841818,1.6557768684032035,eta010_rho050_q64,1.7760844301436927,long_to_small_slowdown_mean_ratio,5
paired_percent,1.0052118560457166,1.9071106426968767,-0.10331306939455653,eta010_rho050_q64_minus_eta000_rho100_q64,0.9018987866511601,long_to_small_slowdown_mean_ratio,5
arm_mean,1.0388506336835697,4.8388506336835695,2.76114936631643,eta010_rho050_q64,3.8,max_active_flows,5
paired_percent,20.170406059742263,31.837072726408927,-8.503739393075596,eta010_rho050_q64_minus_eta000_rho100_q64,11.666666666666666,max_active_flows,5
arm_mean,0.6565202727803698,12.545491143439865,11.232450597879126,eta010_rho050_q64,11.888970870659495,overall_fct_us_mean,5
paired_percent,0.43318753630722473,0.9385045688157416,0.07212949620129216,eta010_rho050_q64_minus_eta000_rho100_q64,0.5053170325085169,overall_fct_us_mean,5
arm_mean,0.6513895848874185,16.895579584887408,15.59280041511257,eta010_rho050_q64,16.24418999999999,overall_fct_us_p95,5
paired_percent,0.5907210151133233,0.9044372691077952,-0.2770047611188514,eta010_rho050_q64_minus_eta000_rho100_q64,0.3137162539944719,overall_fct_us_p95,5
arm_mean,19.368898613064882,192.93423661306443,154.19643938693466,eta010_rho050_q64,173.56533799999954,overall_fct_us_p99,5
paired_percent,3.4356831581345797,5.564971749766898,-1.3063945665022612,eta010_rho050_q64_minus_eta000_rho100_q64,2.1292885916323185,overall_fct_us_p99,5
arm_mean,54.09011039564431,6187.890110395644,6079.709889604356,eta010_rho050_q64,6133.8,overall_flow_count,5
paired_percent,0.0,0.0,0.0,eta010_rho050_q64_minus_eta000_rho100_q64,0.0,overall_flow_count,5
arm_mean,0.002799073280605144,1.0423669992250562,1.0367688526638459,eta010_rho050_q64,1.039567925944451,overall_slowdown_mean,5
paired_percent,0.061927673837065704,0.17436336625492735,0.050508018580795934,eta010_rho050_q64_minus_eta000_rho100_q64,0.11243569241786164,overall_slowdown_mean,5
arm_mean,0.009280903395273848,1.1575282498376684,1.1389664430471207,eta010_rho050_q64,1.1482473464423946,overall_slowdown_p95,5
paired_percent,0.20110362313554683,0.39294236770081853,-0.009264878570275137,eta010_rho050_q64_minus_eta000_rho100_q64,0.1918387445652717,overall_slowdown_p95,5
arm_mean,0.07795311528140143,1.7585125932700736,1.6026063627072706,eta010_rho050_q64,1.6805594779886721,overall_slowdown_p99,5
paired_percent,1.548440550630387,3.476963089037901,0.3800819877771269,eta010_rho050_q64_minus_eta000_rho100_q64,1.928522538407514,overall_slowdown_p99,5
arm_mean,0.0,0.0,0.0,eta010_rho050_q64,0.0,pfc_pause_events,5
arm_mean,0.0,0.0,0.0,eta010_rho050_q64,0.0,pfc_resume_events,5
arm_mean,11.594775161371766,364.7947751613718,341.6052248386282,eta010_rho050_q64,353.2,proactive_releases,5
paired_percent,0.0,0.0,0.0,eta010_rho050_q64_minus_eta000_rho100_q64,0.0,proactive_releases,5
arm_mean,56778.85096717543,325669.85096717544,212112.14903282456,eta010_rho050_q64,268891.0,queue_bytes_max,5
paired_percent,2.45024891636313,0.7593286172250844,-4.141169215501176,eta010_rho050_q64_minus_eta000_rho100_q64,-1.6909202991380456,queue_bytes_max,5
arm_mean,334.6070238747774,2889.5590238747777,2220.3449761252227,eta010_rho050_q64,2554.952,queue_bytes_mean,5
paired_percent,2.755837934232472,8.117316668252354,2.6056407997874103,eta010_rho050_q64_minus_eta000_rho100_q64,5.361478734019882,queue_bytes_mean,5
arm_mean,1764.63564533249,10266.63564533249,6737.36435466751,eta010_rho050_q64,8502.0,queue_bytes_p95,5
paired_percent,7.235297240839941,16.642837790983357,2.172243309303475,eta010_rho050_q64_minus_eta000_rho100_q64,9.407540550143416,queue_bytes_p95,5
arm_mean,11316.373011419559,89754.97301141957,67122.22698858044,eta010_rho050_q64,78438.6,queue_bytes_p99,5
paired_percent,3.1549101901181698,5.207554196854625,-1.102266183381715,eta010_rho050_q64_minus_eta000_rho100_q64,2.052644006736455,queue_bytes_p99,5
arm_mean,0.0,160000.0,160000.0,eta010_rho050_q64,160000.0,queue_sample_count,5
paired_percent,0.0,0.0,0.0,eta010_rho050_q64_minus_eta000_rho100_q64,0.0,queue_sample_count,5
arm_mean,19.427181416504474,45.82718141650447,6.972818583495524,eta010_rho050_q64,26.4,reactive_binding_rate_changes,5
paired_percent,12.89393344218798,20.19552074377528,-5.592346140600678,eta010_rho050_q64_minus_eta000_rho100_q64,7.301587301587301,reactive_binding_rate_changes,5
arm_mean,19.427181416504474,45.82718141650447,6.972818583495524,eta010_rho050_q64,26.4,reactive_binding_updates,5
paired_percent,12.89393344218798,20.19552074377528,-5.592346140600678,eta010_rho050_q64_minus_eta000_rho100_q64,7.301587301587301,reactive_binding_updates,5
arm_mean,0.0,0.0,0.0,eta010_rho050_q64,0.0,recovery_nacks_generated,5
arm_mean,0.0,0.0,0.0,eta010_rho050_q64,0.0,recovery_nacks_received,5
arm_mean,11.594775161371766,364.7947751613718,341.6052248386282,eta010_rho050_q64,353.2,registrations,5
paired_percent,0.0,0.0,0.0,eta010_rho050_q64_minus_eta000_rho100_q64,0.0,registrations,5
arm_mean,11.594775161371766,364.7947751613718,341.6052248386282,eta010_rho050_q64,353.2,selected_registrations,5
paired_percent,0.0,0.0,0.0,eta010_rho050_q64_minus_eta000_rho100_q64,0.0,selected_registrations,5
arm_mean,3.3547913849266617,5.954791384926661,-0.7547913849266616,eta010_rho050_q64,2.6,tie_binding_rate_changes,5
arm_mean,71.79889189330517,327.99889189330514,184.40110810669483,eta010_rho050_q64,256.2,tie_binding_updates,5
paired_percent,2.329000014922683,-2.1468397843782774,-6.804839814223643,eta010_rho050_q64_minus_eta000_rho100_q64,-4.47583979930096,tie_binding_updates,5
arm_mean,0.0,0.0,0.0,eta010_rho050_q64,0.0,timeout_recoveries,5
arm_mean,3.2509973596750177,51.49499513867851,44.993000419328474,eta020_rho100_q64,48.24399777900349,1BDP_to_1MB_fct_us_mean,5
paired_percent,0.24649249807741153,0.7660995639325676,0.2731145677777445,eta020_rho100_q64_minus_eta000_rho100_q64,0.519607065855156,1BDP_to_1MB_fct_us_mean,5
arm_mean,14.124138889809675,147.95191888980966,119.70364111019032,eta020_rho100_q64,133.82778,1BDP_to_1MB_fct_us_p95,5
paired_percent,2.3473359587064544,3.4078074920659995,-1.2868644253469093,eta020_rho100_q64_minus_eta000_rho100_q64,1.0604715333595451,1BDP_to_1MB_fct_us_p95,5
arm_mean,26.582516950532444,223.82734095053266,170.66230704946778,eta020_rho100_q64,197.24482400000022,1BDP_to_1MB_fct_us_p99,5
paired_percent,1.2170871180817364,2.0579579440924873,-0.3762162920709855,eta020_rho100_q64_minus_eta000_rho100_q64,0.8408708260107509,1BDP_to_1MB_fct_us_p99,5
arm_mean,6.019189553771424,197.0191895537714,184.9808104462286,eta020_rho100_q64,191.0,1BDP_to_1MB_flow_count,5
paired_percent,0.0,0.0,0.0,eta020_rho100_q64_minus_eta000_rho100_q64,0.0,1BDP_to_1MB_flow_count,5
arm_mean,0.027803419206502478,1.3364718942755731,1.2808650558625683,eta020_rho100_q64,1.3086684750690707,1BDP_to_1MB_slowdown_mean,5
paired_percent,0.29173259628802334,0.7819222510254337,0.198457058449387,eta020_rho100_q64_minus_eta000_rho100_q64,0.49018965473741033,1BDP_to_1MB_slowdown_mean,5
arm_mean,0.17357285067233447,2.149273814828714,1.802128113484045,eta020_rho100_q64,1.9757009641563794,1BDP_to_1MB_slowdown_p95,5
paired_percent,1.039180135907144,1.3209542519675281,-0.7574060198467597,eta020_rho100_q64_minus_eta000_rho100_q64,0.28177411606038427,1BDP_to_1MB_slowdown_p95,5
arm_mean,0.27210362692194695,2.8537919263673235,2.30958467252343,eta020_rho100_q64,2.5816882994453767,1BDP_to_1MB_slowdown_p99,5
paired_percent,1.0331195541180678,2.192345283300829,0.12610617506469346,eta020_rho100_q64_minus_eta000_rho100_q64,1.1592257291827612,1BDP_to_1MB_slowdown_p99,5
arm_mean,0.13002300839246367,9.299876159543398,9.039830142758472,eta020_rho100_q64,9.169853151150935,8KB_to_1BDP_fct_us_mean,5
paired_percent,0.04483368772436559,0.0678378031840419,-0.02182957226468929,eta020_rho100_q64_minus_eta000_rho100_q64,0.023004115459676303,8KB_to_1BDP_fct_us_mean,5
arm_mean,0.606768123997776,15.783418123997777,14.569881876002224,eta020_rho100_q64,15.17665,8KB_to_1BDP_fct_us_p95,5
paired_percent,0.4823381341868794,0.8419493062832902,-0.12272696209046852,eta020_rho100_q64_minus_eta000_rho100_q64,0.35961117209641086,8KB_to_1BDP_fct_us_p95,5
arm_mean,0.4329625086712592,18.737626508671255,17.871701491328736,eta020_rho100_q64,18.304663999999995,8KB_to_1BDP_fct_us_p99,5
paired_percent,0.3951099802267047,0.20711211425079795,-0.5831078462026114,eta020_rho100_q64_minus_eta000_rho100_q64,-0.18799786597590673,8KB_to_1BDP_fct_us_p99,5
arm_mean,49.864830416811344,1638.2648304168115,1538.5351695831887,eta020_rho100_q64,1588.4,8KB_to_1BDP_flow_count,5
paired_percent,0.0,0.0,0.0,eta020_rho100_q64_minus_eta000_rho100_q64,0.0,8KB_to_1BDP_flow_count,5
arm_mean,0.002651852810876539,1.047818165103808,1.042514459482055,eta020_rho100_q64,1.0451663122929316,8KB_to_1BDP_slowdown_mean,5
paired_percent,0.039437920194896704,0.05424174664665381,-0.0246340937431396,eta020_rho100_q64_minus_eta000_rho100_q64,0.014803826451757101,8KB_to_1BDP_slowdown_mean,5
arm_mean,0.01820563024518244,1.2032715424492824,1.1668602819589173,eta020_rho100_q64,1.1850659122040998,8KB_to_1BDP_slowdown_p95,5
paired_percent,0.12835619743767956,0.14011119517254036,-0.11660119970281876,eta020_rho100_q64_minus_eta000_rho100_q64,0.011754997734860799,8KB_to_1BDP_slowdown_p95,5
arm_mean,0.03942529028497015,1.4240611777736072,1.345210597203667,eta020_rho100_q64,1.384635887488637,8KB_to_1BDP_slowdown_p99,5
paired_percent,1.0363875806006222,1.7462503456673875,-0.3265248155338568,eta020_rho100_q64_minus_eta000_rho100_q64,0.7098627650667654,8KB_to_1BDP_slowdown_p99,5
arm_mean,14.507170132055622,207.4284386752194,178.41409841110817,eta020_rho100_q64,192.9212685431638,aggregate_goodput_gbps,5
paired_percent,0.02048566917813782,0.018241285225188367,-0.02273005313108727,eta020_rho100_q64_minus_eta000_rho100_q64,-0.0022443839529494515,aggregate_goodput_gbps,5
arm_mean,0.0,0.0,0.0,eta020_rho100_q64,0.0,completion_releases,5
arm_mean,64.0354058140096,10209.30760581401,10081.236794185992,eta020_rho100_q64,10145.272200000001,completion_span_us,5
paired_percent,0.020489883872182216,0.02273649631586584,-0.018243271428498593,eta020_rho100_q64_minus_eta000_rho100_q64,0.002246612443683622,completion_span_us,5
arm_mean,0.5552890210395597,0.7552890210395597,-0.35528902103955967,eta020_rho100_q64,0.2,grant_binding_rate_changes,5
arm_mean,89.5144158750752,213.1144158750752,34.08558412492479,eta020_rho100_q64,123.6,grant_binding_updates,5
paired_percent,5.4323708686287455,9.84189420923807,-1.0228475280194216,eta020_rho100_q64_minus_eta000_rho100_q64,4.409523340609324,grant_binding_updates,5
arm_mean,38258.63700752507,342743.43700752506,266226.1629924749,eta020_rho100_q64,304484.8,grant_bytes_sent,5
paired_percent,0.5076799097006455,1.175556424542811,0.16019660514152012,eta020_rho100_q64_minus_eta000_rho100_q64,0.6678765148421656,grant_bytes_sent,5
arm_mean,448.97048973528393,1722.170489735284,824.229510264716,eta020_rho100_q64,1273.2,grant_event_rate_changes,5
paired_percent,1.950529718647567,4.669378873051848,0.768319435756714,eta020_rho100_q64_minus_eta000_rho100_q64,2.718849154404281,grant_event_rate_changes,5
arm_mean,407.00677667579856,3646.206776675798,2832.1932233242014,eta020_rho100_q64,3239.2,grants_received,5
paired_percent,0.5076799097006455,1.175556424542811,0.16019660514152012,eta020_rho100_q64_minus_eta000_rho100_q64,0.6678765148421656,grants_received,5
arm_mean,407.00677667579856,3646.206776675798,2832.1932233242014,eta020_rho100_q64,3239.2,grants_sent,5
paired_percent,0.5076799097006455,1.175556424542811,0.16019660514152012,eta020_rho100_q64_minus_eta000_rho100_q64,0.6678765148421656,grants_sent,5
arm_mean,18.07685785510608,259.6894428101409,223.53572709992875,eta020_rho100_q64,241.61258495503483,gt_1MB_fct_us_mean,5
paired_percent,0.6033689107173762,0.9532726276137635,-0.2534651938209889,eta020_rho100_q64_minus_eta000_rho100_q64,0.3499037168963873,gt_1MB_fct_us_mean,5
arm_mean,36.64018930813856,451.26262930813846,377.9822506918614,eta020_rho100_q64,414.6224399999999,gt_1MB_fct_us_p95,5
paired_percent,1.2776396339262963,1.6857944299884342,-0.8694848378641584,eta020_rho100_q64_minus_eta000_rho100_q64,0.40815479606213784,gt_1MB_fct_us_p95,5
arm_mean,89.81606258392061,596.0025505839205,416.37042541607934,eta020_rho100_q64,506.18648799999994,gt_1MB_fct_us_p99,5
paired_percent,3.3114925919599902,2.698285652094012,-3.9246995318259685,eta020_rho100_q64_minus_eta000_rho100_q64,-0.6132069398659784,gt_1MB_fct_us_p99,5
arm_mean,14.384022275122689,92.58402227512269,63.815977724877314,eta020_rho100_q64,78.2,gt_1MB_flow_count,5
paired_percent,0.0,0.0,0.0,eta020_rho100_q64_minus_eta000_rho100_q64,0.0,gt_1MB_flow_count,5
arm_mean,0.11568771674088968,1.900526506874753,1.6691510733929737,eta020_rho100_q64,1.7848387901338634,gt_1MB_slowdown_mean,5
paired_percent,0.5399136450489379,0.8838886656519046,-0.1959386244459712,eta020_rho100_q64_minus_eta000_rho100_q64,0.3439750206029667,gt_1MB_slowdown_mean,5
arm_mean,0.44086765167430825,3.3812643667357998,2.4995290633871834,eta020_rho100_q64,2.9403967150614916,gt_1MB_slowdown_p95,5
paired_percent,2.4232640474722524,2.504090697962992,-2.342437396981513,eta020_rho100_q64_minus_eta000_rho100_q64,0.08082665049073935,gt_1MB_slowdown_p95,5
arm_mean,0.4776988931727663,3.9397751264817193,2.984377340136187,eta020_rho100_q64,3.462076233308953,gt_1MB_slowdown_p99,5
paired_percent,2.3157523014865684,1.3550877400532697,-3.2764168629198673,eta020_rho100_q64_minus_eta000_rho100_q64,-0.9606645614332987,gt_1MB_slowdown_p99,5
arm_mean,0.0,8.0,8.0,eta020_rho100_q64,8.0,guard_ack_interval_packets,5
paired_percent,0.0,0.0,0.0,eta020_rho100_q64_minus_eta000_rho100_q64,0.0,guard_ack_interval_packets,5
arm_mean,0.0,0.0,0.0,eta020_rho100_q64,0.0,guard_adaptive_grant_updates,5
arm_mean,0.0,1.0,1.0,eta020_rho100_q64,1.0,guard_fixed_window,5
paired_percent,0.0,0.0,0.0,eta020_rho100_q64_minus_eta000_rho100_q64,0.0,guard_fixed_window,5
arm_mean,0.0,1.0,1.0,eta020_rho100_q64,1.0,guard_grant_refresh_bdps,5
paired_percent,0.0,0.0,0.0,eta020_rho100_q64_minus_eta000_rho100_q64,0.0,guard_grant_refresh_bdps,5
arm_mean,17157.106824427516,182157.70682442753,147843.49317557248,eta020_rho100_q64,165000.6,guard_long_acks_suppressed,5
paired_percent,0.0,0.0,0.0,eta020_rho100_q64_minus_eta000_rho100_q64,0.0,guard_long_acks_suppressed,5
arm_mean,0.0,0.2,0.2,eta020_rho100_q64,0.2,guard_min_share_fraction,5
arm_mean,1476.4237578995587,54316.82375789956,51363.97624210044,eta020_rho100_q64,52840.4,guard_one_rtt_acks_suppressed,5
paired_percent,0.0,0.0,0.0,eta020_rho100_q64_minus_eta000_rho100_q64,0.0,guard_one_rtt_acks_suppressed,5
arm_mean,0.0,1.0,1.0,eta020_rho100_q64,1.0,guard_one_rtt_bypass_enabled,5
paired_percent,0.0,0.0,0.0,eta020_rho100_q64_minus_eta000_rho100_q64,0.0,guard_one_rtt_bypass_enabled,5
arm_mean,64.44463426207012,5845.044634262071,5716.15536573793,eta020_rho100_q64,5780.6,guard_one_rtt_bypass_feedbacks,5
paired_percent,0.0,0.0,0.0,eta020_rho100_q64_minus_eta000_rho100_q64,0.0,guard_one_rtt_bypass_feedbacks,5
arm_mean,64.44463426207012,5845.044634262071,5716.15536573793,eta020_rho100_q64,5780.6,guard_one_rtt_bypass_flows,5
paired_percent,0.0,0.0,0.0,eta020_rho100_q64_minus_eta000_rho100_q64,0.0,guard_one_rtt_bypass_flows,5
arm_mean,0.0,0.0,0.0,eta020_rho100_q64,0.0,guard_rebalance_events,5
arm_mean,0.0,1.0,1.0,eta020_rho100_q64,1.0,guard_remaining_aware,5
paired_percent,0.0,0.0,0.0,eta020_rho100_q64_minus_eta000_rho100_q64,0.0,guard_remaining_aware,5
arm_mean,0.0,1.0,1.0,eta020_rho100_q64,1.0,guard_remaining_exponent,5
paired_percent,0.0,0.0,0.0,eta020_rho100_q64_minus_eta000_rho100_q64,0.0,guard_remaining_exponent,5
arm_mean,239.3363319338642,2389.936331933864,1911.2636680661358,eta020_rho100_q64,2150.6,guard_remaining_refresh_events,5
paired_percent,0.061776812274354005,0.034340134916548866,-0.08921348963215914,eta020_rho100_q64_minus_eta000_rho100_q64,-0.02743667735780514,guard_remaining_refresh_events,5
arm_mean,0.0,1.0,1.0,eta020_rho100_q64,1.0,guard_sender_srpt_enabled,5
paired_percent,0.0,0.0,0.0,eta020_rho100_q64_minus_eta000_rho100_q64,0.0,guard_sender_srpt_enabled,5
arm_mean,10.874311539412155,116.07431153941215,94.32568846058786,eta020_rho100_q64,105.2,guard_sender_srpt_forced_rr,5
paired_percent,3.6243837480772685,1.5591111394898753,-5.689656356664662,eta020_rho100_q64_minus_eta000_rho100_q64,-2.065272608587393,guard_sender_srpt_forced_rr,5
arm_mean,5552.353636454537,39505.353636454536,28400.646363545464,eta020_rho100_q64,33953.0,guard_sender_srpt_non_rr,5
paired_percent,0.38721380760807705,0.607682306116841,-0.16674530909931307,eta020_rho100_q64_minus_eta000_rho100_q64,0.220468498508764,guard_sender_srpt_non_rr,5
arm_mean,18670.81953665243,266393.21953665244,229051.58046334755,eta020_rho100_q64,247722.4,guard_sender_srpt_selections,5
paired_percent,0.0,0.0,0.0,eta020_rho100_q64_minus_eta000_rho100_q64,0.0,guard_sender_srpt_selections,5
arm_mean,0.0,64.0,64.0,eta020_rho100_q64,64.0,guard_srpt_quantum_packets,5
paired_percent,0.0,0.0,0.0,eta020_rho100_q64_minus_eta000_rho100_q64,0.0,guard_srpt_quantum_packets,5
arm_mean,0.0,8.0,8.0,eta020_rho100_q64,8.0,guard_tail_bypass_bdps,5
paired_percent,0.0,0.0,0.0,eta020_rho100_q64_minus_eta000_rho100_q64,0.0,guard_tail_bypass_bdps,5
arm_mean,0.0,1.0,1.0,eta020_rho100_q64,1.0,guard_tail_bypass_enabled,5
paired_percent,0.0,0.0,0.0,eta020_rho100_q64_minus_eta000_rho100_q64,0.0,guard_tail_bypass_enabled,5
arm_mean,1055.670150269486,15336.870150269486,13225.529849730516,eta020_rho100_q64,14281.2,guard_tail_bypass_feedbacks,5
paired_percent,0.004656122371428641,0.015843624376952754,0.006531379634095472,eta020_rho100_q64_minus_eta000_rho100_q64,0.011187502005524113,guard_tail_bypass_feedbacks,5
arm_mean,11.594775161371766,364.7947751613718,341.6052248386282,eta020_rho100_q64,353.2,guard_tail_bypass_flows,5
paired_percent,0.0,0.0,0.0,eta020_rho100_q64_minus_eta000_rho100_q64,0.0,guard_tail_bypass_flows,5
arm_mean,21.99182892047347,51.19182892047347,7.2081710795265295,eta020_rho100_q64,29.2,hpcc_actual_rate_changes,5
paired_percent,12.704534301016826,21.958822422019132,-3.4502461800145223,eta020_rho100_q64_minus_eta000_rho100_q64,9.254288121002304,hpcc_actual_rate_changes,5
arm_mean,0.0,0.0,0.0,eta020_rho100_q64,0.0,hpcc_fast_computations,5
arm_mean,301.8553876427838,1938.255387642784,1334.5446123572162,eta020_rho100_q64,1636.4,hpcc_feedback_updates,5
paired_percent,0.7043376095479331,0.7661531781630236,-0.6425220409328426,eta020_rho100_q64_minus_eta000_rho100_q64,0.06181556861509052,hpcc_feedback_updates,5
arm_mean,119.9559243934228,528.5559243934229,288.6440756065772,eta020_rho100_q64,408.6,hpcc_full_computations,5
paired_percent,1.08607205015573,0.8002897741260016,-1.3718543261854583,eta020_rho100_q64_minus_eta000_rho100_q64,-0.28578227602972844,hpcc_full_computations,5
arm_mean,119.9559243934228,528.5559243934229,288.6440756065772,eta020_rho100_q64,408.6,hpcc_rate_updates_applied,5
paired_percent,1.08607205015573,0.8002897741260016,-1.3718543261854583,eta020_rho100_q64_minus_eta000_rho100_q64,-0.28578227602972844,hpcc_rate_updates_applied,5
arm_mean,130.98407621402706,594.384076214027,332.41592378597295,eta020_rho100_q64,463.4,hpcc_valid_feedback,5
paired_percent,0.9620876717560516,0.713508696682339,-1.2106666468297642,eta020_rho100_q64_minus_eta000_rho100_q64,-0.24857897507371263,hpcc_valid_feedback,5
arm_mean,3554.656981149596,36714.656981149594,29605.343018850403,eta020_rho100_q64,33160.0,int_hops_after_strip,5
paired_percent,0.0,0.0,0.0,eta020_rho100_q64_minus_eta000_rho100_q64,0.0,int_hops_after_strip,5
arm_mean,5912.7180827122875,68954.11808271229,57128.681917287715,eta020_rho100_q64,63041.4,int_hops_before_strip,5
paired_percent,0.0,0.0,0.0,eta020_rho100_q64_minus_eta000_rho100_q64,0.0,int_hops_before_strip,5
arm_mean,2410.3344192357417,32291.73441923574,27471.06558076426,eta020_rho100_q64,29881.4,int_records_stripped,5
paired_percent,0.0,0.0,0.0,eta020_rho100_q64_minus_eta000_rho100_q64,0.0,int_records_stripped,5
arm_mean,0.0,0.0,0.0,eta020_rho100_q64,0.0,irn_nacks_generated,5
arm_mean,0.0,0.0,0.0,eta020_rho100_q64,0.0,irn_nacks_received,5
arm_mean,0.0,0.0,0.0,eta020_rho100_q64,0.0,irn_retransmit_bytes,5
arm_mean,0.0,0.0,0.0,eta020_rho100_q64,0.0,irn_retransmit_packets,5
arm_mean,0.032289783897077214,7.044272863948194,6.979693296154039,eta020_rho100_q64,7.011983080051117,le_8KB_fct_us_mean,5
paired_percent,0.0084717015599583,0.011610357498618119,-0.005333045621298481,eta020_rho100_q64_minus_eta000_rho100_q64,0.0031386559386598185,le_8KB_fct_us_mean,5
arm_mean,0.012172155098886982,9.140192155098886,9.115847844901113,eta020_rho100_q64,9.12802,le_8KB_fct_us_p95,5
paired_percent,0.07894901287947109,0.10888353720053087,-0.049014488558411305,eta020_rho100_q64_minus_eta000_rho100_q64,0.029934524321059787,le_8KB_fct_us_p95,5
arm_mean,0.040835875512088046,9.453399875512087,9.371728124487912,eta020_rho100_q64,9.412564,le_8KB_fct_us_p99,5
paired_percent,0.17029528860940574,0.2321733727883074,-0.10841720443050405,eta020_rho100_q64_minus_eta000_rho100_q64,0.061878084178901685,le_8KB_fct_us_p99,5
arm_mean,37.86973417416308,4314.0697341741625,4238.330265825837,eta020_rho100_q64,4276.2,le_8KB_flow_count,5
paired_percent,0.0,0.0,0.0,eta020_rho100_q64_minus_eta000_rho100_q64,0.0,le_8KB_flow_count,5
arm_mean,0.0004129880761682819,1.0110528917933193,1.0102269156409827,eta020_rho100_q64,1.010639903717151,le_8KB_slowdown_mean,5
paired_percent,0.005308115577773727,0.009048124468054626,-0.0015681066874928275,eta020_rho100_q64_minus_eta000_rho100_q64,0.0037400088902808993,le_8KB_slowdown_mean,5
arm_mean,0.0008309347475567332,1.0402659529162581,1.0386040834211445,eta020_rho100_q64,1.0394350181687013,le_8KB_slowdown_p95,5
paired_percent,0.08180490485096695,0.0963244271050204,-0.0672853825969135,eta020_rho100_q64_minus_eta000_rho100_q64,0.014519522254053457,le_8KB_slowdown_p95,5
arm_mean,0.004659258700879063,1.084394806111905,1.0750762887101468,eta020_rho100_q64,1.079735547411026,le_8KB_slowdown_p99,5
paired_percent,0.13948383623748012,0.2421636604634727,-0.036804012011487544,eta020_rho100_q64_minus_eta000_rho100_q64,0.10267982422599257,le_8KB_slowdown_p99,5
arm_mean,0.11455207373795102,1.8806036082779387,1.6514994608020366,eta020_rho100_q64,1.7660515345399876,long_to_small_slowdown_mean_ratio,5
paired_percent,0.5374228970260619,0.8776383793131715,-0.19720741473895248,eta020_rho100_q64_minus_eta000_rho100_q64,0.34021548228710946,long_to_small_slowdown_mean_ratio,5
arm_mean,0.6800873806582569,4.080087380658257,2.719912619341743,eta020_rho100_q64,3.4,max_active_flows,5
paired_percent,0.0,0.0,0.0,eta020_rho100_q64_minus_eta000_rho100_q64,0.0,max_active_flows,5
arm_mean,0.6284014108837157,12.476897274500196,11.220094452732766,eta020_rho100_q64,11.848495863616481,overall_fct_us_mean,5
paired_percent,0.18484091787403573,0.3534338962238248,-0.016247939524246635,eta020_rho100_q64_minus_eta000_rho100_q64,0.1685929783497891,overall_fct_us_mean,5
arm_mean,0.60406785766508,16.822257857665075,15.614122142334917,eta020_rho100_q64,16.218189999999996,overall_fct_us_p95,5
paired_percent,0.2672384880943413,0.42538873018039103,-0.10908824600829162,eta020_rho100_q64_minus_eta000_rho100_q64,0.1581502420860497,overall_fct_us_p95,5
arm_mean,22.34849261616729,193.63485061616717,148.93786538383262,eta020_rho100_q64,171.2863579999999,overall_fct_us_p99,5
paired_percent,1.0128339597543818,1.6597808651557369,-0.36588705435302693,eta020_rho100_q64_minus_eta000_rho100_q64,0.6469469054013549,overall_fct_us_p99,5
arm_mean,54.09011039564431,6187.890110395644,6079.709889604356,eta020_rho100_q64,6133.8,overall_flow_count,5
paired_percent,0.0,0.0,0.0,eta020_rho100_q64_minus_eta000_rho100_q64,0.0,overall_flow_count,5
arm_mean,0.0022309593912395514,1.040980468502194,1.036518549719715,eta020_rho100_q64,1.0387495091109544,overall_slowdown_mean,5
paired_percent,0.01736796643284858,0.05104769456613835,0.016311761700441196,eta020_rho100_q64_minus_eta000_rho100_q64,0.033679728133289774,overall_slowdown_mean,5
arm_mean,0.008556035298353687,1.1551642562722955,1.1380521856755883,eta020_rho100_q64,1.1466082209739419,overall_slowdown_p95,5
paired_percent,0.0808204138923991,0.1297969783164737,-0.03184384946832453,eta020_rho100_q64_minus_eta000_rho100_q64,0.048976564424074574,overall_slowdown_p95,5
arm_mean,0.059614068481728365,1.7128521789837352,1.5936240420202785,eta020_rho100_q64,1.6532381105020069,overall_slowdown_p99,5
paired_percent,1.0999656608226565,1.3911897362959622,-0.8087415853493507,eta020_rho100_q64_minus_eta000_rho100_q64,0.2912240754733057,overall_slowdown_p99,5
arm_mean,0.0,0.0,0.0,eta020_rho100_q64,0.0,pfc_pause_events,5
arm_mean,0.0,0.0,0.0,eta020_rho100_q64,0.0,pfc_resume_events,5
arm_mean,11.594775161371766,364.7947751613718,341.6052248386282,eta020_rho100_q64,353.2,proactive_releases,5
paired_percent,0.0,0.0,0.0,eta020_rho100_q64_minus_eta000_rho100_q64,0.0,proactive_releases,5
arm_mean,58609.222990057126,330673.22299005714,213454.77700994286,eta020_rho100_q64,272064.0,queue_bytes_max,5
paired_percent,2.2394194464694808,1.658932501226908,-2.8199063917120535,eta020_rho100_q64_minus_eta000_rho100_q64,-0.5804869452425727,queue_bytes_max,5
arm_mean,327.5820329332082,2808.548232933208,2153.3841670667916,eta020_rho100_q64,2480.9662,queue_bytes_mean,5
paired_percent,0.9021059136139306,3.190636433214262,1.386424605986401,eta020_rho100_q64_minus_eta000_rho100_q64,2.2885305196003314,queue_bytes_mean,5
arm_mean,1543.1291069106794,9827.12910691068,6740.870893089321,eta020_rho100_q64,8284.0,queue_bytes_p95,5
paired_percent,8.410126223428936,15.317666773572352,-1.5025856732855196,eta020_rho100_q64_minus_eta000_rho100_q64,6.907540550143416,queue_bytes_p95,5
arm_mean,12090.159563732848,89916.15956373284,65735.84043626716,eta020_rho100_q64,77826.0,queue_bytes_p99,5
paired_percent,1.3811854160581793,2.5272120995727225,-0.23515873254363617,eta020_rho100_q64_minus_eta000_rho100_q64,1.1460266835145432,queue_bytes_p99,5
arm_mean,0.0,160000.0,160000.0,eta020_rho100_q64,160000.0,queue_sample_count,5
paired_percent,0.0,0.0,0.0,eta020_rho100_q64_minus_eta000_rho100_q64,0.0,queue_sample_count,5
arm_mean,18.633235894359405,44.433235894359406,7.1667641056405955,eta020_rho100_q64,25.8,reactive_binding_rate_changes,5
paired_percent,7.8298269749350915,12.55806170316982,-3.1015922467003634,eta020_rho100_q64_minus_eta000_rho100_q64,4.728234728234728,reactive_binding_rate_changes,5
arm_mean,18.633235894359405,44.433235894359406,7.1667641056405955,eta020_rho100_q64,25.8,reactive_binding_updates,5
paired_percent,7.8298269749350915,12.55806170316982,-3.1015922467003634,eta020_rho100_q64_minus_eta000_rho100_q64,4.728234728234728,reactive_binding_updates,5
arm_mean,0.0,0.0,0.0,eta020_rho100_q64,0.0,recovery_nacks_generated,5
arm_mean,0.0,0.0,0.0,eta020_rho100_q64,0.0,recovery_nacks_received,5
arm_mean,11.594775161371766,364.7947751613718,341.6052248386282,eta020_rho100_q64,353.2,registrations,5
paired_percent,0.0,0.0,0.0,eta020_rho100_q64_minus_eta000_rho100_q64,0.0,registrations,5
arm_mean,11.594775161371766,364.7947751613718,341.6052248386282,eta020_rho100_q64,353.2,selected_registrations,5
paired_percent,0.0,0.0,0.0,eta020_rho100_q64_minus_eta000_rho100_q64,0.0,selected_registrations,5
arm_mean,3.662382628097132,6.862382628097132,-0.46238262809713193,eta020_rho100_q64,3.2,tie_binding_rate_changes,5
arm_mean,68.71014500958333,327.9101450095833,190.48985499041666,eta020_rho100_q64,259.2,tie_binding_updates,5
paired_percent,2.4702888248200505,-0.6537899091786499,-5.594367558818751,eta020_rho100_q64_minus_eta000_rho100_q64,-3.1240787339987004,tie_binding_updates,5
arm_mean,0.0,0.0,0.0,eta020_rho100_q64,0.0,timeout_recoveries,5
arm_mean,3.2465413595912582,51.839520239287275,45.346437520104764,eta020_rho075_q64,48.59297887969602,1BDP_to_1MB_fct_us_mean,5
paired_percent,0.30555535523158417,1.5544229597798163,0.9433122493166479,eta020_rho075_q64_minus_eta000_rho100_q64,1.248867604548232,1BDP_to_1MB_fct_us_mean,5
arm_mean,14.483927349675227,150.73288734967525,121.76503265032478,eta020_rho075_q64,136.24896,1BDP_to_1MB_fct_us_p95,5
paired_percent,4.340334285502655,7.248940535628848,-1.4317280353764614,eta020_rho075_q64_minus_eta000_rho100_q64,2.9086062501261933,1BDP_to_1MB_fct_us_p95,5
arm_mean,29.669101437838563,229.70924743783883,170.37104456216167,eta020_rho075_q64,200.04014600000025,1BDP_to_1MB_fct_us_p99,5
paired_percent,4.167914585754933,6.370121872202224,-1.9657072993076419,eta020_rho075_q64_minus_eta000_rho100_q64,2.2022072864472912,1BDP_to_1MB_fct_us_p99,5
arm_mean,6.019189553771424,197.0191895537714,184.9808104462286,eta020_rho075_q64,191.0,1BDP_to_1MB_flow_count,5
paired_percent,0.0,0.0,0.0,eta020_rho075_q64_minus_eta000_rho100_q64,0.0,1BDP_to_1MB_flow_count,5
arm_mean,0.026353702437623618,1.3450191487421501,1.2923117438669027,eta020_rho075_q64,1.3186654463045264,1BDP_to_1MB_slowdown_mean,5
paired_percent,0.2757823770980551,1.5349666116004501,0.9834018574043398,eta020_rho075_q64_minus_eta000_rho100_q64,1.259184234502395,1BDP_to_1MB_slowdown_mean,5
arm_mean,0.17020660729481368,2.17312268017399,1.8327094655843623,eta020_rho075_q64,2.002916072879176,1BDP_to_1MB_slowdown_p95,5
paired_percent,2.2181508071569027,3.903555696891887,-0.5327459174219182,eta020_rho075_q64_minus_eta000_rho100_q64,1.6854048897349845,1BDP_to_1MB_slowdown_p95,5
arm_mean,0.3309537120789609,2.991586258356504,2.3296788341985826,eta020_rho075_q64,2.6606325462775433,1BDP_to_1MB_slowdown_p99,5
paired_percent,3.681892819270952,7.854906256335638,0.49112061779373395,eta020_rho075_q64_minus_eta000_rho100_q64,4.173013437064686,1BDP_to_1MB_slowdown_p99,5
arm_mean,0.12647594353779473,9.297735182219522,9.044783295143933,eta020_rho075_q64,9.171259238681728,8KB_to_1BDP_fct_us_mean,5
paired_percent,0.04576987238199922,0.0843927701257845,-0.0071469746382139335,eta020_rho075_q64_minus_eta000_rho100_q64,0.03862289774378529,8KB_to_1BDP_fct_us_mean,5
arm_mean,0.6011413783183569,15.755911378318359,14.553628621681646,eta020_rho075_q64,15.154770000000003,8KB_to_1BDP_fct_us_p95,5
paired_percent,0.40382719673065703,0.6193069200554523,-0.1883474734058618,eta020_rho075_q64_minus_eta000_rho100_q64,0.21547972332479523,8KB_to_1BDP_fct_us_p95,5
arm_mean,0.4031003792223519,18.679106379222347,17.872905620777644,eta020_rho075_q64,18.276005999999995,8KB_to_1BDP_fct_us_p99,5
paired_percent,0.36106902255307916,0.01865096288596746,-0.7034870822201909,eta020_rho075_q64_minus_eta000_rho100_q64,-0.3424180596671117,8KB_to_1BDP_fct_us_p99,5
arm_mean,49.864830416811344,1638.2648304168115,1538.5351695831887,eta020_rho075_q64,1588.4,8KB_to_1BDP_flow_count,5
paired_percent,0.0,0.0,0.0,eta020_rho075_q64_minus_eta000_rho100_q64,0.0,8KB_to_1BDP_flow_count,5
arm_mean,0.002324161299163461,1.0477172752778223,1.0430689526794956,eta020_rho075_q64,1.045393113978659,8KB_to_1BDP_slowdown_mean,5
paired_percent,0.03730849600123484,0.07385405101106743,-0.0007629409914022486,eta020_rho075_q64_minus_eta000_rho100_q64,0.036545555009832593,8KB_to_1BDP_slowdown_mean,5
arm_mean,0.018244170316397492,1.204719323061679,1.168230982428884,eta020_rho075_q64,1.1864751527452815,8KB_to_1BDP_slowdown_p95,5
paired_percent,0.10658520587166226,0.23723939623276613,0.024068984489441614,eta020_rho075_q64_minus_eta000_rho100_q64,0.13065419036110387,8KB_to_1BDP_slowdown_p95,5
arm_mean,0.031733651007152586,1.406323171340385,1.3428558693260797,eta020_rho075_q64,1.3745895203332323,8KB_to_1BDP_slowdown_p99,5
paired_percent,1.2503018098452734,1.2381221437715586,-1.2624814759189882,eta020_rho075_q64_minus_eta000_rho100_q64,-0.012179666073714812,8KB_to_1BDP_slowdown_p99,5
arm_mean,14.488301703807926,207.41273642006715,178.43613301245128,eta020_rho075_q64,192.9244347162592,aggregate_goodput_gbps,5
paired_percent,0.03111412174018327,0.03089910359116857,-0.03132913988919797,eta020_rho075_q64_minus_eta000_rho100_q64,-0.00021501814901470225,aggregate_goodput_gbps,5
arm_mean,0.0,0.0,0.0,eta020_rho075_q64,0.0,completion_releases,5
arm_mean,64.13904376276963,10209.20584376277,10080.927756237232,eta020_rho075_q64,10145.0668,completion_span_us,5
paired_percent,0.031120066283210467,0.03134010925506894,-0.03090002331135199,eta020_rho075_q64_minus_eta000_rho100_q64,0.0002200429718584773,completion_span_us,5
arm_mean,0.0,0.0,0.0,eta020_rho075_q64,0.0,grant_binding_rate_changes,5
arm_mean,74.92493175656581,191.7249317565658,41.875068243434185,eta020_rho075_q64,116.8,grant_binding_updates,5
paired_percent,6.6412559180540685,7.899751896122972,-5.382759939985165,eta020_rho075_q64_minus_eta000_rho100_q64,1.2584959780689027,grant_binding_updates,5
arm_mean,38645.561410546594,344427.5614105466,267136.4385894534,eta020_rho075_q64,305782.0,grant_bytes_sent,5
paired_percent,0.641640566175036,1.7344920418699445,0.45121090951987264,eta020_rho075_q64_minus_eta000_rho100_q64,1.0928514756949086,grant_bytes_sent,5
arm_mean,452.76030990838854,1748.1603099083886,842.6396900916116,eta020_rho075_q64,1295.4,grant_event_rate_changes,5
paired_percent,1.691515720581378,6.245589773557359,2.862558332394603,eta020_rho075_q64_minus_eta000_rho100_q64,4.554074052975981,grant_event_rate_changes,5
arm_mean,411.12299372921905,3664.122993729219,2841.877006270781,eta020_rho075_q64,3253.0,grants_received,5
paired_percent,0.641640566175036,1.7344920418699445,0.45121090951987264,eta020_rho075_q64_minus_eta000_rho100_q64,1.0928514756949086,grants_received,5
arm_mean,411.12299372921905,3664.122993729219,2841.877006270781,eta020_rho075_q64,3253.0,grants_sent,5
paired_percent,0.641640566175036,1.7344920418699445,0.45121090951987264,eta020_rho075_q64_minus_eta000_rho100_q64,1.0928514756949086,grants_sent,5
arm_mean,18.243015232966265,260.32015103724956,223.83412057131702,eta020_rho075_q64,242.07713580428327,gt_1MB_fct_us_mean,5
paired_percent,0.7142228619189738,1.2551754847881287,-0.17327023904981886,eta020_rho075_q64_minus_eta000_rho100_q64,0.5409526228691549,gt_1MB_fct_us_mean,5
arm_mean,38.06663304450948,453.3807630445094,377.2474969554904,eta020_rho075_q64,415.3141299999999,gt_1MB_fct_us_p95,5
paired_percent,2.0504809623671374,2.619490551105252,-1.4814713736290226,eta020_rho075_q64_minus_eta000_rho100_q64,0.5690095887381148,gt_1MB_fct_us_p95,5
arm_mean,88.19589449627148,594.7514264962715,418.3596375037285,eta020_rho075_q64,506.55553199999997,gt_1MB_fct_us_p99,5
paired_percent,3.7446155809000192,3.2397816992524633,-4.249449462547575,eta020_rho075_q64_minus_eta000_rho100_q64,-0.5048338816475558,gt_1MB_fct_us_p99,5
arm_mean,14.384022275122689,92.58402227512269,63.815977724877314,eta020_rho075_q64,78.2,gt_1MB_flow_count,5
paired_percent,0.0,0.0,0.0,eta020_rho075_q64_minus_eta000_rho100_q64,0.0,gt_1MB_flow_count,5
arm_mean,0.11682670173791793,1.9060048987815013,1.6723514953056655,eta020_rho075_q64,1.7891781970435834,gt_1MB_slowdown_mean,5
paired_percent,0.6957921907314284,1.2824861541826902,-0.1090982272801666,eta020_rho075_q64_minus_eta000_rho100_q64,0.5866939634512618,gt_1MB_slowdown_mean,5
arm_mean,0.44297441582203523,3.3782947135438857,2.4923458818998157,eta020_rho075_q64,2.9353202977218507,gt_1MB_slowdown_p95,5
paired_percent,2.57090282371437,2.474877075161509,-2.666928572267231,eta020_rho075_q64_minus_eta000_rho100_q64,-0.09602574855286122,gt_1MB_slowdown_p95,5
arm_mean,0.49159624085453296,3.9597364803465425,2.976543998637476,eta020_rho075_q64,3.4681402394920093,gt_1MB_slowdown_p99,5
paired_percent,3.0452262324320327,2.2372093089152525,-3.853243155948813,eta020_rho075_q64_minus_eta000_rho100_q64,-0.8080169235167801,gt_1MB_slowdown_p99,5
arm_mean,0.0,8.0,8.0,eta020_rho075_q64,8.0,guard_ack_interval_packets,5
paired_percent,0.0,0.0,0.0,eta020_rho075_q64_minus_eta000_rho100_q64,0.0,guard_ack_interval_packets,5
arm_mean,0.0,0.0,0.0,eta020_rho075_q64,0.0,guard_adaptive_grant_updates,5
arm_mean,0.0,1.0,1.0,eta020_rho075_q64,1.0,guard_fixed_window,5
paired_percent,0.0,0.0,0.0,eta020_rho075_q64_minus_eta000_rho100_q64,0.0,guard_fixed_window,5
arm_mean,0.0,1.0,1.0,eta020_rho075_q64,1.0,guard_grant_refresh_bdps,5
paired_percent,0.0,0.0,0.0,eta020_rho075_q64_minus_eta000_rho100_q64,0.0,guard_grant_refresh_bdps,5
arm_mean,17157.106824427516,182157.70682442753,147843.49317557248,eta020_rho075_q64,165000.6,guard_long_acks_suppressed,5
paired_percent,0.0,0.0,0.0,eta020_rho075_q64_minus_eta000_rho100_q64,0.0,guard_long_acks_suppressed,5
arm_mean,0.0,0.2,0.2,eta020_rho075_q64,0.2,guard_min_share_fraction,5
arm_mean,1476.4237578995587,54316.82375789956,51363.97624210044,eta020_rho075_q64,52840.4,guard_one_rtt_acks_suppressed,5
paired_percent,0.0,0.0,0.0,eta020_rho075_q64_minus_eta000_rho100_q64,0.0,guard_one_rtt_acks_suppressed,5
arm_mean,0.0,1.0,1.0,eta020_rho075_q64,1.0,guard_one_rtt_bypass_enabled,5
paired_percent,0.0,0.0,0.0,eta020_rho075_q64_minus_eta000_rho100_q64,0.0,guard_one_rtt_bypass_enabled,5
arm_mean,64.44463426207012,5845.044634262071,5716.15536573793,eta020_rho075_q64,5780.6,guard_one_rtt_bypass_feedbacks,5
paired_percent,0.0,0.0,0.0,eta020_rho075_q64_minus_eta000_rho100_q64,0.0,guard_one_rtt_bypass_feedbacks,5
arm_mean,64.44463426207012,5845.044634262071,5716.15536573793,eta020_rho075_q64,5780.6,guard_one_rtt_bypass_flows,5
paired_percent,0.0,0.0,0.0,eta020_rho075_q64_minus_eta000_rho100_q64,0.0,guard_one_rtt_bypass_flows,5
arm_mean,0.0,0.0,0.0,eta020_rho075_q64,0.0,guard_rebalance_events,5
arm_mean,0.0,1.0,1.0,eta020_rho075_q64,1.0,guard_remaining_aware,5
paired_percent,0.0,0.0,0.0,eta020_rho075_q64_minus_eta000_rho100_q64,0.0,guard_remaining_aware,5
arm_mean,0.0,0.75,0.75,eta020_rho075_q64,0.75,guard_remaining_exponent,5
paired_percent,0.0,-25.0,-25.0,eta020_rho075_q64_minus_eta000_rho100_q64,-25.0,guard_remaining_exponent,5
arm_mean,239.49088249620218,2390.090882496202,1911.1091175037977,eta020_rho075_q64,2150.6,guard_remaining_refresh_events,5
paired_percent,0.03175567301671837,0.003959659001715816,-0.059551687031720923,eta020_rho075_q64_minus_eta000_rho100_q64,-0.027796014015002552,guard_remaining_refresh_events,5
arm_mean,0.0,1.0,1.0,eta020_rho075_q64,1.0,guard_sender_srpt_enabled,5
paired_percent,0.0,0.0,0.0,eta020_rho075_q64_minus_eta000_rho100_q64,0.0,guard_sender_srpt_enabled,5
arm_mean,14.4000908211218,121.40009082112181,92.59990917887819,eta020_rho075_q64,107.0,guard_sender_srpt_forced_rr,5
paired_percent,4.388907218223732,3.8036252257343794,-4.974189210713085,eta020_rho075_q64_minus_eta000_rho100_q64,-0.5852819924893528,guard_sender_srpt_forced_rr,5
arm_mean,5659.704901783082,39746.30490178308,28426.895098216915,eta020_rho075_q64,34086.6,guard_sender_srpt_non_rr,5
paired_percent,0.7712488833953822,1.3707389435384356,-0.17175882325232894,eta020_rho075_q64_minus_eta000_rho100_q64,0.5994900601430533,guard_sender_srpt_non_rr,5
arm_mean,18670.81953665243,266393.21953665244,229051.58046334755,eta020_rho075_q64,247722.4,guard_sender_srpt_selections,5
paired_percent,0.0,0.0,0.0,eta020_rho075_q64_minus_eta000_rho100_q64,0.0,guard_sender_srpt_selections,5
arm_mean,0.0,64.0,64.0,eta020_rho075_q64,64.0,guard_srpt_quantum_packets,5
paired_percent,0.0,0.0,0.0,eta020_rho075_q64_minus_eta000_rho100_q64,0.0,guard_srpt_quantum_packets,5
arm_mean,0.0,8.0,8.0,eta020_rho075_q64,8.0,guard_tail_bypass_bdps,5
paired_percent,0.0,0.0,0.0,eta020_rho075_q64_minus_eta000_rho100_q64,0.0,guard_tail_bypass_bdps,5
arm_mean,0.0,1.0,1.0,eta020_rho075_q64,1.0,guard_tail_bypass_enabled,5
paired_percent,0.0,0.0,0.0,eta020_rho075_q64_minus_eta000_rho100_q64,0.0,guard_tail_bypass_enabled,5
arm_mean,1057.628956598536,15338.828956598536,13223.571043401465,eta020_rho075_q64,14281.2,guard_tail_bypass_feedbacks,5
paired_percent,0.020643935909171587,0.03130289951519738,-0.009984972303145798,eta020_rho075_q64_minus_eta000_rho100_q64,0.010658963606025789,guard_tail_bypass_feedbacks,5
arm_mean,11.594775161371766,364.7947751613718,341.6052248386282,eta020_rho075_q64,353.2,guard_tail_bypass_flows,5
paired_percent,0.0,0.0,0.0,eta020_rho075_q64_minus_eta000_rho100_q64,0.0,guard_tail_bypass_flows,5
arm_mean,22.911981351472882,52.91198135147288,7.088018648527118,eta020_rho075_q64,30.0,hpcc_actual_rate_changes,5
paired_percent,12.527165702861184,24.25537334696334,-0.7989580587590286,eta020_rho075_q64_minus_eta000_rho100_q64,11.728207644102156,hpcc_actual_rate_changes,5
arm_mean,0.0,0.0,0.0,eta020_rho075_q64,0.0,hpcc_fast_computations,5
arm_mean,294.66363634759114,1922.463636347591,1333.1363636524088,eta020_rho075_q64,1627.8,hpcc_feedback_updates,5
paired_percent,0.5334706842590505,0.09882811285164461,-0.9681132556664565,eta020_rho075_q64_minus_eta000_rho100_q64,-0.4346425714074059,hpcc_feedback_updates,5
arm_mean,112.09619894088085,514.4961989408808,290.3038010591191,eta020_rho075_q64,402.4,hpcc_full_computations,5
paired_percent,1.2865843038103408,-0.318632326117555,-2.891800933738237,eta020_rho075_q64_minus_eta000_rho100_q64,-1.6052166299278958,hpcc_full_computations,5
arm_mean,112.09619894088085,514.4961989408808,290.3038010591191,eta020_rho075_q64,402.4,hpcc_rate_updates_applied,5
paired_percent,1.2865843038103408,-0.318632326117555,-2.891800933738237,eta020_rho075_q64_minus_eta000_rho100_q64,-1.6052166299278958,hpcc_rate_updates_applied,5
arm_mean,123.19221779778292,580.3922177977829,334.0077822022171,eta020_rho075_q64,457.2,hpcc_valid_feedback,5
paired_percent,1.1355236972784206,-0.28200175805082517,-2.5530491526076666,eta020_rho075_q64_minus_eta000_rho100_q64,-1.4175254553292458,hpcc_valid_feedback,5
arm_mean,3554.656981149596,36714.656981149594,29605.343018850403,eta020_rho075_q64,33160.0,int_hops_after_strip,5
paired_percent,0.0,0.0,0.0,eta020_rho075_q64_minus_eta000_rho100_q64,0.0,int_hops_after_strip,5
arm_mean,5912.7180827122875,68954.11808271229,57128.681917287715,eta020_rho075_q64,63041.4,int_hops_before_strip,5
paired_percent,0.0,0.0,0.0,eta020_rho075_q64_minus_eta000_rho100_q64,0.0,int_hops_before_strip,5
arm_mean,2410.3344192357417,32291.73441923574,27471.06558076426,eta020_rho075_q64,29881.4,int_records_stripped,5
paired_percent,0.0,0.0,0.0,eta020_rho075_q64_minus_eta000_rho100_q64,0.0,int_records_stripped,5
arm_mean,0.0,0.0,0.0,eta020_rho075_q64,0.0,irn_nacks_generated,5
arm_mean,0.0,0.0,0.0,eta020_rho075_q64,0.0,irn_nacks_received,5
arm_mean,0.0,0.0,0.0,eta020_rho075_q64,0.0,irn_retransmit_bytes,5
arm_mean,0.0,0.0,0.0,eta020_rho075_q64,0.0,irn_retransmit_packets,5
arm_mean,0.032431939398978364,7.044287802799779,6.979423924001823,eta020_rho075_q64,7.011855863400801,le_8KB_fct_us_mean,5
paired_percent,0.005256349351250711,0.006575705187391697,-0.0039369935151097254,eta020_rho075_q64_minus_eta000_rho100_q64,0.0013193558361409862,le_8KB_fct_us_mean,5
arm_mean,0.010228233092423935,9.138488233092424,9.118031766907578,eta020_rho075_q64,9.128260000000001,le_8KB_fct_us_p95,5
paired_percent,0.07316713901975011,0.1057430122379979,-0.04059126580150233,eta020_rho075_q64_minus_eta000_rho100_q64,0.03257587321824778,le_8KB_fct_us_p95,5
arm_mean,0.03850893288973547,9.432742932889736,9.355725067110265,eta020_rho075_q64,9.394234,le_8KB_fct_us_p99,5
paired_percent,0.17488883901028807,0.04196421032287251,-0.3078134676977036,eta020_rho075_q64_minus_eta000_rho100_q64,-0.13292462868741556,le_8KB_fct_us_p99,5
arm_mean,37.86973417416308,4314.0697341741625,4238.330265825837,eta020_rho075_q64,4276.2,le_8KB_flow_count,5
paired_percent,0.0,0.0,0.0,eta020_rho075_q64_minus_eta000_rho100_q64,0.0,le_8KB_flow_count,5
arm_mean,0.000426954842692012,1.0110521313218968,1.0101982216365126,eta020_rho075_q64,1.0106251764792047,le_8KB_slowdown_mean,5
paired_percent,0.007186860790396073,0.009469359118984663,-0.004904362461807483,eta020_rho075_q64_minus_eta000_rho100_q64,0.0022824983285885904,le_8KB_slowdown_mean,5
arm_mean,0.000830489596709653,1.0402448811018163,1.038583901908397,eta020_rho075_q64,1.0394143915051066,le_8KB_slowdown_p95,5
paired_percent,0.07637030087548363,0.08890289925499387,-0.0638377024959734,eta020_rho075_q64_minus_eta000_rho100_q64,0.01253259837951024,le_8KB_slowdown_p95,5
arm_mean,0.004926239171696132,1.0837332840145903,1.073880805671198,eta020_rho075_q64,1.0788070448428941,le_8KB_slowdown_p99,5
paired_percent,0.07509841640872887,0.09160210418034476,-0.058594728637112986,eta020_rho075_q64_minus_eta000_rho100_q64,0.016503687771615882,le_8KB_slowdown_p99,5
arm_mean,0.11571251138138644,1.8860848488410058,1.654659826078233,eta020_rho075_q64,1.7703723374596194,long_to_small_slowdown_mean_ratio,5
paired_percent,0.6933288464144101,1.2777183933587128,-0.10893929947010716,eta020_rho075_q64_minus_eta000_rho100_q64,0.5843895469443029,long_to_small_slowdown_mean_ratio,5
arm_mean,0.6800873806582569,4.080087380658257,2.719912619341743,eta020_rho075_q64,3.4,max_active_flows,5
paired_percent,0.0,0.0,0.0,eta020_rho075_q64_minus_eta000_rho100_q64,0.0,max_active_flows,5
arm_mean,0.6300593064716313,12.495293307144799,11.235174694201536,eta020_rho075_q64,11.865234000673167,overall_fct_us_mean,5
paired_percent,0.233068825348002,0.5430987529329581,0.07696110223695407,eta020_rho075_q64_minus_eta000_rho100_q64,0.31002992758495607,overall_fct_us_mean,5
arm_mean,0.593345674528021,16.80875567452802,15.622064325471978,eta020_rho075_q64,16.21541,overall_fct_us_p95,5
paired_percent,0.16683869199089085,0.30900171533657744,-0.024675668645204263,eta020_rho075_q64_minus_eta000_rho100_q64,0.1421630233456866,overall_fct_us_p95,5
arm_mean,19.777785762518473,191.97513576251828,152.41956423748132,eta020_rho075_q64,172.1973499999998,overall_fct_us_p99,5
paired_percent,2.03956019684607,3.330400818140766,-0.748719575551374,eta020_rho075_q64_minus_eta000_rho100_q64,1.290840621294696,overall_fct_us_p99,5
arm_mean,54.09011039564431,6187.890110395644,6079.709889604356,eta020_rho075_q64,6133.8,overall_flow_count,5
paired_percent,0.0,0.0,0.0,eta020_rho075_q64_minus_eta000_rho100_q64,0.0,overall_flow_count,5
arm_mean,0.002352893724772094,1.041516271968884,1.0368104845193398,eta020_rho075_q64,1.0391633782441119,overall_slowdown_mean,5
paired_percent,0.021360280559308185,0.09488351620948746,0.05216295509087108,eta020_rho075_q64_minus_eta000_rho100_q64,0.07352323565017926,overall_slowdown_mean,5
arm_mean,0.009620732237227607,1.1578469087838898,1.1386054443094344,eta020_rho075_q64,1.1482261765466621,overall_slowdown_p95,5
paired_percent,0.12025620410717183,0.3100541318725216,0.06954172365817793,eta020_rho075_q64_minus_eta000_rho100_q64,0.18979792776534976,overall_slowdown_p95,5
arm_mean,0.07134280741769282,1.740559741592615,1.5978741267572296,eta020_rho075_q64,1.6692169341749223,overall_slowdown_p99,5
paired_percent,1.9791493756697234,3.2323464668609643,-0.7259522844784825,eta020_rho075_q64_minus_eta000_rho100_q64,1.253197091191241,overall_slowdown_p99,5
arm_mean,0.0,0.0,0.0,eta020_rho075_q64,0.0,pfc_pause_events,5
arm_mean,0.0,0.0,0.0,eta020_rho075_q64,0.0,pfc_resume_events,5
arm_mean,11.594775161371766,364.7947751613718,341.6052248386282,eta020_rho075_q64,353.2,proactive_releases,5
paired_percent,0.0,0.0,0.0,eta020_rho075_q64_minus_eta000_rho100_q64,0.0,proactive_releases,5
arm_mean,56912.61756279772,327886.61756279774,214061.38243720226,eta020_rho075_q64,270974.0,queue_bytes_max,5
paired_percent,1.7833330790935322,0.8578414653168792,-2.708824692870185,eta020_rho075_q64_minus_eta000_rho100_q64,-0.925491613776653,queue_bytes_max,5
arm_mean,328.5325905387187,2846.033190538719,2188.968009461282,eta020_rho075_q64,2517.5006000000003,queue_bytes_mean,5
paired_percent,1.8159666313932477,5.62753311127207,1.9955998484855748,eta020_rho075_q64_minus_eta000_rho100_q64,3.8115664798788225,queue_bytes_mean,5
arm_mean,1543.1291069106794,9827.12910691068,6740.870893089321,eta020_rho075_q64,8284.0,queue_bytes_p95,5
paired_percent,8.410126223428936,15.317666773572352,-1.5025856732855196,eta020_rho075_q64_minus_eta000_rho100_q64,6.907540550143416,queue_bytes_p95,5
arm_mean,11500.035625729282,89762.03562572929,66761.96437427071,eta020_rho075_q64,78262.0,queue_bytes_p99,5
paired_percent,2.077611451392182,3.868632974948005,-0.2865899278363593,eta020_rho075_q64_minus_eta000_rho100_q64,1.7910215235558227,queue_bytes_p99,5
arm_mean,0.0,160000.0,160000.0,eta020_rho075_q64,160000.0,queue_sample_count,5
paired_percent,0.0,0.0,0.0,eta020_rho075_q64_minus_eta000_rho100_q64,0.0,queue_sample_count,5
arm_mean,19.73816203998782,46.938162039987816,7.461837960012179,eta020_rho075_q64,27.2,reactive_binding_rate_changes,5
paired_percent,13.879837338341957,24.48108793959256,-3.2785867370913557,eta020_rho075_q64_minus_eta000_rho100_q64,10.601250601250602,reactive_binding_rate_changes,5
arm_mean,19.73816203998782,46.938162039987816,7.461837960012179,eta020_rho075_q64,27.2,reactive_binding_updates,5
paired_percent,13.879837338341957,24.48108793959256,-3.2785867370913557,eta020_rho075_q64_minus_eta000_rho100_q64,10.601250601250602,reactive_binding_updates,5
arm_mean,0.0,0.0,0.0,eta020_rho075_q64,0.0,recovery_nacks_generated,5
arm_mean,0.0,0.0,0.0,eta020_rho075_q64,0.0,recovery_nacks_received,5
arm_mean,11.594775161371766,364.7947751613718,341.6052248386282,eta020_rho075_q64,353.2,registrations,5
paired_percent,0.0,0.0,0.0,eta020_rho075_q64_minus_eta000_rho100_q64,0.0,registrations,5
arm_mean,11.594775161371766,364.7947751613718,341.6052248386282,eta020_rho075_q64,353.2,selected_registrations,5
paired_percent,0.0,0.0,0.0,eta020_rho075_q64_minus_eta000_rho100_q64,0.0,selected_registrations,5
arm_mean,3.3317341262373583,6.131734126237358,-0.5317341262373585,eta020_rho075_q64,2.8,tie_binding_rate_changes,5
arm_mean,70.04459820941695,328.44459820941694,188.35540179058302,eta020_rho075_q64,258.4,tie_binding_updates,5
paired_percent,1.2696747454220978,-2.262418080287497,-4.801767571131693,eta020_rho075_q64_minus_eta000_rho100_q64,-3.532092825709595,tie_binding_updates,5
arm_mean,0.0,0.0,0.0,eta020_rho075_q64,0.0,timeout_recoveries,5
arm_mean,3.1742373398562087,52.30764323493496,45.95916855522255,eta020_rho050_q64,49.13340589507875,1BDP_to_1MB_fct_us_mean,5
paired_percent,1.2971324256675156,3.683162739061973,1.0888978877269413,eta020_rho050_q64_minus_eta000_rho100_q64,2.386030313394457,1BDP_to_1MB_fct_us_mean,5
arm_mean,16.617447370859082,156.56998737085908,123.33509262914092,eta020_rho050_q64,139.95254,1BDP_to_1MB_fct_us_p95,5
paired_percent,3.2707366645921754,8.883488776151154,2.342015446966802,eta020_rho050_q64_minus_eta000_rho100_q64,5.612752111558978,1BDP_to_1MB_fct_us_p95,5
arm_mean,53.44531271179563,263.4110787117959,156.52045328820464,eta020_rho050_q64,209.96576600000026,1BDP_to_1MB_fct_us_p99,5
paired_percent,19.608865600018003,26.63472011056639,-12.583011089469615,eta020_rho050_q64_minus_eta000_rho100_q64,7.025854510548389,1BDP_to_1MB_fct_us_p99,5
arm_mean,6.019189553771424,197.0191895537714,184.9808104462286,eta020_rho050_q64,191.0,1BDP_to_1MB_flow_count,5
paired_percent,0.0,0.0,0.0,eta020_rho050_q64_minus_eta000_rho100_q64,0.0,1BDP_to_1MB_flow_count,5
arm_mean,0.030875934203158917,1.3626868610472982,1.3009349926409806,eta020_rho050_q64,1.3318109268441394,1BDP_to_1MB_slowdown_mean,5
paired_percent,0.8211501260696702,3.087573664753469,1.445273412614129,eta020_rho050_q64_minus_eta000_rho100_q64,2.266423538683799,1BDP_to_1MB_slowdown_mean,5
arm_mean,0.19091513012636796,2.245610500506364,1.8637802402536283,eta020_rho050_q64,2.054695370379996,1BDP_to_1MB_slowdown_p95,5
paired_percent,4.878884166083356,9.198739791161024,-0.559028541005687,eta020_rho050_q64_minus_eta000_rho100_q64,4.319855625077669,1BDP_to_1MB_slowdown_p95,5
arm_mean,0.38644926696935056,3.107273884193169,2.334375350254468,eta020_rho050_q64,2.7208246172238186,1BDP_to_1MB_slowdown_p99,5
paired_percent,5.9272775242480655,12.381987734434967,0.5274326859388356,eta020_rho050_q64_minus_eta000_rho100_q64,6.454710210186901,1BDP_to_1MB_slowdown_p99,5
arm_mean,0.12805124667505946,9.301608970577897,9.045506477227777,eta020_rho050_q64,9.173557723902837,8KB_to_1BDP_fct_us_mean,5
paired_percent,0.029652077994888115,0.09322268150822044,0.03391852551844421,eta020_rho050_q64_minus_eta000_rho100_q64,0.06357060351333232,8KB_to_1BDP_fct_us_mean,5
arm_mean,0.5890028845230321,15.757542884523033,14.57953711547697,eta020_rho050_q64,15.168540000000002,8KB_to_1BDP_fct_us_p95,5
paired_percent,0.592068906603147,0.9008193616625494,-0.2833184515437447,eta020_rho050_q64_minus_eta000_rho100_q64,0.30875045505940235,8KB_to_1BDP_fct_us_p95,5
arm_mean,0.29219831258729256,18.66209031258729,18.077693687412705,eta020_rho050_q64,18.369891999999997,8KB_to_1BDP_fct_us_p99,5
paired_percent,0.5610074022018581,0.7371773508894774,-0.38483745351423876,eta020_rho050_q64_minus_eta000_rho100_q64,0.17616994868761932,8KB_to_1BDP_fct_us_p99,5
arm_mean,49.864830416811344,1638.2648304168115,1538.5351695831887,eta020_rho050_q64,1588.4,8KB_to_1BDP_flow_count,5
paired_percent,0.0,0.0,0.0,eta020_rho050_q64_minus_eta000_rho100_q64,0.0,8KB_to_1BDP_flow_count,5
arm_mean,0.002265226470898451,1.0478039112542652,1.0432734583124683,eta020_rho050_q64,1.0455386847833668,8KB_to_1BDP_slowdown_mean,5
paired_percent,0.032167961380105164,0.08264914855647697,0.01831322579626664,eta020_rho050_q64_minus_eta000_rho100_q64,0.0504811871763718,8KB_to_1BDP_slowdown_mean,5
arm_mean,0.01806689476941027,1.2053206134799488,1.1691868239411283,eta020_rho050_q64,1.1872537187105385,8KB_to_1BDP_slowdown_p95,5
paired_percent,0.12645233316725712,0.32295000313952704,0.07004533680501282,eta020_rho050_q64_minus_eta000_rho100_q64,0.19649766997226994,8KB_to_1BDP_slowdown_p95,5
arm_mean,0.029240921070511315,1.4082023823099132,1.3497205401688905,eta020_rho050_q64,1.3789614612394019,8KB_to_1BDP_slowdown_p99,5
paired_percent,0.689334450625085,0.9943822338488277,-0.3842866674013423,eta020_rho050_q64_minus_eta000_rho100_q64,0.3050477832237427,8KB_to_1BDP_slowdown_p99,5
arm_mean,14.493512916823821,207.4336610241464,178.44663519049877,eta020_rho050_q64,192.94014810732259,aggregate_goodput_gbps,5
paired_percent,0.026766401529713726,0.034623544185539944,-0.01890925887388751,eta020_rho050_q64_minus_eta000_rho100_q64,0.007857142655826217,aggregate_goodput_gbps,5
arm_mean,0.0,0.0,0.0,eta020_rho050_q64,0.0,completion_releases,5
arm_mean,64.1777809245334,10208.425780924536,10080.070219075467,eta020_rho050_q64,10144.248000000001,completion_span_us,5
paired_percent,0.026761417972967654,0.018908609223832744,-0.03461422672210256,eta020_rho050_q64_minus_eta000_rho100_q64,-0.007852808749134911,completion_span_us,5
arm_mean,0.5552890210395597,0.7552890210395597,-0.35528902103955967,eta020_rho050_q64,0.2,grant_binding_rate_changes,5
arm_mean,73.85030840280963,191.85030840280962,44.14969159719037,eta020_rho050_q64,118.0,grant_binding_updates,5
paired_percent,8.930889832479746,11.604798326345206,-6.2569813386142865,eta020_rho050_q64_minus_eta000_rho100_q64,2.6739084938654596,grant_binding_updates,5
arm_mean,41769.19987346539,350878.7998734654,267340.4001265346,eta020_rho050_q64,309109.6,grant_bytes_sent,5
paired_percent,1.468323616168329,3.6109134680881323,0.6742662357514742,eta020_rho050_q64_minus_eta000_rho100_q64,2.1425898519198032,grant_bytes_sent,5
arm_mean,485.9765661820504,1829.7765661820504,857.8234338179495,eta020_rho050_q64,1343.8,grant_event_rate_changes,5
paired_percent,3.3378256259233487,11.597819006177321,4.922167754330623,eta020_rho050_q64_minus_eta000_rho100_q64,8.259993380253972,grant_event_rate_changes,5
arm_mean,444.3531901432488,3732.753190143249,2844.046809856751,eta020_rho050_q64,3288.4,grants_received,5
paired_percent,1.468323616168329,3.6109134680881323,0.6742662357514742,eta020_rho050_q64_minus_eta000_rho100_q64,2.1425898519198032,grants_received,5
arm_mean,444.3531901432488,3732.753190143249,2844.046809856751,eta020_rho050_q64,3288.4,grants_sent,5
paired_percent,1.468323616168329,3.6109134680881323,0.6742662357514742,eta020_rho050_q64_minus_eta000_rho100_q64,2.1425898519198032,grants_sent,5
arm_mean,19.12604209438891,261.9052321994479,223.65314801067007,eta020_rho050_q64,242.77919010505897,gt_1MB_fct_us_mean,5
paired_percent,1.1080962827334118,1.9283859233703553,-0.2878066420964682,eta020_rho050_q64_minus_eta000_rho100_q64,0.8202896406369435,gt_1MB_fct_us_mean,5
arm_mean,62.352735339981166,485.8577653399811,361.15229466001875,eta020_rho050_q64,423.5050299999999,gt_1MB_fct_us_p95,5
paired_percent,7.699210440036802,10.069289340256326,-5.329131539817279,eta020_rho050_q64_minus_eta000_rho100_q64,2.3700789002195233,gt_1MB_fct_us_p95,5
arm_mean,74.73393604517041,580.5088720451703,431.0409999548295,eta020_rho050_q64,505.7749359999999,gt_1MB_fct_us_p99,5
paired_percent,5.535251788895339,5.113546833928222,-5.956956743862456,eta020_rho050_q64_minus_eta000_rho100_q64,-0.421704954967117,gt_1MB_fct_us_p99,5
arm_mean,14.384022275122689,92.58402227512269,63.815977724877314,eta020_rho050_q64,78.2,gt_1MB_flow_count,5
paired_percent,0.0,0.0,0.0,eta020_rho050_q64_minus_eta000_rho100_q64,0.0,gt_1MB_flow_count,5
arm_mean,0.1232281555745267,1.9181284108071757,1.6716720996581222,eta020_rho050_q64,1.794900255232649,gt_1MB_slowdown_mean,5
paired_percent,1.0991321001912193,1.9973409769591597,-0.20092322342327895,eta020_rho050_q64_minus_eta000_rho100_q64,0.8982088767679404,gt_1MB_slowdown_mean,5
arm_mean,0.475866413884664,3.4238010440999638,2.4720682163306353,eta020_rho050_q64,2.9479346302152996,gt_1MB_slowdown_p95,5
paired_percent,3.414161332509368,3.6854975788938877,-3.1428250861248483,eta020_rho050_q64_minus_eta000_rho100_q64,0.2713362463845197,gt_1MB_slowdown_p95,5
arm_mean,0.5651695265724074,4.0731135743172135,2.942774521172399,eta020_rho050_q64,3.5079440477448065,gt_1MB_slowdown_p99,5
paired_percent,3.193085113545163,3.378341341364988,-3.007828885725338,eta020_rho050_q64_minus_eta000_rho100_q64,0.18525622781982493,gt_1MB_slowdown_p99,5
arm_mean,0.0,8.0,8.0,eta020_rho050_q64,8.0,guard_ack_interval_packets,5
paired_percent,0.0,0.0,0.0,eta020_rho050_q64_minus_eta000_rho100_q64,0.0,guard_ack_interval_packets,5
arm_mean,0.0,0.0,0.0,eta020_rho050_q64,0.0,guard_adaptive_grant_updates,5
arm_mean,0.0,1.0,1.0,eta020_rho050_q64,1.0,guard_fixed_window,5
paired_percent,0.0,0.0,0.0,eta020_rho050_q64_minus_eta000_rho100_q64,0.0,guard_fixed_window,5
arm_mean,0.0,1.0,1.0,eta020_rho050_q64,1.0,guard_grant_refresh_bdps,5
paired_percent,0.0,0.0,0.0,eta020_rho050_q64_minus_eta000_rho100_q64,0.0,guard_grant_refresh_bdps,5
arm_mean,17157.106824427516,182157.70682442753,147843.49317557248,eta020_rho050_q64,165000.6,guard_long_acks_suppressed,5
paired_percent,0.0,0.0,0.0,eta020_rho050_q64_minus_eta000_rho100_q64,0.0,guard_long_acks_suppressed,5
arm_mean,0.0,0.2,0.2,eta020_rho050_q64,0.2,guard_min_share_fraction,5
arm_mean,1476.4237578995587,54316.82375789956,51363.97624210044,eta020_rho050_q64,52840.4,guard_one_rtt_acks_suppressed,5
paired_percent,0.0,0.0,0.0,eta020_rho050_q64_minus_eta000_rho100_q64,0.0,guard_one_rtt_acks_suppressed,5
arm_mean,0.0,1.0,1.0,eta020_rho050_q64,1.0,guard_one_rtt_bypass_enabled,5
paired_percent,0.0,0.0,0.0,eta020_rho050_q64_minus_eta000_rho100_q64,0.0,guard_one_rtt_bypass_enabled,5
arm_mean,64.44463426207012,5845.044634262071,5716.15536573793,eta020_rho050_q64,5780.6,guard_one_rtt_bypass_feedbacks,5
paired_percent,0.0,0.0,0.0,eta020_rho050_q64_minus_eta000_rho100_q64,0.0,guard_one_rtt_bypass_feedbacks,5
arm_mean,64.44463426207012,5845.044634262071,5716.15536573793,eta020_rho050_q64,5780.6,guard_one_rtt_bypass_flows,5
paired_percent,0.0,0.0,0.0,eta020_rho050_q64_minus_eta000_rho100_q64,0.0,guard_one_rtt_bypass_flows,5
arm_mean,0.0,0.0,0.0,eta020_rho050_q64,0.0,guard_rebalance_events,5
arm_mean,0.0,1.0,1.0,eta020_rho050_q64,1.0,guard_remaining_aware,5
paired_percent,0.0,0.0,0.0,eta020_rho050_q64_minus_eta000_rho100_q64,0.0,guard_remaining_aware,5
arm_mean,0.0,0.5,0.5,eta020_rho050_q64,0.5,guard_remaining_exponent,5
paired_percent,0.0,-50.0,-50.0,eta020_rho050_q64_minus_eta000_rho100_q64,-50.0,guard_remaining_exponent,5
arm_mean,241.4795473139566,2393.6795473139564,1910.7204526860432,eta020_rho050_q64,2152.2,guard_remaining_refresh_events,5
paired_percent,0.10736116658603799,0.1490836927386313,-0.06563864043344468,eta020_rho050_q64_minus_eta000_rho100_q64,0.04172252615259331,guard_remaining_refresh_events,5
arm_mean,0.0,1.0,1.0,eta020_rho050_q64,1.0,guard_sender_srpt_enabled,5
paired_percent,0.0,0.0,0.0,eta020_rho050_q64_minus_eta000_rho100_q64,0.0,guard_sender_srpt_enabled,5
arm_mean,15.876799762709796,123.8767997627098,92.1232002372902,eta020_rho050_q64,108.0,guard_sender_srpt_forced_rr,5
paired_percent,5.069482198662672,5.323164127653735,-4.815800269671609,eta020_rho050_q64_minus_eta000_rho100_q64,0.25368192899106334,guard_sender_srpt_forced_rr,5
arm_mean,5774.237947207008,40025.83794720701,28477.36205279299,eta020_rho050_q64,34251.6,guard_sender_srpt_non_rr,5
paired_percent,1.0831914395095874,2.1500007625487596,-0.01638211647041521,eta020_rho050_q64_minus_eta000_rho100_q64,1.0668093230391722,guard_sender_srpt_non_rr,5
arm_mean,18670.81953665243,266393.21953665244,229051.58046334755,eta020_rho050_q64,247722.4,guard_sender_srpt_selections,5
paired_percent,0.0,0.0,0.0,eta020_rho050_q64_minus_eta000_rho100_q64,0.0,guard_sender_srpt_selections,5
arm_mean,0.0,64.0,64.0,eta020_rho050_q64,64.0,guard_srpt_quantum_packets,5
paired_percent,0.0,0.0,0.0,eta020_rho050_q64_minus_eta000_rho100_q64,0.0,guard_srpt_quantum_packets,5
arm_mean,0.0,8.0,8.0,eta020_rho050_q64,8.0,guard_tail_bypass_bdps,5
paired_percent,0.0,0.0,0.0,eta020_rho050_q64_minus_eta000_rho100_q64,0.0,guard_tail_bypass_bdps,5
arm_mean,0.0,1.0,1.0,eta020_rho050_q64,1.0,guard_tail_bypass_enabled,5
paired_percent,0.0,0.0,0.0,eta020_rho050_q64_minus_eta000_rho100_q64,0.0,guard_tail_bypass_enabled,5
arm_mean,1055.7574071932384,15336.557407193237,13225.042592806762,eta020_rho050_q64,14280.8,guard_tail_bypass_feedbacks,5
paired_percent,0.029704896920740676,0.038077012303046526,-0.021332781538434827,eta020_rho050_q64_minus_eta000_rho100_q64,0.008372115382305848,guard_tail_bypass_feedbacks,5
arm_mean,11.594775161371766,364.7947751613718,341.6052248386282,eta020_rho050_q64,353.2,guard_tail_bypass_flows,5
paired_percent,0.0,0.0,0.0,eta020_rho050_q64_minus_eta000_rho100_q64,0.0,guard_tail_bypass_flows,5
arm_mean,24.309358514450246,53.90935851445025,5.290641485549756,eta020_rho050_q64,29.6,hpcc_actual_rate_changes,5
paired_percent,12.683723124799156,21.589407604254127,-3.778038645344184,eta020_rho050_q64_minus_eta000_rho100_q64,8.905684479454973,hpcc_actual_rate_changes,5
arm_mean,0.0,0.0,0.0,eta020_rho050_q64,0.0,hpcc_fast_computations,5
arm_mean,300.5488681515388,1930.1488681515386,1329.0511318484612,eta020_rho050_q64,1629.6,hpcc_feedback_updates,5
paired_percent,0.7578338689639795,0.4060639124453843,-1.1096038254825746,eta020_rho050_q64_minus_eta000_rho100_q64,-0.3517699565185952,hpcc_feedback_updates,5
arm_mean,111.32333140333512,512.9233314033352,290.2766685966649,eta020_rho050_q64,401.6,hpcc_full_computations,5
paired_percent,1.3065046769466953,-0.4764386294128451,-3.0894479833062354,eta020_rho050_q64_minus_eta000_rho100_q64,-1.7829433063595403,hpcc_full_computations,5
arm_mean,111.32333140333512,512.9233314033352,290.2766685966649,eta020_rho050_q64,401.6,hpcc_rate_updates_applied,5
paired_percent,1.3065046769466953,-0.4764386294128451,-3.0894479833062354,eta020_rho050_q64_minus_eta000_rho100_q64,-1.7829433063595403,hpcc_rate_updates_applied,5
arm_mean,122.41761763552279,578.8176176355228,333.9823823644772,eta020_rho050_q64,456.4,hpcc_valid_feedback,5
paired_percent,1.1563479762718396,-0.41796078396214553,-2.730656736505825,eta020_rho050_q64_minus_eta000_rho100_q64,-1.5743087602339851,hpcc_valid_feedback,5
arm_mean,3554.656981149596,36714.656981149594,29605.343018850403,eta020_rho050_q64,33160.0,int_hops_after_strip,5
paired_percent,0.0,0.0,0.0,eta020_rho050_q64_minus_eta000_rho100_q64,0.0,int_hops_after_strip,5
arm_mean,5912.7180827122875,68954.11808271229,57128.681917287715,eta020_rho050_q64,63041.4,int_hops_before_strip,5
paired_percent,0.0,0.0,0.0,eta020_rho050_q64_minus_eta000_rho100_q64,0.0,int_hops_before_strip,5
arm_mean,2410.3344192357417,32291.73441923574,27471.06558076426,eta020_rho050_q64,29881.4,int_records_stripped,5
paired_percent,0.0,0.0,0.0,eta020_rho050_q64_minus_eta000_rho100_q64,0.0,int_records_stripped,5
arm_mean,0.0,0.0,0.0,eta020_rho050_q64,0.0,irn_nacks_generated,5
arm_mean,0.0,0.0,0.0,eta020_rho050_q64,0.0,irn_nacks_received,5
arm_mean,0.0,0.0,0.0,eta020_rho050_q64,0.0,irn_retransmit_bytes,5
arm_mean,0.0,0.0,0.0,eta020_rho050_q64,0.0,irn_retransmit_packets,5
arm_mean,0.0323935727805476,7.04433568180721,6.979548536246115,eta020_rho050_q64,7.011942109026663,le_8KB_fct_us_mean,5
paired_percent,0.01002459414763873,0.012575467150557384,-0.007473721144720077,eta020_rho050_q64_minus_eta000_rho100_q64,0.002550873002918654,le_8KB_fct_us_mean,5
arm_mean,0.01350246086153068,9.139972460861532,9.11296753913847,eta020_rho050_q64,9.126470000000001,le_8KB_fct_us_p95,5
paired_percent,0.09082929334971805,0.10377261850853393,-0.07788596819090217,eta020_rho050_q64_minus_eta000_rho100_q64,0.012943325158815886,le_8KB_fct_us_p95,5
arm_mean,0.03609756042702135,9.440055560427023,9.36786043957298,eta020_rho050_q64,9.403958000000001,le_8KB_fct_us_p99,5
paired_percent,0.15425712345927936,0.12474100396245416,-0.18377324295610456,eta020_rho050_q64_minus_eta000_rho100_q64,-0.0295161194968252,le_8KB_fct_us_p99,5
arm_mean,37.86973417416308,4314.0697341741625,4238.330265825837,eta020_rho050_q64,4276.2,le_8KB_flow_count,5
paired_percent,0.0,0.0,0.0,eta020_rho050_q64_minus_eta000_rho100_q64,0.0,le_8KB_flow_count,5
arm_mean,0.00042565995971443704,1.0110593743436522,1.0102080544242236,eta020_rho050_q64,1.010633714383938,le_8KB_slowdown_mean,5
paired_percent,0.01179695179344146,0.01492453821720727,-0.00866936536967565,eta020_rho050_q64_minus_eta000_rho100_q64,0.00312758642376581,le_8KB_slowdown_mean,5
arm_mean,0.001646509305953965,1.041508995182681,1.0382159765707732,eta020_rho050_q64,1.0398624858767271,le_8KB_slowdown_p95,5
paired_percent,0.07299160748794079,0.1285900806215087,-0.01739313435437287,eta020_rho050_q64_minus_eta000_rho100_q64,0.055598473133567916,le_8KB_slowdown_p95,5
arm_mean,0.005462119426299321,1.084924744802277,1.0740005059496782,eta020_rho050_q64,1.0794626253759776,le_8KB_slowdown_p99,5
paired_percent,0.12523582289171917,0.202421754401107,-0.04804989138233133,eta020_rho050_q64_minus_eta000_rho100_q64,0.07718593150938784,le_8KB_slowdown_p99,5
arm_mean,0.12184891090455423,1.8978613428713114,1.654163521062203,eta020_rho050_q64,1.7760124319667572,long_to_small_slowdown_mean_ratio,5
paired_percent,1.0899782777360072,1.9849804249186125,-0.1949761305534019,eta020_rho050_q64_minus_eta000_rho100_q64,0.8950021471826053,long_to_small_slowdown_mean_ratio,5
arm_mean,1.0388506336835697,4.8388506336835695,2.76114936631643,eta020_rho050_q64,3.8,max_active_flows,5
paired_percent,20.170406059742263,31.837072726408927,-8.503739393075596,eta020_rho050_q64_minus_eta000_rho100_q64,11.666666666666666,max_active_flows,5
arm_mean,0.6558718436835352,12.547897334203695,11.236153646836625,eta020_rho050_q64,11.89202549052016,overall_fct_us_mean,5
paired_percent,0.45569190284601785,0.9870972503059876,0.07571344461395196,eta020_rho050_q64_minus_eta000_rho100_q64,0.5314053474599698,overall_fct_us_mean,5
arm_mean,0.627247414733171,16.870277414733167,15.615782585266826,eta020_rho050_q64,16.243029999999997,overall_fct_us_p95,5
paired_percent,0.23595509518876162,0.5449114728334722,0.07300128245594895,eta020_rho050_q64_minus_eta000_rho100_q64,0.30895637764471057,overall_fct_us_p95,5
arm_mean,19.16168880226733,191.51367880226707,153.19030119773242,eta020_rho050_q64,172.35198999999974,overall_fct_us_p99,5
paired_percent,2.594027684462936,4.00435767069296,-1.183697698232913,eta020_rho050_q64_minus_eta000_rho100_q64,1.4103299862300231,overall_fct_us_p99,5
arm_mean,54.09011039564431,6187.890110395644,6079.709889604356,eta020_rho050_q64,6133.8,overall_flow_count,5
paired_percent,0.0,0.0,0.0,eta020_rho050_q64_minus_eta000_rho100_q64,0.0,overall_flow_count,5
arm_mean,0.002814006839029876,1.0425052229911695,1.0368772093131098,eta020_rho050_q64,1.0396912161521397,overall_slowdown_mean,5
paired_percent,0.06420519979472615,0.18851276139259435,0.060102361803142046,eta020_rho050_q64_minus_eta000_rho100_q64,0.1243075615978682,overall_slowdown_mean,5
arm_mean,0.00810975248893133,1.157003002257695,1.1407834972798323,eta020_rho050_q64,1.1488932497687636,overall_slowdown_p95,5
paired_percent,0.3148247586866773,0.5635781514181807,-0.06607136595517393,eta020_rho050_q64_minus_eta000_rho100_q64,0.24875339273150338,overall_slowdown_p95,5
arm_mean,0.08064510178936474,1.764220905766968,1.6029307021882384,eta020_rho050_q64,1.6835758039776032,overall_slowdown_p99,5
paired_percent,1.7203289605359884,3.8292526972569925,0.3885947761850157,eta020_rho050_q64_minus_eta000_rho100_q64,2.108923736721004,overall_slowdown_p99,5
arm_mean,0.0,0.0,0.0,eta020_rho050_q64,0.0,pfc_pause_events,5
arm_mean,0.0,0.0,0.0,eta020_rho050_q64,0.0,pfc_resume_events,5
arm_mean,11.594775161371766,364.7947751613718,341.6052248386282,eta020_rho050_q64,353.2,proactive_releases,5
paired_percent,0.0,0.0,0.0,eta020_rho050_q64_minus_eta000_rho100_q64,0.0,proactive_releases,5
arm_mean,56649.703074259894,326969.7030742599,213670.2969257401,eta020_rho050_q64,270320.0,queue_bytes_max,5
paired_percent,2.6913436918769817,1.5351955184780595,-3.847491865275904,eta020_rho050_q64_minus_eta000_rho100_q64,-1.1561481733989223,queue_bytes_max,5
arm_mean,337.93574451559846,2893.5321445155982,2217.6606554844016,eta020_rho050_q64,2555.5964,queue_bytes_mean,5
paired_percent,2.608296510125084,7.982749621507022,2.7661566012568533,eta020_rho050_q64_minus_eta000_rho100_q64,5.374453111381937,queue_bytes_mean,5
arm_mean,1764.63564533249,10266.63564533249,6737.36435466751,eta020_rho050_q64,8502.0,queue_bytes_p95,5
paired_percent,7.235297240839941,16.642837790983357,2.172243309303475,eta020_rho050_q64_minus_eta000_rho100_q64,9.407540550143416,queue_bytes_p95,5
arm_mean,11379.94842661232,90077.94842661232,67318.05157338768,eta020_rho050_q64,78698.0,queue_bytes_p99,5
paired_percent,3.5965790138868847,5.988033396527835,-1.2051246312459343,eta020_rho050_q64_minus_eta000_rho100_q64,2.3914543826409504,queue_bytes_p99,5
arm_mean,0.0,160000.0,160000.0,eta020_rho050_q64,160000.0,queue_sample_count,5
paired_percent,0.0,0.0,0.0,eta020_rho050_q64_minus_eta000_rho100_q64,0.0,queue_sample_count,5
arm_mean,20.620596300962614,47.22059630096261,5.9794036990373876,eta020_rho050_q64,26.6,reactive_binding_rate_changes,5
paired_percent,13.57156374197554,20.704800875212673,-6.438326608738407,eta020_rho050_q64_minus_eta000_rho100_q64,7.133237133237133,reactive_binding_rate_changes,5
arm_mean,20.620596300962614,47.22059630096261,5.9794036990373876,eta020_rho050_q64,26.6,reactive_binding_updates,5
paired_percent,13.57156374197554,20.704800875212673,-6.438326608738407,eta020_rho050_q64_minus_eta000_rho100_q64,7.133237133237133,reactive_binding_updates,5
arm_mean,0.0,0.0,0.0,eta020_rho050_q64,0.0,recovery_nacks_generated,5
arm_mean,0.0,0.0,0.0,eta020_rho050_q64,0.0,recovery_nacks_received,5
arm_mean,11.594775161371766,364.7947751613718,341.6052248386282,eta020_rho050_q64,353.2,registrations,5
paired_percent,0.0,0.0,0.0,eta020_rho050_q64_minus_eta000_rho100_q64,0.0,registrations,5
arm_mean,11.594775161371766,364.7947751613718,341.6052248386282,eta020_rho050_q64,353.2,selected_registrations,5
paired_percent,0.0,0.0,0.0,eta020_rho050_q64_minus_eta000_rho100_q64,0.0,selected_registrations,5
arm_mean,3.8671405455482244,6.667140545548224,-1.0671405455482246,eta020_rho050_q64,2.8,tie_binding_rate_changes,5
arm_mean,71.25788417422923,328.2578841742292,185.74211582577078,eta020_rho050_q64,257.0,tie_binding_updates,5
paired_percent,1.9813413309686232,-2.1679689218051945,-6.130651583742441,eta020_rho050_q64_minus_eta000_rho100_q64,-4.149310252773818,tie_binding_updates,5
arm_mean,0.0,0.0,0.0,eta020_rho050_q64,0.0,timeout_recoveries,5
