arm,metric,seed,value
eta000_rho100_q64,1BDP_to_1MB_fct_us_mean,26,44.72643367346939
eta000_rho100_q64,1BDP_to_1MB_fct_us_p95,26,129.21724999999998
eta000_rho100_q64,1BDP_to_1MB_fct_us_p99,26,170.19115000000053
eta000_rho100_q64,1BDP_to_1MB_flow_count,26,196.0
eta000_rho100_q64,1BDP_to_1MB_slowdown_mean,26,1.2836642484613754
eta000_rho100_q64,1BDP_to_1MB_slowdown_p95,26,1.792921705417647
eta000_rho100_q64,1BDP_to_1MB_slowdown_p99,26,2.3979371086108943
eta000_rho100_q64,8KB_to_1BDP_fct_us_mean,26,9.178778465346536
eta000_rho100_q64,8KB_to_1BDP_fct_us_p95,26,15.307500000000001
eta000_rho100_q64,8KB_to_1BDP_fct_us_p99,26,18.281649999999985
eta000_rho100_q64,8KB_to_1BDP_flow_count,26,1616.0
eta000_rho100_q64,8KB_to_1BDP_slowdown_mean,26,1.0454165951440788
eta000_rho100_q64,8KB_to_1BDP_slowdown_p95,26,1.2025424995110332
eta000_rho100_q64,8KB_to_1BDP_slowdown_p99,26,1.399732244557866
eta000_rho100_q64,aggregate_goodput_gbps,26,179.41743413180436
eta000_rho100_q64,completion_releases,26,0.0
eta000_rho100_q64,completion_span_us,26,10153.99
eta000_rho100_q64,grant_binding_rate_changes,26,0.0
eta000_rho100_q64,grant_binding_updates,26,86.0
eta000_rho100_q64,grant_bytes_sent,26,293468.0
eta000_rho100_q64,grant_event_rate_changes,26,1402.0
eta000_rho100_q64,grants_received,26,3122.0
eta000_rho100_q64,grants_sent,26,3122.0
eta000_rho100_q64,gt_1MB_fct_us_mean,26,255.33154545454548
eta000_rho100_q64,gt_1MB_fct_us_p95,26,420.80924999999996
eta000_rho100_q64,gt_1MB_fct_us_p99,26,457.7597499999998
eta000_rho100_q64,gt_1MB_flow_count,26,66.0
eta000_rho100_q64,gt_1MB_slowdown_mean,26,1.8653910391919668
eta000_rho100_q64,gt_1MB_slowdown_p95,26,2.791088677293336
eta000_rho100_q64,gt_1MB_slowdown_p99,26,3.6326088921509
eta000_rho100_q64,guard_ack_interval_packets,26,8.0
eta000_rho100_q64,guard_adaptive_grant_updates,26,0.0
eta000_rho100_q64,guard_fixed_window,26,1.0
eta000_rho100_q64,guard_grant_refresh_bdps,26,1.0
eta000_rho100_q64,guard_long_acks_suppressed,26,150004.0
eta000_rho100_q64,guard_min_share_fraction,26,0.0
eta000_rho100_q64,guard_one_rtt_acks_suppressed,26,53020.0
eta000_rho100_q64,guard_one_rtt_bypass_enabled,26,1.0
eta000_rho100_q64,guard_one_rtt_bypass_feedbacks,26,5767.0
eta000_rho100_q64,guard_one_rtt_bypass_flows,26,5767.0
eta000_rho100_q64,guard_rebalance_events,26,0.0
eta000_rho100_q64,guard_remaining_aware,26,1.0
eta000_rho100_q64,guard_remaining_exponent,26,1.0
eta000_rho100_q64,guard_remaining_refresh_events,26,1962.0
eta000_rho100_q64,guard_sender_srpt_enabled,26,1.0
eta000_rho100_q64,guard_sender_srpt_forced_rr,26,92.0
eta000_rho100_q64,guard_sender_srpt_non_rr,26,29855.0
eta000_rho100_q64,guard_sender_srpt_selections,26,230761.0
eta000_rho100_q64,guard_srpt_quantum_packets,26,64.0
eta000_rho100_q64,guard_tail_bypass_bdps,26,8.0
eta000_rho100_q64,guard_tail_bypass_enabled,26,1.0
eta000_rho100_q64,guard_tail_bypass_feedbacks,26,13289.0
eta000_rho100_q64,guard_tail_bypass_flows,26,361.0
eta000_rho100_q64,hpcc_actual_rate_changes,26,18.0
eta000_rho100_q64,hpcc_fast_computations,26,0.0
eta000_rho100_q64,hpcc_feedback_updates,26,1543.0
eta000_rho100_q64,hpcc_full_computations,26,305.0
eta000_rho100_q64,hpcc_rate_updates_applied,26,305.0
eta000_rho100_q64,hpcc_valid_feedback,26,347.0
eta000_rho100_q64,int_hops_after_strip,26,29088.0
eta000_rho100_q64,int_hops_before_strip,26,56825.0
eta000_rho100_q64,int_records_stripped,26,27737.0
eta000_rho100_q64,irn_nacks_generated,26,0.0
eta000_rho100_q64,irn_nacks_received,26,0.0
eta000_rho100_q64,irn_retransmit_bytes,26,0.0
eta000_rho100_q64,irn_retransmit_packets,26,0.0
eta000_rho100_q64,le_8KB_fct_us_mean,26,6.981836
eta000_rho100_q64,le_8KB_fct_us_p95,26,9.12555
eta000_rho100_q64,le_8KB_fct_us_p99,26,9.36851
eta000_rho100_q64,le_8KB_flow_count,26,4250.0
eta000_rho100_q64,le_8KB_slowdown_mean,26,1.0104461749751237
eta000_rho100_q64,le_8KB_slowdown_p95,26,1.040368495548675
eta000_rho100_q64,le_8KB_slowdown_p99,26,1.0845285571458607
eta000_rho100_q64,long_to_small_slowdown_mean_ratio,26,1.8461062898653569
eta000_rho100_q64,max_active_flows,26,3.0
eta000_rho100_q64,overall_fct_us_mean,26,11.443206919060051
eta000_rho100_q64,overall_fct_us_p95,26,16.087049999999962
eta000_rho100_q64,overall_fct_us_p99,26,165.57041999999905
eta000_rho100_q64,overall_flow_count,26,6128.0
eta000_rho100_q64,overall_slowdown_mean,26,1.03761479482412
eta000_rho100_q64,overall_slowdown_p95,26,1.1381537488052886
eta000_rho100_q64,overall_slowdown_p99,26,1.6261905518842015
eta000_rho100_q64,pfc_pause_events,26,0.0
eta000_rho100_q64,pfc_resume_events,26,0.0
eta000_rho100_q64,proactive_releases,26,361.0
eta000_rho100_q64,queue_bytes_max,26,229990.0
eta000_rho100_q64,queue_bytes_mean,26,1976.92
eta000_rho100_q64,queue_bytes_p95,26,6540.0
eta000_rho100_q64,queue_bytes_p99,26,62130.0
eta000_rho100_q64,queue_sample_count,26,160000.0
eta000_rho100_q64,reactive_binding_rate_changes,26,18.0
eta000_rho100_q64,reactive_binding_updates,26,18.0
eta000_rho100_q64,recovery_nacks_generated,26,0.0
eta000_rho100_q64,recovery_nacks_received,26,0.0
eta000_rho100_q64,registrations,26,361.0
eta000_rho100_q64,selected_registrations,26,361.0
eta000_rho100_q64,tie_binding_rate_changes,26,0.0
eta000_rho100_q64,tie_binding_updates,26,201.0
eta000_rho100_q64,timeout_recoveries,26,0.0
eta000_rho075_q64,1BDP_to_1MB_fct_us_mean,26,44.95155612244898
eta000_rho075_q64,1BDP_to_1MB_fct_us_p95,26,127.20775
eta000_rho075_q64,1BDP_to_1MB_fct_us_p99,26,169.51760000000058
eta000_rho075_q64,1BDP_to_1MB_flow_count,26,196.0
eta000_rho075_q64,1BDP_to_1MB_slowdown_mean,26,1.2908141910217446
eta000_rho075_q64,1BDP_to_1MB_slowdown_p95,26,1.8326365114595584
eta000_rho075_q64,1BDP_to_1MB_slowdown_p99,26,2.448714176102908
eta000_rho075_q64,8KB_to_1BDP_fct_us_mean,26,9.186269801980199
eta000_rho075_q64,8KB_to_1BDP_fct_us_p95,26,15.439499999999999
eta000_rho075_q64,8KB_to_1BDP_fct_us_p99,26,18.282499999999985
eta000_rho075_q64,8KB_to_1BDP_flow_count,26,1616.0
eta000_rho075_q64,8KB_to_1BDP_slowdown_mean,26,1.0462684658762782
eta000_rho075_q64,8KB_to_1BDP_slowdown_p95,26,1.202814979997126
eta000_rho075_q64,8KB_to_1BDP_slowdown_p99,26,1.4056016572469165
eta000_rho075_q64,aggregate_goodput_gbps,26,179.43588314170094
eta000_rho075_q64,completion_releases,26,0.0
eta000_rho075_q64,completion_span_us,26,10152.946
eta000_rho075_q64,grant_binding_rate_changes,26,0.0
eta000_rho075_q64,grant_binding_updates,26,89.0
eta000_rho075_q64,grant_bytes_sent,26,295160.0
eta000_rho075_q64,grant_event_rate_changes,26,1434.0
eta000_rho075_q64,grants_received,26,3140.0
eta000_rho075_q64,grants_sent,26,3140.0
eta000_rho075_q64,gt_1MB_fct_us_mean,26,256.06772727272727
eta000_rho075_q64,gt_1MB_fct_us_p95,26,416.65450000000004
eta000_rho075_q64,gt_1MB_fct_us_p99,26,466.6588999999998
eta000_rho075_q64,gt_1MB_flow_count,26,66.0
eta000_rho075_q64,gt_1MB_slowdown_mean,26,1.8704849151342255
eta000_rho075_q64,gt_1MB_slowdown_p95,26,2.7784998912249845
eta000_rho075_q64,gt_1MB_slowdown_p99,26,3.703446466760497
eta000_rho075_q64,guard_ack_interval_packets,26,8.0
eta000_rho075_q64,guard_adaptive_grant_updates,26,0.0
eta000_rho075_q64,guard_fixed_window,26,1.0
eta000_rho075_q64,guard_grant_refresh_bdps,26,1.0
eta000_rho075_q64,guard_long_acks_suppressed,26,150004.0
eta000_rho075_q64,guard_min_share_fraction,26,0.0
eta000_rho075_q64,guard_one_rtt_acks_suppressed,26,53020.0
eta000_rho075_q64,guard_one_rtt_bypass_enabled,26,1.0
eta000_rho075_q64,guard_one_rtt_bypass_feedbacks,26,5767.0
eta000_rho075_q64,guard_one_rtt_bypass_flows,26,5767.0
eta000_rho075_q64,guard_rebalance_events,26,0.0
eta000_rho075_q64,guard_remaining_aware,26,1.0
eta000_rho075_q64,guard_remaining_exponent,26,0.75
eta000_rho075_q64,guard_remaining_refresh_events,26,1962.0
eta000_rho075_q64,guard_sender_srpt_enabled,26,1.0
eta000_rho075_q64,guard_sender_srpt_forced_rr,26,92.0
eta000_rho075_q64,guard_sender_srpt_non_rr,26,29714.0
eta000_rho075_q64,guard_sender_srpt_selections,26,230761.0
eta000_rho075_q64,guard_srpt_quantum_packets,26,64.0
eta000_rho075_q64,guard_tail_bypass_bdps,26,8.0
eta000_rho075_q64,guard_tail_bypass_enabled,26,1.0
eta000_rho075_q64,guard_tail_bypass_feedbacks,26,13290.0
eta000_rho075_q64,guard_tail_bypass_flows,26,361.0
eta000_rho075_q64,hpcc_actual_rate_changes,26,18.0
eta000_rho075_q64,hpcc_fast_computations,26,0.0
eta000_rho075_q64,hpcc_feedback_updates,26,1539.0
eta000_rho075_q64,hpcc_full_computations,26,303.0
eta000_rho075_q64,hpcc_rate_updates_applied,26,303.0
eta000_rho075_q64,hpcc_valid_feedback,26,345.0
eta000_rho075_q64,int_hops_after_strip,26,29088.0
eta000_rho075_q64,int_hops_before_strip,26,56825.0
eta000_rho075_q64,int_records_stripped,26,27737.0
eta000_rho075_q64,irn_nacks_generated,26,0.0
eta000_rho075_q64,irn_nacks_received,26,0.0
eta000_rho075_q64,irn_retransmit_bytes,26,0.0
eta000_rho075_q64,irn_retransmit_packets,26,0.0
eta000_rho075_q64,le_8KB_fct_us_mean,26,6.981400235294118
eta000_rho075_q64,le_8KB_fct_us_p95,26,9.13055
eta000_rho075_q64,le_8KB_fct_us_p99,26,9.377120000000001
eta000_rho075_q64,le_8KB_flow_count,26,4250.0
eta000_rho075_q64,le_8KB_slowdown_mean,26,1.0104034916508808
eta000_rho075_q64,le_8KB_slowdown_p95,26,1.040288787402957
eta000_rho075_q64,le_8KB_slowdown_p99,26,1.0867540698726343
eta000_rho075_q64,long_to_small_slowdown_mean_ratio,26,1.8512257039789841
eta000_rho075_q64,max_active_flows,26,3.0
eta000_rho075_q64,overall_fct_us_mean,26,11.460009464751957
eta000_rho075_q64,overall_fct_us_p95,26,16.133349999999993
eta000_rho075_q64,overall_fct_us_p99,26,165.4135499999988
eta000_rho075_q64,overall_flow_count,26,6128.0
eta000_rho075_q64,overall_slowdown_mean,26,1.0380933854783665
eta000_rho075_q64,overall_slowdown_p95,26,1.1403246661876785
eta000_rho075_q64,overall_slowdown_p99,26,1.629762380742282
eta000_rho075_q64,pfc_pause_events,26,0.0
eta000_rho075_q64,pfc_resume_events,26,0.0
eta000_rho075_q64,proactive_releases,26,361.0
eta000_rho075_q64,queue_bytes_max,26,229990.0
eta000_rho075_q64,queue_bytes_mean,26,2028.245
eta000_rho075_q64,queue_bytes_p95,26,6540.0
eta000_rho075_q64,queue_bytes_p99,26,63220.0
eta000_rho075_q64,queue_sample_count,26,160000.0
eta000_rho075_q64,reactive_binding_rate_changes,26,18.0
eta000_rho075_q64,reactive_binding_updates,26,18.0
eta000_rho075_q64,recovery_nacks_generated,26,0.0
eta000_rho075_q64,recovery_nacks_received,26,0.0
eta000_rho075_q64,registrations,26,361.0
eta000_rho075_q64,selected_registrations,26,361.0
eta000_rho075_q64,tie_binding_rate_changes,26,0.0
eta000_rho075_q64,tie_binding_updates,26,196.0
eta000_rho075_q64,timeout_recoveries,26,0.0
eta000_rho050_q64,1BDP_to_1MB_fct_us_mean,26,45.451933673469384
eta000_rho050_q64,1BDP_to_1MB_fct_us_p95,26,132.76625
eta000_rho050_q64,1BDP_to_1MB_fct_us_p99,26,169.60195000000058
eta000_rho050_q64,1BDP_to_1MB_flow_count,26,196.0
eta000_rho050_q64,1BDP_to_1MB_slowdown_mean,26,1.3058641516618381
eta000_rho050_q64,1BDP_to_1MB_slowdown_p95,26,1.9269305473280325
eta000_rho050_q64,1BDP_to_1MB_slowdown_p99,26,2.4735339884825875
eta000_rho050_q64,8KB_to_1BDP_fct_us_mean,26,9.188566831683168
eta000_rho050_q64,8KB_to_1BDP_fct_us_p95,26,15.4655
eta000_rho050_q64,8KB_to_1BDP_fct_us_p99,26,18.288449999999987
eta000_rho050_q64,8KB_to_1BDP_flow_count,26,1616.0
eta000_rho050_q64,8KB_to_1BDP_slowdown_mean,26,1.0463793582148753
eta000_rho050_q64,8KB_to_1BDP_slowdown_p95,26,1.2031663115413365
eta000_rho050_q64,8KB_to_1BDP_slowdown_p99,26,1.4154072697264608
eta000_rho050_q64,aggregate_goodput_gbps,26,179.45152536021996
eta000_rho050_q64,completion_releases,26,0.0
eta000_rho050_q64,completion_span_us,26,10152.061
eta000_rho050_q64,grant_binding_rate_changes,26,0.0
eta000_rho050_q64,grant_binding_updates,26,93.0
eta000_rho050_q64,grant_bytes_sent,26,297792.0
eta000_rho050_q64,grant_event_rate_changes,26,1483.0
eta000_rho050_q64,grants_received,26,3168.0
eta000_rho050_q64,grants_sent,26,3168.0
eta000_rho050_q64,gt_1MB_fct_us_mean,26,256.7624090909091
eta000_rho050_q64,gt_1MB_fct_us_p95,26,409.83500000000004
eta000_rho050_q64,gt_1MB_fct_us_p99,26,470.1714499999997
eta000_rho050_q64,gt_1MB_flow_count,26,66.0
eta000_rho050_q64,gt_1MB_slowdown_mean,26,1.8754550476506477
eta000_rho050_q64,gt_1MB_slowdown_p95,26,2.78055092580549
eta000_rho050_q64,gt_1MB_slowdown_p99,26,3.731754305036951
eta000_rho050_q64,guard_ack_interval_packets,26,8.0
eta000_rho050_q64,guard_adaptive_grant_updates,26,0.0
eta000_rho050_q64,guard_fixed_window,26,1.0
eta000_rho050_q64,guard_grant_refresh_bdps,26,1.0
eta000_rho050_q64,guard_long_acks_suppressed,26,150004.0
eta000_rho050_q64,guard_min_share_fraction,26,0.0
eta000_rho050_q64,guard_one_rtt_acks_suppressed,26,53020.0
eta000_rho050_q64,guard_one_rtt_bypass_enabled,26,1.0
eta000_rho050_q64,guard_one_rtt_bypass_feedbacks,26,5767.0
eta000_rho050_q64,guard_one_rtt_bypass_flows,26,5767.0
eta000_rho050_q64,guard_rebalance_events,26,0.0
eta000_rho050_q64,guard_remaining_aware,26,1.0
eta000_rho050_q64,guard_remaining_exponent,26,0.5
eta000_rho050_q64,guard_remaining_refresh_events,26,1962.0
eta000_rho050_q64,guard_sender_srpt_enabled,26,1.0
eta000_rho050_q64,guard_sender_srpt_forced_rr,26,85.0
eta000_rho050_q64,guard_sender_srpt_non_rr,26,29860.0
eta000_rho050_q64,guard_sender_srpt_selections,26,230761.0
eta000_rho050_q64,guard_srpt_quantum_packets,26,64.0
eta000_rho050_q64,guard_tail_bypass_bdps,26,8.0
eta000_rho050_q64,guard_tail_bypass_enabled,26,1.0
eta000_rho050_q64,guard_tail_bypass_feedbacks,26,13290.0
eta000_rho050_q64,guard_tail_bypass_flows,26,361.0
eta000_rho050_q64,hpcc_actual_rate_changes,26,18.0
eta000_rho050_q64,hpcc_fast_computations,26,0.0
eta000_rho050_q64,hpcc_feedback_updates,26,1531.0
eta000_rho050_q64,hpcc_full_computations,26,302.0
eta000_rho050_q64,hpcc_rate_updates_applied,26,302.0
eta000_rho050_q64,hpcc_valid_feedback,26,344.0
eta000_rho050_q64,int_hops_after_strip,26,29088.0
eta000_rho050_q64,int_hops_before_strip,26,56825.0
eta000_rho050_q64,int_records_stripped,26,27737.0
eta000_rho050_q64,irn_nacks_generated,26,0.0
eta000_rho050_q64,irn_nacks_received,26,0.0
eta000_rho050_q64,irn_retransmit_bytes,26,0.0
eta000_rho050_q64,irn_retransmit_packets,26,0.0
eta000_rho050_q64,le_8KB_fct_us_mean,26,6.981584
eta000_rho050_q64,le_8KB_fct_us_p95,26,9.123550000000002
eta000_rho050_q64,le_8KB_fct_us_p99,26,9.372530000000001
eta000_rho050_q64,le_8KB_flow_count,26,4250.0
eta000_rho050_q64,le_8KB_slowdown_mean,26,1.01043236037495
eta000_rho050_q64,le_8KB_slowdown_p95,26,1.040357169401784
eta000_rho050_q64,le_8KB_slowdown_p99,26,1.0854005846366894
eta000_rho050_q64,long_to_small_slowdown_mean_ratio,26,1.8560916308684987
eta000_rho050_q64,max_active_flows,26,3.0
eta000_rho050_q64,overall_fct_us_mean,26,11.484228785900784
eta000_rho050_q64,overall_fct_us_p95,26,16.19524999999997
eta000_rho050_q64,overall_fct_us_p99,26,165.43703999999883
eta000_rho050_q64,overall_flow_count,26,6128.0
eta000_rho050_q64,overall_slowdown_mean,26,1.0386775426467754
eta000_rho050_q64,overall_slowdown_p95,26,1.1410367244226203
eta000_rho050_q64,overall_slowdown_p99,26,1.651963768989411
eta000_rho050_q64,pfc_pause_events,26,0.0
eta000_rho050_q64,pfc_resume_events,26,0.0
eta000_rho050_q64,proactive_releases,26,361.0
eta000_rho050_q64,queue_bytes_max,26,228900.0
eta000_rho050_q64,queue_bytes_mean,26,2072.643
eta000_rho050_q64,queue_bytes_p95,26,6540.0
eta000_rho050_q64,queue_bytes_p99,26,64310.0
eta000_rho050_q64,queue_sample_count,26,160000.0
eta000_rho050_q64,reactive_binding_rate_changes,26,18.0
eta000_rho050_q64,reactive_binding_updates,26,18.0
eta000_rho050_q64,recovery_nacks_generated,26,0.0
eta000_rho050_q64,recovery_nacks_received,26,0.0
eta000_rho050_q64,registrations,26,361.0
eta000_rho050_q64,selected_registrations,26,361.0
eta000_rho050_q64,tie_binding_rate_changes,26,0.0
eta000_rho050_q64,tie_binding_updates,26,191.0
eta000_rho050_q64,timeout_recoveries,26,0.0
eta010_rho100_q64,1BDP_to_1MB_fct_us_mean,26,44.84693367346939
eta010_rho100_q64,1BDP_to_1MB_fct_us_p95,26,127.8895
eta010_rho100_q64,1BDP_to_1MB_fct_us_p99,26,169.76315000000054
eta010_rho100_q64,1BDP_to_1MB_flow_count,26,196.0
eta010_rho100_q64,1BDP_to_1MB_slowdown_mean,26,1.287836506053386
eta010_rho100_q64,1BDP_to_1MB_slowdown_p95,26,1.8042194713645074
eta010_rho100_q64,1BDP_to_1MB_slowdown_p99,26,2.418356235441007
eta010_rho100_q64,8KB_to_1BDP_fct_us_mean,26,9.180510519801981
eta010_rho100_q64,8KB_to_1BDP_fct_us_p95,26,15.362750000000002
eta010_rho100_q64,8KB_to_1BDP_fct_us_p99,26,18.292499999999986
eta010_rho100_q64,8KB_to_1BDP_flow_count,26,1616.0
eta010_rho100_q64,8KB_to_1BDP_slowdown_mean,26,1.0456899924092324
eta010_rho100_q64,8KB_to_1BDP_slowdown_p95,26,1.2025424995110332
eta010_rho100_q64,8KB_to_1BDP_slowdown_p99,26,1.412673791902245
eta010_rho100_q64,aggregate_goodput_gbps,26,179.42671117692333
eta010_rho100_q64,completion_releases,26,0.0
eta010_rho100_q64,completion_span_us,26,10153.465
eta010_rho100_q64,grant_binding_rate_changes,26,0.0
eta010_rho100_q64,grant_binding_updates,26,89.0
eta010_rho100_q64,grant_bytes_sent,26,294220.0
eta010_rho100_q64,grant_event_rate_changes,26,1415.0
eta010_rho100_q64,grants_received,26,3130.0
eta010_rho100_q64,grants_sent,26,3130.0
eta010_rho100_q64,gt_1MB_fct_us_mean,26,255.5230303030303
eta010_rho100_q64,gt_1MB_fct_us_p95,26,417.733
eta010_rho100_q64,gt_1MB_fct_us_p99,26,456.08379999999977
eta010_rho100_q64,gt_1MB_flow_count,26,66.0
eta010_rho100_q64,gt_1MB_slowdown_mean,26,1.8665132470855688
eta010_rho100_q64,gt_1MB_slowdown_p95,26,2.781454185375962
eta010_rho100_q64,gt_1MB_slowdown_p99,26,3.6191752278583493
eta010_rho100_q64,guard_ack_interval_packets,26,8.0
eta010_rho100_q64,guard_adaptive_grant_updates,26,0.0
eta010_rho100_q64,guard_fixed_window,26,1.0
eta010_rho100_q64,guard_grant_refresh_bdps,26,1.0
eta010_rho100_q64,guard_long_acks_suppressed,26,150004.0
eta010_rho100_q64,guard_min_share_fraction,26,0.1
eta010_rho100_q64,guard_one_rtt_acks_suppressed,26,53020.0
eta010_rho100_q64,guard_one_rtt_bypass_enabled,26,1.0
eta010_rho100_q64,guard_one_rtt_bypass_feedbacks,26,5767.0
eta010_rho100_q64,guard_one_rtt_bypass_flows,26,5767.0
eta010_rho100_q64,guard_rebalance_events,26,0.0
eta010_rho100_q64,guard_remaining_aware,26,1.0
eta010_rho100_q64,guard_remaining_exponent,26,1.0
eta010_rho100_q64,guard_remaining_refresh_events,26,1962.0
eta010_rho100_q64,guard_sender_srpt_enabled,26,1.0
eta010_rho100_q64,guard_sender_srpt_forced_rr,26,90.0
eta010_rho100_q64,guard_sender_srpt_non_rr,26,29814.0
eta010_rho100_q64,guard_sender_srpt_selections,26,230761.0
eta010_rho100_q64,guard_srpt_quantum_packets,26,64.0
eta010_rho100_q64,guard_tail_bypass_bdps,26,8.0
eta010_rho100_q64,guard_tail_bypass_enabled,26,1.0
eta010_rho100_q64,guard_tail_bypass_feedbacks,26,13289.0
eta010_rho100_q64,guard_tail_bypass_flows,26,361.0
eta010_rho100_q64,hpcc_actual_rate_changes,26,18.0
eta010_rho100_q64,hpcc_fast_computations,26,0.0
eta010_rho100_q64,hpcc_feedback_updates,26,1538.0
eta010_rho100_q64,hpcc_full_computations,26,307.0
eta010_rho100_q64,hpcc_rate_updates_applied,26,307.0
eta010_rho100_q64,hpcc_valid_feedback,26,349.0
eta010_rho100_q64,int_hops_after_strip,26,29088.0
eta010_rho100_q64,int_hops_before_strip,26,56825.0
eta010_rho100_q64,int_records_stripped,26,27737.0
eta010_rho100_q64,irn_nacks_generated,26,0.0
eta010_rho100_q64,irn_nacks_received,26,0.0
eta010_rho100_q64,irn_retransmit_bytes,26,0.0
eta010_rho100_q64,irn_retransmit_packets,26,0.0
eta010_rho100_q64,le_8KB_fct_us_mean,26,6.981262588235294
eta010_rho100_q64,le_8KB_fct_us_p95,26,9.136
eta010_rho100_q64,le_8KB_fct_us_p99,26,9.378080000000002
eta010_rho100_q64,le_8KB_flow_count,26,4250.0
eta010_rho100_q64,le_8KB_slowdown_mean,26,1.0103764057063431
eta010_rho100_q64,le_8KB_slowdown_p95,26,1.0398811042940448
eta010_rho100_q64,le_8KB_slowdown_p99,26,1.0860150738707395
eta010_rho100_q64,long_to_small_slowdown_mean_ratio,26,1.8473444515766475
eta010_rho100_q64,max_active_flows,26,3.0
eta010_rho100_q64,overall_fct_us_mean,26,11.449182441253264
eta010_rho100_q64,overall_fct_us_p95,26,16.133349999999993
eta010_rho100_q64,overall_fct_us_p99,26,165.53099999999898
eta010_rho100_q64,overall_flow_count,26,6128.0
eta010_rho100_q64,overall_slowdown_mean,26,1.037784037447681
eta010_rho100_q64,overall_slowdown_p95,26,1.1396605841969745
eta010_rho100_q64,overall_slowdown_p99,26,1.6288309018600573
eta010_rho100_q64,pfc_pause_events,26,0.0
eta010_rho100_q64,pfc_resume_events,26,0.0
eta010_rho100_q64,proactive_releases,26,361.0
eta010_rho100_q64,queue_bytes_max,26,229990.0
eta010_rho100_q64,queue_bytes_mean,26,2006.766
eta010_rho100_q64,queue_bytes_p95,26,6540.0
eta010_rho100_q64,queue_bytes_p99,26,63220.0
eta010_rho100_q64,queue_sample_count,26,160000.0
eta010_rho100_q64,reactive_binding_rate_changes,26,18.0
eta010_rho100_q64,reactive_binding_updates,26,18.0
eta010_rho100_q64,recovery_nacks_generated,26,0.0
eta010_rho100_q64,recovery_nacks_received,26,0.0
eta010_rho100_q64,registrations,26,361.0
eta010_rho100_q64,selected_registrations,26,361.0
eta010_rho100_q64,tie_binding_rate_changes,26,0.0
eta010_rho100_q64,tie_binding_updates,26,200.0
eta010_rho100_q64,timeout_recoveries,26,0.0
eta010_rho075_q64,1BDP_to_1MB_fct_us_mean,26,45.225576530612244
eta010_rho075_q64,1BDP_to_1MB_fct_us_p95,26,129.56475
eta010_rho075_q64,1BDP_to_1MB_fct_us_p99,26,169.25560000000058
eta010_rho075_q64,1BDP_to_1MB_flow_count,26,196.0
eta010_rho075_q64,1BDP_to_1MB_slowdown_mean,26,1.2991723910405792
eta010_rho075_q64,1BDP_to_1MB_slowdown_p95,26,1.854055645132828
eta010_rho075_q64,1BDP_to_1MB_slowdown_p99,26,2.4587865582098996
eta010_rho075_q64,8KB_to_1BDP_fct_us_mean,26,9.183241336633664
eta010_rho075_q64,8KB_to_1BDP_fct_us_p95,26,15.342500000000001
eta010_rho075_q64,8KB_to_1BDP_fct_us_p99,26,18.281649999999985
eta010_rho075_q64,8KB_to_1BDP_flow_count,26,1616.0
eta010_rho075_q64,8KB_to_1BDP_slowdown_mean,26,1.0458514083104697
eta010_rho075_q64,8KB_to_1BDP_slowdown_p95,26,1.2025424995110332
eta010_rho075_q64,8KB_to_1BDP_slowdown_p99,26,1.406229779100611
eta010_rho075_q64,aggregate_goodput_gbps,26,179.44203365483398
eta010_rho075_q64,completion_releases,26,0.0
eta010_rho075_q64,completion_span_us,26,10152.598
eta010_rho075_q64,grant_binding_rate_changes,26,0.0
eta010_rho075_q64,grant_binding_updates,26,90.0
eta010_rho075_q64,grant_bytes_sent,26,295442.0
eta010_rho075_q64,grant_event_rate_changes,26,1443.0
eta010_rho075_q64,grants_received,26,3143.0
eta010_rho075_q64,grants_sent,26,3143.0
eta010_rho075_q64,gt_1MB_fct_us_mean,26,256.16345454545456
eta010_rho075_q64,gt_1MB_fct_us_p95,26,414.5805
eta010_rho075_q64,gt_1MB_fct_us_p99,26,461.81719999999973
eta010_rho075_q64,gt_1MB_flow_count,26,66.0
eta010_rho075_q64,gt_1MB_slowdown_mean,26,1.8711902108869822
eta010_rho075_q64,gt_1MB_slowdown_p95,26,2.7780705546013205
eta010_rho075_q64,gt_1MB_slowdown_p99,26,3.6661045430240424
eta010_rho075_q64,guard_ack_interval_packets,26,8.0
eta010_rho075_q64,guard_adaptive_grant_updates,26,0.0
eta010_rho075_q64,guard_fixed_window,26,1.0
eta010_rho075_q64,guard_grant_refresh_bdps,26,1.0
eta010_rho075_q64,guard_long_acks_suppressed,26,150004.0
eta010_rho075_q64,guard_min_share_fraction,26,0.1
eta010_rho075_q64,guard_one_rtt_acks_suppressed,26,53020.0
eta010_rho075_q64,guard_one_rtt_bypass_enabled,26,1.0
eta010_rho075_q64,guard_one_rtt_bypass_feedbacks,26,5767.0
eta010_rho075_q64,guard_one_rtt_bypass_flows,26,5767.0
eta010_rho075_q64,guard_rebalance_events,26,0.0
eta010_rho075_q64,guard_remaining_aware,26,1.0
eta010_rho075_q64,guard_remaining_exponent,26,0.75
eta010_rho075_q64,guard_remaining_refresh_events,26,1960.0
eta010_rho075_q64,guard_sender_srpt_enabled,26,1.0
eta010_rho075_q64,guard_sender_srpt_forced_rr,26,90.0
eta010_rho075_q64,guard_sender_srpt_non_rr,26,29738.0
eta010_rho075_q64,guard_sender_srpt_selections,26,230761.0
eta010_rho075_q64,guard_srpt_quantum_packets,26,64.0
eta010_rho075_q64,guard_tail_bypass_bdps,26,8.0
eta010_rho075_q64,guard_tail_bypass_enabled,26,1.0
eta010_rho075_q64,guard_tail_bypass_feedbacks,26,13289.0
eta010_rho075_q64,guard_tail_bypass_flows,26,361.0
eta010_rho075_q64,hpcc_actual_rate_changes,26,18.0
eta010_rho075_q64,hpcc_fast_computations,26,0.0
eta010_rho075_q64,hpcc_feedback_updates,26,1536.0
eta010_rho075_q64,hpcc_full_computations,26,301.0
eta010_rho075_q64,hpcc_rate_updates_applied,26,301.0
eta010_rho075_q64,hpcc_valid_feedback,26,343.0
eta010_rho075_q64,int_hops_after_strip,26,29088.0
eta010_rho075_q64,int_hops_before_strip,26,56825.0
eta010_rho075_q64,int_records_stripped,26,27737.0
eta010_rho075_q64,irn_nacks_generated,26,0.0
eta010_rho075_q64,irn_nacks_received,26,0.0
eta010_rho075_q64,irn_retransmit_bytes,26,0.0
eta010_rho075_q64,irn_retransmit_packets,26,0.0
eta010_rho075_q64,le_8KB_fct_us_mean,26,6.981582117647059
eta010_rho075_q64,le_8KB_fct_us_p95,26,9.137550000000001
eta010_rho075_q64,le_8KB_fct_us_p99,26,9.362080000000002
eta010_rho075_q64,le_8KB_flow_count,26,4250.0
eta010_rho075_q64,le_8KB_slowdown_mean,26,1.0104337498295435
eta010_rho075_q64,le_8KB_slowdown_p95,26,1.0403050436113375
eta010_rho075_q64,le_8KB_slowdown_p99,26,1.0873652793393398
eta010_rho075_q64,long_to_small_slowdown_mean_ratio,26,1.8518682805306586
eta010_rho075_q64,max_active_flows,26,3.0
eta010_rho075_q64,overall_fct_us_mean,26,11.469132343342036
eta010_rho075_q64,overall_fct_us_p95,26,16.133349999999993
eta010_rho075_q64,overall_fct_us_p99,26,165.90386999999959
eta010_rho075_q64,overall_flow_count,26,6128.0
eta010_rho075_q64,overall_slowdown_mean,26,1.038279317096569
eta010_rho075_q64,overall_slowdown_p95,26,1.140989089363893
eta010_rho075_q64,overall_slowdown_p99,26,1.648737563532809
eta010_rho075_q64,pfc_pause_events,26,0.0
eta010_rho075_q64,pfc_resume_events,26,0.0
eta010_rho075_q64,proactive_releases,26,361.0
eta010_rho075_q64,queue_bytes_max,26,229990.0
eta010_rho075_q64,queue_bytes_mean,26,2045.778
eta010_rho075_q64,queue_bytes_p95,26,6540.0
eta010_rho075_q64,queue_bytes_p99,26,64310.0
eta010_rho075_q64,queue_sample_count,26,160000.0
eta010_rho075_q64,reactive_binding_rate_changes,26,18.0
eta010_rho075_q64,reactive_binding_updates,26,18.0
eta010_rho075_q64,recovery_nacks_generated,26,0.0
eta010_rho075_q64,recovery_nacks_received,26,0.0
eta010_rho075_q64,registrations,26,361.0
eta010_rho075_q64,selected_registrations,26,361.0
eta010_rho075_q64,tie_binding_rate_changes,26,0.0
eta010_rho075_q64,tie_binding_updates,26,193.0
eta010_rho075_q64,timeout_recoveries,26,0.0
eta010_rho050_q64,1BDP_to_1MB_fct_us_mean,26,45.52282653061224
eta010_rho050_q64,1BDP_to_1MB_fct_us_p95,26,133.43325
eta010_rho050_q64,1BDP_to_1MB_fct_us_p99,26,169.74905000000058
eta010_rho050_q64,1BDP_to_1MB_flow_count,26,196.0
eta010_rho050_q64,1BDP_to_1MB_slowdown_mean,26,1.3071609247917337
eta010_rho050_q64,1BDP_to_1MB_slowdown_p95,26,1.917531334981442
eta010_rho050_q64,1BDP_to_1MB_slowdown_p99,26,2.479389089501693
eta010_rho050_q64,8KB_to_1BDP_fct_us_mean,26,9.185926361386139
eta010_rho050_q64,8KB_to_1BDP_fct_us_p95,26,15.399750000000001
eta010_rho050_q64,8KB_to_1BDP_fct_us_p99,26,18.286549999999984
eta010_rho050_q64,8KB_to_1BDP_flow_count,26,1616.0
eta010_rho050_q64,8KB_to_1BDP_slowdown_mean,26,1.0461137993277372
eta010_rho050_q64,8KB_to_1BDP_slowdown_p95,26,1.203959376023907
eta010_rho050_q64,8KB_to_1BDP_slowdown_p99,26,1.4164586882167838
eta010_rho050_q64,aggregate_goodput_gbps,26,179.45408846960515
eta010_rho050_q64,completion_releases,26,0.0
eta010_rho050_q64,completion_span_us,26,10151.916
eta010_rho050_q64,grant_binding_rate_changes,26,0.0
eta010_rho050_q64,grant_binding_updates,26,94.0
eta010_rho050_q64,grant_bytes_sent,26,298168.0
eta010_rho050_q64,grant_event_rate_changes,26,1488.0
eta010_rho050_q64,grants_received,26,3172.0
eta010_rho050_q64,grants_sent,26,3172.0
eta010_rho050_q64,gt_1MB_fct_us_mean,26,256.8164242424242
eta010_rho050_q64,gt_1MB_fct_us_p95,26,408.52275
eta010_rho050_q64,gt_1MB_fct_us_p99,26,467.4877499999998
eta010_rho050_q64,gt_1MB_flow_count,26,66.0
eta010_rho050_q64,gt_1MB_slowdown_mean,26,1.8754913162995241
eta010_rho050_q64,gt_1MB_slowdown_p95,26,2.77957865629582
eta010_rho050_q64,gt_1MB_slowdown_p99,26,3.709489026323378
eta010_rho050_q64,guard_ack_interval_packets,26,8.0
eta010_rho050_q64,guard_adaptive_grant_updates,26,0.0
eta010_rho050_q64,guard_fixed_window,26,1.0
eta010_rho050_q64,guard_grant_refresh_bdps,26,1.0
eta010_rho050_q64,guard_long_acks_suppressed,26,150004.0
eta010_rho050_q64,guard_min_share_fraction,26,0.1
eta010_rho050_q64,guard_one_rtt_acks_suppressed,26,53020.0
eta010_rho050_q64,guard_one_rtt_bypass_enabled,26,1.0
eta010_rho050_q64,guard_one_rtt_bypass_feedbacks,26,5767.0
eta010_rho050_q64,guard_one_rtt_bypass_flows,26,5767.0
eta010_rho050_q64,guard_rebalance_events,26,0.0
eta010_rho050_q64,guard_remaining_aware,26,1.0
eta010_rho050_q64,guard_remaining_exponent,26,0.5
eta010_rho050_q64,guard_remaining_refresh_events,26,1960.0
eta010_rho050_q64,guard_sender_srpt_enabled,26,1.0
eta010_rho050_q64,guard_sender_srpt_forced_rr,26,86.0
eta010_rho050_q64,guard_sender_srpt_non_rr,26,29746.0
eta010_rho050_q64,guard_sender_srpt_selections,26,230761.0
eta010_rho050_q64,guard_srpt_quantum_packets,26,64.0
eta010_rho050_q64,guard_tail_bypass_bdps,26,8.0
eta010_rho050_q64,guard_tail_bypass_enabled,26,1.0
eta010_rho050_q64,guard_tail_bypass_feedbacks,26,13290.0
eta010_rho050_q64,guard_tail_bypass_flows,26,361.0
eta010_rho050_q64,hpcc_actual_rate_changes,26,18.0
eta010_rho050_q64,hpcc_fast_computations,26,0.0
eta010_rho050_q64,hpcc_feedback_updates,26,1530.0
eta010_rho050_q64,hpcc_full_computations,26,301.0
eta010_rho050_q64,hpcc_rate_updates_applied,26,301.0
eta010_rho050_q64,hpcc_valid_feedback,26,343.0
eta010_rho050_q64,int_hops_after_strip,26,29088.0
eta010_rho050_q64,int_hops_before_strip,26,56825.0
eta010_rho050_q64,int_records_stripped,26,27737.0
eta010_rho050_q64,irn_nacks_generated,26,0.0
eta010_rho050_q64,irn_nacks_received,26,0.0
eta010_rho050_q64,irn_retransmit_bytes,26,0.0
eta010_rho050_q64,irn_retransmit_packets,26,0.0
eta010_rho050_q64,le_8KB_fct_us_mean,26,6.981387529411765
eta010_rho050_q64,le_8KB_fct_us_p95,26,9.131
eta010_rho050_q64,le_8KB_fct_us_p99,26,9.364630000000002
eta010_rho050_q64,le_8KB_flow_count,26,4250.0
eta010_rho050_q64,le_8KB_slowdown_mean,26,1.0103857007617552
eta010_rho050_q64,le_8KB_slowdown_p95,26,1.0399319802223403
eta010_rho050_q64,le_8KB_slowdown_p99,26,1.0847134758636536
eta010_rho050_q64,long_to_small_slowdown_mean_ratio,26,1.8562132410281975
eta010_rho050_q64,max_active_flows,26,4.0
eta010_rho050_q64,overall_fct_us_mean,26,11.486245430809399
eta010_rho050_q64,overall_fct_us_p95,26,16.245949999999944
eta010_rho050_q64,overall_fct_us_p99,26,165.62306999999913
eta010_rho050_q64,overall_flow_count,26,6128.0
eta010_rho050_q64,overall_slowdown_mean,26,1.0386170195962845
eta010_rho050_q64,overall_slowdown_p95,26,1.1412880161610626
eta010_rho050_q64,overall_slowdown_p99,26,1.6563046558945356
eta010_rho050_q64,pfc_pause_events,26,0.0
eta010_rho050_q64,pfc_resume_events,26,0.0
eta010_rho050_q64,proactive_releases,26,361.0
eta010_rho050_q64,queue_bytes_max,26,229990.0
eta010_rho050_q64,queue_bytes_mean,26,2083.984
eta010_rho050_q64,queue_bytes_p95,26,6540.0
eta010_rho050_q64,queue_bytes_p99,26,64310.0
eta010_rho050_q64,queue_sample_count,26,160000.0
eta010_rho050_q64,reactive_binding_rate_changes,26,18.0
eta010_rho050_q64,reactive_binding_updates,26,18.0
eta010_rho050_q64,recovery_nacks_generated,26,0.0
eta010_rho050_q64,recovery_nacks_received,26,0.0
eta010_rho050_q64,registrations,26,361.0
eta010_rho050_q64,selected_registrations,26,361.0
eta010_rho050_q64,tie_binding_rate_changes,26,0.0
eta010_rho050_q64,tie_binding_updates,26,189.0
eta010_rho050_q64,timeout_recoveries,26,0.0
eta020_rho100_q64,1BDP_to_1MB_fct_us_mean,26,44.96134693877551
eta020_rho100_q64,1BDP_to_1MB_fct_us_p95,26,127.76725
eta020_rho100_q64,1BDP_to_1MB_fct_us_p99,26,169.56130000000056
eta020_rho100_q64,1BDP_to_1MB_flow_count,26,196.0
eta020_rho100_q64,1BDP_to_1MB_slowdown_mean,26,1.2909673017585768
eta020_rho100_q64,1BDP_to_1MB_slowdown_p95,26,1.8164594952474808
eta020_rho100_q64,1BDP_to_1MB_slowdown_p99,26,2.447615742574372
eta020_rho100_q64,8KB_to_1BDP_fct_us_mean,26,9.184165841584157
eta020_rho100_q64,8KB_to_1BDP_fct_us_p95,26,15.42725
eta020_rho100_q64,8KB_to_1BDP_fct_us_p99,26,18.280599999999986
eta020_rho100_q64,8KB_to_1BDP_flow_count,26,1616.0
eta020_rho100_q64,8KB_to_1BDP_slowdown_mean,26,1.0459677464957402
eta020_rho100_q64,8KB_to_1BDP_slowdown_p95,26,1.202901407034131
eta020_rho100_q64,8KB_to_1BDP_slowdown_p99,26,1.414766290231024
eta020_rho100_q64,aggregate_goodput_gbps,26,179.4328080432419
eta020_rho100_q64,completion_releases,26,0.0
eta020_rho100_q64,completion_span_us,26,10153.12
eta020_rho100_q64,grant_binding_rate_changes,26,0.0
eta020_rho100_q64,grant_binding_updates,26,89.0
eta020_rho100_q64,grant_bytes_sent,26,294972.0
eta020_rho100_q64,grant_event_rate_changes,26,1428.0
eta020_rho100_q64,grants_received,26,3138.0
eta020_rho100_q64,grants_sent,26,3138.0
eta020_rho100_q64,gt_1MB_fct_us_mean,26,255.71136363636364
eta020_rho100_q64,gt_1MB_fct_us_p95,26,416.968
eta020_rho100_q64,gt_1MB_fct_us_p99,26,461.9001499999998
eta020_rho100_q64,gt_1MB_flow_count,26,66.0
eta020_rho100_q64,gt_1MB_slowdown_mean,26,1.8678037049900924
eta020_rho100_q64,gt_1MB_slowdown_p95,26,2.7807366960868425
eta020_rho100_q64,gt_1MB_slowdown_p99,26,3.665149358830152
eta020_rho100_q64,guard_ack_interval_packets,26,8.0
eta020_rho100_q64,guard_adaptive_grant_updates,26,0.0
eta020_rho100_q64,guard_fixed_window,26,1.0
eta020_rho100_q64,guard_grant_refresh_bdps,26,1.0
eta020_rho100_q64,guard_long_acks_suppressed,26,150004.0
eta020_rho100_q64,guard_min_share_fraction,26,0.2
eta020_rho100_q64,guard_one_rtt_acks_suppressed,26,53020.0
eta020_rho100_q64,guard_one_rtt_bypass_enabled,26,1.0
eta020_rho100_q64,guard_one_rtt_bypass_feedbacks,26,5767.0
eta020_rho100_q64,guard_one_rtt_bypass_flows,26,5767.0
eta020_rho100_q64,guard_rebalance_events,26,0.0
eta020_rho100_q64,guard_remaining_aware,26,1.0
eta020_rho100_q64,guard_remaining_exponent,26,1.0
eta020_rho100_q64,guard_remaining_refresh_events,26,1961.0
eta020_rho100_q64,guard_sender_srpt_enabled,26,1.0
eta020_rho100_q64,guard_sender_srpt_forced_rr,26,92.0
eta020_rho100_q64,guard_sender_srpt_non_rr,26,29772.0
eta020_rho100_q64,guard_sender_srpt_selections,26,230761.0
eta020_rho100_q64,guard_srpt_quantum_packets,26,64.0
eta020_rho100_q64,guard_tail_bypass_bdps,26,8.0
eta020_rho100_q64,guard_tail_bypass_enabled,26,1.0
eta020_rho100_q64,guard_tail_bypass_feedbacks,26,13290.0
eta020_rho100_q64,guard_tail_bypass_flows,26,361.0
eta020_rho100_q64,hpcc_actual_rate_changes,26,18.0
eta020_rho100_q64,hpcc_fast_computations,26,0.0
eta020_rho100_q64,hpcc_feedback_updates,26,1534.0
eta020_rho100_q64,hpcc_full_computations,26,303.0
eta020_rho100_q64,hpcc_rate_updates_applied,26,303.0
eta020_rho100_q64,hpcc_valid_feedback,26,345.0
eta020_rho100_q64,int_hops_after_strip,26,29088.0
eta020_rho100_q64,int_hops_before_strip,26,56825.0
eta020_rho100_q64,int_records_stripped,26,27737.0
eta020_rho100_q64,irn_nacks_generated,26,0.0
eta020_rho100_q64,irn_nacks_received,26,0.0
eta020_rho100_q64,irn_retransmit_bytes,26,0.0
eta020_rho100_q64,irn_retransmit_packets,26,0.0
eta020_rho100_q64,le_8KB_fct_us_mean,26,6.981694117647059
eta020_rho100_q64,le_8KB_fct_us_p95,26,9.137550000000001
eta020_rho100_q64,le_8KB_fct_us_p99,26,9.396650000000003
eta020_rho100_q64,le_8KB_flow_count,26,4250.0
eta020_rho100_q64,le_8KB_slowdown_mean,26,1.0104387979432559
eta020_rho100_q64,le_8KB_slowdown_p95,26,1.0396139585872197
eta020_rho100_q64,le_8KB_slowdown_p99,26,1.0863107346314513
eta020_rho100_q64,long_to_small_slowdown_mean_ratio,26,1.8485075086111098
eta020_rho100_q64,max_active_flows,26,3.0
eta020_rho100_q64,overall_fct_us_mean,26,11.456133485639686
eta020_rho100_q64,overall_fct_us_p95,26,16.133349999999993
eta020_rho100_q64,overall_fct_us_p99,26,165.4859099999989
eta020_rho100_q64,overall_flow_count,26,6128.0
eta020_rho100_q64,overall_slowdown_mean,26,1.0380145896328299
eta020_rho100_q64,overall_slowdown_p95,26,1.1396605841969745
eta020_rho100_q64,overall_slowdown_p99,26,1.6299683751917922
eta020_rho100_q64,pfc_pause_events,26,0.0
eta020_rho100_q64,pfc_resume_events,26,0.0
eta020_rho100_q64,proactive_releases,26,361.0
eta020_rho100_q64,queue_bytes_max,26,229990.0
eta020_rho100_q64,queue_bytes_mean,26,2025.394
eta020_rho100_q64,queue_bytes_p95,26,6540.0
eta020_rho100_q64,queue_bytes_p99,26,63220.0
eta020_rho100_q64,queue_sample_count,26,160000.0
eta020_rho100_q64,reactive_binding_rate_changes,26,18.0
eta020_rho100_q64,reactive_binding_updates,26,18.0
eta020_rho100_q64,recovery_nacks_generated,26,0.0
eta020_rho100_q64,recovery_nacks_received,26,0.0
eta020_rho100_q64,registrations,26,361.0
eta020_rho100_q64,selected_registrations,26,361.0
eta020_rho100_q64,tie_binding_rate_changes,26,0.0
eta020_rho100_q64,tie_binding_updates,26,196.0
eta020_rho100_q64,timeout_recoveries,26,0.0
eta020_rho075_q64,1BDP_to_1MB_fct_us_mean,26,45.29575510204082
eta020_rho075_q64,1BDP_to_1MB_fct_us_p95,26,131.62325
eta020_rho075_q64,1BDP_to_1MB_fct_us_p99,26,169.6264500000006
eta020_rho075_q64,1BDP_to_1MB_flow_count,26,196.0
eta020_rho075_q64,1BDP_to_1MB_slowdown_mean,26,1.3015057834814407
eta020_rho075_q64,1BDP_to_1MB_slowdown_p95,26,1.867891647910159
eta020_rho075_q64,1BDP_to_1MB_slowdown_p99,26,2.4667196247518555
eta020_rho075_q64,8KB_to_1BDP_fct_us_mean,26,9.187553836633663
eta020_rho075_q64,8KB_to_1BDP_fct_us_p95,26,15.328750000000001
eta020_rho075_q64,8KB_to_1BDP_fct_us_p99,26,18.286549999999984
eta020_rho075_q64,8KB_to_1BDP_flow_count,26,1616.0
eta020_rho075_q64,8KB_to_1BDP_slowdown_mean,26,1.0463097303711542
eta020_rho075_q64,8KB_to_1BDP_slowdown_p95,26,1.2031663115413365
eta020_rho075_q64,8KB_to_1BDP_slowdown_p99,26,1.4081627386585351
eta020_rho075_q64,aggregate_goodput_gbps,26,179.44500301898165
eta020_rho075_q64,completion_releases,26,0.0
eta020_rho075_q64,completion_span_us,26,10152.43
eta020_rho075_q64,grant_binding_rate_changes,26,0.0
eta020_rho075_q64,grant_binding_updates,26,90.0
eta020_rho075_q64,grant_bytes_sent,26,296570.0
eta020_rho075_q64,grant_event_rate_changes,26,1463.0
eta020_rho075_q64,grants_received,26,3155.0
eta020_rho075_q64,grants_sent,26,3155.0
eta020_rho075_q64,gt_1MB_fct_us_mean,26,256.2875909090909
eta020_rho075_q64,gt_1MB_fct_us_p95,26,412.92499999999995
eta020_rho075_q64,gt_1MB_fct_us_p99,26,468.1425999999997
eta020_rho075_q64,gt_1MB_flow_count,26,66.0
eta020_rho075_q64,gt_1MB_slowdown_mean,26,1.8724186389568394
eta020_rho075_q64,gt_1MB_slowdown_p95,26,2.7753537475587513
eta020_rho075_q64,gt_1MB_slowdown_p99,26,3.7172898350308534
eta020_rho075_q64,guard_ack_interval_packets,26,8.0
eta020_rho075_q64,guard_adaptive_grant_updates,26,0.0
eta020_rho075_q64,guard_fixed_window,26,1.0
eta020_rho075_q64,guard_grant_refresh_bdps,26,1.0
eta020_rho075_q64,guard_long_acks_suppressed,26,150004.0
eta020_rho075_q64,guard_min_share_fraction,26,0.2
eta020_rho075_q64,guard_one_rtt_acks_suppressed,26,53020.0
eta020_rho075_q64,guard_one_rtt_bypass_enabled,26,1.0
eta020_rho075_q64,guard_one_rtt_bypass_feedbacks,26,5767.0
eta020_rho075_q64,guard_one_rtt_bypass_flows,26,5767.0
eta020_rho075_q64,guard_rebalance_events,26,0.0
eta020_rho075_q64,guard_remaining_aware,26,1.0
eta020_rho075_q64,guard_remaining_exponent,26,0.75
eta020_rho075_q64,guard_remaining_refresh_events,26,1961.0
eta020_rho075_q64,guard_sender_srpt_enabled,26,1.0
eta020_rho075_q64,guard_sender_srpt_forced_rr,26,89.0
eta020_rho075_q64,guard_sender_srpt_non_rr,26,29867.0
eta020_rho075_q64,guard_sender_srpt_selections,26,230761.0
eta020_rho075_q64,guard_srpt_quantum_packets,26,64.0
eta020_rho075_q64,guard_tail_bypass_bdps,26,8.0
eta020_rho075_q64,guard_tail_bypass_enabled,26,1.0
eta020_rho075_q64,guard_tail_bypass_feedbacks,26,13289.0
eta020_rho075_q64,guard_tail_bypass_flows,26,361.0
eta020_rho075_q64,hpcc_actual_rate_changes,26,18.0
eta020_rho075_q64,hpcc_fast_computations,26,0.0
eta020_rho075_q64,hpcc_feedback_updates,26,1534.0
eta020_rho075_q64,hpcc_full_computations,26,300.0
eta020_rho075_q64,hpcc_rate_updates_applied,26,300.0
eta020_rho075_q64,hpcc_valid_feedback,26,342.0
eta020_rho075_q64,int_hops_after_strip,26,29088.0
eta020_rho075_q64,int_hops_before_strip,26,56825.0
eta020_rho075_q64,int_records_stripped,26,27737.0
eta020_rho075_q64,irn_nacks_generated,26,0.0
eta020_rho075_q64,irn_nacks_received,26,0.0
eta020_rho075_q64,irn_retransmit_bytes,26,0.0
eta020_rho075_q64,irn_retransmit_packets,26,0.0
eta020_rho075_q64,le_8KB_fct_us_mean,26,6.9814647058823525
eta020_rho075_q64,le_8KB_fct_us_p95,26,9.13255
eta020_rho075_q64,le_8KB_fct_us_p99,26,9.358
eta020_rho075_q64,le_8KB_flow_count,26,4250.0
eta020_rho075_q64,le_8KB_slowdown_mean,26,1.0103941262517644
eta020_rho075_q64,le_8KB_slowdown_p95,26,1.039690640487319
eta020_rho075_q64,le_8KB_slowdown_p99,26,1.0848266481073172
eta020_rho075_q64,long_to_small_slowdown_mean_ratio,26,1.8531566943118596
eta020_rho075_q64,max_active_flows,26,3.0
eta020_rho075_q64,overall_fct_us_mean,26,11.47376974543081
eta020_rho075_q64,overall_fct_us_p95,26,16.133349999999993
eta020_rho075_q64,overall_fct_us_p99,26,165.71135999999927
eta020_rho075_q64,overall_flow_count,26,6128.0
eta020_rho075_q64,overall_slowdown_mean,26,1.0384605621056295
eta020_rho075_q64,overall_slowdown_p95,26,1.140879012569322
eta020_rho075_q64,overall_slowdown_p99,26,1.6477370151764335
eta020_rho075_q64,pfc_pause_events,26,0.0
eta020_rho075_q64,pfc_resume_events,26,0.0
eta020_rho075_q64,proactive_releases,26,361.0
eta020_rho075_q64,queue_bytes_max,26,229990.0
eta020_rho075_q64,queue_bytes_mean,26,2056.814
eta020_rho075_q64,queue_bytes_p95,26,6540.0
eta020_rho075_q64,queue_bytes_p99,26,64310.0
eta020_rho075_q64,queue_sample_count,26,160000.0
eta020_rho075_q64,reactive_binding_rate_changes,26,18.0
eta020_rho075_q64,reactive_binding_updates,26,18.0
eta020_rho075_q64,recovery_nacks_generated,26,0.0
eta020_rho075_q64,recovery_nacks_received,26,0.0
eta020_rho075_q64,registrations,26,361.0
eta020_rho075_q64,selected_registrations,26,361.0
eta020_rho075_q64,tie_binding_rate_changes,26,0.0
eta020_rho075_q64,tie_binding_updates,26,192.0
eta020_rho075_q64,timeout_recoveries,26,0.0
eta020_rho050_q64,1BDP_to_1MB_fct_us_mean,26,45.600734693877556
eta020_rho050_q64,1BDP_to_1MB_fct_us_p95,26,134.18525
eta020_rho050_q64,1BDP_to_1MB_fct_us_p99,26,169.5610500000006
eta020_rho050_q64,1BDP_to_1MB_flow_count,26,196.0
eta020_rho050_q64,1BDP_to_1MB_slowdown_mean,26,1.3090639029890578
eta020_rho050_q64,1BDP_to_1MB_slowdown_p95,26,1.9515660691868733
eta020_rho050_q64,1BDP_to_1MB_slowdown_p99,26,2.4798723299369527
eta020_rho050_q64,8KB_to_1BDP_fct_us_mean,26,9.187286509900991
eta020_rho050_q64,8KB_to_1BDP_fct_us_p95,26,15.375
eta020_rho050_q64,8KB_to_1BDP_fct_us_p99,26,18.280599999999986
eta020_rho050_q64,8KB_to_1BDP_flow_count,26,1616.0
eta020_rho050_q64,8KB_to_1BDP_slowdown_mean,26,1.0462465803311656
eta020_rho050_q64,8KB_to_1BDP_slowdown_p95,26,1.2034805709820358
eta020_rho050_q64,8KB_to_1BDP_slowdown_p99,26,1.4044187335989897
eta020_rho050_q64,aggregate_goodput_gbps,26,179.45679307131184
eta020_rho050_q64,completion_releases,26,0.0
eta020_rho050_q64,completion_span_us,26,10151.763
eta020_rho050_q64,grant_binding_rate_changes,26,0.0
eta020_rho050_q64,grant_binding_updates,26,94.0
eta020_rho050_q64,grant_bytes_sent,26,298826.0
eta020_rho050_q64,grant_event_rate_changes,26,1497.0
eta020_rho050_q64,grants_received,26,3179.0
eta020_rho050_q64,grants_sent,26,3179.0
eta020_rho050_q64,gt_1MB_fct_us_mean,26,257.034
eta020_rho050_q64,gt_1MB_fct_us_p95,26,405.00225
eta020_rho050_q64,gt_1MB_fct_us_p99,26,477.2688499999998
eta020_rho050_q64,gt_1MB_flow_count,26,66.0
eta020_rho050_q64,gt_1MB_slowdown_mean,26,1.8776585181889451
eta020_rho050_q64,gt_1MB_slowdown_p95,26,2.776917045404778
eta020_rho050_q64,gt_1MB_slowdown_p99,26,3.7873635057183903
eta020_rho050_q64,guard_ack_interval_packets,26,8.0
eta020_rho050_q64,guard_adaptive_grant_updates,26,0.0
eta020_rho050_q64,guard_fixed_window,26,1.0
eta020_rho050_q64,guard_grant_refresh_bdps,26,1.0
eta020_rho050_q64,guard_long_acks_suppressed,26,150004.0
eta020_rho050_q64,guard_min_share_fraction,26,0.2
eta020_rho050_q64,guard_one_rtt_acks_suppressed,26,53020.0
eta020_rho050_q64,guard_one_rtt_bypass_enabled,26,1.0
eta020_rho050_q64,guard_one_rtt_bypass_feedbacks,26,5767.0
eta020_rho050_q64,guard_one_rtt_bypass_flows,26,5767.0
eta020_rho050_q64,guard_rebalance_events,26,0.0
eta020_rho050_q64,guard_remaining_aware,26,1.0
eta020_rho050_q64,guard_remaining_exponent,26,0.5
eta020_rho050_q64,guard_remaining_refresh_events,26,1960.0
eta020_rho050_q64,guard_sender_srpt_enabled,26,1.0
eta020_rho050_q64,guard_sender_srpt_forced_rr,26,87.0
eta020_rho050_q64,guard_sender_srpt_non_rr,26,29899.0
eta020_rho050_q64,guard_sender_srpt_selections,26,230761.0
eta020_rho050_q64,guard_srpt_quantum_packets,26,64.0
eta020_rho050_q64,guard_tail_bypass_bdps,26,8.0
eta020_rho050_q64,guard_tail_bypass_enabled,26,1.0
eta020_rho050_q64,guard_tail_bypass_feedbacks,26,13290.0
eta020_rho050_q64,guard_tail_bypass_flows,26,361.0
eta020_rho050_q64,hpcc_actual_rate_changes,26,18.0
eta020_rho050_q64,hpcc_fast_computations,26,0.0
eta020_rho050_q64,hpcc_feedback_updates,26,1535.0
eta020_rho050_q64,hpcc_full_computations,26,300.0
eta020_rho050_q64,hpcc_rate_updates_applied,26,300.0
eta020_rho050_q64,hpcc_valid_feedback,26,342.0
eta020_rho050_q64,int_hops_after_strip,26,29088.0
eta020_rho050_q64,int_hops_before_strip,26,56825.0
eta020_rho050_q64,int_records_stripped,26,27737.0
eta020_rho050_q64,irn_nacks_generated,26,0.0
eta020_rho050_q64,irn_nacks_received,26,0.0
eta020_rho050_q64,irn_retransmit_bytes,26,0.0
eta020_rho050_q64,irn_retransmit_packets,26,0.0
eta020_rho050_q64,le_8KB_fct_us_mean,26,6.981848235294118
eta020_rho050_q64,le_8KB_fct_us_p95,26,9.137
eta020_rho050_q64,le_8KB_fct_us_p99,26,9.37953
eta020_rho050_q64,le_8KB_flow_count,26,4250.0
eta020_rho050_q64,le_8KB_slowdown_mean,26,1.0104770605389
eta020_rho050_q64,le_8KB_slowdown_p95,26,1.0418318419327695
eta020_rho050_q64,le_8KB_slowdown_p99,26,1.0865150686623242
eta020_rho050_q64,long_to_small_slowdown_mean_ratio,26,1.8581901475205844
eta020_rho050_q64,max_active_flows,26,4.0
eta020_rho050_q64,overall_fct_us_mean,26,11.491758812010445
eta020_rho050_q64,overall_fct_us_p95,26,16.133349999999993
eta020_rho050_q64,overall_fct_us_p99,26,165.27989999999858
eta020_rho050_q64,overall_flow_count,26,6128.0
eta020_rho050_q64,overall_slowdown_mean,26,1.0387996031807791
eta020_rho050_q64,overall_slowdown_p95,26,1.1447411434117727
eta020_rho050_q64,overall_slowdown_p99,26,1.6562602496863565
eta020_rho050_q64,pfc_pause_events,26,0.0
eta020_rho050_q64,pfc_resume_events,26,0.0
eta020_rho050_q64,proactive_releases,26,361.0
eta020_rho050_q64,queue_bytes_max,26,227810.0
eta020_rho050_q64,queue_bytes_mean,26,2077.577
eta020_rho050_q64,queue_bytes_p95,26,6540.0
eta020_rho050_q64,queue_bytes_p99,26,64310.0
eta020_rho050_q64,queue_sample_count,26,160000.0
eta020_rho050_q64,reactive_binding_rate_changes,26,18.0
eta020_rho050_q64,reactive_binding_updates,26,18.0
eta020_rho050_q64,recovery_nacks_generated,26,0.0
eta020_rho050_q64,recovery_nacks_received,26,0.0
eta020_rho050_q64,registrations,26,361.0
eta020_rho050_q64,selected_registrations,26,361.0
eta020_rho050_q64,tie_binding_rate_changes,26,0.0
eta020_rho050_q64,tie_binding_updates,26,188.0
eta020_rho050_q64,timeout_recoveries,26,0.0
eta000_rho100_q64,1BDP_to_1MB_fct_us_mean,27,49.829551351351355
eta000_rho100_q64,1BDP_to_1MB_fct_us_p95,27,133.70820000000003
eta000_rho100_q64,1BDP_to_1MB_fct_us_p99,27,202.22476
eta000_rho100_q64,1BDP_to_1MB_flow_count,27,185.0
eta000_rho100_q64,1BDP_to_1MB_slowdown_mean,27,1.3189447708765012
eta000_rho100_q64,1BDP_to_1MB_slowdown_p95,27,2.0999116920063647
eta000_rho100_q64,1BDP_to_1MB_slowdown_p99,27,2.458605165865397
eta000_rho100_q64,8KB_to_1BDP_fct_us_mean,27,9.187713493530499
eta000_rho100_q64,8KB_to_1BDP_fct_us_p95,27,15.527300000000002
eta000_rho100_q64,8KB_to_1BDP_fct_us_p99,27,18.68034
eta000_rho100_q64,8KB_to_1BDP_flow_count,27,1623.0
eta000_rho100_q64,8KB_to_1BDP_slowdown_mean,27,1.0459219065891652
eta000_rho100_q64,8KB_to_1BDP_slowdown_p95,27,1.1843997432610338
eta000_rho100_q64,8KB_to_1BDP_slowdown_p99,27,1.3868133990351474
eta000_rho100_q64,aggregate_goodput_gbps,27,181.97275801165912
eta000_rho100_q64,completion_releases,27,0.0
eta000_rho100_q64,completion_span_us,27,10139.348
eta000_rho100_q64,grant_binding_rate_changes,27,0.0
eta000_rho100_q64,grant_binding_updates,27,104.0
eta000_rho100_q64,grant_bytes_sent,27,271190.0
eta000_rho100_q64,grant_event_rate_changes,27,1041.0
eta000_rho100_q64,grants_received,27,2885.0
eta000_rho100_q64,grants_sent,27,2885.0
eta000_rho100_q64,gt_1MB_fct_us_mean,27,231.40545588235295
eta000_rho100_q64,gt_1MB_fct_us_p95,27,386.95765
eta000_rho100_q64,gt_1MB_fct_us_p99,27,496.22040999999996
eta000_rho100_q64,gt_1MB_flow_count,27,68.0
eta000_rho100_q64,gt_1MB_slowdown_mean,27,1.7088682418318206
eta000_rho100_q64,gt_1MB_slowdown_p95,27,2.7510337931655227
eta000_rho100_q64,gt_1MB_slowdown_p99,27,3.2236877855368817
eta000_rho100_q64,guard_ack_interval_packets,27,8.0
eta000_rho100_q64,guard_adaptive_grant_updates,27,0.0
eta000_rho100_q64,guard_fixed_window,27,1.0
eta000_rho100_q64,guard_grant_refresh_bdps,27,1.0
eta000_rho100_q64,guard_long_acks_suppressed,27,151607.0
eta000_rho100_q64,guard_min_share_fraction,27,0.0
eta000_rho100_q64,guard_one_rtt_acks_suppressed,27,54072.0
eta000_rho100_q64,guard_one_rtt_bypass_enabled,27,1.0
eta000_rho100_q64,guard_one_rtt_bypass_feedbacks,27,5862.0
eta000_rho100_q64,guard_one_rtt_bypass_flows,27,5862.0
eta000_rho100_q64,guard_rebalance_events,27,0.0
eta000_rho100_q64,guard_remaining_aware,27,1.0
eta000_rho100_q64,guard_remaining_exponent,27,1.0
eta000_rho100_q64,guard_remaining_refresh_events,27,1952.0
eta000_rho100_q64,guard_sender_srpt_enabled,27,1.0
eta000_rho100_q64,guard_sender_srpt_forced_rr,27,109.0
eta000_rho100_q64,guard_sender_srpt_non_rr,27,29109.0
eta000_rho100_q64,guard_sender_srpt_selections,27,233713.0
eta000_rho100_q64,guard_srpt_quantum_packets,27,64.0
eta000_rho100_q64,guard_tail_bypass_bdps,27,8.0
eta000_rho100_q64,guard_tail_bypass_enabled,27,1.0
eta000_rho100_q64,guard_tail_bypass_feedbacks,27,13429.0
eta000_rho100_q64,guard_tail_bypass_flows,27,340.0
eta000_rho100_q64,hpcc_actual_rate_changes,27,23.0
eta000_rho100_q64,hpcc_fast_computations,27,0.0
eta000_rho100_q64,hpcc_feedback_updates,27,1386.0
eta000_rho100_q64,hpcc_full_computations,27,341.0
eta000_rho100_q64,hpcc_rate_updates_applied,27,341.0
eta000_rho100_q64,hpcc_valid_feedback,27,391.0
eta000_rho100_q64,int_hops_after_strip,27,31406.0
eta000_rho100_q64,int_hops_before_strip,27,59440.0
eta000_rho100_q64,int_records_stripped,27,28034.0
eta000_rho100_q64,irn_nacks_generated,27,0.0
eta000_rho100_q64,irn_nacks_received,27,0.0
eta000_rho100_q64,irn_retransmit_bytes,27,0.0
eta000_rho100_q64,irn_retransmit_packets,27,0.0
eta000_rho100_q64,le_8KB_fct_us_mean,27,7.0346204345815995
eta000_rho100_q64,le_8KB_fct_us_p95,27,9.112
eta000_rho100_q64,le_8KB_fct_us_p99,27,9.3645
eta000_rho100_q64,le_8KB_flow_count,27,4326.0
eta000_rho100_q64,le_8KB_slowdown_mean,27,1.0101927423069303
eta000_rho100_q64,le_8KB_slowdown_p95,27,1.0381146132952168
eta000_rho100_q64,le_8KB_slowdown_p99,27,1.0792414091045361
eta000_rho100_q64,long_to_small_slowdown_mean_ratio,27,1.6916259346007154
eta000_rho100_q64,max_active_flows,27,4.0
eta000_rho100_q64,overall_fct_us_mean,27,11.334644469525958
eta000_rho100_q64,overall_fct_us_p95,27,15.8967
eta000_rho100_q64,overall_fct_us_p99,27,149.4588499999999
eta000_rho100_q64,overall_flow_count,27,6202.0
eta000_rho100_q64,overall_slowdown_mean,27,1.0364129120720271
eta000_rho100_q64,overall_slowdown_p95,27,1.1462182609969054
eta000_rho100_q64,overall_slowdown_p99,27,1.655576476134859
eta000_rho100_q64,pfc_pause_events,27,0.0
eta000_rho100_q64,pfc_resume_events,27,0.0
eta000_rho100_q64,proactive_releases,27,340.0
eta000_rho100_q64,queue_bytes_max,27,305200.0
eta000_rho100_q64,queue_bytes_mean,27,2487.143
eta000_rho100_q64,queue_bytes_p95,27,6669.0
eta000_rho100_q64,queue_bytes_p99,27,82840.0
eta000_rho100_q64,queue_sample_count,27,160000.0
eta000_rho100_q64,reactive_binding_rate_changes,27,22.0
eta000_rho100_q64,reactive_binding_updates,27,22.0
eta000_rho100_q64,recovery_nacks_generated,27,0.0
eta000_rho100_q64,recovery_nacks_received,27,0.0
eta000_rho100_q64,registrations,27,340.0
eta000_rho100_q64,selected_registrations,27,340.0
eta000_rho100_q64,tie_binding_rate_changes,27,1.0
eta000_rho100_q64,tie_binding_updates,27,215.0
eta000_rho100_q64,timeout_recoveries,27,0.0
eta000_rho075_q64,1BDP_to_1MB_fct_us_mean,27,50.181556756756756
eta000_rho075_q64,1BDP_to_1MB_fct_us_p95,27,137.58720000000008
eta000_rho075_q64,1BDP_to_1MB_fct_us_p99,27,206.38155999999998
eta000_rho075_q64,1BDP_to_1MB_flow_count,27,185.0
eta000_rho075_q64,1BDP_to_1MB_slowdown_mean,27,1.3252947888134428
eta000_rho075_q64,1BDP_to_1MB_slowdown_p95,27,2.1055036910964433
eta000_rho075_q64,1BDP_to_1MB_slowdown_p99,27,2.4532512731548524
eta000_rho075_q64,8KB_to_1BDP_fct_us_mean,27,9.191563770794824
eta000_rho075_q64,8KB_to_1BDP_fct_us_p95,27,15.527300000000002
eta000_rho075_q64,8KB_to_1BDP_fct_us_p99,27,18.69192
eta000_rho075_q64,8KB_to_1BDP_flow_count,27,1623.0
eta000_rho075_q64,8KB_to_1BDP_slowdown_mean,27,1.0460860496740874
eta000_rho075_q64,8KB_to_1BDP_slowdown_p95,27,1.1842436411849406
eta000_rho075_q64,8KB_to_1BDP_slowdown_p99,27,1.406495194613828
eta000_rho075_q64,aggregate_goodput_gbps,27,181.96245691041804
eta000_rho075_q64,completion_releases,27,0.0
eta000_rho075_q64,completion_span_us,27,10139.922
eta000_rho075_q64,grant_binding_rate_changes,27,0.0
eta000_rho075_q64,grant_binding_updates,27,110.0
eta000_rho075_q64,grant_bytes_sent,27,272788.0
eta000_rho075_q64,grant_event_rate_changes,27,1070.0
eta000_rho075_q64,grants_received,27,2902.0
eta000_rho075_q64,grants_sent,27,2902.0
eta000_rho075_q64,gt_1MB_fct_us_mean,27,232.4168382352941
eta000_rho075_q64,gt_1MB_fct_us_p95,27,388.22395
eta000_rho075_q64,gt_1MB_fct_us_p99,27,492.34018
eta000_rho075_q64,gt_1MB_flow_count,27,68.0
eta000_rho075_q64,gt_1MB_slowdown_mean,27,1.7175293641301448
eta000_rho075_q64,gt_1MB_slowdown_p95,27,2.7513219157672406
eta000_rho075_q64,gt_1MB_slowdown_p99,27,3.1756690611858955
eta000_rho075_q64,guard_ack_interval_packets,27,8.0
eta000_rho075_q64,guard_adaptive_grant_updates,27,0.0
eta000_rho075_q64,guard_fixed_window,27,1.0
eta000_rho075_q64,guard_grant_refresh_bdps,27,1.0
eta000_rho075_q64,guard_long_acks_suppressed,27,151607.0
eta000_rho075_q64,guard_min_share_fraction,27,0.0
eta000_rho075_q64,guard_one_rtt_acks_suppressed,27,54072.0
eta000_rho075_q64,guard_one_rtt_bypass_enabled,27,1.0
eta000_rho075_q64,guard_one_rtt_bypass_feedbacks,27,5862.0
eta000_rho075_q64,guard_one_rtt_bypass_flows,27,5862.0
eta000_rho075_q64,guard_rebalance_events,27,0.0
eta000_rho075_q64,guard_remaining_aware,27,1.0
eta000_rho075_q64,guard_remaining_exponent,27,0.75
eta000_rho075_q64,guard_remaining_refresh_events,27,1952.0
eta000_rho075_q64,guard_sender_srpt_enabled,27,1.0
eta000_rho075_q64,guard_sender_srpt_forced_rr,27,110.0
eta000_rho075_q64,guard_sender_srpt_non_rr,27,29124.0
eta000_rho075_q64,guard_sender_srpt_selections,27,233713.0
eta000_rho075_q64,guard_srpt_quantum_packets,27,64.0
eta000_rho075_q64,guard_tail_bypass_bdps,27,8.0
eta000_rho075_q64,guard_tail_bypass_enabled,27,1.0
eta000_rho075_q64,guard_tail_bypass_feedbacks,27,13430.0
eta000_rho075_q64,guard_tail_bypass_flows,27,340.0
eta000_rho075_q64,hpcc_actual_rate_changes,27,27.0
eta000_rho075_q64,hpcc_fast_computations,27,0.0
eta000_rho075_q64,hpcc_feedback_updates,27,1386.0
eta000_rho075_q64,hpcc_full_computations,27,340.0
eta000_rho075_q64,hpcc_rate_updates_applied,27,340.0
eta000_rho075_q64,hpcc_valid_feedback,27,390.0
eta000_rho075_q64,int_hops_after_strip,27,31406.0
eta000_rho075_q64,int_hops_before_strip,27,59440.0
eta000_rho075_q64,int_records_stripped,27,28034.0
eta000_rho075_q64,irn_nacks_generated,27,0.0
eta000_rho075_q64,irn_nacks_received,27,0.0
eta000_rho075_q64,irn_retransmit_bytes,27,0.0
eta000_rho075_q64,irn_retransmit_packets,27,0.0
eta000_rho075_q64,le_8KB_fct_us_mean,27,7.034946601941748
eta000_rho075_q64,le_8KB_fct_us_p95,27,9.113
eta000_rho075_q64,le_8KB_fct_us_p99,27,9.369
eta000_rho075_q64,le_8KB_flow_count,27,4326.0
eta000_rho075_q64,le_8KB_slowdown_mean,27,1.010217828864043
eta000_rho075_q64,le_8KB_slowdown_p95,27,1.0391020636089738
eta000_rho075_q64,le_8KB_slowdown_p99,27,1.0800442988455727
eta000_rho075_q64,long_to_small_slowdown_mean_ratio,27,1.7001574463019034
eta000_rho075_q64,max_active_flows,27,4.0
eta000_rho075_q64,overall_fct_us_mean,27,11.357468558529508
eta000_rho075_q64,overall_fct_us_p95,27,15.8967
eta000_rho075_q64,overall_fct_us_p99,27,150.17065999999974
eta000_rho075_q64,overall_flow_count,27,6202.0
eta000_rho075_q64,overall_slowdown_mean,27,1.0367577424989085
eta000_rho075_q64,overall_slowdown_p95,27,1.146705166484645
eta000_rho075_q64,overall_slowdown_p99,27,1.669920598130695
eta000_rho075_q64,pfc_pause_events,27,0.0
eta000_rho075_q64,pfc_resume_events,27,0.0
eta000_rho075_q64,proactive_releases,27,340.0
eta000_rho075_q64,queue_bytes_max,27,310650.0
eta000_rho075_q64,queue_bytes_mean,27,2538.2
eta000_rho075_q64,queue_bytes_p95,27,7630.0
eta000_rho075_q64,queue_bytes_p99,27,83930.0
eta000_rho075_q64,queue_sample_count,27,160000.0
eta000_rho075_q64,reactive_binding_rate_changes,27,24.0
eta000_rho075_q64,reactive_binding_updates,27,24.0
eta000_rho075_q64,recovery_nacks_generated,27,0.0
eta000_rho075_q64,recovery_nacks_received,27,0.0
eta000_rho075_q64,registrations,27,340.0
eta000_rho075_q64,selected_registrations,27,340.0
eta000_rho075_q64,tie_binding_rate_changes,27,3.0
eta000_rho075_q64,tie_binding_updates,27,206.0
eta000_rho075_q64,timeout_recoveries,27,0.0
eta000_rho050_q64,1BDP_to_1MB_fct_us_mean,27,50.672735135135134
eta000_rho050_q64,1BDP_to_1MB_fct_us_p95,27,141.83760000000012
eta000_rho050_q64,1BDP_to_1MB_fct_us_p99,27,209.69352
eta000_rho050_q64,1BDP_to_1MB_flow_count,27,185.0
eta000_rho050_q64,1BDP_to_1MB_slowdown_mean,27,1.3366672264525516
eta000_rho050_q64,1BDP_to_1MB_slowdown_p95,27,2.1216054593911595
eta000_rho050_q64,1BDP_to_1MB_slowdown_p99,27,2.4483834480634146
eta000_rho050_q64,8KB_to_1BDP_fct_us_mean,27,9.187779420825631
eta000_rho050_q64,8KB_to_1BDP_fct_us_p95,27,15.5195
eta000_rho050_q64,8KB_to_1BDP_fct_us_p99,27,18.601319999999994
eta000_rho050_q64,8KB_to_1BDP_flow_count,27,1623.0
eta000_rho050_q64,8KB_to_1BDP_slowdown_mean,27,1.045849242057656
eta000_rho050_q64,8KB_to_1BDP_slowdown_p95,27,1.1861273585444867
eta000_rho050_q64,8KB_to_1BDP_slowdown_p99,27,1.3973679361898084
eta000_rho050_q64,aggregate_goodput_gbps,27,182.08016348366738
eta000_rho050_q64,completion_releases,27,0.0
eta000_rho050_q64,completion_span_us,27,10133.367
eta000_rho050_q64,grant_binding_rate_changes,27,0.0
eta000_rho050_q64,grant_binding_updates,27,113.0
eta000_rho050_q64,grant_bytes_sent,27,275138.0
eta000_rho050_q64,grant_event_rate_changes,27,1113.0
eta000_rho050_q64,grants_received,27,2927.0
eta000_rho050_q64,grants_sent,27,2927.0
eta000_rho050_q64,gt_1MB_fct_us_mean,27,233.5531029411765
eta000_rho050_q64,gt_1MB_fct_us_p95,27,391.40819999999997
eta000_rho050_q64,gt_1MB_fct_us_p99,27,491.33687
eta000_rho050_q64,gt_1MB_flow_count,27,68.0
eta000_rho050_q64,gt_1MB_slowdown_mean,27,1.7276186569662983
eta000_rho050_q64,gt_1MB_slowdown_p95,27,2.756357602061102
eta000_rho050_q64,gt_1MB_slowdown_p99,27,3.1543311715021476
eta000_rho050_q64,guard_ack_interval_packets,27,8.0
eta000_rho050_q64,guard_adaptive_grant_updates,27,0.0
eta000_rho050_q64,guard_fixed_window,27,1.0
eta000_rho050_q64,guard_grant_refresh_bdps,27,1.0
eta000_rho050_q64,guard_long_acks_suppressed,27,151607.0
eta000_rho050_q64,guard_min_share_fraction,27,0.0
eta000_rho050_q64,guard_one_rtt_acks_suppressed,27,54072.0
eta000_rho050_q64,guard_one_rtt_bypass_enabled,27,1.0
eta000_rho050_q64,guard_one_rtt_bypass_feedbacks,27,5862.0
eta000_rho050_q64,guard_one_rtt_bypass_flows,27,5862.0
eta000_rho050_q64,guard_rebalance_events,27,0.0
eta000_rho050_q64,guard_remaining_aware,27,1.0
eta000_rho050_q64,guard_remaining_exponent,27,0.5
eta000_rho050_q64,guard_remaining_refresh_events,27,1952.0
eta000_rho050_q64,guard_sender_srpt_enabled,27,1.0
eta000_rho050_q64,guard_sender_srpt_forced_rr,27,108.0
eta000_rho050_q64,guard_sender_srpt_non_rr,27,29428.0
eta000_rho050_q64,guard_sender_srpt_selections,27,233713.0
eta000_rho050_q64,guard_srpt_quantum_packets,27,64.0
eta000_rho050_q64,guard_tail_bypass_bdps,27,8.0
eta000_rho050_q64,guard_tail_bypass_enabled,27,1.0
eta000_rho050_q64,guard_tail_bypass_feedbacks,27,13422.0
eta000_rho050_q64,guard_tail_bypass_flows,27,340.0
eta000_rho050_q64,hpcc_actual_rate_changes,27,27.0
eta000_rho050_q64,hpcc_fast_computations,27,0.0
eta000_rho050_q64,hpcc_feedback_updates,27,1383.0
eta000_rho050_q64,hpcc_full_computations,27,342.0
eta000_rho050_q64,hpcc_rate_updates_applied,27,342.0
eta000_rho050_q64,hpcc_valid_feedback,27,392.0
eta000_rho050_q64,int_hops_after_strip,27,31406.0
eta000_rho050_q64,int_hops_before_strip,27,59440.0
eta000_rho050_q64,int_records_stripped,27,28034.0
eta000_rho050_q64,irn_nacks_generated,27,0.0
eta000_rho050_q64,irn_nacks_received,27,0.0
eta000_rho050_q64,irn_retransmit_bytes,27,0.0
eta000_rho050_q64,irn_retransmit_packets,27,0.0
eta000_rho050_q64,le_8KB_fct_us_mean,27,7.034318307905687
eta000_rho050_q64,le_8KB_fct_us_p95,27,9.113
eta000_rho050_q64,le_8KB_fct_us_p99,27,9.3645
eta000_rho050_q64,le_8KB_flow_count,27,4326.0
eta000_rho050_q64,le_8KB_slowdown_mean,27,1.0101405196674518
eta000_rho050_q64,le_8KB_slowdown_p95,27,1.0383443728016193
eta000_rho050_q64,le_8KB_slowdown_p99,27,1.080412443439952
eta000_rho050_q64,long_to_small_slowdown_mean_ratio,27,1.71027557387268
eta000_rho050_q64,max_active_flows,27,4.0
eta000_rho050_q64,overall_fct_us_mean,27,11.383149629151886
eta000_rho050_q64,overall_fct_us_p95,27,15.8967
eta000_rho050_q64,overall_fct_us_p99,27,154.79588999999888
eta000_rho050_q64,overall_flow_count,27,6202.0
eta000_rho050_q64,overall_slowdown_mean,27,1.0370916984050955
eta000_rho050_q64,overall_slowdown_p95,27,1.1466950820989288
eta000_rho050_q64,overall_slowdown_p99,27,1.6897908701349211
eta000_rho050_q64,pfc_pause_events,27,0.0
eta000_rho050_q64,pfc_resume_events,27,0.0
eta000_rho050_q64,proactive_releases,27,340.0
eta000_rho050_q64,queue_bytes_max,27,306290.0
eta000_rho050_q64,queue_bytes_mean,27,2581.174
eta000_rho050_q64,queue_bytes_p95,27,7630.0
eta000_rho050_q64,queue_bytes_p99,27,81750.0
eta000_rho050_q64,queue_sample_count,27,160000.0
eta000_rho050_q64,reactive_binding_rate_changes,27,24.0
eta000_rho050_q64,reactive_binding_updates,27,24.0
eta000_rho050_q64,recovery_nacks_generated,27,0.0
eta000_rho050_q64,recovery_nacks_received,27,0.0
eta000_rho050_q64,registrations,27,340.0
eta000_rho050_q64,selected_registrations,27,340.0
eta000_rho050_q64,tie_binding_rate_changes,27,3.0
eta000_rho050_q64,tie_binding_updates,27,205.0
eta000_rho050_q64,timeout_recoveries,27,0.0
eta010_rho100_q64,1BDP_to_1MB_fct_us_mean,27,50.00876756756757
eta010_rho100_q64,1BDP_to_1MB_fct_us_p95,27,133.70820000000003
eta010_rho100_q64,1BDP_to_1MB_fct_us_p99,27,204.24892
eta010_rho100_q64,1BDP_to_1MB_flow_count,27,185.0
eta010_rho100_q64,1BDP_to_1MB_slowdown_mean,27,1.322343389315981
eta010_rho100_q64,1BDP_to_1MB_slowdown_p95,27,2.1055036910964433
eta010_rho100_q64,1BDP_to_1MB_slowdown_p99,27,2.460881364797663
eta010_rho100_q64,8KB_to_1BDP_fct_us_mean,27,9.190415896487986
eta010_rho100_q64,8KB_to_1BDP_fct_us_p95,27,15.527300000000002
eta010_rho100_q64,8KB_to_1BDP_fct_us_p99,27,18.67022
eta010_rho100_q64,8KB_to_1BDP_flow_count,27,1623.0
eta010_rho100_q64,8KB_to_1BDP_slowdown_mean,27,1.0460984406411231
eta010_rho100_q64,8KB_to_1BDP_slowdown_p95,27,1.1861273585444867
eta010_rho100_q64,8KB_to_1BDP_slowdown_p99,27,1.4036775440588203
eta010_rho100_q64,aggregate_goodput_gbps,27,181.95637370675172
eta010_rho100_q64,completion_releases,27,0.0
eta010_rho100_q64,completion_span_us,27,10140.261
eta010_rho100_q64,grant_binding_rate_changes,27,0.0
eta010_rho100_q64,grant_binding_updates,27,106.0
eta010_rho100_q64,grant_bytes_sent,27,272506.0
eta010_rho100_q64,grant_event_rate_changes,27,1062.0
eta010_rho100_q64,grants_received,27,2899.0
eta010_rho100_q64,grants_sent,27,2899.0
eta010_rho100_q64,gt_1MB_fct_us_mean,27,231.94986764705882
eta010_rho100_q64,gt_1MB_fct_us_p95,27,386.5751
eta010_rho100_q64,gt_1MB_fct_us_p99,27,496.7819999999999
eta010_rho100_q64,gt_1MB_flow_count,27,68.0
eta010_rho100_q64,gt_1MB_slowdown_mean,27,1.7137865219308555
eta010_rho100_q64,gt_1MB_slowdown_p95,27,2.7579934893629963
eta010_rho100_q64,gt_1MB_slowdown_p99,27,3.2110509867093517
eta010_rho100_q64,guard_ack_interval_packets,27,8.0
eta010_rho100_q64,guard_adaptive_grant_updates,27,0.0
eta010_rho100_q64,guard_fixed_window,27,1.0
eta010_rho100_q64,guard_grant_refresh_bdps,27,1.0
eta010_rho100_q64,guard_long_acks_suppressed,27,151607.0
eta010_rho100_q64,guard_min_share_fraction,27,0.1
eta010_rho100_q64,guard_one_rtt_acks_suppressed,27,54072.0
eta010_rho100_q64,guard_one_rtt_bypass_enabled,27,1.0
eta010_rho100_q64,guard_one_rtt_bypass_feedbacks,27,5862.0
eta010_rho100_q64,guard_one_rtt_bypass_flows,27,5862.0
eta010_rho100_q64,guard_rebalance_events,27,0.0
eta010_rho100_q64,guard_remaining_aware,27,1.0
eta010_rho100_q64,guard_remaining_exponent,27,1.0
eta010_rho100_q64,guard_remaining_refresh_events,27,1954.0
eta010_rho100_q64,guard_sender_srpt_enabled,27,1.0
eta010_rho100_q64,guard_sender_srpt_forced_rr,27,110.0
eta010_rho100_q64,guard_sender_srpt_non_rr,27,29224.0
eta010_rho100_q64,guard_sender_srpt_selections,27,233713.0
eta010_rho100_q64,guard_srpt_quantum_packets,27,64.0
eta010_rho100_q64,guard_tail_bypass_bdps,27,8.0
eta010_rho100_q64,guard_tail_bypass_enabled,27,1.0
eta010_rho100_q64,guard_tail_bypass_feedbacks,27,13428.0
eta010_rho100_q64,guard_tail_bypass_flows,27,340.0
eta010_rho100_q64,hpcc_actual_rate_changes,27,26.0
eta010_rho100_q64,hpcc_fast_computations,27,0.0
eta010_rho100_q64,hpcc_feedback_updates,27,1382.0
eta010_rho100_q64,hpcc_full_computations,27,340.0
eta010_rho100_q64,hpcc_rate_updates_applied,27,340.0
eta010_rho100_q64,hpcc_valid_feedback,27,390.0
eta010_rho100_q64,int_hops_after_strip,27,31406.0
eta010_rho100_q64,int_hops_before_strip,27,59440.0
eta010_rho100_q64,int_records_stripped,27,28034.0
eta010_rho100_q64,irn_nacks_generated,27,0.0
eta010_rho100_q64,irn_nacks_received,27,0.0
eta010_rho100_q64,irn_retransmit_bytes,27,0.0
eta010_rho100_q64,irn_retransmit_packets,27,0.0
eta010_rho100_q64,le_8KB_fct_us_mean,27,7.034380952380952
eta010_rho100_q64,le_8KB_fct_us_p95,27,9.112
eta010_rho100_q64,le_8KB_fct_us_p99,27,9.369
eta010_rho100_q64,le_8KB_flow_count,27,4326.0
eta010_rho100_q64,le_8KB_slowdown_mean,27,1.0101534136953125
eta010_rho100_q64,le_8KB_slowdown_p95,27,1.0389182881175762
eta010_rho100_q64,le_8KB_slowdown_p99,27,1.0800442988455727
eta010_rho100_q64,long_to_small_slowdown_mean_ratio,27,1.6965606398948192
eta010_rho100_q64,max_active_flows,27,4.0
eta010_rho100_q64,overall_fct_us_mean,27,11.34649951628507
eta010_rho100_q64,overall_fct_us_p95,27,15.8967
eta010_rho100_q64,overall_fct_us_p99,27,149.04685999999998
eta010_rho100_q64,overall_flow_count,27,6202.0
eta010_rho100_q64,overall_slowdown_mean,27,1.0365869795745275
eta010_rho100_q64,overall_slowdown_p95,27,1.1460178143030209
eta010_rho100_q64,overall_slowdown_p99,27,1.6605531536840907
eta010_rho100_q64,pfc_pause_events,27,0.0
eta010_rho100_q64,pfc_resume_events,27,0.0
eta010_rho100_q64,proactive_releases,27,340.0
eta010_rho100_q64,queue_bytes_max,27,305200.0
eta010_rho100_q64,queue_bytes_mean,27,2515.672
eta010_rho100_q64,queue_bytes_p95,27,6998.0
eta010_rho100_q64,queue_bytes_p99,27,83930.0
eta010_rho100_q64,queue_sample_count,27,160000.0
eta010_rho100_q64,reactive_binding_rate_changes,27,24.0
eta010_rho100_q64,reactive_binding_updates,27,24.0
eta010_rho100_q64,recovery_nacks_generated,27,0.0
eta010_rho100_q64,recovery_nacks_received,27,0.0
eta010_rho100_q64,registrations,27,340.0
eta010_rho100_q64,selected_registrations,27,340.0
eta010_rho100_q64,tie_binding_rate_changes,27,2.0
eta010_rho100_q64,tie_binding_updates,27,210.0
eta010_rho100_q64,timeout_recoveries,27,0.0
eta010_rho075_q64,1BDP_to_1MB_fct_us_mean,27,50.33678918918919
eta010_rho075_q64,1BDP_to_1MB_fct_us_p95,27,140.4528000000001
eta010_rho075_q64,1BDP_to_1MB_fct_us_p99,27,207.35048
eta010_rho075_q64,1BDP_to_1MB_flow_count,27,185.0
eta010_rho075_q64,1BDP_to_1MB_slowdown_mean,27,1.328941738285752
eta010_rho075_q64,1BDP_to_1MB_slowdown_p95,27,2.1055036910964433
eta010_rho075_q64,1BDP_to_1MB_slowdown_p99,27,2.453830751727971
eta010_rho075_q64,8KB_to_1BDP_fct_us_mean,27,9.188658040665434
eta010_rho075_q64,8KB_to_1BDP_fct_us_p95,27,15.527300000000002
eta010_rho075_q64,8KB_to_1BDP_fct_us_p99,27,18.630179999999992
eta010_rho075_q64,8KB_to_1BDP_flow_count,27,1623.0
eta010_rho075_q64,8KB_to_1BDP_slowdown_mean,27,1.0460462703416091
eta010_rho075_q64,8KB_to_1BDP_slowdown_p95,27,1.1861273585444867
eta010_rho075_q64,8KB_to_1BDP_slowdown_p99,27,1.3943886258449807
eta010_rho075_q64,aggregate_goodput_gbps,27,182.00632543912795
eta010_rho075_q64,completion_releases,27,0.0
eta010_rho075_q64,completion_span_us,27,10137.478
eta010_rho075_q64,grant_binding_rate_changes,27,0.0
eta010_rho075_q64,grant_binding_updates,27,109.0
eta010_rho075_q64,grant_bytes_sent,27,272694.0
eta010_rho075_q64,grant_event_rate_changes,27,1073.0
eta010_rho075_q64,grants_received,27,2901.0
eta010_rho075_q64,grants_sent,27,2901.0
eta010_rho075_q64,gt_1MB_fct_us_mean,27,232.85745588235295
eta010_rho075_q64,gt_1MB_fct_us_p95,27,389.5306
eta010_rho075_q64,gt_1MB_fct_us_p99,27,491.06884999999994
eta010_rho075_q64,gt_1MB_flow_count,27,68.0
eta010_rho075_q64,gt_1MB_slowdown_mean,27,1.7216245351794708
eta010_rho075_q64,gt_1MB_slowdown_p95,27,2.7468558290429517
eta010_rho075_q64,gt_1MB_slowdown_p99,27,3.1691991958947257
eta010_rho075_q64,guard_ack_interval_packets,27,8.0
eta010_rho075_q64,guard_adaptive_grant_updates,27,0.0
eta010_rho075_q64,guard_fixed_window,27,1.0
eta010_rho075_q64,guard_grant_refresh_bdps,27,1.0
eta010_rho075_q64,guard_long_acks_suppressed,27,151607.0
eta010_rho075_q64,guard_min_share_fraction,27,0.1
eta010_rho075_q64,guard_one_rtt_acks_suppressed,27,54072.0
eta010_rho075_q64,guard_one_rtt_bypass_enabled,27,1.0
eta010_rho075_q64,guard_one_rtt_bypass_feedbacks,27,5862.0
eta010_rho075_q64,guard_one_rtt_bypass_flows,27,5862.0
eta010_rho075_q64,guard_rebalance_events,27,0.0
eta010_rho075_q64,guard_remaining_aware,27,1.0
eta010_rho075_q64,guard_remaining_exponent,27,0.75
eta010_rho075_q64,guard_remaining_refresh_events,27,1950.0
eta010_rho075_q64,guard_sender_srpt_enabled,27,1.0
eta010_rho075_q64,guard_sender_srpt_forced_rr,27,113.0
eta010_rho075_q64,guard_sender_srpt_non_rr,27,29313.0
eta010_rho075_q64,guard_sender_srpt_selections,27,233713.0
eta010_rho075_q64,guard_srpt_quantum_packets,27,64.0
eta010_rho075_q64,guard_tail_bypass_bdps,27,8.0
eta010_rho075_q64,guard_tail_bypass_enabled,27,1.0
eta010_rho075_q64,guard_tail_bypass_feedbacks,27,13430.0
eta010_rho075_q64,guard_tail_bypass_flows,27,340.0
eta010_rho075_q64,hpcc_actual_rate_changes,27,28.0
eta010_rho075_q64,hpcc_fast_computations,27,0.0
eta010_rho075_q64,hpcc_feedback_updates,27,1385.0
eta010_rho075_q64,hpcc_full_computations,27,341.0
eta010_rho075_q64,hpcc_rate_updates_applied,27,341.0
eta010_rho075_q64,hpcc_valid_feedback,27,391.0
eta010_rho075_q64,int_hops_after_strip,27,31406.0
eta010_rho075_q64,int_hops_before_strip,27,59440.0
eta010_rho075_q64,int_records_stripped,27,28034.0
eta010_rho075_q64,irn_nacks_generated,27,0.0
eta010_rho075_q64,irn_nacks_received,27,0.0
eta010_rho075_q64,irn_retransmit_bytes,27,0.0
eta010_rho075_q64,irn_retransmit_packets,27,0.0
eta010_rho075_q64,le_8KB_fct_us_mean,27,7.034832871012483
eta010_rho075_q64,le_8KB_fct_us_p95,27,9.113
eta010_rho075_q64,le_8KB_fct_us_p99,27,9.3645
eta010_rho075_q64,le_8KB_flow_count,27,4326.0
eta010_rho075_q64,le_8KB_slowdown_mean,27,1.0102348536209589
eta010_rho075_q64,le_8KB_slowdown_p95,27,1.0385297901788624
eta010_rho075_q64,le_8KB_slowdown_p99,27,1.0800442988455727
eta010_rho075_q64,long_to_small_slowdown_mean_ratio,27,1.704182476984135
eta010_rho075_q64,max_active_flows,27,4.0
eta010_rho075_q64,overall_fct_us_mean,27,11.366090293453725
eta010_rho075_q64,overall_fct_us_p95,27,15.8967
eta010_rho075_q64,overall_fct_us_p99,27,152.96368999999922
eta010_rho075_q64,overall_flow_count,27,6202.0
eta010_rho075_q64,overall_slowdown_mean,27,1.036912893180227
eta010_rho075_q64,overall_slowdown_p95,27,1.147691925252162
eta010_rho075_q64,overall_slowdown_p99,27,1.687089033037386
eta010_rho075_q64,pfc_pause_events,27,0.0
eta010_rho075_q64,pfc_resume_events,27,0.0
eta010_rho075_q64,proactive_releases,27,340.0
eta010_rho075_q64,queue_bytes_max,27,309560.0
eta010_rho075_q64,queue_bytes_mean,27,2541.613
eta010_rho075_q64,queue_bytes_p95,27,7630.0
eta010_rho075_q64,queue_bytes_p99,27,82840.0
eta010_rho075_q64,queue_sample_count,27,160000.0
eta010_rho075_q64,reactive_binding_rate_changes,27,25.0
eta010_rho075_q64,reactive_binding_updates,27,25.0
eta010_rho075_q64,recovery_nacks_generated,27,0.0
eta010_rho075_q64,recovery_nacks_received,27,0.0
eta010_rho075_q64,registrations,27,340.0
eta010_rho075_q64,selected_registrations,27,340.0
eta010_rho075_q64,tie_binding_rate_changes,27,3.0
eta010_rho075_q64,tie_binding_updates,27,207.0
eta010_rho075_q64,timeout_recoveries,27,0.0
eta010_rho050_q64,1BDP_to_1MB_fct_us_mean,27,50.78089189189189
eta010_rho050_q64,1BDP_to_1MB_fct_us_p95,27,141.83760000000012
eta010_rho050_q64,1BDP_to_1MB_fct_us_p99,27,210.25972
eta010_rho050_q64,1BDP_to_1MB_flow_count,27,185.0
eta010_rho050_q64,1BDP_to_1MB_slowdown_mean,27,1.3380227969459098
eta010_rho050_q64,1BDP_to_1MB_slowdown_p95,27,2.1221980822582283
eta010_rho050_q64,1BDP_to_1MB_slowdown_p99,27,2.4493332890727486
eta010_rho050_q64,8KB_to_1BDP_fct_us_mean,27,9.189035736290819
eta010_rho050_q64,8KB_to_1BDP_fct_us_p95,27,15.5195
eta010_rho050_q64,8KB_to_1BDP_fct_us_p99,27,18.630179999999992
eta010_rho050_q64,8KB_to_1BDP_flow_count,27,1623.0
eta010_rho050_q64,8KB_to_1BDP_slowdown_mean,27,1.0460339161891794
eta010_rho050_q64,8KB_to_1BDP_slowdown_p95,27,1.1877143389806812
eta010_rho050_q64,8KB_to_1BDP_slowdown_p99,27,1.3868133990351474
eta010_rho050_q64,aggregate_goodput_gbps,27,181.97823206785887
eta010_rho050_q64,completion_releases,27,0.0
eta010_rho050_q64,completion_span_us,27,10139.043
eta010_rho050_q64,grant_binding_rate_changes,27,0.0
eta010_rho050_q64,grant_binding_updates,27,116.0
eta010_rho050_q64,grant_bytes_sent,27,275608.0
eta010_rho050_q64,grant_event_rate_changes,27,1123.0
eta010_rho050_q64,grants_received,27,2932.0
eta010_rho050_q64,grants_sent,27,2932.0
eta010_rho050_q64,gt_1MB_fct_us_mean,27,233.78113235294117
eta010_rho050_q64,gt_1MB_fct_us_p95,27,391.66059999999993
eta010_rho050_q64,gt_1MB_fct_us_p99,27,490.54006999999996
eta010_rho050_q64,gt_1MB_flow_count,27,68.0
eta010_rho050_q64,gt_1MB_slowdown_mean,27,1.7300691158935795
eta010_rho050_q64,gt_1MB_slowdown_p95,27,2.7517275761470863
eta010_rho050_q64,gt_1MB_slowdown_p99,27,3.1501737746376692
eta010_rho050_q64,guard_ack_interval_packets,27,8.0
eta010_rho050_q64,guard_adaptive_grant_updates,27,0.0
eta010_rho050_q64,guard_fixed_window,27,1.0
eta010_rho050_q64,guard_grant_refresh_bdps,27,1.0
eta010_rho050_q64,guard_long_acks_suppressed,27,151607.0
eta010_rho050_q64,guard_min_share_fraction,27,0.1
eta010_rho050_q64,guard_one_rtt_acks_suppressed,27,54072.0
eta010_rho050_q64,guard_one_rtt_bypass_enabled,27,1.0
eta010_rho050_q64,guard_one_rtt_bypass_feedbacks,27,5862.0
eta010_rho050_q64,guard_one_rtt_bypass_flows,27,5862.0
eta010_rho050_q64,guard_rebalance_events,27,0.0
eta010_rho050_q64,guard_remaining_aware,27,1.0
eta010_rho050_q64,guard_remaining_exponent,27,0.5
eta010_rho050_q64,guard_remaining_refresh_events,27,1952.0
eta010_rho050_q64,guard_sender_srpt_enabled,27,1.0
eta010_rho050_q64,guard_sender_srpt_forced_rr,27,109.0
eta010_rho050_q64,guard_sender_srpt_non_rr,27,29574.0
eta010_rho050_q64,guard_sender_srpt_selections,27,233713.0
eta010_rho050_q64,guard_srpt_quantum_packets,27,64.0
eta010_rho050_q64,guard_tail_bypass_bdps,27,8.0
eta010_rho050_q64,guard_tail_bypass_enabled,27,1.0
eta010_rho050_q64,guard_tail_bypass_feedbacks,27,13429.0
eta010_rho050_q64,guard_tail_bypass_flows,27,340.0
eta010_rho050_q64,hpcc_actual_rate_changes,27,24.0
eta010_rho050_q64,hpcc_fast_computations,27,0.0
eta010_rho050_q64,hpcc_feedback_updates,27,1383.0
eta010_rho050_q64,hpcc_full_computations,27,339.0
eta010_rho050_q64,hpcc_rate_updates_applied,27,339.0
eta010_rho050_q64,hpcc_valid_feedback,27,389.0
eta010_rho050_q64,int_hops_after_strip,27,31406.0
eta010_rho050_q64,int_hops_before_strip,27,59440.0
eta010_rho050_q64,int_records_stripped,27,28034.0
eta010_rho050_q64,irn_nacks_generated,27,0.0
eta010_rho050_q64,irn_nacks_received,27,0.0
eta010_rho050_q64,irn_retransmit_bytes,27,0.0
eta010_rho050_q64,irn_retransmit_packets,27,0.0
eta010_rho050_q64,le_8KB_fct_us_mean,27,7.034676144244105
eta010_rho050_q64,le_8KB_fct_us_p95,27,9.1115
eta010_rho050_q64,le_8KB_fct_us_p99,27,9.36175
eta010_rho050_q64,le_8KB_flow_count,27,4326.0
eta010_rho050_q64,le_8KB_slowdown_mean,27,1.010228294431048
eta010_rho050_q64,le_8KB_slowdown_p95,27,1.038761552199101
eta010_rho050_q64,le_8KB_slowdown_p99,27,1.080412443439952
eta010_rho050_q64,long_to_small_slowdown_mean_ratio,27,1.7125526234324489
eta010_rho050_q64,max_active_flows,27,4.0
eta010_rho050_q64,overall_fct_us_mean,27,11.389454369558205
eta010_rho050_q64,overall_fct_us_p95,27,15.8967
eta010_rho050_q64,overall_fct_us_p99,27,154.83973999999984
eta010_rho050_q64,overall_flow_count,27,6202.0
eta010_rho050_q64,overall_slowdown_mean,27,1.0372685528860865
eta010_rho050_q64,overall_slowdown_p95,27,1.1479389998007625
eta010_rho050_q64,overall_slowdown_p99,27,1.688419271916218
eta010_rho050_q64,pfc_pause_events,27,0.0
eta010_rho050_q64,pfc_resume_events,27,0.0
eta010_rho050_q64,proactive_releases,27,340.0
eta010_rho050_q64,queue_bytes_max,27,307380.0
eta010_rho050_q64,queue_bytes_mean,27,2589.202
eta010_rho050_q64,queue_bytes_p95,27,7630.0
eta010_rho050_q64,queue_bytes_p99,27,81750.0
eta010_rho050_q64,queue_sample_count,27,160000.0
eta010_rho050_q64,reactive_binding_rate_changes,27,22.0
eta010_rho050_q64,reactive_binding_updates,27,22.0
eta010_rho050_q64,recovery_nacks_generated,27,0.0
eta010_rho050_q64,recovery_nacks_received,27,0.0
eta010_rho050_q64,registrations,27,340.0
eta010_rho050_q64,selected_registrations,27,340.0
eta010_rho050_q64,tie_binding_rate_changes,27,2.0
eta010_rho050_q64,tie_binding_updates,27,201.0
eta010_rho050_q64,timeout_recoveries,27,0.0
eta020_rho100_q64,1BDP_to_1MB_fct_us_mean,27,50.16783243243244
eta020_rho100_q64,1BDP_to_1MB_fct_us_p95,27,136.43520000000004
eta020_rho100_q64,1BDP_to_1MB_fct_us_p99,27,205.792
eta020_rho100_q64,1BDP_to_1MB_flow_count,27,185.0
eta020_rho100_q64,1BDP_to_1MB_slowdown_mean,27,1.3253502689590184
eta020_rho100_q64,1BDP_to_1MB_slowdown_p95,27,2.107874182564718
eta020_rho100_q64,1BDP_to_1MB_slowdown_p99,27,2.460909242484788
eta020_rho100_q64,8KB_to_1BDP_fct_us_mean,27,9.192096118299446
eta020_rho100_q64,8KB_to_1BDP_fct_us_p95,27,15.5195
eta020_rho100_q64,8KB_to_1BDP_fct_us_p99,27,18.67682
eta020_rho100_q64,8KB_to_1BDP_flow_count,27,1623.0
eta020_rho100_q64,8KB_to_1BDP_slowdown_mean,27,1.0461163739778387
eta020_rho100_q64,8KB_to_1BDP_slowdown_p95,27,1.1845112363321393
eta020_rho100_q64,8KB_to_1BDP_slowdown_p99,27,1.406495194613828
eta020_rho100_q64,aggregate_goodput_gbps,27,181.9939920094021
eta020_rho100_q64,completion_releases,27,0.0
eta020_rho100_q64,completion_span_us,27,10138.165
eta020_rho100_q64,grant_binding_rate_changes,27,0.0
eta020_rho100_q64,grant_binding_updates,27,112.0
eta020_rho100_q64,grant_bytes_sent,27,272882.0
eta020_rho100_q64,grant_event_rate_changes,27,1069.0
eta020_rho100_q64,grants_received,27,2903.0
eta020_rho100_q64,grants_sent,27,2903.0
eta020_rho100_q64,gt_1MB_fct_us_mean,27,232.2864705882353
eta020_rho100_q64,gt_1MB_fct_us_p95,27,387.97079999999994
eta020_rho100_q64,gt_1MB_fct_us_p99,27,493.01604999999995
eta020_rho100_q64,gt_1MB_flow_count,27,68.0
eta020_rho100_q64,gt_1MB_slowdown_mean,27,1.7164948356888299
eta020_rho100_q64,gt_1MB_slowdown_p95,27,2.7557392182571854
eta020_rho100_q64,gt_1MB_slowdown_p99,27,3.174403317332363
eta020_rho100_q64,guard_ack_interval_packets,27,8.0
eta020_rho100_q64,guard_adaptive_grant_updates,27,0.0
eta020_rho100_q64,guard_fixed_window,27,1.0
eta020_rho100_q64,guard_grant_refresh_bdps,27,1.0
eta020_rho100_q64,guard_long_acks_suppressed,27,151607.0
eta020_rho100_q64,guard_min_share_fraction,27,0.2
eta020_rho100_q64,guard_one_rtt_acks_suppressed,27,54072.0
eta020_rho100_q64,guard_one_rtt_bypass_enabled,27,1.0
eta020_rho100_q64,guard_one_rtt_bypass_feedbacks,27,5862.0
eta020_rho100_q64,guard_one_rtt_bypass_flows,27,5862.0
eta020_rho100_q64,guard_rebalance_events,27,0.0
eta020_rho100_q64,guard_remaining_aware,27,1.0
eta020_rho100_q64,guard_remaining_exponent,27,1.0
eta020_rho100_q64,guard_remaining_refresh_events,27,1952.0
eta020_rho100_q64,guard_sender_srpt_enabled,27,1.0
eta020_rho100_q64,guard_sender_srpt_forced_rr,27,110.0
eta020_rho100_q64,guard_sender_srpt_non_rr,27,29158.0
eta020_rho100_q64,guard_sender_srpt_selections,27,233713.0
eta020_rho100_q64,guard_srpt_quantum_packets,27,64.0
eta020_rho100_q64,guard_tail_bypass_bdps,27,8.0
eta020_rho100_q64,guard_tail_bypass_enabled,27,1.0
eta020_rho100_q64,guard_tail_bypass_feedbacks,27,13431.0
eta020_rho100_q64,guard_tail_bypass_flows,27,340.0
eta020_rho100_q64,hpcc_actual_rate_changes,27,27.0
eta020_rho100_q64,hpcc_fast_computations,27,0.0
eta020_rho100_q64,hpcc_feedback_updates,27,1387.0
eta020_rho100_q64,hpcc_full_computations,27,341.0
eta020_rho100_q64,hpcc_rate_updates_applied,27,341.0
eta020_rho100_q64,hpcc_valid_feedback,27,391.0
eta020_rho100_q64,int_hops_after_strip,27,31406.0
eta020_rho100_q64,int_hops_before_strip,27,59440.0
eta020_rho100_q64,int_records_stripped,27,28034.0
eta020_rho100_q64,irn_nacks_generated,27,0.0
eta020_rho100_q64,irn_nacks_received,27,0.0
eta020_rho100_q64,irn_retransmit_bytes,27,0.0
eta020_rho100_q64,irn_retransmit_packets,27,0.0
eta020_rho100_q64,le_8KB_fct_us_mean,27,7.034828941285252
eta020_rho100_q64,le_8KB_fct_us_p95,27,9.113
eta020_rho100_q64,le_8KB_fct_us_p99,27,9.36175
eta020_rho100_q64,le_8KB_flow_count,27,4326.0
eta020_rho100_q64,le_8KB_slowdown_mean,27,1.0102088957070934
eta020_rho100_q64,le_8KB_slowdown_p95,27,1.0389516147362132
eta020_rho100_q64,le_8KB_slowdown_p99,27,1.0790258124236725
eta020_rho100_q64,long_to_small_slowdown_mean_ratio,27,1.699148406812804
eta020_rho100_q64,max_active_flows,27,4.0
eta020_rho100_q64,overall_fct_us_mean,27,11.355687036439859
eta020_rho100_q64,overall_fct_us_p95,27,15.8967
eta020_rho100_q64,overall_fct_us_p99,27,150.07957999999977
eta020_rho100_q64,overall_flow_count,27,6202.0
eta020_rho100_q64,overall_slowdown_mean,27,1.0367497591711023
eta020_rho100_q64,overall_slowdown_p95,27,1.146739414116465
eta020_rho100_q64,overall_slowdown_p99,27,1.6655869311045226
eta020_rho100_q64,pfc_pause_events,27,0.0
eta020_rho100_q64,pfc_resume_events,27,0.0
eta020_rho100_q64,proactive_releases,27,340.0
eta020_rho100_q64,queue_bytes_max,27,311740.0
eta020_rho100_q64,queue_bytes_mean,27,2527.067
eta020_rho100_q64,queue_bytes_p95,27,7630.0
eta020_rho100_q64,queue_bytes_p99,27,82840.0
eta020_rho100_q64,queue_sample_count,27,160000.0
eta020_rho100_q64,reactive_binding_rate_changes,27,24.0
eta020_rho100_q64,reactive_binding_updates,27,24.0
eta020_rho100_q64,recovery_nacks_generated,27,0.0
eta020_rho100_q64,recovery_nacks_received,27,0.0
eta020_rho100_q64,registrations,27,340.0
eta020_rho100_q64,selected_registrations,27,340.0
eta020_rho100_q64,tie_binding_rate_changes,27,3.0
eta020_rho100_q64,tie_binding_updates,27,205.0
eta020_rho100_q64,timeout_recoveries,27,0.0
eta020_rho075_q64,1BDP_to_1MB_fct_us_mean,27,50.51495675675675
eta020_rho075_q64,1BDP_to_1MB_fct_us_p95,27,142.39440000000013
eta020_rho075_q64,1BDP_to_1MB_fct_us_p99,27,208.68375999999998
eta020_rho075_q64,1BDP_to_1MB_flow_count,27,185.0
eta020_rho075_q64,1BDP_to_1MB_slowdown_mean,27,1.3327385663287394
eta020_rho075_q64,1BDP_to_1MB_slowdown_p95,27,2.1072786870375877
eta020_rho075_q64,1BDP_to_1MB_slowdown_p99,27,2.4563417784999473
eta020_rho075_q64,8KB_to_1BDP_fct_us_mean,27,9.188246457178066
eta020_rho075_q64,8KB_to_1BDP_fct_us_p95,27,15.525800000000004
eta020_rho075_q64,8KB_to_1BDP_fct_us_p99,27,18.630179999999992
eta020_rho075_q64,8KB_to_1BDP_flow_count,27,1623.0
eta020_rho075_q64,8KB_to_1BDP_slowdown_mean,27,1.0459716610169218
eta020_rho075_q64,8KB_to_1BDP_slowdown_p95,27,1.1870905831744434
eta020_rho075_q64,8KB_to_1BDP_slowdown_p99,27,1.3868133990351474
eta020_rho075_q64,aggregate_goodput_gbps,27,182.01799616211304
eta020_rho075_q64,completion_releases,27,0.0
eta020_rho075_q64,completion_span_us,27,10136.828
eta020_rho075_q64,grant_binding_rate_changes,27,0.0
eta020_rho075_q64,grant_binding_updates,27,112.0
eta020_rho075_q64,grant_bytes_sent,27,274104.0
eta020_rho075_q64,grant_event_rate_changes,27,1095.0
eta020_rho075_q64,grants_received,27,2916.0
eta020_rho075_q64,grants_sent,27,2916.0
eta020_rho075_q64,gt_1MB_fct_us_mean,27,233.31535294117646
eta020_rho075_q64,gt_1MB_fct_us_p95,27,390.93719999999996
eta020_rho075_q64,gt_1MB_fct_us_p99,27,490.20501
eta020_rho075_q64,gt_1MB_flow_count,27,68.0
eta020_rho075_q64,gt_1MB_slowdown_mean,27,1.7254246970332916
eta020_rho075_q64,gt_1MB_slowdown_p95,27,2.7454784843778466
eta020_rho075_q64,gt_1MB_slowdown_p99,27,3.1624605277935642
eta020_rho075_q64,guard_ack_interval_packets,27,8.0
eta020_rho075_q64,guard_adaptive_grant_updates,27,0.0
eta020_rho075_q64,guard_fixed_window,27,1.0
eta020_rho075_q64,guard_grant_refresh_bdps,27,1.0
eta020_rho075_q64,guard_long_acks_suppressed,27,151607.0
eta020_rho075_q64,guard_min_share_fraction,27,0.2
eta020_rho075_q64,guard_one_rtt_acks_suppressed,27,54072.0
eta020_rho075_q64,guard_one_rtt_bypass_enabled,27,1.0
eta020_rho075_q64,guard_one_rtt_bypass_feedbacks,27,5862.0
eta020_rho075_q64,guard_one_rtt_bypass_flows,27,5862.0
eta020_rho075_q64,guard_rebalance_events,27,0.0
eta020_rho075_q64,guard_remaining_aware,27,1.0
eta020_rho075_q64,guard_remaining_exponent,27,0.75
eta020_rho075_q64,guard_remaining_refresh_events,27,1952.0
eta020_rho075_q64,guard_sender_srpt_enabled,27,1.0
eta020_rho075_q64,guard_sender_srpt_forced_rr,27,112.0
eta020_rho075_q64,guard_sender_srpt_non_rr,27,29325.0
eta020_rho075_q64,guard_sender_srpt_selections,27,233713.0
eta020_rho075_q64,guard_srpt_quantum_packets,27,64.0
eta020_rho075_q64,guard_tail_bypass_bdps,27,8.0
eta020_rho075_q64,guard_tail_bypass_enabled,27,1.0
eta020_rho075_q64,guard_tail_bypass_feedbacks,27,13429.0
eta020_rho075_q64,guard_tail_bypass_flows,27,340.0
eta020_rho075_q64,hpcc_actual_rate_changes,27,27.0
eta020_rho075_q64,hpcc_fast_computations,27,0.0
eta020_rho075_q64,hpcc_feedback_updates,27,1384.0
eta020_rho075_q64,hpcc_full_computations,27,341.0
eta020_rho075_q64,hpcc_rate_updates_applied,27,341.0
eta020_rho075_q64,hpcc_valid_feedback,27,391.0
eta020_rho075_q64,int_hops_after_strip,27,31406.0
eta020_rho075_q64,int_hops_before_strip,27,59440.0
eta020_rho075_q64,int_records_stripped,27,28034.0
eta020_rho075_q64,irn_nacks_generated,27,0.0
eta020_rho075_q64,irn_nacks_received,27,0.0
eta020_rho075_q64,irn_retransmit_bytes,27,0.0
eta020_rho075_q64,irn_retransmit_packets,27,0.0
eta020_rho075_q64,le_8KB_fct_us_mean,27,7.035064724919094
eta020_rho075_q64,le_8KB_fct_us_p95,27,9.11575
eta020_rho075_q64,le_8KB_fct_us_p99,27,9.36575
eta020_rho075_q64,le_8KB_flow_count,27,4326.0
eta020_rho075_q64,le_8KB_slowdown_mean,27,1.0102485375141876
eta020_rho075_q64,le_8KB_slowdown_p95,27,1.0384510088863654
eta020_rho075_q64,le_8KB_slowdown_p99,27,1.0800442988455727
eta020_rho075_q64,long_to_small_slowdown_mean_ratio,27,1.7079210045469235
eta020_rho075_q64,max_active_flows,27,4.0
eta020_rho075_q64,overall_fct_us_mean,27,11.376479361496292
eta020_rho075_q64,overall_fct_us_p95,27,15.8967
eta020_rho075_q64,overall_fct_us_p99,27,154.79414999999884
eta020_rho075_q64,overall_flow_count,27,6202.0
eta020_rho075_q64,overall_slowdown_mean,27,1.03705783509931
eta020_rho075_q64,overall_slowdown_p95,27,1.146739414116465
eta020_rho075_q64,overall_slowdown_p99,27,1.6832233215686958
eta020_rho075_q64,pfc_pause_events,27,0.0
eta020_rho075_q64,pfc_resume_events,27,0.0
eta020_rho075_q64,proactive_releases,27,340.0
eta020_rho075_q64,queue_bytes_max,27,308470.0
eta020_rho075_q64,queue_bytes_mean,27,2566.832
eta020_rho075_q64,queue_bytes_p95,27,7630.0
eta020_rho075_q64,queue_bytes_p99,27,82840.0
eta020_rho075_q64,queue_sample_count,27,160000.0
eta020_rho075_q64,reactive_binding_rate_changes,27,24.0
eta020_rho075_q64,reactive_binding_updates,27,24.0
eta020_rho075_q64,recovery_nacks_generated,27,0.0
eta020_rho075_q64,recovery_nacks_received,27,0.0
eta020_rho075_q64,registrations,27,340.0
eta020_rho075_q64,selected_registrations,27,340.0
eta020_rho075_q64,tie_binding_rate_changes,27,3.0
eta020_rho075_q64,tie_binding_updates,27,205.0
eta020_rho075_q64,timeout_recoveries,27,0.0
eta020_rho050_q64,1BDP_to_1MB_fct_us_mean,27,50.895383783783785
eta020_rho050_q64,1BDP_to_1MB_fct_us_p95,27,141.83760000000012
eta020_rho050_q64,1BDP_to_1MB_fct_us_p99,27,210.84076
eta020_rho050_q64,1BDP_to_1MB_flow_count,27,185.0
eta020_rho050_q64,1BDP_to_1MB_slowdown_mean,27,1.3411093604568567
eta020_rho050_q64,1BDP_to_1MB_slowdown_p95,27,2.1216054593911595
eta020_rho050_q64,1BDP_to_1MB_slowdown_p99,27,2.450395962167425
eta020_rho050_q64,8KB_to_1BDP_fct_us_mean,27,9.191294516327789
eta020_rho050_q64,8KB_to_1BDP_fct_us_p95,27,15.5195
eta020_rho050_q64,8KB_to_1BDP_fct_us_p99,27,18.630179999999992
eta020_rho050_q64,8KB_to_1BDP_flow_count,27,1623.0
eta020_rho050_q64,8KB_to_1BDP_slowdown_mean,27,1.0462356824891959
eta020_rho050_q64,8KB_to_1BDP_slowdown_p95,27,1.1877143389806812
eta020_rho050_q64,8KB_to_1BDP_slowdown_p99,27,1.38686008338528
eta020_rho050_q64,aggregate_goodput_gbps,27,182.03891743440957
eta020_rho050_q64,completion_releases,27,0.0
eta020_rho050_q64,completion_span_us,27,10135.663
eta020_rho050_q64,grant_binding_rate_changes,27,0.0
eta020_rho050_q64,grant_binding_updates,27,115.0
eta020_rho050_q64,grant_bytes_sent,27,276266.0
eta020_rho050_q64,grant_event_rate_changes,27,1135.0
eta020_rho050_q64,grants_received,27,2939.0
eta020_rho050_q64,grants_sent,27,2939.0
eta020_rho050_q64,gt_1MB_fct_us_mean,27,233.87932352941175
eta020_rho050_q64,gt_1MB_fct_us_p95,27,393.15405
eta020_rho050_q64,gt_1MB_fct_us_p99,27,487.33113999999995
eta020_rho050_q64,gt_1MB_flow_count,27,68.0
eta020_rho050_q64,gt_1MB_slowdown_mean,27,1.7310127693025033
eta020_rho050_q64,gt_1MB_slowdown_p95,27,2.734102259803288
eta020_rho050_q64,gt_1MB_slowdown_p99,27,3.1467725713271233
eta020_rho050_q64,guard_ack_interval_packets,27,8.0
eta020_rho050_q64,guard_adaptive_grant_updates,27,0.0
eta020_rho050_q64,guard_fixed_window,27,1.0
eta020_rho050_q64,guard_grant_refresh_bdps,27,1.0
eta020_rho050_q64,guard_long_acks_suppressed,27,151607.0
eta020_rho050_q64,guard_min_share_fraction,27,0.2
eta020_rho050_q64,guard_one_rtt_acks_suppressed,27,54072.0
eta020_rho050_q64,guard_one_rtt_bypass_enabled,27,1.0
eta020_rho050_q64,guard_one_rtt_bypass_feedbacks,27,5862.0
eta020_rho050_q64,guard_one_rtt_bypass_flows,27,5862.0
eta020_rho050_q64,guard_rebalance_events,27,0.0
eta020_rho050_q64,guard_remaining_aware,27,1.0
eta020_rho050_q64,guard_remaining_exponent,27,0.5
eta020_rho050_q64,guard_remaining_refresh_events,27,1953.0
eta020_rho050_q64,guard_sender_srpt_enabled,27,1.0
eta020_rho050_q64,guard_sender_srpt_forced_rr,27,111.0
eta020_rho050_q64,guard_sender_srpt_non_rr,27,29471.0
eta020_rho050_q64,guard_sender_srpt_selections,27,233713.0
eta020_rho050_q64,guard_srpt_quantum_packets,27,64.0
eta020_rho050_q64,guard_tail_bypass_bdps,27,8.0
eta020_rho050_q64,guard_tail_bypass_enabled,27,1.0
eta020_rho050_q64,guard_tail_bypass_feedbacks,27,13431.0
eta020_rho050_q64,guard_tail_bypass_flows,27,340.0
eta020_rho050_q64,hpcc_actual_rate_changes,27,23.0
eta020_rho050_q64,hpcc_fast_computations,27,0.0
eta020_rho050_q64,hpcc_feedback_updates,27,1383.0
eta020_rho050_q64,hpcc_full_computations,27,340.0
eta020_rho050_q64,hpcc_rate_updates_applied,27,340.0
eta020_rho050_q64,hpcc_valid_feedback,27,390.0
eta020_rho050_q64,int_hops_after_strip,27,31406.0
eta020_rho050_q64,int_hops_before_strip,27,59440.0
eta020_rho050_q64,int_records_stripped,27,28034.0
eta020_rho050_q64,irn_nacks_generated,27,0.0
eta020_rho050_q64,irn_nacks_received,27,0.0
eta020_rho050_q64,irn_retransmit_bytes,27,0.0
eta020_rho050_q64,irn_retransmit_packets,27,0.0
eta020_rho050_q64,le_8KB_fct_us_mean,27,7.034308136846972
eta020_rho050_q64,le_8KB_fct_us_p95,27,9.109
eta020_rho050_q64,le_8KB_fct_us_p99,27,9.3675
eta020_rho050_q64,le_8KB_flow_count,27,4326.0
eta020_rho050_q64,le_8KB_slowdown_mean,27,1.0101520267981279
eta020_rho050_q64,le_8KB_slowdown_p95,27,1.0385401677072872
eta020_rho050_q64,le_8KB_slowdown_p99,27,1.0800442988455727
eta020_rho050_q64,long_to_small_slowdown_mean_ratio,27,1.713616092806627
eta020_rho050_q64,max_active_flows,27,4.0
eta020_rho050_q64,overall_fct_us_mean,27,11.394280554659787
eta020_rho050_q64,overall_fct_us_p95,27,15.8967
eta020_rho050_q64,overall_fct_us_p99,27,156.54782999999964
eta020_rho050_q64,overall_flow_count,27,6202.0
eta020_rho050_q64,overall_slowdown_mean,27,1.037370570881289
eta020_rho050_q64,overall_slowdown_p95,27,1.1466918362844147
eta020_rho050_q64,overall_slowdown_p99,27,1.6977302719342269
eta020_rho050_q64,pfc_pause_events,27,0.0
eta020_rho050_q64,pfc_resume_events,27,0.0
eta020_rho050_q64,proactive_releases,27,340.0
eta020_rho050_q64,queue_bytes_max,27,312830.0
eta020_rho050_q64,queue_bytes_mean,27,2608.918
eta020_rho050_q64,queue_bytes_p95,27,7630.0
eta020_rho050_q64,queue_bytes_p99,27,81750.0
eta020_rho050_q64,queue_sample_count,27,160000.0
eta020_rho050_q64,reactive_binding_rate_changes,27,21.0
eta020_rho050_q64,reactive_binding_updates,27,21.0
eta020_rho050_q64,recovery_nacks_generated,27,0.0
eta020_rho050_q64,recovery_nacks_received,27,0.0
eta020_rho050_q64,registrations,27,340.0
eta020_rho050_q64,selected_registrations,27,340.0
eta020_rho050_q64,tie_binding_rate_changes,27,2.0
eta020_rho050_q64,tie_binding_updates,27,204.0
eta020_rho050_q64,timeout_recoveries,27,0.0
eta000_rho100_q64,1BDP_to_1MB_fct_us_mean,28,47.923887755102044
eta000_rho100_q64,1BDP_to_1MB_fct_us_p95,28,118.1345
eta000_rho100_q64,1BDP_to_1MB_fct_us_p99,28,180.26800000000026
eta000_rho100_q64,1BDP_to_1MB_flow_count,28,196.0
eta000_rho100_q64,1BDP_to_1MB_slowdown_mean,28,1.2771510366969687
eta000_rho100_q64,1BDP_to_1MB_slowdown_p95,28,1.845968869102581
eta000_rho100_q64,1BDP_to_1MB_slowdown_p99,28,2.568712704761755
eta000_rho100_q64,8KB_to_1BDP_fct_us_mean,28,9.317720203951563
eta000_rho100_q64,8KB_to_1BDP_fct_us_p95,28,15.589199999999998
eta000_rho100_q64,8KB_to_1BDP_fct_us_p99,28,18.340999999999998
eta000_rho100_q64,8KB_to_1BDP_flow_count,28,1569.0
eta000_rho100_q64,8KB_to_1BDP_slowdown_mean,28,1.0462710759345695
eta000_rho100_q64,8KB_to_1BDP_slowdown_p95,28,1.1818008456119766
eta000_rho100_q64,8KB_to_1BDP_slowdown_p99,28,1.3794713728344268
eta000_rho100_q64,aggregate_goodput_gbps,28,201.107408996032
eta000_rho100_q64,completion_releases,28,0.0
eta000_rho100_q64,completion_span_us,28,10218.483
eta000_rho100_q64,grant_binding_rate_changes,28,0.0
eta000_rho100_q64,grant_binding_updates,28,47.0
eta000_rho100_q64,grant_bytes_sent,28,291024.0
eta000_rho100_q64,grant_event_rate_changes,28,778.0
eta000_rho100_q64,grants_received,28,3096.0
eta000_rho100_q64,grants_sent,28,3096.0
eta000_rho100_q64,gt_1MB_fct_us_mean,28,224.11427380952378
eta000_rho100_q64,gt_1MB_fct_us_p95,28,386.5406499999999
eta000_rho100_q64,gt_1MB_fct_us_p99,28,474.0128100000001
eta000_rho100_q64,gt_1MB_flow_count,28,84.0
eta000_rho100_q64,gt_1MB_slowdown_mean,28,1.6708466122643622
eta000_rho100_q64,gt_1MB_slowdown_p95,28,2.6821147794730535
eta000_rho100_q64,gt_1MB_slowdown_p99,28,3.405567151382108
eta000_rho100_q64,guard_ack_interval_packets,28,8.0
eta000_rho100_q64,guard_adaptive_grant_updates,28,0.0
eta000_rho100_q64,guard_fixed_window,28,1.0
eta000_rho100_q64,guard_grant_refresh_bdps,28,1.0
eta000_rho100_q64,guard_long_acks_suppressed,28,175009.0
eta000_rho100_q64,guard_min_share_fraction,28,0.0
eta000_rho100_q64,guard_one_rtt_acks_suppressed,28,53619.0
eta000_rho100_q64,guard_one_rtt_bypass_enabled,28,1.0
eta000_rho100_q64,guard_one_rtt_bypass_feedbacks,28,5742.0
eta000_rho100_q64,guard_one_rtt_bypass_flows,28,5742.0
eta000_rho100_q64,guard_rebalance_events,28,0.0
eta000_rho100_q64,guard_remaining_aware,28,1.0
eta000_rho100_q64,guard_remaining_exponent,28,1.0
eta000_rho100_q64,guard_remaining_refresh_events,28,2287.0
eta000_rho100_q64,guard_sender_srpt_enabled,28,1.0
eta000_rho100_q64,guard_sender_srpt_forced_rr,28,111.0
eta000_rho100_q64,guard_sender_srpt_non_rr,28,35756.0
eta000_rho100_q64,guard_sender_srpt_selections,28,259911.0
eta000_rho100_q64,guard_srpt_quantum_packets,28,64.0
eta000_rho100_q64,guard_tail_bypass_bdps,28,8.0
eta000_rho100_q64,guard_tail_bypass_enabled,28,1.0
eta000_rho100_q64,guard_tail_bypass_feedbacks,28,15083.0
eta000_rho100_q64,guard_tail_bypass_flows,28,361.0
eta000_rho100_q64,hpcc_actual_rate_changes,28,61.0
eta000_rho100_q64,hpcc_fast_computations,28,0.0
eta000_rho100_q64,hpcc_feedback_updates,28,1628.0
eta000_rho100_q64,hpcc_full_computations,28,419.0
eta000_rho100_q64,hpcc_rate_updates_applied,28,419.0
eta000_rho100_q64,hpcc_valid_feedback,28,475.0
eta000_rho100_q64,int_hops_after_strip,28,34844.0
eta000_rho100_q64,int_hops_before_strip,28,66127.0
eta000_rho100_q64,int_records_stripped,28,31283.0
eta000_rho100_q64,irn_nacks_generated,28,0.0
eta000_rho100_q64,irn_nacks_received,28,0.0
eta000_rho100_q64,irn_retransmit_bytes,28,0.0
eta000_rho100_q64,irn_retransmit_packets,28,0.0
eta000_rho100_q64,le_8KB_fct_us_mean,28,6.988194640338505
eta000_rho100_q64,le_8KB_fct_us_p95,28,9.12335
eta000_rho100_q64,le_8KB_fct_us_p99,28,9.43194
eta000_rho100_q64,le_8KB_flow_count,28,4254.0
eta000_rho100_q64,le_8KB_slowdown_mean,28,1.011022958529998
eta000_rho100_q64,le_8KB_slowdown_p95,28,1.039848433471824
eta000_rho100_q64,le_8KB_slowdown_p99,28,1.0750023216853346
eta000_rho100_q64,long_to_small_slowdown_mean_ratio,28,1.6526297431402857
eta000_rho100_q64,max_active_flows,28,3.0
eta000_rho100_q64,overall_fct_us_mean,28,11.890212026872032
eta000_rho100_q64,overall_fct_us_p95,28,16.97989999999998
eta000_rho100_q64,overall_fct_us_p99,28,161.7348799999997
eta000_rho100_q64,overall_flow_count,28,6103.0
eta000_rho100_q64,overall_slowdown_mean,28,1.0377132070048767
eta000_rho100_q64,overall_slowdown_p95,28,1.1526715317659566
eta000_rho100_q64,overall_slowdown_p99,28,1.5717764300994321
eta000_rho100_q64,pfc_pause_events,28,0.0
eta000_rho100_q64,pfc_resume_events,28,0.0
eta000_rho100_q64,proactive_releases,28,361.0
eta000_rho100_q64,queue_bytes_max,28,234350.0
eta000_rho100_q64,queue_bytes_mean,28,2652.855
eta000_rho100_q64,queue_bytes_p95,28,8102.0
eta000_rho100_q64,queue_bytes_p99,28,89380.0
eta000_rho100_q64,queue_sample_count,28,160000.0
eta000_rho100_q64,reactive_binding_rate_changes,28,54.0
eta000_rho100_q64,reactive_binding_updates,28,54.0
eta000_rho100_q64,recovery_nacks_generated,28,0.0
eta000_rho100_q64,recovery_nacks_received,28,0.0
eta000_rho100_q64,registrations,28,361.0
eta000_rho100_q64,selected_registrations,28,361.0
eta000_rho100_q64,tie_binding_rate_changes,28,7.0
eta000_rho100_q64,tie_binding_updates,28,318.0
eta000_rho100_q64,timeout_recoveries,28,0.0
eta000_rho075_q64,1BDP_to_1MB_fct_us_mean,28,48.065729591836735
eta000_rho075_q64,1BDP_to_1MB_fct_us_p95,28,117.734
eta000_rho075_q64,1BDP_to_1MB_fct_us_p99,28,180.26910000000035
eta000_rho075_q64,1BDP_to_1MB_flow_count,28,196.0
eta000_rho075_q64,1BDP_to_1MB_slowdown_mean,28,1.2805262786574045
eta000_rho075_q64,1BDP_to_1MB_slowdown_p95,28,1.8211054363261994
eta000_rho075_q64,1BDP_to_1MB_slowdown_p99,28,2.6170266557706428
eta000_rho075_q64,8KB_to_1BDP_fct_us_mean,28,9.320546207775653
eta000_rho075_q64,8KB_to_1BDP_fct_us_p95,28,15.589199999999998
eta000_rho075_q64,8KB_to_1BDP_fct_us_p99,28,18.345159999999996
eta000_rho075_q64,8KB_to_1BDP_flow_count,28,1569.0
eta000_rho075_q64,8KB_to_1BDP_slowdown_mean,28,1.0465866600356082
eta000_rho075_q64,8KB_to_1BDP_slowdown_p95,28,1.1856849045182691
eta000_rho075_q64,8KB_to_1BDP_slowdown_p99,28,1.382020916629218
eta000_rho075_q64,aggregate_goodput_gbps,28,201.107408996032
eta000_rho075_q64,completion_releases,28,0.0
eta000_rho075_q64,completion_span_us,28,10218.483
eta000_rho075_q64,grant_binding_rate_changes,28,0.0
eta000_rho075_q64,grant_binding_updates,28,48.0
eta000_rho075_q64,grant_bytes_sent,28,291494.0
eta000_rho075_q64,grant_event_rate_changes,28,786.0
eta000_rho075_q64,grants_received,28,3101.0
eta000_rho075_q64,grants_sent,28,3101.0
eta000_rho075_q64,gt_1MB_fct_us_mean,28,223.24682142857142
eta000_rho075_q64,gt_1MB_fct_us_p95,28,385.6544499999999
eta000_rho075_q64,gt_1MB_fct_us_p99,28,463.32467000000014
eta000_rho075_q64,gt_1MB_flow_count,28,84.0
eta000_rho075_q64,gt_1MB_slowdown_mean,28,1.6655724279466741
eta000_rho075_q64,gt_1MB_slowdown_p95,28,2.6805213805359256
eta000_rho075_q64,gt_1MB_slowdown_p99,28,3.4105971744482337
eta000_rho075_q64,guard_ack_interval_packets,28,8.0
eta000_rho075_q64,guard_adaptive_grant_updates,28,0.0
eta000_rho075_q64,guard_fixed_window,28,1.0
eta000_rho075_q64,guard_grant_refresh_bdps,28,1.0
eta000_rho075_q64,guard_long_acks_suppressed,28,175009.0
eta000_rho075_q64,guard_min_share_fraction,28,0.0
eta000_rho075_q64,guard_one_rtt_acks_suppressed,28,53619.0
eta000_rho075_q64,guard_one_rtt_bypass_enabled,28,1.0
eta000_rho075_q64,guard_one_rtt_bypass_feedbacks,28,5742.0
eta000_rho075_q64,guard_one_rtt_bypass_flows,28,5742.0
eta000_rho075_q64,guard_rebalance_events,28,0.0
eta000_rho075_q64,guard_remaining_aware,28,1.0
eta000_rho075_q64,guard_remaining_exponent,28,0.75
eta000_rho075_q64,guard_remaining_refresh_events,28,2289.0
eta000_rho075_q64,guard_sender_srpt_enabled,28,1.0
eta000_rho075_q64,guard_sender_srpt_forced_rr,28,113.0
eta000_rho075_q64,guard_sender_srpt_non_rr,28,35756.0
eta000_rho075_q64,guard_sender_srpt_selections,28,259911.0
eta000_rho075_q64,guard_srpt_quantum_packets,28,64.0
eta000_rho075_q64,guard_tail_bypass_bdps,28,8.0
eta000_rho075_q64,guard_tail_bypass_enabled,28,1.0
eta000_rho075_q64,guard_tail_bypass_feedbacks,28,15085.0
eta000_rho075_q64,guard_tail_bypass_flows,28,361.0
eta000_rho075_q64,hpcc_actual_rate_changes,28,57.0
eta000_rho075_q64,hpcc_fast_computations,28,0.0
eta000_rho075_q64,hpcc_feedback_updates,28,1625.0
eta000_rho075_q64,hpcc_full_computations,28,416.0
eta000_rho075_q64,hpcc_rate_updates_applied,28,416.0
eta000_rho075_q64,hpcc_valid_feedback,28,472.0
eta000_rho075_q64,int_hops_after_strip,28,34844.0
eta000_rho075_q64,int_hops_before_strip,28,66127.0
eta000_rho075_q64,int_records_stripped,28,31283.0
eta000_rho075_q64,irn_nacks_generated,28,0.0
eta000_rho075_q64,irn_nacks_received,28,0.0
eta000_rho075_q64,irn_retransmit_bytes,28,0.0
eta000_rho075_q64,irn_retransmit_packets,28,0.0
eta000_rho075_q64,le_8KB_fct_us_mean,28,6.987928537846733
eta000_rho075_q64,le_8KB_fct_us_p95,28,9.12435
eta000_rho075_q64,le_8KB_fct_us_p99,28,9.42594
eta000_rho075_q64,le_8KB_flow_count,28,4254.0
eta000_rho075_q64,le_8KB_slowdown_mean,28,1.0109784961273653
eta000_rho075_q64,le_8KB_slowdown_p95,28,1.0403636785015435
eta000_rho075_q64,le_8KB_slowdown_p99,28,1.0766145185316576
eta000_rho075_q64,long_to_small_slowdown_mean_ratio,28,1.647485514604696
eta000_rho075_q64,max_active_flows,28,3.0
eta000_rho075_q64,overall_fct_us_mean,28,11.883368998853022
eta000_rho075_q64,overall_fct_us_p95,28,16.97989999999998
eta000_rho075_q64,overall_fct_us_p99,28,165.11552
eta000_rho075_q64,overall_flow_count,28,6103.0
eta000_rho075_q64,overall_slowdown_mean,28,1.037799152332632
eta000_rho075_q64,overall_slowdown_p95,28,1.153689976660663
eta000_rho075_q64,overall_slowdown_p99,28,1.5822721404752795
eta000_rho075_q64,pfc_pause_events,28,0.0
eta000_rho075_q64,pfc_resume_events,28,0.0
eta000_rho075_q64,proactive_releases,28,361.0
eta000_rho075_q64,queue_bytes_max,28,229990.0
eta000_rho075_q64,queue_bytes_mean,28,2690.86
eta000_rho075_q64,queue_bytes_p95,28,8720.0
eta000_rho075_q64,queue_bytes_p99,28,89860.0
eta000_rho075_q64,queue_sample_count,28,160000.0
eta000_rho075_q64,reactive_binding_rate_changes,28,50.0
eta000_rho075_q64,reactive_binding_updates,28,50.0
eta000_rho075_q64,recovery_nacks_generated,28,0.0
eta000_rho075_q64,recovery_nacks_received,28,0.0
eta000_rho075_q64,registrations,28,361.0
eta000_rho075_q64,selected_registrations,28,361.0
eta000_rho075_q64,tie_binding_rate_changes,28,7.0
eta000_rho075_q64,tie_binding_updates,28,318.0
eta000_rho075_q64,timeout_recoveries,28,0.0
eta000_rho050_q64,1BDP_to_1MB_fct_us_mean,28,48.44115306122449
eta000_rho050_q64,1BDP_to_1MB_fct_us_p95,28,117.91325
eta000_rho050_q64,1BDP_to_1MB_fct_us_p99,28,180.17005000000043
eta000_rho050_q64,1BDP_to_1MB_flow_count,28,196.0
eta000_rho050_q64,1BDP_to_1MB_slowdown_mean,28,1.2952720571740786
eta000_rho050_q64,1BDP_to_1MB_slowdown_p95,28,1.8573486048731664
eta000_rho050_q64,1BDP_to_1MB_slowdown_p99,28,2.7211370767662886
eta000_rho050_q64,8KB_to_1BDP_fct_us_mean,28,9.318835564053538
eta000_rho050_q64,8KB_to_1BDP_fct_us_p95,28,15.625399999999994
eta000_rho050_q64,8KB_to_1BDP_fct_us_p99,28,18.30512
eta000_rho050_q64,8KB_to_1BDP_flow_count,28,1569.0
eta000_rho050_q64,8KB_to_1BDP_slowdown_mean,28,1.0465802669077762
eta000_rho050_q64,8KB_to_1BDP_slowdown_p95,28,1.1844098293068859
eta000_rho050_q64,8KB_to_1BDP_slowdown_p99,28,1.3662043902940775
eta000_rho050_q64,aggregate_goodput_gbps,28,201.1063462411498
eta000_rho050_q64,completion_releases,28,0.0
eta000_rho050_q64,completion_span_us,28,10218.537
eta000_rho050_q64,grant_binding_rate_changes,28,0.0
eta000_rho050_q64,grant_binding_updates,28,49.0
eta000_rho050_q64,grant_bytes_sent,28,291870.0
eta000_rho050_q64,grant_event_rate_changes,28,796.0
eta000_rho050_q64,grants_received,28,3105.0
eta000_rho050_q64,grants_sent,28,3105.0
eta000_rho050_q64,gt_1MB_fct_us_mean,28,223.37916666666666
eta000_rho050_q64,gt_1MB_fct_us_p95,28,386.0673999999999
eta000_rho050_q64,gt_1MB_fct_us_p99,28,462.2470500000002
eta000_rho050_q64,gt_1MB_flow_count,28,84.0
eta000_rho050_q64,gt_1MB_slowdown_mean,28,1.6671180393965563
eta000_rho050_q64,gt_1MB_slowdown_p95,28,2.679838570515872
eta000_rho050_q64,gt_1MB_slowdown_p99,28,3.4317089992707115
eta000_rho050_q64,guard_ack_interval_packets,28,8.0
eta000_rho050_q64,guard_adaptive_grant_updates,28,0.0
eta000_rho050_q64,guard_fixed_window,28,1.0
eta000_rho050_q64,guard_grant_refresh_bdps,28,1.0
eta000_rho050_q64,guard_long_acks_suppressed,28,175009.0
eta000_rho050_q64,guard_min_share_fraction,28,0.0
eta000_rho050_q64,guard_one_rtt_acks_suppressed,28,53619.0
eta000_rho050_q64,guard_one_rtt_bypass_enabled,28,1.0
eta000_rho050_q64,guard_one_rtt_bypass_feedbacks,28,5742.0
eta000_rho050_q64,guard_one_rtt_bypass_flows,28,5742.0
eta000_rho050_q64,guard_rebalance_events,28,0.0
eta000_rho050_q64,guard_remaining_aware,28,1.0
eta000_rho050_q64,guard_remaining_exponent,28,0.5
eta000_rho050_q64,guard_remaining_refresh_events,28,2287.0
eta000_rho050_q64,guard_sender_srpt_enabled,28,1.0
eta000_rho050_q64,guard_sender_srpt_forced_rr,28,114.0
eta000_rho050_q64,guard_sender_srpt_non_rr,28,35858.0
eta000_rho050_q64,guard_sender_srpt_selections,28,259911.0
eta000_rho050_q64,guard_srpt_quantum_packets,28,64.0
eta000_rho050_q64,guard_tail_bypass_bdps,28,8.0
eta000_rho050_q64,guard_tail_bypass_enabled,28,1.0
eta000_rho050_q64,guard_tail_bypass_feedbacks,28,15089.0
eta000_rho050_q64,guard_tail_bypass_flows,28,361.0
eta000_rho050_q64,hpcc_actual_rate_changes,28,62.0
eta000_rho050_q64,hpcc_fast_computations,28,0.0
eta000_rho050_q64,hpcc_feedback_updates,28,1618.0
eta000_rho050_q64,hpcc_full_computations,28,412.0
eta000_rho050_q64,hpcc_rate_updates_applied,28,412.0
eta000_rho050_q64,hpcc_valid_feedback,28,468.0
eta000_rho050_q64,int_hops_after_strip,28,34844.0
eta000_rho050_q64,int_hops_before_strip,28,66127.0
eta000_rho050_q64,int_records_stripped,28,31283.0
eta000_rho050_q64,irn_nacks_generated,28,0.0
eta000_rho050_q64,irn_nacks_received,28,0.0
eta000_rho050_q64,irn_retransmit_bytes,28,0.0
eta000_rho050_q64,irn_retransmit_packets,28,0.0
eta000_rho050_q64,le_8KB_fct_us_mean,28,6.988026563234603
eta000_rho050_q64,le_8KB_fct_us_p95,28,9.126349999999999
eta000_rho050_q64,le_8KB_fct_us_p99,28,9.4097
eta000_rho050_q64,le_8KB_flow_count,28,4254.0
eta000_rho050_q64,le_8KB_slowdown_mean,28,1.0109940054835265
eta000_rho050_q64,le_8KB_slowdown_p95,28,1.0399384348274214
eta000_rho050_q64,le_8KB_slowdown_p99,28,1.075598819520494
eta000_rho050_q64,long_to_small_slowdown_mean_ratio,28,1.6489890447957962
eta000_rho050_q64,max_active_flows,28,3.0
eta000_rho050_q64,overall_fct_us_mean,28,11.896875962641325
eta000_rho050_q64,overall_fct_us_p95,28,17.047199999999975
eta000_rho050_q64,overall_fct_us_p99,28,170.72469999999782
eta000_rho050_q64,overall_flow_count,28,6103.0
eta000_rho050_q64,overall_slowdown_mean,28,1.0383031585483617
eta000_rho050_q64,overall_slowdown_p95,28,1.1588230220546474
eta000_rho050_q64,overall_slowdown_p99,28,1.5822541270939101
eta000_rho050_q64,pfc_pause_events,28,0.0
eta000_rho050_q64,pfc_resume_events,28,0.0
eta000_rho050_q64,proactive_releases,28,361.0
eta000_rho050_q64,queue_bytes_max,28,231080.0
eta000_rho050_q64,queue_bytes_mean,28,2709.759
eta000_rho050_q64,queue_bytes_p95,28,8720.0
eta000_rho050_q64,queue_bytes_p99,28,89380.0
eta000_rho050_q64,queue_sample_count,28,160000.0
eta000_rho050_q64,reactive_binding_rate_changes,28,53.0
eta000_rho050_q64,reactive_binding_updates,28,53.0
eta000_rho050_q64,recovery_nacks_generated,28,0.0
eta000_rho050_q64,recovery_nacks_received,28,0.0
eta000_rho050_q64,registrations,28,361.0
eta000_rho050_q64,selected_registrations,28,361.0
eta000_rho050_q64,tie_binding_rate_changes,28,9.0
eta000_rho050_q64,tie_binding_updates,28,310.0
eta000_rho050_q64,timeout_recoveries,28,0.0
eta010_rho100_q64,1BDP_to_1MB_fct_us_mean,28,48.0135306122449
eta010_rho100_q64,1BDP_to_1MB_fct_us_p95,28,117.894
eta010_rho100_q64,1BDP_to_1MB_fct_us_p99,28,180.42035000000027
eta010_rho100_q64,1BDP_to_1MB_flow_count,28,196.0
eta010_rho100_q64,1BDP_to_1MB_slowdown_mean,28,1.2795887391103842
eta010_rho100_q64,1BDP_to_1MB_slowdown_p95,28,1.8394652271637806
eta010_rho100_q64,1BDP_to_1MB_slowdown_p99,28,2.590723113940994
eta010_rho100_q64,8KB_to_1BDP_fct_us_mean,28,9.319845761631612
eta010_rho100_q64,8KB_to_1BDP_fct_us_p95,28,15.589199999999998
eta010_rho100_q64,8KB_to_1BDP_fct_us_p99,28,18.351239999999997
eta010_rho100_q64,8KB_to_1BDP_flow_count,28,1569.0
eta010_rho100_q64,8KB_to_1BDP_slowdown_mean,28,1.0465054811384502
eta010_rho100_q64,8KB_to_1BDP_slowdown_p95,28,1.1844098293068859
eta010_rho100_q64,8KB_to_1BDP_slowdown_p99,28,1.3778559480912083
eta010_rho100_q64,aggregate_goodput_gbps,28,201.107408996032
eta010_rho100_q64,completion_releases,28,0.0
eta010_rho100_q64,completion_span_us,28,10218.483
eta010_rho100_q64,grant_binding_rate_changes,28,0.0
eta010_rho100_q64,grant_binding_updates,28,46.0
eta010_rho100_q64,grant_bytes_sent,28,291306.0
eta010_rho100_q64,grant_event_rate_changes,28,783.0
eta010_rho100_q64,grants_received,28,3099.0
eta010_rho100_q64,grants_sent,28,3099.0
eta010_rho100_q64,gt_1MB_fct_us_mean,28,223.9509761904762
eta010_rho100_q64,gt_1MB_fct_us_p95,28,386.4966999999999
eta010_rho100_q64,gt_1MB_fct_us_p99,28,468.02191000000016
eta010_rho100_q64,gt_1MB_flow_count,28,84.0
eta010_rho100_q64,gt_1MB_slowdown_mean,28,1.669995867005841
eta010_rho100_q64,gt_1MB_slowdown_p95,28,2.681425168355581
eta010_rho100_q64,gt_1MB_slowdown_p99,28,3.4060444903057308
eta010_rho100_q64,guard_ack_interval_packets,28,8.0
eta010_rho100_q64,guard_adaptive_grant_updates,28,0.0
eta010_rho100_q64,guard_fixed_window,28,1.0
eta010_rho100_q64,guard_grant_refresh_bdps,28,1.0
eta010_rho100_q64,guard_long_acks_suppressed,28,175009.0
eta010_rho100_q64,guard_min_share_fraction,28,0.1
eta010_rho100_q64,guard_one_rtt_acks_suppressed,28,53619.0
eta010_rho100_q64,guard_one_rtt_bypass_enabled,28,1.0
eta010_rho100_q64,guard_one_rtt_bypass_feedbacks,28,5742.0
eta010_rho100_q64,guard_one_rtt_bypass_flows,28,5742.0
eta010_rho100_q64,guard_rebalance_events,28,0.0
eta010_rho100_q64,guard_remaining_aware,28,1.0
eta010_rho100_q64,guard_remaining_exponent,28,1.0
eta010_rho100_q64,guard_remaining_refresh_events,28,2287.0
eta010_rho100_q64,guard_sender_srpt_enabled,28,1.0
eta010_rho100_q64,guard_sender_srpt_forced_rr,28,115.0
eta010_rho100_q64,guard_sender_srpt_non_rr,28,35931.0
eta010_rho100_q64,guard_sender_srpt_selections,28,259911.0
eta010_rho100_q64,guard_srpt_quantum_packets,28,64.0
eta010_rho100_q64,guard_tail_bypass_bdps,28,8.0
eta010_rho100_q64,guard_tail_bypass_enabled,28,1.0
eta010_rho100_q64,guard_tail_bypass_feedbacks,28,15082.0
eta010_rho100_q64,guard_tail_bypass_flows,28,361.0
eta010_rho100_q64,hpcc_actual_rate_changes,28,61.0
eta010_rho100_q64,hpcc_fast_computations,28,0.0
eta010_rho100_q64,hpcc_feedback_updates,28,1625.0
eta010_rho100_q64,hpcc_full_computations,28,417.0
eta010_rho100_q64,hpcc_rate_updates_applied,28,417.0
eta010_rho100_q64,hpcc_valid_feedback,28,473.0
eta010_rho100_q64,int_hops_after_strip,28,34844.0
eta010_rho100_q64,int_hops_before_strip,28,66127.0
eta010_rho100_q64,int_records_stripped,28,31283.0
eta010_rho100_q64,irn_nacks_generated,28,0.0
eta010_rho100_q64,irn_nacks_received,28,0.0
eta010_rho100_q64,irn_retransmit_bytes,28,0.0
eta010_rho100_q64,irn_retransmit_packets,28,0.0
eta010_rho100_q64,le_8KB_fct_us_mean,28,6.9886866478608365
eta010_rho100_q64,le_8KB_fct_us_p95,28,9.13
eta010_rho100_q64,le_8KB_fct_us_p99,28,9.438470000000002
eta010_rho100_q64,le_8KB_flow_count,28,4254.0
eta010_rho100_q64,le_8KB_slowdown_mean,28,1.0110724696115347
eta010_rho100_q64,le_8KB_slowdown_p95,28,1.040920522659361
eta010_rho100_q64,le_8KB_slowdown_p99,28,1.0773155602586373
eta010_rho100_q64,long_to_small_slowdown_mean_ratio,28,1.651707387154426
eta010_rho100_q64,max_active_flows,28,3.0
eta010_rho100_q64,overall_fct_us_mean,28,11.891732754383089
eta010_rho100_q64,overall_fct_us_p95,28,16.97989999999998
eta010_rho100_q64,overall_fct_us_p99,28,164.65251999999882
eta010_rho100_q64,overall_flow_count,28,6103.0
eta010_rho100_q64,overall_slowdown_mean,28,1.0378745586314637
eta010_rho100_q64,overall_slowdown_p95,28,1.1536131627833426
eta010_rho100_q64,overall_slowdown_p99,28,1.5808254362270373
eta010_rho100_q64,pfc_pause_events,28,0.0
eta010_rho100_q64,pfc_resume_events,28,0.0
eta010_rho100_q64,proactive_releases,28,361.0
eta010_rho100_q64,queue_bytes_max,28,231080.0
eta010_rho100_q64,queue_bytes_mean,28,2664.386
eta010_rho100_q64,queue_bytes_p95,28,8720.0
eta010_rho100_q64,queue_bytes_p99,28,89380.0
eta010_rho100_q64,queue_sample_count,28,160000.0
eta010_rho100_q64,reactive_binding_rate_changes,28,54.0
eta010_rho100_q64,reactive_binding_updates,28,54.0
eta010_rho100_q64,recovery_nacks_generated,28,0.0
eta010_rho100_q64,recovery_nacks_received,28,0.0
eta010_rho100_q64,registrations,28,361.0
eta010_rho100_q64,selected_registrations,28,361.0
eta010_rho100_q64,tie_binding_rate_changes,28,7.0
eta010_rho100_q64,tie_binding_updates,28,317.0
eta010_rho100_q64,timeout_recoveries,28,0.0
eta010_rho075_q64,1BDP_to_1MB_fct_us_mean,28,48.29846428571428
eta010_rho075_q64,1BDP_to_1MB_fct_us_p95,28,117.7475
eta010_rho075_q64,1BDP_to_1MB_fct_us_p99,28,180.31990000000033
eta010_rho075_q64,1BDP_to_1MB_flow_count,28,196.0
eta010_rho075_q64,1BDP_to_1MB_slowdown_mean,28,1.2912285156840206
eta010_rho075_q64,1BDP_to_1MB_slowdown_p95,28,1.829409481569197
eta010_rho075_q64,1BDP_to_1MB_slowdown_p99,28,2.6638540343610493
eta010_rho075_q64,8KB_to_1BDP_fct_us_mean,28,9.320898661567877
eta010_rho075_q64,8KB_to_1BDP_fct_us_p95,28,15.654399999999999
eta010_rho075_q64,8KB_to_1BDP_fct_us_p99,28,18.354439999999993
eta010_rho075_q64,8KB_to_1BDP_flow_count,28,1569.0
eta010_rho075_q64,8KB_to_1BDP_slowdown_mean,28,1.0466723963145919
eta010_rho075_q64,8KB_to_1BDP_slowdown_p95,28,1.184879170441365
eta010_rho075_q64,8KB_to_1BDP_slowdown_p99,28,1.37205674910309
eta010_rho075_q64,aggregate_goodput_gbps,28,201.10754676137617
eta010_rho075_q64,completion_releases,28,0.0
eta010_rho075_q64,completion_span_us,28,10218.476
eta010_rho075_q64,grant_binding_rate_changes,28,0.0
eta010_rho075_q64,grant_binding_updates,28,49.0
eta010_rho075_q64,grant_bytes_sent,28,291776.0
eta010_rho075_q64,grant_event_rate_changes,28,791.0
eta010_rho075_q64,grants_received,28,3104.0
eta010_rho075_q64,grants_sent,28,3104.0
eta010_rho075_q64,gt_1MB_fct_us_mean,28,223.1785476190476
eta010_rho075_q64,gt_1MB_fct_us_p95,28,385.7762499999999
eta010_rho075_q64,gt_1MB_fct_us_p99,28,460.97356000000013
eta010_rho075_q64,gt_1MB_flow_count,28,84.0
eta010_rho075_q64,gt_1MB_slowdown_mean,28,1.665407405075457
eta010_rho075_q64,gt_1MB_slowdown_p95,28,2.680286737403615
eta010_rho075_q64,gt_1MB_slowdown_p99,28,3.4096784253371757
eta010_rho075_q64,guard_ack_interval_packets,28,8.0
eta010_rho075_q64,guard_adaptive_grant_updates,28,0.0
eta010_rho075_q64,guard_fixed_window,28,1.0
eta010_rho075_q64,guard_grant_refresh_bdps,28,1.0
eta010_rho075_q64,guard_long_acks_suppressed,28,175009.0
eta010_rho075_q64,guard_min_share_fraction,28,0.1
eta010_rho075_q64,guard_one_rtt_acks_suppressed,28,53619.0
eta010_rho075_q64,guard_one_rtt_bypass_enabled,28,1.0
eta010_rho075_q64,guard_one_rtt_bypass_feedbacks,28,5742.0
eta010_rho075_q64,guard_one_rtt_bypass_flows,28,5742.0
eta010_rho075_q64,guard_rebalance_events,28,0.0
eta010_rho075_q64,guard_remaining_aware,28,1.0
eta010_rho075_q64,guard_remaining_exponent,28,0.75
eta010_rho075_q64,guard_remaining_refresh_events,28,2288.0
eta010_rho075_q64,guard_sender_srpt_enabled,28,1.0
eta010_rho075_q64,guard_sender_srpt_forced_rr,28,109.0
eta010_rho075_q64,guard_sender_srpt_non_rr,28,35793.0
eta010_rho075_q64,guard_sender_srpt_selections,28,259911.0
eta010_rho075_q64,guard_srpt_quantum_packets,28,64.0
eta010_rho075_q64,guard_tail_bypass_bdps,28,8.0
eta010_rho075_q64,guard_tail_bypass_enabled,28,1.0
eta010_rho075_q64,guard_tail_bypass_feedbacks,28,15085.0
eta010_rho075_q64,guard_tail_bypass_flows,28,361.0
eta010_rho075_q64,hpcc_actual_rate_changes,28,59.0
eta010_rho075_q64,hpcc_fast_computations,28,0.0
eta010_rho075_q64,hpcc_feedback_updates,28,1624.0
eta010_rho075_q64,hpcc_full_computations,28,414.0
eta010_rho075_q64,hpcc_rate_updates_applied,28,414.0
eta010_rho075_q64,hpcc_valid_feedback,28,470.0
eta010_rho075_q64,int_hops_after_strip,28,34844.0
eta010_rho075_q64,int_hops_before_strip,28,66127.0
eta010_rho075_q64,int_records_stripped,28,31283.0
eta010_rho075_q64,irn_nacks_generated,28,0.0
eta010_rho075_q64,irn_nacks_received,28,0.0
eta010_rho075_q64,irn_retransmit_bytes,28,0.0
eta010_rho075_q64,irn_retransmit_packets,28,0.0
eta010_rho075_q64,le_8KB_fct_us_mean,28,6.9874713211095445
eta010_rho075_q64,le_8KB_fct_us_p95,28,9.128
eta010_rho075_q64,le_8KB_fct_us_p99,28,9.407820000000001
eta010_rho075_q64,le_8KB_flow_count,28,4254.0
eta010_rho075_q64,le_8KB_slowdown_mean,28,1.0109369307908376
eta010_rho075_q64,le_8KB_slowdown_p95,28,1.0403542992183878
eta010_rho075_q64,le_8KB_slowdown_p99,28,1.073264777594642
eta010_rho075_q64,long_to_small_slowdown_mean_ratio,28,1.647390014501339
eta010_rho075_q64,max_active_flows,28,3.0
eta010_rho075_q64,overall_fct_us_mean,28,11.889675569392102
eta010_rho075_q64,overall_fct_us_p95,28,17.047199999999975
eta010_rho075_q64,overall_fct_us_p99,28,165.86488
eta010_rho075_q64,overall_flow_count,28,6103.0
eta010_rho075_q64,overall_slowdown_mean,28,1.03813365631693
eta010_rho075_q64,overall_slowdown_p95,28,1.1536279533963627
eta010_rho075_q64,overall_slowdown_p99,28,1.5808254362270373
eta010_rho075_q64,pfc_pause_events,28,0.0
eta010_rho075_q64,pfc_resume_events,28,0.0
eta010_rho075_q64,proactive_releases,28,361.0
eta010_rho075_q64,queue_bytes_max,28,229990.0
eta010_rho075_q64,queue_bytes_mean,28,2689.466
eta010_rho075_q64,queue_bytes_p95,28,8720.0
eta010_rho075_q64,queue_bytes_p99,28,89380.0
eta010_rho075_q64,queue_sample_count,28,160000.0
eta010_rho075_q64,reactive_binding_rate_changes,28,52.0
eta010_rho075_q64,reactive_binding_updates,28,52.0
eta010_rho075_q64,recovery_nacks_generated,28,0.0
eta010_rho075_q64,recovery_nacks_received,28,0.0
eta010_rho075_q64,registrations,28,361.0
eta010_rho075_q64,selected_registrations,28,361.0
eta010_rho075_q64,tie_binding_rate_changes,28,7.0
eta010_rho075_q64,tie_binding_updates,28,313.0
eta010_rho075_q64,timeout_recoveries,28,0.0
eta010_rho050_q64,1BDP_to_1MB_fct_us_mean,28,48.49527551020408
eta010_rho050_q64,1BDP_to_1MB_fct_us_p95,28,119.41425
eta010_rho050_q64,1BDP_to_1MB_fct_us_p99,28,179.89010000000044
eta010_rho050_q64,1BDP_to_1MB_flow_count,28,196.0
eta010_rho050_q64,1BDP_to_1MB_slowdown_mean,28,1.2974985034445077
eta010_rho050_q64,1BDP_to_1MB_slowdown_p95,28,1.8586116719458203
eta010_rho050_q64,1BDP_to_1MB_slowdown_p99,28,2.7400763187991615
eta010_rho050_q64,8KB_to_1BDP_fct_us_mean,28,9.320950286806884
eta010_rho050_q64,8KB_to_1BDP_fct_us_p95,28,15.618799999999997
eta010_rho050_q64,8KB_to_1BDP_fct_us_p99,28,18.33524
eta010_rho050_q64,8KB_to_1BDP_flow_count,28,1569.0
eta010_rho050_q64,8KB_to_1BDP_slowdown_mean,28,1.0467116419010316
eta010_rho050_q64,8KB_to_1BDP_slowdown_p95,28,1.184800327191689
eta010_rho050_q64,8KB_to_1BDP_slowdown_p99,28,1.3733773448937443
eta010_rho050_q64,aggregate_goodput_gbps,28,201.1064840050379
eta010_rho050_q64,completion_releases,28,0.0
eta010_rho050_q64,completion_span_us,28,10218.53
eta010_rho050_q64,grant_binding_rate_changes,28,0.0
eta010_rho050_q64,grant_binding_updates,28,48.0
eta010_rho050_q64,grant_bytes_sent,28,292152.0
eta010_rho050_q64,grant_event_rate_changes,28,801.0
eta010_rho050_q64,grants_received,28,3108.0
eta010_rho050_q64,grants_sent,28,3108.0
eta010_rho050_q64,gt_1MB_fct_us_mean,28,223.26807142857143
eta010_rho050_q64,gt_1MB_fct_us_p95,28,386.05939999999987
eta010_rho050_q64,gt_1MB_fct_us_p99,28,463.5820800000002
eta010_rho050_q64,gt_1MB_flow_count,28,84.0
eta010_rho050_q64,gt_1MB_slowdown_mean,28,1.666200245828604
eta010_rho050_q64,gt_1MB_slowdown_p95,28,2.6821498977230753
eta010_rho050_q64,gt_1MB_slowdown_p99,28,3.4385322258513735
eta010_rho050_q64,guard_ack_interval_packets,28,8.0
eta010_rho050_q64,guard_adaptive_grant_updates,28,0.0
eta010_rho050_q64,guard_fixed_window,28,1.0
eta010_rho050_q64,guard_grant_refresh_bdps,28,1.0
eta010_rho050_q64,guard_long_acks_suppressed,28,175009.0
eta010_rho050_q64,guard_min_share_fraction,28,0.1
eta010_rho050_q64,guard_one_rtt_acks_suppressed,28,53619.0
eta010_rho050_q64,guard_one_rtt_bypass_enabled,28,1.0
eta010_rho050_q64,guard_one_rtt_bypass_feedbacks,28,5742.0
eta010_rho050_q64,guard_one_rtt_bypass_flows,28,5742.0
eta010_rho050_q64,guard_rebalance_events,28,0.0
eta010_rho050_q64,guard_remaining_aware,28,1.0
eta010_rho050_q64,guard_remaining_exponent,28,0.5
eta010_rho050_q64,guard_remaining_refresh_events,28,2288.0
eta010_rho050_q64,guard_sender_srpt_enabled,28,1.0
eta010_rho050_q64,guard_sender_srpt_forced_rr,28,115.0
eta010_rho050_q64,guard_sender_srpt_non_rr,28,35895.0
eta010_rho050_q64,guard_sender_srpt_selections,28,259911.0
eta010_rho050_q64,guard_srpt_quantum_packets,28,64.0
eta010_rho050_q64,guard_tail_bypass_bdps,28,8.0
eta010_rho050_q64,guard_tail_bypass_enabled,28,1.0
eta010_rho050_q64,guard_tail_bypass_feedbacks,28,15089.0
eta010_rho050_q64,guard_tail_bypass_flows,28,361.0
eta010_rho050_q64,hpcc_actual_rate_changes,28,61.0
eta010_rho050_q64,hpcc_fast_computations,28,0.0
eta010_rho050_q64,hpcc_feedback_updates,28,1619.0
eta010_rho050_q64,hpcc_full_computations,28,414.0
eta010_rho050_q64,hpcc_rate_updates_applied,28,414.0
eta010_rho050_q64,hpcc_valid_feedback,28,470.0
eta010_rho050_q64,int_hops_after_strip,28,34844.0
eta010_rho050_q64,int_hops_before_strip,28,66127.0
eta010_rho050_q64,int_records_stripped,28,31283.0
eta010_rho050_q64,irn_nacks_generated,28,0.0
eta010_rho050_q64,irn_nacks_received,28,0.0
eta010_rho050_q64,irn_retransmit_bytes,28,0.0
eta010_rho050_q64,irn_retransmit_packets,28,0.0
eta010_rho050_q64,le_8KB_fct_us_mean,28,6.987959332393041
eta010_rho050_q64,le_8KB_fct_us_p95,28,9.128
eta010_rho050_q64,le_8KB_fct_us_p99,28,9.412880000000001
eta010_rho050_q64,le_8KB_flow_count,28,4254.0
eta010_rho050_q64,le_8KB_slowdown_mean,28,1.0109866139560193
eta010_rho050_q64,le_8KB_slowdown_p95,28,1.0402426187283873
eta010_rho050_q64,le_8KB_slowdown_p99,28,1.0746011128797979
eta010_rho050_q64,long_to_small_slowdown_mean_ratio,28,1.6480932811847184
eta010_rho050_q64,max_active_flows,28,3.0
eta010_rho050_q64,overall_fct_us_mean,28,11.897581844994264
eta010_rho050_q64,overall_fct_us_p95,28,17.055799999999998
eta010_rho050_q64,overall_fct_us_p99,28,171.94815999999705
eta010_rho050_q64,overall_flow_count,28,6103.0
eta010_rho050_q64,overall_slowdown_mean,28,1.0383906520131658
eta010_rho050_q64,overall_slowdown_p95,28,1.157536853502686
eta010_rho050_q64,overall_slowdown_p99,28,1.5860031801122114
eta010_rho050_q64,pfc_pause_events,28,0.0
eta010_rho050_q64,pfc_resume_events,28,0.0
eta010_rho050_q64,proactive_releases,28,361.0
eta010_rho050_q64,queue_bytes_max,28,225630.0
eta010_rho050_q64,queue_bytes_mean,28,2715.499
eta010_rho050_q64,queue_bytes_p95,28,8720.0
eta010_rho050_q64,queue_bytes_p99,28,89380.0
eta010_rho050_q64,queue_sample_count,28,160000.0
eta010_rho050_q64,reactive_binding_rate_changes,28,54.0
eta010_rho050_q64,reactive_binding_updates,28,54.0
eta010_rho050_q64,recovery_nacks_generated,28,0.0
eta010_rho050_q64,recovery_nacks_received,28,0.0
eta010_rho050_q64,registrations,28,361.0
eta010_rho050_q64,selected_registrations,28,361.0
eta010_rho050_q64,tie_binding_rate_changes,28,7.0
eta010_rho050_q64,tie_binding_updates,28,312.0
eta010_rho050_q64,timeout_recoveries,28,0.0
eta020_rho100_q64,1BDP_to_1MB_fct_us_mean,28,48.03714285714286
eta020_rho100_q64,1BDP_to_1MB_fct_us_p95,28,117.76424999999999
eta020_rho100_q64,1BDP_to_1MB_fct_us_p99,28,180.1589000000003
eta020_rho100_q64,1BDP_to_1MB_flow_count,28,196.0
eta020_rho100_q64,1BDP_to_1MB_slowdown_mean,28,1.2806292707955527
eta020_rho100_q64,1BDP_to_1MB_slowdown_p95,28,1.8347557146714737
eta020_rho100_q64,1BDP_to_1MB_slowdown_p99,28,2.6134192172323023
eta020_rho100_q64,8KB_to_1BDP_fct_us_mean,28,9.320827915869982
eta020_rho100_q64,8KB_to_1BDP_fct_us_p95,28,15.618799999999997
eta020_rho100_q64,8KB_to_1BDP_fct_us_p99,28,18.354439999999993
eta020_rho100_q64,8KB_to_1BDP_flow_count,28,1569.0
eta020_rho100_q64,8KB_to_1BDP_slowdown_mean,28,1.0466319961939643
eta020_rho100_q64,8KB_to_1BDP_slowdown_p95,28,1.1836341734242033
eta020_rho100_q64,8KB_to_1BDP_slowdown_p99,28,1.398989604122606
eta020_rho100_q64,aggregate_goodput_gbps,28,201.107408996032
eta020_rho100_q64,completion_releases,28,0.0
eta020_rho100_q64,completion_span_us,28,10218.483
eta020_rho100_q64,grant_binding_rate_changes,28,0.0
eta020_rho100_q64,grant_binding_updates,28,47.0
eta020_rho100_q64,grant_bytes_sent,28,291306.0
eta020_rho100_q64,grant_event_rate_changes,28,783.0
eta020_rho100_q64,grants_received,28,3099.0
eta020_rho100_q64,grants_sent,28,3099.0
eta020_rho100_q64,gt_1MB_fct_us_mean,28,223.30257142857144
eta020_rho100_q64,gt_1MB_fct_us_p95,28,385.8993999999999
eta020_rho100_q64,gt_1MB_fct_us_p99,28,462.89444000000015
eta020_rho100_q64,gt_1MB_flow_count,28,84.0
eta020_rho100_q64,gt_1MB_slowdown_mean,28,1.6659309420356947
eta020_rho100_q64,gt_1MB_slowdown_p95,28,2.680286737403615
eta020_rho100_q64,gt_1MB_slowdown_p99,28,3.4121421101042575
eta020_rho100_q64,guard_ack_interval_packets,28,8.0
eta020_rho100_q64,guard_adaptive_grant_updates,28,0.0
eta020_rho100_q64,guard_fixed_window,28,1.0
eta020_rho100_q64,guard_grant_refresh_bdps,28,1.0
eta020_rho100_q64,guard_long_acks_suppressed,28,175009.0
eta020_rho100_q64,guard_min_share_fraction,28,0.2
eta020_rho100_q64,guard_one_rtt_acks_suppressed,28,53619.0
eta020_rho100_q64,guard_one_rtt_bypass_enabled,28,1.0
eta020_rho100_q64,guard_one_rtt_bypass_feedbacks,28,5742.0
eta020_rho100_q64,guard_one_rtt_bypass_flows,28,5742.0
eta020_rho100_q64,guard_rebalance_events,28,0.0
eta020_rho100_q64,guard_remaining_aware,28,1.0
eta020_rho100_q64,guard_remaining_exponent,28,1.0
eta020_rho100_q64,guard_remaining_refresh_events,28,2288.0
eta020_rho100_q64,guard_sender_srpt_enabled,28,1.0
eta020_rho100_q64,guard_sender_srpt_forced_rr,28,109.0
eta020_rho100_q64,guard_sender_srpt_non_rr,28,35949.0
eta020_rho100_q64,guard_sender_srpt_selections,28,259911.0
eta020_rho100_q64,guard_srpt_quantum_packets,28,64.0
eta020_rho100_q64,guard_tail_bypass_bdps,28,8.0
eta020_rho100_q64,guard_tail_bypass_enabled,28,1.0
eta020_rho100_q64,guard_tail_bypass_feedbacks,28,15085.0
eta020_rho100_q64,guard_tail_bypass_flows,28,361.0
eta020_rho100_q64,hpcc_actual_rate_changes,28,60.0
eta020_rho100_q64,hpcc_fast_computations,28,0.0
eta020_rho100_q64,hpcc_feedback_updates,28,1624.0
eta020_rho100_q64,hpcc_full_computations,28,416.0
eta020_rho100_q64,hpcc_rate_updates_applied,28,416.0
eta020_rho100_q64,hpcc_valid_feedback,28,472.0
eta020_rho100_q64,int_hops_after_strip,28,34844.0
eta020_rho100_q64,int_hops_before_strip,28,66127.0
eta020_rho100_q64,int_records_stripped,28,31283.0
eta020_rho100_q64,irn_nacks_generated,28,0.0
eta020_rho100_q64,irn_nacks_received,28,0.0
eta020_rho100_q64,irn_retransmit_bytes,28,0.0
eta020_rho100_q64,irn_retransmit_packets,28,0.0
eta020_rho100_q64,le_8KB_fct_us_mean,28,6.988285613540198
eta020_rho100_q64,le_8KB_fct_us_p95,28,9.126
eta020_rho100_q64,le_8KB_fct_us_p99,28,9.43694
eta020_rho100_q64,le_8KB_flow_count,28,4254.0
eta020_rho100_q64,le_8KB_slowdown_mean,28,1.011053444991184
eta020_rho100_q64,le_8KB_slowdown_p95,28,1.0405169083279033
eta020_rho100_q64,le_8KB_slowdown_p99,28,1.077107587975786
eta020_rho100_q64,long_to_small_slowdown_mean_ratio,28,1.6477179819611028
eta020_rho100_q64,max_active_flows,28,3.0
eta020_rho100_q64,overall_fct_us_mean,28,11.883539570702933
eta020_rho100_q64,overall_fct_us_p95,28,16.97989999999998
eta020_rho100_q64,overall_fct_us_p99,28,164.8655599999998
eta020_rho100_q64,overall_flow_count,28,6103.0
eta020_rho100_q64,overall_slowdown_mean,28,1.0378712916971577
eta020_rho100_q64,overall_slowdown_p95,28,1.1536131627833426
eta020_rho100_q64,overall_slowdown_p99,28,1.5823092324150356
eta020_rho100_q64,pfc_pause_events,28,0.0
eta020_rho100_q64,pfc_resume_events,28,0.0
eta020_rho100_q64,proactive_releases,28,361.0
eta020_rho100_q64,queue_bytes_max,28,228900.0
eta020_rho100_q64,queue_bytes_mean,28,2691.448
eta020_rho100_q64,queue_bytes_p95,28,8720.0
eta020_rho100_q64,queue_bytes_p99,28,89380.0
eta020_rho100_q64,queue_sample_count,28,160000.0
eta020_rho100_q64,reactive_binding_rate_changes,28,52.0
eta020_rho100_q64,reactive_binding_updates,28,52.0
eta020_rho100_q64,recovery_nacks_generated,28,0.0
eta020_rho100_q64,recovery_nacks_received,28,0.0
eta020_rho100_q64,registrations,28,361.0
eta020_rho100_q64,selected_registrations,28,361.0
eta020_rho100_q64,tie_binding_rate_changes,28,8.0
eta020_rho100_q64,tie_binding_updates,28,317.0
eta020_rho100_q64,timeout_recoveries,28,0.0
eta020_rho075_q64,1BDP_to_1MB_fct_us_mean,28,48.316928571428576
eta020_rho075_q64,1BDP_to_1MB_fct_us_p95,28,117.78375
eta020_rho075_q64,1BDP_to_1MB_fct_us_p99,28,180.04220000000038
eta020_rho075_q64,1BDP_to_1MB_flow_count,28,196.0
eta020_rho075_q64,1BDP_to_1MB_slowdown_mean,28,1.2924032494223048
eta020_rho075_q64,1BDP_to_1MB_slowdown_p95,28,1.8388551254395933
eta020_rho075_q64,1BDP_to_1MB_slowdown_p99,28,2.686807678097029
eta020_rho075_q64,8KB_to_1BDP_fct_us_mean,28,9.31827533460803
eta020_rho075_q64,8KB_to_1BDP_fct_us_p95,28,15.622999999999996
eta020_rho075_q64,8KB_to_1BDP_fct_us_p99,28,18.30512
eta020_rho075_q64,8KB_to_1BDP_flow_count,28,1569.0
eta020_rho075_q64,8KB_to_1BDP_slowdown_mean,28,1.0465035920846804
eta020_rho075_q64,8KB_to_1BDP_slowdown_p95,28,1.1844098293068859
eta020_rho075_q64,8KB_to_1BDP_slowdown_p99,28,1.3583067773769506
eta020_rho075_q64,aggregate_goodput_gbps,28,201.1063462411498
eta020_rho075_q64,completion_releases,28,0.0
eta020_rho075_q64,completion_span_us,28,10218.537
eta020_rho075_q64,grant_binding_rate_changes,28,0.0
eta020_rho075_q64,grant_binding_updates,28,48.0
eta020_rho075_q64,grant_bytes_sent,28,291870.0
eta020_rho075_q64,grant_event_rate_changes,28,796.0
eta020_rho075_q64,grants_received,28,3105.0
eta020_rho075_q64,grants_sent,28,3105.0
eta020_rho075_q64,gt_1MB_fct_us_mean,28,223.2504523809524
eta020_rho075_q64,gt_1MB_fct_us_p95,28,385.6103499999999
eta020_rho075_q64,gt_1MB_fct_us_p99,28,462.61064000000016
eta020_rho075_q64,gt_1MB_flow_count,28,84.0
eta020_rho075_q64,gt_1MB_slowdown_mean,28,1.6659989120187273
eta020_rho075_q64,gt_1MB_slowdown_p95,28,2.681406119622601
eta020_rho075_q64,gt_1MB_slowdown_p99,28,3.428261486726799
eta020_rho075_q64,guard_ack_interval_packets,28,8.0
eta020_rho075_q64,guard_adaptive_grant_updates,28,0.0
eta020_rho075_q64,guard_fixed_window,28,1.0
eta020_rho075_q64,guard_grant_refresh_bdps,28,1.0
eta020_rho075_q64,guard_long_acks_suppressed,28,175009.0
eta020_rho075_q64,guard_min_share_fraction,28,0.2
eta020_rho075_q64,guard_one_rtt_acks_suppressed,28,53619.0
eta020_rho075_q64,guard_one_rtt_bypass_enabled,28,1.0
eta020_rho075_q64,guard_one_rtt_bypass_feedbacks,28,5742.0
eta020_rho075_q64,guard_one_rtt_bypass_flows,28,5742.0
eta020_rho075_q64,guard_rebalance_events,28,0.0
eta020_rho075_q64,guard_remaining_aware,28,1.0
eta020_rho075_q64,guard_remaining_exponent,28,0.75
eta020_rho075_q64,guard_remaining_refresh_events,28,2287.0
eta020_rho075_q64,guard_sender_srpt_enabled,28,1.0
eta020_rho075_q64,guard_sender_srpt_forced_rr,28,115.0
eta020_rho075_q64,guard_sender_srpt_non_rr,28,35895.0
eta020_rho075_q64,guard_sender_srpt_selections,28,259911.0
eta020_rho075_q64,guard_srpt_quantum_packets,28,64.0
eta020_rho075_q64,guard_tail_bypass_bdps,28,8.0
eta020_rho075_q64,guard_tail_bypass_enabled,28,1.0
eta020_rho075_q64,guard_tail_bypass_feedbacks,28,15089.0
eta020_rho075_q64,guard_tail_bypass_flows,28,361.0
eta020_rho075_q64,hpcc_actual_rate_changes,28,62.0
eta020_rho075_q64,hpcc_fast_computations,28,0.0
eta020_rho075_q64,hpcc_feedback_updates,28,1621.0
eta020_rho075_q64,hpcc_full_computations,28,413.0
eta020_rho075_q64,hpcc_rate_updates_applied,28,413.0
eta020_rho075_q64,hpcc_valid_feedback,28,469.0
eta020_rho075_q64,int_hops_after_strip,28,34844.0
eta020_rho075_q64,int_hops_before_strip,28,66127.0
eta020_rho075_q64,int_records_stripped,28,31283.0
eta020_rho075_q64,irn_nacks_generated,28,0.0
eta020_rho075_q64,irn_nacks_received,28,0.0
eta020_rho075_q64,irn_retransmit_bytes,28,0.0
eta020_rho075_q64,irn_retransmit_packets,28,0.0
eta020_rho075_q64,le_8KB_fct_us_mean,28,6.9883178185237425
eta020_rho075_q64,le_8KB_fct_us_p95,28,9.124
eta020_rho075_q64,le_8KB_fct_us_p99,28,9.418760000000002
eta020_rho075_q64,le_8KB_flow_count,28,4254.0
eta020_rho075_q64,le_8KB_slowdown_mean,28,1.0110591729783573
eta020_rho075_q64,le_8KB_slowdown_p95,28,1.0400637836701867
eta020_rho075_q64,le_8KB_slowdown_p99,28,1.0757363486365907
eta020_rho075_q64,long_to_small_slowdown_mean_ratio,28,1.647775873602988
eta020_rho075_q64,max_active_flows,28,3.0
eta020_rho075_q64,overall_fct_us_mean,28,11.891173848926758
eta020_rho075_q64,overall_fct_us_p95,28,16.97989999999998
eta020_rho075_q64,overall_fct_us_p99,28,165.79563999999968
eta020_rho075_q64,overall_flow_count,28,6103.0
eta020_rho075_q64,overall_slowdown_mean,28,1.0382213343154416
eta020_rho075_q64,overall_slowdown_p95,28,1.155790994600539
eta020_rho075_q64,overall_slowdown_p99,28,1.5808254362270373
eta020_rho075_q64,pfc_pause_events,28,0.0
eta020_rho075_q64,pfc_resume_events,28,0.0
eta020_rho075_q64,proactive_releases,28,361.0
eta020_rho075_q64,queue_bytes_max,28,228900.0
eta020_rho075_q64,queue_bytes_mean,28,2696.131
eta020_rho075_q64,queue_bytes_p95,28,8720.0
eta020_rho075_q64,queue_bytes_p99,28,89380.0
eta020_rho075_q64,queue_sample_count,28,160000.0
eta020_rho075_q64,reactive_binding_rate_changes,28,55.0
eta020_rho075_q64,reactive_binding_updates,28,55.0
eta020_rho075_q64,recovery_nacks_generated,28,0.0
eta020_rho075_q64,recovery_nacks_received,28,0.0
eta020_rho075_q64,registrations,28,361.0
eta020_rho075_q64,selected_registrations,28,361.0
eta020_rho075_q64,tie_binding_rate_changes,28,7.0
eta020_rho075_q64,tie_binding_updates,28,310.0
eta020_rho075_q64,timeout_recoveries,28,0.0
eta020_rho050_q64,1BDP_to_1MB_fct_us_mean,28,48.59326020408164
eta020_rho050_q64,1BDP_to_1MB_fct_us_p95,28,120.70025
eta020_rho050_q64,1BDP_to_1MB_fct_us_p99,28,179.91670000000047
eta020_rho050_q64,1BDP_to_1MB_flow_count,28,196.0
eta020_rho050_q64,1BDP_to_1MB_slowdown_mean,28,1.3015674841897387
eta020_rho050_q64,1BDP_to_1MB_slowdown_p95,28,1.8372802476180576
eta020_rho050_q64,1BDP_to_1MB_slowdown_p99,28,2.784903284846849
eta020_rho050_q64,8KB_to_1BDP_fct_us_mean,28,9.323004461440409
eta020_rho050_q64,8KB_to_1BDP_fct_us_p95,28,15.618799999999997
eta020_rho050_q64,8KB_to_1BDP_fct_us_p99,28,18.354439999999993
eta020_rho050_q64,8KB_to_1BDP_flow_count,28,1569.0
eta020_rho050_q64,8KB_to_1BDP_slowdown_mean,28,1.046932653682828
eta020_rho050_q64,8KB_to_1BDP_slowdown_p95,28,1.1856267409534906
eta020_rho050_q64,8KB_to_1BDP_slowdown_p99,28,1.3851384658308457
eta020_rho050_q64,aggregate_goodput_gbps,28,201.10723186943827
eta020_rho050_q64,completion_releases,28,0.0
eta020_rho050_q64,completion_span_us,28,10218.492
eta020_rho050_q64,grant_binding_rate_changes,28,0.0
eta020_rho050_q64,grant_binding_updates,28,48.0
eta020_rho050_q64,grant_bytes_sent,28,293092.0
eta020_rho050_q64,grant_event_rate_changes,28,817.0
eta020_rho050_q64,grants_received,28,3118.0
eta020_rho050_q64,grants_sent,28,3118.0
eta020_rho050_q64,gt_1MB_fct_us_mean,28,222.76517857142858
eta020_rho050_q64,gt_1MB_fct_us_p95,28,385.7304999999999
eta020_rho050_q64,gt_1MB_fct_us_p99,28,471.00109000000015
eta020_rho050_q64,gt_1MB_flow_count,28,84.0
eta020_rho050_q64,gt_1MB_slowdown_mean,28,1.6627676174372343
eta020_rho050_q64,gt_1MB_slowdown_p95,28,2.6887656882630555
eta020_rho050_q64,gt_1MB_slowdown_p99,28,3.438484543912686
eta020_rho050_q64,guard_ack_interval_packets,28,8.0
eta020_rho050_q64,guard_adaptive_grant_updates,28,0.0
eta020_rho050_q64,guard_fixed_window,28,1.0
eta020_rho050_q64,guard_grant_refresh_bdps,28,1.0
eta020_rho050_q64,guard_long_acks_suppressed,28,175009.0
eta020_rho050_q64,guard_min_share_fraction,28,0.2
eta020_rho050_q64,guard_one_rtt_acks_suppressed,28,53619.0
eta020_rho050_q64,guard_one_rtt_bypass_enabled,28,1.0
eta020_rho050_q64,guard_one_rtt_bypass_feedbacks,28,5742.0
eta020_rho050_q64,guard_one_rtt_bypass_flows,28,5742.0
eta020_rho050_q64,guard_rebalance_events,28,0.0
eta020_rho050_q64,guard_remaining_aware,28,1.0
eta020_rho050_q64,guard_remaining_exponent,28,0.5
eta020_rho050_q64,guard_remaining_refresh_events,28,2289.0
eta020_rho050_q64,guard_sender_srpt_enabled,28,1.0
eta020_rho050_q64,guard_sender_srpt_forced_rr,28,110.0
eta020_rho050_q64,guard_sender_srpt_non_rr,28,36018.0
eta020_rho050_q64,guard_sender_srpt_selections,28,259911.0
eta020_rho050_q64,guard_srpt_quantum_packets,28,64.0
eta020_rho050_q64,guard_tail_bypass_bdps,28,8.0
eta020_rho050_q64,guard_tail_bypass_enabled,28,1.0
eta020_rho050_q64,guard_tail_bypass_feedbacks,28,15089.0
eta020_rho050_q64,guard_tail_bypass_flows,28,361.0
eta020_rho050_q64,hpcc_actual_rate_changes,28,64.0
eta020_rho050_q64,hpcc_fast_computations,28,0.0
eta020_rho050_q64,hpcc_feedback_updates,28,1619.0
eta020_rho050_q64,hpcc_full_computations,28,413.0
eta020_rho050_q64,hpcc_rate_updates_applied,28,413.0
eta020_rho050_q64,hpcc_valid_feedback,28,469.0
eta020_rho050_q64,int_hops_after_strip,28,34844.0
eta020_rho050_q64,int_hops_before_strip,28,66127.0
eta020_rho050_q64,int_records_stripped,28,31283.0
eta020_rho050_q64,irn_nacks_generated,28,0.0
eta020_rho050_q64,irn_nacks_received,28,0.0
eta020_rho050_q64,irn_retransmit_bytes,28,0.0
eta020_rho050_q64,irn_retransmit_packets,28,0.0
eta020_rho050_q64,le_8KB_fct_us_mean,28,6.987887165021157
eta020_rho050_q64,le_8KB_fct_us_p95,28,9.126349999999999
eta020_rho050_q64,le_8KB_fct_us_p99,28,9.412880000000001
eta020_rho050_q64,le_8KB_flow_count,28,4254.0
eta020_rho050_q64,le_8KB_slowdown_mean,28,1.010945964041495
eta020_rho050_q64,le_8KB_slowdown_p95,28,1.0405383432988031
eta020_rho050_q64,le_8KB_slowdown_p99,28,1.0747179524653956
eta020_rho050_q64,long_to_small_slowdown_mean_ratio,28,1.6447640888637889
eta020_rho050_q64,max_active_flows,28,3.0
eta020_rho050_q64,overall_fct_us_mean,28,11.894284777978045
eta020_rho050_q64,overall_fct_us_p95,28,17.055799999999998
eta020_rho050_q64,overall_fct_us_p99,28,165.1067
eta020_rho050_q64,overall_flow_count,28,6103.0
eta020_rho050_q64,overall_slowdown_mean,28,1.0385025678234956
eta020_rho050_q64,overall_slowdown_p95,28,1.1576204297005277
eta020_rho050_q64,overall_slowdown_p99,28,1.5851205244251299
eta020_rho050_q64,pfc_pause_events,28,0.0
eta020_rho050_q64,pfc_resume_events,28,0.0
eta020_rho050_q64,proactive_releases,28,361.0
eta020_rho050_q64,queue_bytes_max,28,228900.0
eta020_rho050_q64,queue_bytes_mean,28,2712.628
eta020_rho050_q64,queue_bytes_p95,28,8720.0
eta020_rho050_q64,queue_bytes_p99,28,89380.0
eta020_rho050_q64,queue_sample_count,28,160000.0
eta020_rho050_q64,reactive_binding_rate_changes,28,56.0
eta020_rho050_q64,reactive_binding_updates,28,56.0
eta020_rho050_q64,recovery_nacks_generated,28,0.0
eta020_rho050_q64,recovery_nacks_received,28,0.0
eta020_rho050_q64,registrations,28,361.0
eta020_rho050_q64,selected_registrations,28,361.0
eta020_rho050_q64,tie_binding_rate_changes,28,8.0
eta020_rho050_q64,tie_binding_updates,28,309.0
eta020_rho050_q64,timeout_recoveries,28,0.0
eta000_rho100_q64,1BDP_to_1MB_fct_us_mean,29,51.07080952380952
eta000_rho100_q64,1BDP_to_1MB_fct_us_p95,29,135.08559999999997
eta000_rho100_q64,1BDP_to_1MB_fct_us_p99,29,217.14128000000005
eta000_rho100_q64,1BDP_to_1MB_flow_count,29,189.0
eta000_rho100_q64,1BDP_to_1MB_slowdown_mean,29,1.322203610492386
eta000_rho100_q64,1BDP_to_1MB_slowdown_p95,29,2.068460434706229
eta000_rho100_q64,1BDP_to_1MB_slowdown_p99,29,2.4017032568867402
eta000_rho100_q64,8KB_to_1BDP_fct_us_mean,29,9.038167392657124
eta000_rho100_q64,8KB_to_1BDP_fct_us_p95,29,14.4016
eta000_rho100_q64,8KB_to_1BDP_fct_us_p99,29,18.523060000000005
eta000_rho100_q64,8KB_to_1BDP_flow_count,29,1607.0
eta000_rho100_q64,8KB_to_1BDP_slowdown_mean,29,1.0457589116960797
eta000_rho100_q64,8KB_to_1BDP_slowdown_p95,29,1.19314470240594
eta000_rho100_q64,8KB_to_1BDP_slowdown_p99,29,1.3622833325505903
eta000_rho100_q64,aggregate_goodput_gbps,29,196.24436809503638
eta000_rho100_q64,completion_releases,29,0.0
eta000_rho100_q64,completion_span_us,29,10073.279
eta000_rho100_q64,grant_binding_rate_changes,29,1.0
eta000_rho100_q64,grant_binding_updates,29,129.0
eta000_rho100_q64,grant_bytes_sent,29,305688.0
eta000_rho100_q64,grant_event_rate_changes,29,1305.0
eta000_rho100_q64,grants_received,29,3252.0
eta000_rho100_q64,grants_sent,29,3252.0
eta000_rho100_q64,gt_1MB_fct_us_mean,29,238.4124303797468
eta000_rho100_q64,gt_1MB_fct_us_p95,29,418.0913999999999
eta000_rho100_q64,gt_1MB_fct_us_p99,29,466.03975999999994
eta000_rho100_q64,gt_1MB_flow_count,29,79.0
eta000_rho100_q64,gt_1MB_slowdown_mean,29,1.7830897427262848
eta000_rho100_q64,gt_1MB_slowdown_p95,29,3.0026560406988296
eta000_rho100_q64,gt_1MB_slowdown_p99,29,3.066117481613613
eta000_rho100_q64,guard_ack_interval_packets,29,8.0
eta000_rho100_q64,guard_adaptive_grant_updates,29,0.0
eta000_rho100_q64,guard_fixed_window,29,1.0
eta000_rho100_q64,guard_grant_refresh_bdps,29,1.0
eta000_rho100_q64,guard_long_acks_suppressed,29,167471.0
eta000_rho100_q64,guard_min_share_fraction,29,0.0
eta000_rho100_q64,guard_one_rtt_acks_suppressed,29,52488.0
eta000_rho100_q64,guard_one_rtt_bypass_enabled,29,1.0
eta000_rho100_q64,guard_one_rtt_bypass_feedbacks,29,5798.0
eta000_rho100_q64,guard_one_rtt_bypass_flows,29,5798.0
eta000_rho100_q64,guard_rebalance_events,29,0.0
eta000_rho100_q64,guard_remaining_aware,29,1.0
eta000_rho100_q64,guard_remaining_exponent,29,1.0
eta000_rho100_q64,guard_remaining_refresh_events,29,2170.0
eta000_rho100_q64,guard_sender_srpt_enabled,29,1.0
eta000_rho100_q64,guard_sender_srpt_forced_rr,29,122.0
eta000_rho100_q64,guard_sender_srpt_non_rr,29,34986.0
eta000_rho100_q64,guard_sender_srpt_selections,29,250202.0
eta000_rho100_q64,guard_srpt_quantum_packets,29,64.0
eta000_rho100_q64,guard_tail_bypass_bdps,29,8.0
eta000_rho100_q64,guard_tail_bypass_enabled,29,1.0
eta000_rho100_q64,guard_tail_bypass_feedbacks,29,14770.0
eta000_rho100_q64,guard_tail_bypass_flows,29,347.0
eta000_rho100_q64,hpcc_actual_rate_changes,29,22.0
eta000_rho100_q64,hpcc_fast_computations,29,0.0
eta000_rho100_q64,hpcc_feedback_updates,29,1596.0
eta000_rho100_q64,hpcc_full_computations,29,434.0
eta000_rho100_q64,hpcc_rate_updates_applied,29,434.0
eta000_rho100_q64,hpcc_valid_feedback,29,494.0
eta000_rho100_q64,int_hops_after_strip,29,34306.0
eta000_rho100_q64,int_hops_before_strip,29,64549.0
eta000_rho100_q64,int_records_stripped,29,30243.0
eta000_rho100_q64,irn_nacks_generated,29,0.0
eta000_rho100_q64,irn_nacks_received,29,0.0
eta000_rho100_q64,irn_retransmit_bytes,29,0.0
eta000_rho100_q64,irn_retransmit_packets,29,0.0
eta000_rho100_q64,le_8KB_fct_us_mean,29,7.01604355971897
eta000_rho100_q64,le_8KB_fct_us_p95,29,9.12555
eta000_rho100_q64,le_8KB_fct_us_p99,29,9.432860000000002
eta000_rho100_q64,le_8KB_flow_count,29,4270.0
eta000_rho100_q64,le_8KB_slowdown_mean,29,1.0105380646554925
eta000_rho100_q64,le_8KB_slowdown_p95,29,1.039251560681222
eta000_rho100_q64,le_8KB_slowdown_p99,29,1.0787938178967411
eta000_rho100_q64,long_to_small_slowdown_mean_ratio,29,1.7644953763658242
eta000_rho100_q64,max_active_flows,29,3.0
eta000_rho100_q64,overall_fct_us_mean,29,11.87466330349878
eta000_rho100_q64,overall_fct_us_p95,29,15.725800000000014
eta000_rho100_q64,overall_fct_us_p99,29,177.65176000000045
eta000_rho100_q64,overall_flow_count,29,6145.0
eta000_rho100_q64,overall_slowdown_mean,29,1.039266505977704
eta000_rho100_q64,overall_slowdown_p95,29,1.1538146027324927
eta000_rho100_q64,overall_slowdown_p99,29,1.6667078435087777
eta000_rho100_q64,pfc_pause_events,29,0.0
eta000_rho100_q64,pfc_resume_events,29,0.0
eta000_rho100_q64,proactive_releases,29,347.0
eta000_rho100_q64,queue_bytes_max,29,333540.0
eta000_rho100_q64,queue_bytes_mean,29,2554.346
eta000_rho100_q64,queue_bytes_p95,29,8720.0
eta000_rho100_q64,queue_bytes_p99,29,74120.0
eta000_rho100_q64,queue_sample_count,29,160000.0
eta000_rho100_q64,reactive_binding_rate_changes,29,18.0
eta000_rho100_q64,reactive_binding_updates,29,18.0
eta000_rho100_q64,recovery_nacks_generated,29,0.0
eta000_rho100_q64,recovery_nacks_received,29,0.0
eta000_rho100_q64,registrations,29,347.0
eta000_rho100_q64,selected_registrations,29,347.0
eta000_rho100_q64,tie_binding_rate_changes,29,3.0
eta000_rho100_q64,tie_binding_updates,29,287.0
eta000_rho100_q64,timeout_recoveries,29,0.0
eta000_rho075_q64,1BDP_to_1MB_fct_us_mean,29,51.420391534391534
eta000_rho075_q64,1BDP_to_1MB_fct_us_p95,29,140.36179999999996
eta000_rho075_q64,1BDP_to_1MB_fct_us_p99,29,220.18528000000006
eta000_rho075_q64,1BDP_to_1MB_flow_count,29,189.0
eta000_rho075_q64,1BDP_to_1MB_slowdown_mean,29,1.3317154787821772
eta000_rho075_q64,1BDP_to_1MB_slowdown_p95,29,2.072485684003083
eta000_rho075_q64,1BDP_to_1MB_slowdown_p99,29,2.43515101244208
eta000_rho075_q64,8KB_to_1BDP_fct_us_mean,29,9.03925513378967
eta000_rho075_q64,8KB_to_1BDP_fct_us_p95,29,14.446200000000003
eta000_rho075_q64,8KB_to_1BDP_fct_us_p99,29,18.470360000000003
eta000_rho075_q64,8KB_to_1BDP_flow_count,29,1607.0
eta000_rho075_q64,8KB_to_1BDP_slowdown_mean,29,1.0458124730932827
eta000_rho075_q64,8KB_to_1BDP_slowdown_p95,29,1.1903321675097054
eta000_rho075_q64,8KB_to_1BDP_slowdown_p99,29,1.3623766878498762
eta000_rho075_q64,aggregate_goodput_gbps,29,196.24358883104964
eta000_rho075_q64,completion_releases,29,0.0
eta000_rho075_q64,completion_span_us,29,10073.319
eta000_rho075_q64,grant_binding_rate_changes,29,1.0
eta000_rho075_q64,grant_binding_updates,29,135.0
eta000_rho075_q64,grant_bytes_sent,29,308414.0
eta000_rho075_q64,grant_event_rate_changes,29,1349.0
eta000_rho075_q64,grants_received,29,3281.0
eta000_rho075_q64,grants_sent,29,3281.0
eta000_rho075_q64,gt_1MB_fct_us_mean,29,239.86088607594934
eta000_rho075_q64,gt_1MB_fct_us_p95,29,425.2658999999999
eta000_rho075_q64,gt_1MB_fct_us_p99,29,475.90558
eta000_rho075_q64,gt_1MB_flow_count,29,79.0
eta000_rho075_q64,gt_1MB_slowdown_mean,29,1.7927671135305612
eta000_rho075_q64,gt_1MB_slowdown_p95,29,2.927048621018911
eta000_rho075_q64,gt_1MB_slowdown_p99,29,3.0502053982895596
eta000_rho075_q64,guard_ack_interval_packets,29,8.0
eta000_rho075_q64,guard_adaptive_grant_updates,29,0.0
eta000_rho075_q64,guard_fixed_window,29,1.0
eta000_rho075_q64,guard_grant_refresh_bdps,29,1.0
eta000_rho075_q64,guard_long_acks_suppressed,29,167471.0
eta000_rho075_q64,guard_min_share_fraction,29,0.0
eta000_rho075_q64,guard_one_rtt_acks_suppressed,29,52488.0
eta000_rho075_q64,guard_one_rtt_bypass_enabled,29,1.0
eta000_rho075_q64,guard_one_rtt_bypass_feedbacks,29,5798.0
eta000_rho075_q64,guard_one_rtt_bypass_flows,29,5798.0
eta000_rho075_q64,guard_rebalance_events,29,0.0
eta000_rho075_q64,guard_remaining_aware,29,1.0
eta000_rho075_q64,guard_remaining_exponent,29,0.75
eta000_rho075_q64,guard_remaining_refresh_events,29,2170.0
eta000_rho075_q64,guard_sender_srpt_enabled,29,1.0
eta000_rho075_q64,guard_sender_srpt_forced_rr,29,119.0
eta000_rho075_q64,guard_sender_srpt_non_rr,29,35318.0
eta000_rho075_q64,guard_sender_srpt_selections,29,250202.0
eta000_rho075_q64,guard_srpt_quantum_packets,29,64.0
eta000_rho075_q64,guard_tail_bypass_bdps,29,8.0
eta000_rho075_q64,guard_tail_bypass_enabled,29,1.0
eta000_rho075_q64,guard_tail_bypass_feedbacks,29,14771.0
eta000_rho075_q64,guard_tail_bypass_flows,29,347.0
eta000_rho075_q64,hpcc_actual_rate_changes,29,20.0
eta000_rho075_q64,hpcc_fast_computations,29,0.0
eta000_rho075_q64,hpcc_feedback_updates,29,1596.0
eta000_rho075_q64,hpcc_full_computations,29,432.0
eta000_rho075_q64,hpcc_rate_updates_applied,29,432.0
eta000_rho075_q64,hpcc_valid_feedback,29,492.0
eta000_rho075_q64,int_hops_after_strip,29,34306.0
eta000_rho075_q64,int_hops_before_strip,29,64549.0
eta000_rho075_q64,int_records_stripped,29,30243.0
eta000_rho075_q64,irn_nacks_generated,29,0.0
eta000_rho075_q64,irn_nacks_received,29,0.0
eta000_rho075_q64,irn_retransmit_bytes,29,0.0
eta000_rho075_q64,irn_retransmit_packets,29,0.0
eta000_rho075_q64,le_8KB_fct_us_mean,29,7.016170023419203
eta000_rho075_q64,le_8KB_fct_us_p95,29,9.126550000000002
eta000_rho075_q64,le_8KB_fct_us_p99,29,9.440550000000002
eta000_rho075_q64,le_8KB_flow_count,29,4270.0
eta000_rho075_q64,le_8KB_slowdown_mean,29,1.0105249082188474
eta000_rho075_q64,le_8KB_slowdown_p95,29,1.039251560681222
eta000_rho075_q64,le_8KB_slowdown_p99,29,1.078154051512709
eta000_rho075_q64,long_to_small_slowdown_mean_ratio,29,1.7740949272497348
eta000_rho075_q64,max_active_flows,29,3.0
eta000_rho075_q64,overall_fct_us_mean,29,11.90440895036615
eta000_rho075_q64,overall_fct_us_p95,29,15.698200000000005
eta000_rho075_q64,overall_fct_us_p99,29,177.6900400000004
eta000_rho075_q64,overall_flow_count,29,6145.0
eta000_rho075_q64,overall_slowdown_mean,29,1.0396883368289878
eta000_rho075_q64,overall_slowdown_p95,29,1.153681221069653
eta000_rho075_q64,overall_slowdown_p99,29,1.689386085701063
eta000_rho075_q64,pfc_pause_events,29,0.0
eta000_rho075_q64,pfc_resume_events,29,0.0
eta000_rho075_q64,proactive_releases,29,347.0
eta000_rho075_q64,queue_bytes_max,29,330270.0
eta000_rho075_q64,queue_bytes_mean,29,2610.994
eta000_rho075_q64,queue_bytes_p95,29,9810.0
eta000_rho075_q64,queue_bytes_p99,29,75210.0
eta000_rho075_q64,queue_sample_count,29,160000.0
eta000_rho075_q64,reactive_binding_rate_changes,29,16.0
eta000_rho075_q64,reactive_binding_updates,29,16.0
eta000_rho075_q64,recovery_nacks_generated,29,0.0
eta000_rho075_q64,recovery_nacks_received,29,0.0
eta000_rho075_q64,registrations,29,347.0
eta000_rho075_q64,selected_registrations,29,347.0
eta000_rho075_q64,tie_binding_rate_changes,29,3.0
eta000_rho075_q64,tie_binding_updates,29,281.0
eta000_rho075_q64,timeout_recoveries,29,0.0
eta000_rho050_q64,1BDP_to_1MB_fct_us_mean,29,51.9068835978836
eta000_rho050_q64,1BDP_to_1MB_fct_us_p95,29,146.4826
eta000_rho050_q64,1BDP_to_1MB_fct_us_p99,29,217.21000000000006
eta000_rho050_q64,1BDP_to_1MB_flow_count,29,189.0
eta000_rho050_q64,1BDP_to_1MB_slowdown_mean,29,1.3461226547707845
eta000_rho050_q64,1BDP_to_1MB_slowdown_p95,29,2.0971658802774
eta000_rho050_q64,1BDP_to_1MB_slowdown_p99,29,2.6499120040535806
eta000_rho050_q64,8KB_to_1BDP_fct_us_mean,29,9.044012445550715
eta000_rho050_q64,8KB_to_1BDP_fct_us_p95,29,14.569600000000001
eta000_rho050_q64,8KB_to_1BDP_fct_us_p99,29,18.486920000000005
eta000_rho050_q64,8KB_to_1BDP_flow_count,29,1607.0
eta000_rho050_q64,8KB_to_1BDP_slowdown_mean,29,1.0462250766289285
eta000_rho050_q64,8KB_to_1BDP_slowdown_p95,29,1.1940891479550553
eta000_rho050_q64,8KB_to_1BDP_slowdown_p99,29,1.372301047234891
eta000_rho050_q64,aggregate_goodput_gbps,29,196.2437836464661
eta000_rho050_q64,completion_releases,29,0.0
eta000_rho050_q64,completion_span_us,29,10073.309
eta000_rho050_q64,grant_binding_rate_changes,29,1.0
eta000_rho050_q64,grant_binding_updates,29,122.0
eta000_rho050_q64,grant_bytes_sent,29,311422.0
eta000_rho050_q64,grant_event_rate_changes,29,1391.0
eta000_rho050_q64,grants_received,29,3313.0
eta000_rho050_q64,grants_sent,29,3313.0
eta000_rho050_q64,gt_1MB_fct_us_mean,29,240.5753797468354
eta000_rho050_q64,gt_1MB_fct_us_p95,29,424.8176999999999
eta000_rho050_q64,gt_1MB_fct_us_p99,29,477.05129999999997
eta000_rho050_q64,gt_1MB_flow_count,29,79.0
eta000_rho050_q64,gt_1MB_slowdown_mean,29,1.7992843658480449
eta000_rho050_q64,gt_1MB_slowdown_p95,29,2.9119558004607287
eta000_rho050_q64,gt_1MB_slowdown_p99,29,3.0192047123559895
eta000_rho050_q64,guard_ack_interval_packets,29,8.0
eta000_rho050_q64,guard_adaptive_grant_updates,29,0.0
eta000_rho050_q64,guard_fixed_window,29,1.0
eta000_rho050_q64,guard_grant_refresh_bdps,29,1.0
eta000_rho050_q64,guard_long_acks_suppressed,29,167471.0
eta000_rho050_q64,guard_min_share_fraction,29,0.0
eta000_rho050_q64,guard_one_rtt_acks_suppressed,29,52488.0
eta000_rho050_q64,guard_one_rtt_bypass_enabled,29,1.0
eta000_rho050_q64,guard_one_rtt_bypass_feedbacks,29,5798.0
eta000_rho050_q64,guard_one_rtt_bypass_flows,29,5798.0
eta000_rho050_q64,guard_rebalance_events,29,0.0
eta000_rho050_q64,guard_remaining_aware,29,1.0
eta000_rho050_q64,guard_remaining_exponent,29,0.5
eta000_rho050_q64,guard_remaining_refresh_events,29,2172.0
eta000_rho050_q64,guard_sender_srpt_enabled,29,1.0
eta000_rho050_q64,guard_sender_srpt_forced_rr,29,119.0
eta000_rho050_q64,guard_sender_srpt_non_rr,29,35234.0
eta000_rho050_q64,guard_sender_srpt_selections,29,250202.0
eta000_rho050_q64,guard_srpt_quantum_packets,29,64.0
eta000_rho050_q64,guard_tail_bypass_bdps,29,8.0
eta000_rho050_q64,guard_tail_bypass_enabled,29,1.0
eta000_rho050_q64,guard_tail_bypass_feedbacks,29,14769.0
eta000_rho050_q64,guard_tail_bypass_flows,29,347.0
eta000_rho050_q64,hpcc_actual_rate_changes,29,24.0
eta000_rho050_q64,hpcc_fast_computations,29,0.0
eta000_rho050_q64,hpcc_feedback_updates,29,1572.0
eta000_rho050_q64,hpcc_full_computations,29,420.0
eta000_rho050_q64,hpcc_rate_updates_applied,29,420.0
eta000_rho050_q64,hpcc_valid_feedback,29,480.0
eta000_rho050_q64,int_hops_after_strip,29,34306.0
eta000_rho050_q64,int_hops_before_strip,29,64549.0
eta000_rho050_q64,int_records_stripped,29,30243.0
eta000_rho050_q64,irn_nacks_generated,29,0.0
eta000_rho050_q64,irn_nacks_received,29,0.0
eta000_rho050_q64,irn_retransmit_bytes,29,0.0
eta000_rho050_q64,irn_retransmit_packets,29,0.0
eta000_rho050_q64,le_8KB_fct_us_mean,29,7.017025761124122
eta000_rho050_q64,le_8KB_fct_us_p95,29,9.126
eta000_rho050_q64,le_8KB_fct_us_p99,29,9.426860000000003
eta000_rho050_q64,le_8KB_flow_count,29,4270.0
eta000_rho050_q64,le_8KB_slowdown_mean,29,1.0106048289472827
eta000_rho050_q64,le_8KB_slowdown_p95,29,1.0391824767235947
eta000_rho050_q64,le_8KB_slowdown_p99,29,1.0787938178967411
eta000_rho050_q64,long_to_small_slowdown_mean_ratio,29,1.7804034913649744
eta000_rho050_q64,max_active_flows,29,3.0
eta000_rho050_q64,overall_fct_us_mean,29,11.93039609438568
eta000_rho050_q64,overall_fct_us_p95,29,15.761200000000004
eta000_rho050_q64,overall_fct_us_p99,29,178.8487200000005
eta000_rho050_q64,overall_flow_count,29,6145.0
eta000_rho050_q64,overall_slowdown_mean,29,1.0403786760620437
eta000_rho050_q64,overall_slowdown_p95,29,1.1567759883121782
eta000_rho050_q64,overall_slowdown_p99,29,1.7151706274873602
eta000_rho050_q64,pfc_pause_events,29,0.0
eta000_rho050_q64,pfc_resume_events,29,0.0
eta000_rho050_q64,proactive_releases,29,347.0
eta000_rho050_q64,queue_bytes_max,29,326395.0
eta000_rho050_q64,queue_bytes_mean,29,2711.272
eta000_rho050_q64,queue_bytes_p95,29,9810.0
eta000_rho050_q64,queue_bytes_p99,29,76300.0
eta000_rho050_q64,queue_sample_count,29,160000.0
eta000_rho050_q64,reactive_binding_rate_changes,29,20.0
eta000_rho050_q64,reactive_binding_updates,29,20.0
eta000_rho050_q64,recovery_nacks_generated,29,0.0
eta000_rho050_q64,recovery_nacks_received,29,0.0
eta000_rho050_q64,registrations,29,347.0
eta000_rho050_q64,selected_registrations,29,347.0
eta000_rho050_q64,tie_binding_rate_changes,29,3.0
eta000_rho050_q64,tie_binding_updates,29,278.0
eta000_rho050_q64,timeout_recoveries,29,0.0
eta010_rho100_q64,1BDP_to_1MB_fct_us_mean,29,51.217566137566145
eta010_rho100_q64,1BDP_to_1MB_fct_us_p95,29,139.08639999999997
eta010_rho100_q64,1BDP_to_1MB_fct_us_p99,29,216.69080000000008
eta010_rho100_q64,1BDP_to_1MB_flow_count,29,189.0
eta010_rho100_q64,1BDP_to_1MB_slowdown_mean,29,1.3246314309228335
eta010_rho100_q64,1BDP_to_1MB_slowdown_p95,29,2.067172919646259
eta010_rho100_q64,1BDP_to_1MB_slowdown_p99,29,2.39675224314369
eta010_rho100_q64,8KB_to_1BDP_fct_us_mean,29,9.040940261356564
eta010_rho100_q64,8KB_to_1BDP_fct_us_p95,29,14.394900000000003
eta010_rho100_q64,8KB_to_1BDP_fct_us_p99,29,18.514580000000006
eta010_rho100_q64,8KB_to_1BDP_flow_count,29,1607.0
eta010_rho100_q64,8KB_to_1BDP_slowdown_mean,29,1.0460621326328767
eta010_rho100_q64,8KB_to_1BDP_slowdown_p95,29,1.19314470240594
eta010_rho100_q64,8KB_to_1BDP_slowdown_p99,29,1.371976843769268
eta010_rho100_q64,aggregate_goodput_gbps,29,196.24179654736614
eta010_rho100_q64,completion_releases,29,0.0
eta010_rho100_q64,completion_span_us,29,10073.411
eta010_rho100_q64,grant_binding_rate_changes,29,1.0
eta010_rho100_q64,grant_binding_updates,29,129.0
eta010_rho100_q64,grant_bytes_sent,29,307286.0
eta010_rho100_q64,grant_event_rate_changes,29,1329.0
eta010_rho100_q64,grants_received,29,3269.0
eta010_rho100_q64,grants_sent,29,3269.0
eta010_rho100_q64,gt_1MB_fct_us_mean,29,239.09362025316457
eta010_rho100_q64,gt_1MB_fct_us_p95,29,417.6178999999999
eta010_rho100_q64,gt_1MB_fct_us_p99,29,468.54797999999994
eta010_rho100_q64,gt_1MB_flow_count,29,79.0
eta010_rho100_q64,gt_1MB_slowdown_mean,29,1.787769075402232
eta010_rho100_q64,gt_1MB_slowdown_p95,29,2.9689753961900154
eta010_rho100_q64,gt_1MB_slowdown_p99,29,3.0662024621953483
eta010_rho100_q64,guard_ack_interval_packets,29,8.0
eta010_rho100_q64,guard_adaptive_grant_updates,29,0.0
eta010_rho100_q64,guard_fixed_window,29,1.0
eta010_rho100_q64,guard_grant_refresh_bdps,29,1.0
eta010_rho100_q64,guard_long_acks_suppressed,29,167471.0
eta010_rho100_q64,guard_min_share_fraction,29,0.1
eta010_rho100_q64,guard_one_rtt_acks_suppressed,29,52488.0
eta010_rho100_q64,guard_one_rtt_bypass_enabled,29,1.0
eta010_rho100_q64,guard_one_rtt_bypass_feedbacks,29,5798.0
eta010_rho100_q64,guard_one_rtt_bypass_flows,29,5798.0
eta010_rho100_q64,guard_rebalance_events,29,0.0
eta010_rho100_q64,guard_remaining_aware,29,1.0
eta010_rho100_q64,guard_remaining_exponent,29,1.0
eta010_rho100_q64,guard_remaining_refresh_events,29,2170.0
eta010_rho100_q64,guard_sender_srpt_enabled,29,1.0
eta010_rho100_q64,guard_sender_srpt_forced_rr,29,116.0
eta010_rho100_q64,guard_sender_srpt_non_rr,29,35141.0
eta010_rho100_q64,guard_sender_srpt_selections,29,250202.0
eta010_rho100_q64,guard_srpt_quantum_packets,29,64.0
eta010_rho100_q64,guard_tail_bypass_bdps,29,8.0
eta010_rho100_q64,guard_tail_bypass_enabled,29,1.0
eta010_rho100_q64,guard_tail_bypass_feedbacks,29,14772.0
eta010_rho100_q64,guard_tail_bypass_flows,29,347.0
eta010_rho100_q64,hpcc_actual_rate_changes,29,23.0
eta010_rho100_q64,hpcc_fast_computations,29,0.0
eta010_rho100_q64,hpcc_feedback_updates,29,1598.0
eta010_rho100_q64,hpcc_full_computations,29,432.0
eta010_rho100_q64,hpcc_rate_updates_applied,29,432.0
eta010_rho100_q64,hpcc_valid_feedback,29,492.0
eta010_rho100_q64,int_hops_after_strip,29,34306.0
eta010_rho100_q64,int_hops_before_strip,29,64549.0
eta010_rho100_q64,int_records_stripped,29,30243.0
eta010_rho100_q64,irn_nacks_generated,29,0.0
eta010_rho100_q64,irn_nacks_received,29,0.0
eta010_rho100_q64,irn_retransmit_bytes,29,0.0
eta010_rho100_q64,irn_retransmit_packets,29,0.0
eta010_rho100_q64,le_8KB_fct_us_mean,29,7.016170023419203
eta010_rho100_q64,le_8KB_fct_us_p95,29,9.12855
eta010_rho100_q64,le_8KB_fct_us_p99,29,9.431
eta010_rho100_q64,le_8KB_flow_count,29,4270.0
eta010_rho100_q64,le_8KB_slowdown_mean,29,1.0105134144952703
eta010_rho100_q64,le_8KB_slowdown_p95,29,1.0391377349469937
eta010_rho100_q64,le_8KB_slowdown_p99,29,1.0788367995465704
eta010_rho100_q64,long_to_small_slowdown_mean_ratio,29,1.7691690676814855
eta010_rho100_q64,max_active_flows,29,3.0
eta010_rho100_q64,overall_fct_us_mean,29,11.888747436940603
eta010_rho100_q64,overall_fct_us_p95,29,15.73380000000001
eta010_rho100_q64,overall_fct_us_p99,29,177.64868000000047
eta010_rho100_q64,overall_flow_count,29,6145.0
eta010_rho100_q64,overall_slowdown_mean,29,1.0394635027562293
eta010_rho100_q64,overall_slowdown_p95,29,1.1530365184274571
eta010_rho100_q64,overall_slowdown_p99,29,1.6786569437382641
eta010_rho100_q64,pfc_pause_events,29,0.0
eta010_rho100_q64,pfc_resume_events,29,0.0
eta010_rho100_q64,proactive_releases,29,347.0
eta010_rho100_q64,queue_bytes_max,29,331360.0
eta010_rho100_q64,queue_bytes_mean,29,2582.045
eta010_rho100_q64,queue_bytes_p95,29,9496.0
eta010_rho100_q64,queue_bytes_p99,29,74120.0
eta010_rho100_q64,queue_sample_count,29,160000.0
eta010_rho100_q64,reactive_binding_rate_changes,29,19.0
eta010_rho100_q64,reactive_binding_updates,29,19.0
eta010_rho100_q64,recovery_nacks_generated,29,0.0
eta010_rho100_q64,recovery_nacks_received,29,0.0
eta010_rho100_q64,registrations,29,347.0
eta010_rho100_q64,selected_registrations,29,347.0
eta010_rho100_q64,tie_binding_rate_changes,29,3.0
eta010_rho100_q64,tie_binding_updates,29,284.0
eta010_rho100_q64,timeout_recoveries,29,0.0
eta010_rho075_q64,1BDP_to_1MB_fct_us_mean,29,51.59773015873016
eta010_rho075_q64,1BDP_to_1MB_fct_us_p95,29,142.23999999999995
eta010_rho075_q64,1BDP_to_1MB_fct_us_p99,29,218.91228000000007
eta010_rho075_q64,1BDP_to_1MB_flow_count,29,189.0
eta010_rho075_q64,1BDP_to_1MB_slowdown_mean,29,1.3378603748354827
eta010_rho075_q64,1BDP_to_1MB_slowdown_p95,29,2.0841063643092417
eta010_rho075_q64,1BDP_to_1MB_slowdown_p99,29,2.4278066039491835
eta010_rho075_q64,8KB_to_1BDP_fct_us_mean,29,9.039311138767891
eta010_rho075_q64,8KB_to_1BDP_fct_us_p95,29,14.510800000000007
eta010_rho075_q64,8KB_to_1BDP_fct_us_p99,29,18.523180000000007
eta010_rho075_q64,8KB_to_1BDP_flow_count,29,1607.0
eta010_rho075_q64,8KB_to_1BDP_slowdown_mean,29,1.0458114256760098
eta010_rho075_q64,8KB_to_1BDP_slowdown_p95,29,1.19314470240594
eta010_rho075_q64,8KB_to_1BDP_slowdown_p99,29,1.3567771879893669
eta010_rho075_q64,aggregate_goodput_gbps,29,196.24199135922416
eta010_rho075_q64,completion_releases,29,0.0
eta010_rho075_q64,completion_span_us,29,10073.401
eta010_rho075_q64,grant_binding_rate_changes,29,1.0
eta010_rho075_q64,grant_binding_updates,29,125.0
eta010_rho075_q64,grant_bytes_sent,29,309448.0
eta010_rho075_q64,grant_event_rate_changes,29,1366.0
eta010_rho075_q64,grants_received,29,3292.0
eta010_rho075_q64,grants_sent,29,3292.0
eta010_rho075_q64,gt_1MB_fct_us_mean,29,240.54529113924053
eta010_rho075_q64,gt_1MB_fct_us_p95,29,425.06529999999987
eta010_rho075_q64,gt_1MB_fct_us_p99,29,479.2201799999999
eta010_rho075_q64,gt_1MB_flow_count,29,79.0
eta010_rho075_q64,gt_1MB_slowdown_mean,29,1.797539586069612
eta010_rho075_q64,gt_1MB_slowdown_p95,29,2.946645842435444
eta010_rho075_q64,gt_1MB_slowdown_p99,29,3.052760852552529
eta010_rho075_q64,guard_ack_interval_packets,29,8.0
eta010_rho075_q64,guard_adaptive_grant_updates,29,0.0
eta010_rho075_q64,guard_fixed_window,29,1.0
eta010_rho075_q64,guard_grant_refresh_bdps,29,1.0
eta010_rho075_q64,guard_long_acks_suppressed,29,167471.0
eta010_rho075_q64,guard_min_share_fraction,29,0.1
eta010_rho075_q64,guard_one_rtt_acks_suppressed,29,52488.0
eta010_rho075_q64,guard_one_rtt_bypass_enabled,29,1.0
eta010_rho075_q64,guard_one_rtt_bypass_feedbacks,29,5798.0
eta010_rho075_q64,guard_one_rtt_bypass_flows,29,5798.0
eta010_rho075_q64,guard_rebalance_events,29,0.0
eta010_rho075_q64,guard_remaining_aware,29,1.0
eta010_rho075_q64,guard_remaining_exponent,29,0.75
eta010_rho075_q64,guard_remaining_refresh_events,29,2171.0
eta010_rho075_q64,guard_sender_srpt_enabled,29,1.0
eta010_rho075_q64,guard_sender_srpt_forced_rr,29,120.0
eta010_rho075_q64,guard_sender_srpt_non_rr,29,35052.0
eta010_rho075_q64,guard_sender_srpt_selections,29,250202.0
eta010_rho075_q64,guard_srpt_quantum_packets,29,64.0
eta010_rho075_q64,guard_tail_bypass_bdps,29,8.0
eta010_rho075_q64,guard_tail_bypass_enabled,29,1.0
eta010_rho075_q64,guard_tail_bypass_feedbacks,29,14771.0
eta010_rho075_q64,guard_tail_bypass_flows,29,347.0
eta010_rho075_q64,hpcc_actual_rate_changes,29,25.0
eta010_rho075_q64,hpcc_fast_computations,29,0.0
eta010_rho075_q64,hpcc_feedback_updates,29,1591.0
eta010_rho075_q64,hpcc_full_computations,29,427.0
eta010_rho075_q64,hpcc_rate_updates_applied,29,427.0
eta010_rho075_q64,hpcc_valid_feedback,29,487.0
eta010_rho075_q64,int_hops_after_strip,29,34306.0
eta010_rho075_q64,int_hops_before_strip,29,64549.0
eta010_rho075_q64,int_records_stripped,29,30243.0
eta010_rho075_q64,irn_nacks_generated,29,0.0
eta010_rho075_q64,irn_nacks_received,29,0.0
eta010_rho075_q64,irn_retransmit_bytes,29,0.0
eta010_rho075_q64,irn_retransmit_packets,29,0.0
eta010_rho075_q64,le_8KB_fct_us_mean,29,7.016227634660422
eta010_rho075_q64,le_8KB_fct_us_p95,29,9.126550000000002
eta010_rho075_q64,le_8KB_fct_us_p99,29,9.433480000000003
eta010_rho075_q64,le_8KB_flow_count,29,4270.0
eta010_rho075_q64,le_8KB_slowdown_mean,29,1.0104900086611805
eta010_rho075_q64,le_8KB_slowdown_p95,29,1.0395073343077401
eta010_rho075_q64,le_8KB_slowdown_p99,29,1.0763490713658752
eta010_rho075_q64,long_to_small_slowdown_mean_ratio,29,1.7788791286033694
eta010_rho075_q64,max_active_flows,29,3.0
eta010_rho075_q64,overall_fct_us_mean,29,11.918716680227826
eta010_rho075_q64,overall_fct_us_p95,29,15.71660000000001
eta010_rho075_q64,overall_fct_us_p99,29,177.96416000000016
eta010_rho075_q64,overall_flow_count,29,6145.0
eta010_rho075_q64,overall_slowdown_mean,29,1.0399141637409266
eta010_rho075_q64,overall_slowdown_p95,29,1.154489549344163
eta010_rho075_q64,overall_slowdown_p99,29,1.7119730921707428
eta010_rho075_q64,pfc_pause_events,29,0.0
eta010_rho075_q64,pfc_resume_events,29,0.0
eta010_rho075_q64,proactive_releases,29,347.0
eta010_rho075_q64,queue_bytes_max,29,330270.0
eta010_rho075_q64,queue_bytes_mean,29,2647.659
eta010_rho075_q64,queue_bytes_p95,29,9810.0
eta010_rho075_q64,queue_bytes_p99,29,75210.0
eta010_rho075_q64,queue_sample_count,29,160000.0
eta010_rho075_q64,reactive_binding_rate_changes,29,21.0
eta010_rho075_q64,reactive_binding_updates,29,21.0
eta010_rho075_q64,recovery_nacks_generated,29,0.0
eta010_rho075_q64,recovery_nacks_received,29,0.0
eta010_rho075_q64,registrations,29,347.0
eta010_rho075_q64,selected_registrations,29,347.0
eta010_rho075_q64,tie_binding_rate_changes,29,3.0
eta010_rho075_q64,tie_binding_updates,29,281.0
eta010_rho075_q64,timeout_recoveries,29,0.0
eta010_rho050_q64,1BDP_to_1MB_fct_us_mean,29,52.1467619047619
eta010_rho050_q64,1BDP_to_1MB_fct_us_p95,29,146.59879999999998
eta010_rho050_q64,1BDP_to_1MB_fct_us_p99,29,214.54624000000007
eta010_rho050_q64,1BDP_to_1MB_flow_count,29,189.0
eta010_rho050_q64,1BDP_to_1MB_slowdown_mean,29,1.3537269034466337
eta010_rho050_q64,1BDP_to_1MB_slowdown_p95,29,2.146550444394572
eta010_rho050_q64,1BDP_to_1MB_slowdown_p99,29,2.662550998192499
eta010_rho050_q64,8KB_to_1BDP_fct_us_mean,29,9.041807093963907
eta010_rho050_q64,8KB_to_1BDP_fct_us_p95,29,14.569600000000001
eta010_rho050_q64,8KB_to_1BDP_fct_us_p99,29,18.506460000000004
eta010_rho050_q64,8KB_to_1BDP_flow_count,29,1607.0
eta010_rho050_q64,8KB_to_1BDP_slowdown_mean,29,1.045978553390415
eta010_rho050_q64,8KB_to_1BDP_slowdown_p95,29,1.1977724873573992
eta010_rho050_q64,8KB_to_1BDP_slowdown_p99,29,1.3720550997782115
eta010_rho050_q64,aggregate_goodput_gbps,29,196.243627794102
eta010_rho050_q64,completion_releases,29,0.0
eta010_rho050_q64,completion_span_us,29,10073.317
eta010_rho050_q64,grant_binding_rate_changes,29,1.0
eta010_rho050_q64,grant_binding_updates,29,121.0
eta010_rho050_q64,grant_bytes_sent,29,311798.0
eta010_rho050_q64,grant_event_rate_changes,29,1398.0
eta010_rho050_q64,grants_received,29,3317.0
eta010_rho050_q64,grants_sent,29,3317.0
eta010_rho050_q64,gt_1MB_fct_us_mean,29,241.11539240506326
eta010_rho050_q64,gt_1MB_fct_us_p95,29,427.9532
eta010_rho050_q64,gt_1MB_fct_us_p99,29,475.64609999999993
eta010_rho050_q64,gt_1MB_flow_count,29,79.0
eta010_rho050_q64,gt_1MB_slowdown_mean,29,1.8031424710692898
eta010_rho050_q64,gt_1MB_slowdown_p95,29,2.930773808543302
eta010_rho050_q64,gt_1MB_slowdown_p99,29,3.0369846511467458
eta010_rho050_q64,guard_ack_interval_packets,29,8.0
eta010_rho050_q64,guard_adaptive_grant_updates,29,0.0
eta010_rho050_q64,guard_fixed_window,29,1.0
eta010_rho050_q64,guard_grant_refresh_bdps,29,1.0
eta010_rho050_q64,guard_long_acks_suppressed,29,167471.0
eta010_rho050_q64,guard_min_share_fraction,29,0.1
eta010_rho050_q64,guard_one_rtt_acks_suppressed,29,52488.0
eta010_rho050_q64,guard_one_rtt_bypass_enabled,29,1.0
eta010_rho050_q64,guard_one_rtt_bypass_feedbacks,29,5798.0
eta010_rho050_q64,guard_one_rtt_bypass_flows,29,5798.0
eta010_rho050_q64,guard_rebalance_events,29,0.0
eta010_rho050_q64,guard_remaining_aware,29,1.0
eta010_rho050_q64,guard_remaining_exponent,29,0.5
eta010_rho050_q64,guard_remaining_refresh_events,29,2171.0
eta010_rho050_q64,guard_sender_srpt_enabled,29,1.0
eta010_rho050_q64,guard_sender_srpt_forced_rr,29,117.0
eta010_rho050_q64,guard_sender_srpt_non_rr,29,35002.0
eta010_rho050_q64,guard_sender_srpt_selections,29,250202.0
eta010_rho050_q64,guard_srpt_quantum_packets,29,64.0
eta010_rho050_q64,guard_tail_bypass_bdps,29,8.0
eta010_rho050_q64,guard_tail_bypass_enabled,29,1.0
eta010_rho050_q64,guard_tail_bypass_feedbacks,29,14768.0
eta010_rho050_q64,guard_tail_bypass_flows,29,347.0
eta010_rho050_q64,hpcc_actual_rate_changes,29,26.0
eta010_rho050_q64,hpcc_fast_computations,29,0.0
eta010_rho050_q64,hpcc_feedback_updates,29,1572.0
eta010_rho050_q64,hpcc_full_computations,29,417.0
eta010_rho050_q64,hpcc_rate_updates_applied,29,417.0
eta010_rho050_q64,hpcc_valid_feedback,29,477.0
eta010_rho050_q64,int_hops_after_strip,29,34306.0
eta010_rho050_q64,int_hops_before_strip,29,64549.0
eta010_rho050_q64,int_records_stripped,29,30243.0
eta010_rho050_q64,irn_nacks_generated,29,0.0
eta010_rho050_q64,irn_nacks_received,29,0.0
eta010_rho050_q64,irn_retransmit_bytes,29,0.0
eta010_rho050_q64,irn_retransmit_packets,29,0.0
eta010_rho050_q64,le_8KB_fct_us_mean,29,7.016628571428572
eta010_rho050_q64,le_8KB_fct_us_p95,29,9.13
eta010_rho050_q64,le_8KB_fct_us_p99,29,9.422240000000002
eta010_rho050_q64,le_8KB_flow_count,29,4270.0
eta010_rho050_q64,le_8KB_slowdown_mean,29,1.010561435833621
eta010_rho050_q64,le_8KB_slowdown_p95,29,1.0390956028309866
eta010_rho050_q64,le_8KB_slowdown_p99,29,1.0780918629207092
eta010_rho050_q64,long_to_small_slowdown_mean_ratio,29,1.7842977251371777
eta010_rho050_q64,max_active_flows,29,3.0
eta010_rho050_q64,overall_fct_us_mean,29,11.94386362896664
eta010_rho050_q64,overall_fct_us_p95,29,15.685
eta010_rho050_q64,overall_fct_us_p99,29,178.8487200000005
eta010_rho050_q64,overall_flow_count,29,6145.0
eta010_rho050_q64,overall_slowdown_mean,29,1.040567535601928
eta010_rho050_q64,overall_slowdown_p95,29,1.1538171053263122
eta010_rho050_q64,overall_slowdown_p99,29,1.732885910658565
eta010_rho050_q64,pfc_pause_events,29,0.0
eta010_rho050_q64,pfc_resume_events,29,0.0
eta010_rho050_q64,proactive_releases,29,347.0
eta010_rho050_q64,queue_bytes_max,29,326395.0
eta010_rho050_q64,queue_bytes_mean,29,2735.401
eta010_rho050_q64,queue_bytes_p95,29,9810.0
eta010_rho050_q64,queue_bytes_p99,29,77390.0
eta010_rho050_q64,queue_sample_count,29,160000.0
eta010_rho050_q64,reactive_binding_rate_changes,29,22.0
eta010_rho050_q64,reactive_binding_updates,29,22.0
eta010_rho050_q64,recovery_nacks_generated,29,0.0
eta010_rho050_q64,recovery_nacks_received,29,0.0
eta010_rho050_q64,registrations,29,347.0
eta010_rho050_q64,selected_registrations,29,347.0
eta010_rho050_q64,tie_binding_rate_changes,29,3.0
eta010_rho050_q64,tie_binding_updates,29,274.0
eta010_rho050_q64,timeout_recoveries,29,0.0
eta020_rho100_q64,1BDP_to_1MB_fct_us_mean,29,51.443000000000005
eta020_rho100_q64,1BDP_to_1MB_fct_us_p95,29,140.01099999999997
eta020_rho100_q64,1BDP_to_1MB_fct_us_p99,29,220.14956000000004
eta020_rho100_q64,1BDP_to_1MB_flow_count,29,189.0
eta020_rho100_q64,1BDP_to_1MB_slowdown_mean,29,1.333336964223189
eta020_rho100_q64,1BDP_to_1MB_slowdown_p95,29,2.0857664614958358
eta020_rho100_q64,1BDP_to_1MB_slowdown_p99,29,2.434757209034073
eta020_rho100_q64,8KB_to_1BDP_fct_us_mean,29,9.038767890479154
eta020_rho100_q64,8KB_to_1BDP_fct_us_p95,29,14.512000000000008
eta020_rho100_q64,8KB_to_1BDP_fct_us_p99,29,18.470180000000003
eta020_rho100_q64,8KB_to_1BDP_flow_count,29,1607.0
eta020_rho100_q64,8KB_to_1BDP_slowdown_mean,29,1.045723018970114
eta020_rho100_q64,8KB_to_1BDP_slowdown_p95,29,1.191526628573494
eta020_rho100_q64,8KB_to_1BDP_slowdown_p99,29,1.362426111243616
eta020_rho100_q64,aggregate_goodput_gbps,29,196.24158225476904
eta020_rho100_q64,completion_releases,29,0.0
eta020_rho100_q64,completion_span_us,29,10073.422
eta020_rho100_q64,grant_binding_rate_changes,29,1.0
eta020_rho100_q64,grant_binding_updates,29,130.0
eta020_rho100_q64,grant_bytes_sent,29,308602.0
eta020_rho100_q64,grant_event_rate_changes,29,1354.0
eta020_rho100_q64,grants_received,29,3283.0
eta020_rho100_q64,grants_sent,29,3283.0
eta020_rho100_q64,gt_1MB_fct_us_mean,29,240.16025316455696
eta020_rho100_q64,gt_1MB_fct_us_p95,29,424.76259999999985
eta020_rho100_q64,gt_1MB_fct_us_p99,29,479.60168
eta020_rho100_q64,gt_1MB_flow_count,29,79.0
eta020_rho100_q64,gt_1MB_slowdown_mean,29,1.7945988742893442
eta020_rho100_q64,gt_1MB_slowdown_p95,29,2.930871172980787
eta020_rho100_q64,gt_1MB_slowdown_p99,29,3.0515801302613648
eta020_rho100_q64,guard_ack_interval_packets,29,8.0
eta020_rho100_q64,guard_adaptive_grant_updates,29,0.0
eta020_rho100_q64,guard_fixed_window,29,1.0
eta020_rho100_q64,guard_grant_refresh_bdps,29,1.0
eta020_rho100_q64,guard_long_acks_suppressed,29,167471.0
eta020_rho100_q64,guard_min_share_fraction,29,0.2
eta020_rho100_q64,guard_one_rtt_acks_suppressed,29,52488.0
eta020_rho100_q64,guard_one_rtt_bypass_enabled,29,1.0
eta020_rho100_q64,guard_one_rtt_bypass_feedbacks,29,5798.0
eta020_rho100_q64,guard_one_rtt_bypass_flows,29,5798.0
eta020_rho100_q64,guard_rebalance_events,29,0.0
eta020_rho100_q64,guard_remaining_aware,29,1.0
eta020_rho100_q64,guard_remaining_exponent,29,1.0
eta020_rho100_q64,guard_remaining_refresh_events,29,2169.0
eta020_rho100_q64,guard_sender_srpt_enabled,29,1.0
eta020_rho100_q64,guard_sender_srpt_forced_rr,29,114.0
eta020_rho100_q64,guard_sender_srpt_non_rr,29,35080.0
eta020_rho100_q64,guard_sender_srpt_selections,29,250202.0
eta020_rho100_q64,guard_srpt_quantum_packets,29,64.0
eta020_rho100_q64,guard_tail_bypass_bdps,29,8.0
eta020_rho100_q64,guard_tail_bypass_enabled,29,1.0
eta020_rho100_q64,guard_tail_bypass_feedbacks,29,14771.0
eta020_rho100_q64,guard_tail_bypass_flows,29,347.0
eta020_rho100_q64,hpcc_actual_rate_changes,29,24.0
eta020_rho100_q64,hpcc_fast_computations,29,0.0
eta020_rho100_q64,hpcc_feedback_updates,29,1598.0
eta020_rho100_q64,hpcc_full_computations,29,429.0
eta020_rho100_q64,hpcc_rate_updates_applied,29,429.0
eta020_rho100_q64,hpcc_valid_feedback,29,489.0
eta020_rho100_q64,int_hops_after_strip,29,34306.0
eta020_rho100_q64,int_hops_before_strip,29,64549.0
eta020_rho100_q64,int_records_stripped,29,30243.0
eta020_rho100_q64,irn_nacks_generated,29,0.0
eta020_rho100_q64,irn_nacks_received,29,0.0
eta020_rho100_q64,irn_retransmit_bytes,29,0.0
eta020_rho100_q64,irn_retransmit_packets,29,0.0
eta020_rho100_q64,le_8KB_fct_us_mean,29,7.017081967213114
eta020_rho100_q64,le_8KB_fct_us_p95,29,9.12755
eta020_rho100_q64,le_8KB_fct_us_p99,29,9.433480000000003
eta020_rho100_q64,le_8KB_flow_count,29,4270.0
eta020_rho100_q64,le_8KB_slowdown_mean,29,1.010645751519328
eta020_rho100_q64,le_8KB_slowdown_p95,29,1.038883531560443
eta020_rho100_q64,le_8KB_slowdown_p99,29,1.0785854681005769
eta020_rho100_q64,long_to_small_slowdown_mean_ratio,29,1.775695263737547
eta020_rho100_q64,max_active_flows,29,3.0
eta020_rho100_q64,overall_fct_us_mean,29,11.909459235150528
eta020_rho100_q64,overall_fct_us_p95,29,15.73000000000001
eta020_rho100_q64,overall_fct_us_p99,29,177.69224000000042
eta020_rho100_q64,overall_flow_count,29,6145.0
eta020_rho100_q64,overall_slowdown_mean,29,1.0398223348705524
eta020_rho100_q64,overall_slowdown_p95,29,1.1533168254911506
eta020_rho100_q64,overall_slowdown_p99,29,1.6856243594921352
eta020_rho100_q64,pfc_pause_events,29,0.0
eta020_rho100_q64,pfc_resume_events,29,0.0
eta020_rho100_q64,proactive_releases,29,347.0
eta020_rho100_q64,queue_bytes_max,29,331360.0
eta020_rho100_q64,queue_bytes_mean,29,2628.639
eta020_rho100_q64,queue_bytes_p95,29,9810.0
eta020_rho100_q64,queue_bytes_p99,29,75210.0
eta020_rho100_q64,queue_sample_count,29,160000.0
eta020_rho100_q64,reactive_binding_rate_changes,29,20.0
eta020_rho100_q64,reactive_binding_updates,29,20.0
eta020_rho100_q64,recovery_nacks_generated,29,0.0
eta020_rho100_q64,recovery_nacks_received,29,0.0
eta020_rho100_q64,registrations,29,347.0
eta020_rho100_q64,selected_registrations,29,347.0
eta020_rho100_q64,tie_binding_rate_changes,29,3.0
eta020_rho100_q64,tie_binding_updates,29,279.0
eta020_rho100_q64,timeout_recoveries,29,0.0
eta020_rho075_q64,1BDP_to_1MB_fct_us_mean,29,51.799878306878306
eta020_rho075_q64,1BDP_to_1MB_fct_us_p95,29,144.183
eta020_rho075_q64,1BDP_to_1MB_fct_us_p99,29,218.48424000000009
eta020_rho075_q64,1BDP_to_1MB_flow_count,29,189.0
eta020_rho075_q64,1BDP_to_1MB_slowdown_mean,29,1.3430618090270823
eta020_rho075_q64,1BDP_to_1MB_slowdown_p95,29,2.109373376744233
eta020_rho075_q64,1BDP_to_1MB_slowdown_p99,29,2.5868867440238636
eta020_rho075_q64,8KB_to_1BDP_fct_us_mean,29,9.041864965774735
eta020_rho075_q64,8KB_to_1BDP_fct_us_p95,29,14.512000000000008
eta020_rho075_q64,8KB_to_1BDP_fct_us_p99,29,18.408960000000004
eta020_rho075_q64,8KB_to_1BDP_flow_count,29,1607.0
eta020_rho075_q64,8KB_to_1BDP_slowdown_mean,29,1.0461166161788238
eta020_rho075_q64,8KB_to_1BDP_slowdown_p95,29,1.1940891479550553
eta020_rho075_q64,8KB_to_1BDP_slowdown_p99,29,1.377657237057291
eta020_rho075_q64,aggregate_goodput_gbps,29,196.24425120504384
eta020_rho075_q64,completion_releases,29,0.0
eta020_rho075_q64,completion_span_us,29,10073.285
eta020_rho075_q64,grant_binding_rate_changes,29,0.0
eta020_rho075_q64,grant_binding_updates,29,122.0
eta020_rho075_q64,grant_bytes_sent,29,309824.0
eta020_rho075_q64,grant_event_rate_changes,29,1371.0
eta020_rho075_q64,grants_received,29,3296.0
eta020_rho075_q64,grants_sent,29,3296.0
eta020_rho075_q64,gt_1MB_fct_us_mean,29,240.37477215189872
eta020_rho075_q64,gt_1MB_fct_us_p95,29,425.0704999999999
eta020_rho075_q64,gt_1MB_fct_us_p99,29,479.63534
eta020_rho075_q64,gt_1MB_flow_count,29,79.0
eta020_rho075_q64,gt_1MB_slowdown_mean,29,1.7970462047808207
eta020_rho075_q64,gt_1MB_slowdown_p95,29,2.9203496225586094
eta020_rho075_q64,gt_1MB_slowdown_p99,29,3.0340331906676914
eta020_rho075_q64,guard_ack_interval_packets,29,8.0
eta020_rho075_q64,guard_adaptive_grant_updates,29,0.0
eta020_rho075_q64,guard_fixed_window,29,1.0
eta020_rho075_q64,guard_grant_refresh_bdps,29,1.0
eta020_rho075_q64,guard_long_acks_suppressed,29,167471.0
eta020_rho075_q64,guard_min_share_fraction,29,0.2
eta020_rho075_q64,guard_one_rtt_acks_suppressed,29,52488.0
eta020_rho075_q64,guard_one_rtt_bypass_enabled,29,1.0
eta020_rho075_q64,guard_one_rtt_bypass_feedbacks,29,5798.0
eta020_rho075_q64,guard_one_rtt_bypass_flows,29,5798.0
eta020_rho075_q64,guard_rebalance_events,29,0.0
eta020_rho075_q64,guard_remaining_aware,29,1.0
eta020_rho075_q64,guard_remaining_exponent,29,0.75
eta020_rho075_q64,guard_remaining_refresh_events,29,2169.0
eta020_rho075_q64,guard_sender_srpt_enabled,29,1.0
eta020_rho075_q64,guard_sender_srpt_forced_rr,29,117.0
eta020_rho075_q64,guard_sender_srpt_non_rr,29,35062.0
eta020_rho075_q64,guard_sender_srpt_selections,29,250202.0
eta020_rho075_q64,guard_srpt_quantum_packets,29,64.0
eta020_rho075_q64,guard_tail_bypass_bdps,29,8.0
eta020_rho075_q64,guard_tail_bypass_enabled,29,1.0
eta020_rho075_q64,guard_tail_bypass_feedbacks,29,14771.0
eta020_rho075_q64,guard_tail_bypass_flows,29,347.0
eta020_rho075_q64,hpcc_actual_rate_changes,29,26.0
eta020_rho075_q64,hpcc_fast_computations,29,0.0
eta020_rho075_q64,hpcc_feedback_updates,29,1579.0
eta020_rho075_q64,hpcc_full_computations,29,422.0
eta020_rho075_q64,hpcc_rate_updates_applied,29,422.0
eta020_rho075_q64,hpcc_valid_feedback,29,482.0
eta020_rho075_q64,int_hops_after_strip,29,34306.0
eta020_rho075_q64,int_hops_before_strip,29,64549.0
eta020_rho075_q64,int_records_stripped,29,30243.0
eta020_rho075_q64,irn_nacks_generated,29,0.0
eta020_rho075_q64,irn_nacks_received,29,0.0
eta020_rho075_q64,irn_retransmit_bytes,29,0.0
eta020_rho075_q64,irn_retransmit_packets,29,0.0
eta020_rho075_q64,le_8KB_fct_us_mean,29,7.016243793911007
eta020_rho075_q64,le_8KB_fct_us_p95,29,9.134
eta020_rho075_q64,le_8KB_fct_us_p99,29,9.426860000000003
eta020_rho075_q64,le_8KB_flow_count,29,4270.0
eta020_rho075_q64,le_8KB_slowdown_mean,29,1.0105193159779713
eta020_rho075_q64,le_8KB_slowdown_p95,29,1.039007462601019
eta020_rho075_q64,le_8KB_slowdown_p99,29,1.0785854681005769
eta020_rho075_q64,long_to_small_slowdown_mean_ratio,29,1.7783392918537693
eta020_rho075_q64,max_active_flows,29,3.0
eta020_rho075_q64,overall_fct_us_mean,29,11.923420992676974
eta020_rho075_q64,overall_fct_us_p95,29,15.755600000000015
eta020_rho075_q64,overall_fct_us_p99,29,178.11860000000001
eta020_rho075_q64,overall_flow_count,29,6145.0
eta020_rho075_q64,overall_slowdown_mean,29,1.040167976160962
eta020_rho075_q64,overall_slowdown_p95,29,1.1567954297871454
eta020_rho075_q64,overall_slowdown_p99,29,1.7255084229043829
eta020_rho075_q64,pfc_pause_events,29,0.0
eta020_rho075_q64,pfc_resume_events,29,0.0
eta020_rho075_q64,proactive_releases,29,347.0
eta020_rho075_q64,queue_bytes_max,29,329180.0
eta020_rho075_q64,queue_bytes_mean,29,2690.333
eta020_rho075_q64,queue_bytes_p95,29,9810.0
eta020_rho075_q64,queue_bytes_p99,29,76300.0
eta020_rho075_q64,queue_sample_count,29,160000.0
eta020_rho075_q64,reactive_binding_rate_changes,29,23.0
eta020_rho075_q64,reactive_binding_updates,29,23.0
eta020_rho075_q64,recovery_nacks_generated,29,0.0
eta020_rho075_q64,recovery_nacks_received,29,0.0
eta020_rho075_q64,registrations,29,347.0
eta020_rho075_q64,selected_registrations,29,347.0
eta020_rho075_q64,tie_binding_rate_changes,29,3.0
eta020_rho075_q64,tie_binding_updates,29,277.0
eta020_rho075_q64,timeout_recoveries,29,0.0
eta020_rho050_q64,1BDP_to_1MB_fct_us_mean,29,52.237597883597886
eta020_rho050_q64,1BDP_to_1MB_fct_us_p95,29,146.97159999999997
eta020_rho050_q64,1BDP_to_1MB_fct_us_p99,29,209.72628000000012
eta020_rho050_q64,1BDP_to_1MB_flow_count,29,189.0
eta020_rho050_q64,1BDP_to_1MB_slowdown_mean,29,1.354066868601329
eta020_rho050_q64,1BDP_to_1MB_slowdown_p95,29,2.1784862330911996
eta020_rho050_q64,1BDP_to_1MB_slowdown_p99,29,2.668673791775507
eta020_rho050_q64,8KB_to_1BDP_fct_us_mean,29,9.042235220908525
eta020_rho050_q64,8KB_to_1BDP_fct_us_p95,29,14.5555
eta020_rho050_q64,8KB_to_1BDP_fct_us_p99,29,18.55044000000001
eta020_rho050_q64,8KB_to_1BDP_flow_count,29,1607.0
eta020_rho050_q64,8KB_to_1BDP_slowdown_mean,29,1.045937320401843
eta020_rho050_q64,8KB_to_1BDP_slowdown_p95,29,1.1950090015857382
eta020_rho050_q64,8KB_to_1BDP_slowdown_p99,29,1.3777466724960836
eta020_rho050_q64,aggregate_goodput_gbps,29,196.2446992841048
eta020_rho050_q64,completion_releases,29,0.0
eta020_rho050_q64,completion_span_us,29,10073.262
eta020_rho050_q64,grant_binding_rate_changes,29,1.0
eta020_rho050_q64,grant_binding_updates,29,122.0
eta020_rho050_q64,grant_bytes_sent,29,312832.0
eta020_rho050_q64,grant_event_rate_changes,29,1413.0
eta020_rho050_q64,grants_received,29,3328.0
eta020_rho050_q64,grants_sent,29,3328.0
eta020_rho050_q64,gt_1MB_fct_us_mean,29,241.20181012658227
eta020_rho050_q64,gt_1MB_fct_us_p95,29,424.13229999999993
eta020_rho050_q64,gt_1MB_fct_us_p99,29,480.34478
eta020_rho050_q64,gt_1MB_flow_count,29,79.0
eta020_rho050_q64,gt_1MB_slowdown_mean,29,1.8036037571117962
eta020_rho050_q64,gt_1MB_slowdown_p95,29,2.924981037724056
eta020_rho050_q64,gt_1MB_slowdown_p99,29,3.03402926962012
eta020_rho050_q64,guard_ack_interval_packets,29,8.0
eta020_rho050_q64,guard_adaptive_grant_updates,29,0.0
eta020_rho050_q64,guard_fixed_window,29,1.0
eta020_rho050_q64,guard_grant_refresh_bdps,29,1.0
eta020_rho050_q64,guard_long_acks_suppressed,29,167471.0
eta020_rho050_q64,guard_min_share_fraction,29,0.2
eta020_rho050_q64,guard_one_rtt_acks_suppressed,29,52488.0
eta020_rho050_q64,guard_one_rtt_bypass_enabled,29,1.0
eta020_rho050_q64,guard_one_rtt_bypass_feedbacks,29,5798.0
eta020_rho050_q64,guard_one_rtt_bypass_flows,29,5798.0
eta020_rho050_q64,guard_rebalance_events,29,0.0
eta020_rho050_q64,guard_remaining_aware,29,1.0
eta020_rho050_q64,guard_remaining_exponent,29,0.5
eta020_rho050_q64,guard_remaining_refresh_events,29,2171.0
eta020_rho050_q64,guard_sender_srpt_enabled,29,1.0
eta020_rho050_q64,guard_sender_srpt_forced_rr,29,122.0
eta020_rho050_q64,guard_sender_srpt_non_rr,29,35247.0
eta020_rho050_q64,guard_sender_srpt_selections,29,250202.0
eta020_rho050_q64,guard_srpt_quantum_packets,29,64.0
eta020_rho050_q64,guard_tail_bypass_bdps,29,8.0
eta020_rho050_q64,guard_tail_bypass_enabled,29,1.0
eta020_rho050_q64,guard_tail_bypass_feedbacks,29,14766.0
eta020_rho050_q64,guard_tail_bypass_flows,29,347.0
eta020_rho050_q64,hpcc_actual_rate_changes,29,26.0
eta020_rho050_q64,hpcc_fast_computations,29,0.0
eta020_rho050_q64,hpcc_feedback_updates,29,1579.0
eta020_rho050_q64,hpcc_full_computations,29,421.0
eta020_rho050_q64,hpcc_rate_updates_applied,29,421.0
eta020_rho050_q64,hpcc_valid_feedback,29,481.0
eta020_rho050_q64,int_hops_after_strip,29,34306.0
eta020_rho050_q64,int_hops_before_strip,29,64549.0
eta020_rho050_q64,int_records_stripped,29,30243.0
eta020_rho050_q64,irn_nacks_generated,29,0.0
eta020_rho050_q64,irn_nacks_received,29,0.0
eta020_rho050_q64,irn_retransmit_bytes,29,0.0
eta020_rho050_q64,irn_retransmit_packets,29,0.0
eta020_rho050_q64,le_8KB_fct_us_mean,29,7.017041920374707
eta020_rho050_q64,le_8KB_fct_us_p95,29,9.126
eta020_rho050_q64,le_8KB_fct_us_p99,29,9.433480000000003
eta020_rho050_q64,le_8KB_flow_count,29,4270.0
eta020_rho050_q64,le_8KB_slowdown_mean,29,1.0106194822762333
eta020_rho050_q64,le_8KB_slowdown_p95,29,1.039007462601019
eta020_rho050_q64,le_8KB_slowdown_p99,29,1.0785854681005769
eta020_rho050_q64,long_to_small_slowdown_mean_ratio,29,1.7846516802244032
eta020_rho050_q64,max_active_flows,29,3.0
eta020_rho050_q64,overall_fct_us_mean,29,11.948167615947925
eta020_rho050_q64,overall_fct_us_p95,29,15.777800000000004
eta020_rho050_q64,overall_fct_us_p99,29,178.8487200000005
eta020_rho050_q64,overall_flow_count,29,6145.0
eta020_rho050_q64,overall_slowdown_mean,29,1.0406134740736797
eta020_rho050_q64,overall_slowdown_p95,29,1.153604197142484
eta020_rho050_q64,overall_slowdown_p99,29,1.7378732040353737
eta020_rho050_q64,pfc_pause_events,29,0.0
eta020_rho050_q64,pfc_resume_events,29,0.0
eta020_rho050_q64,proactive_releases,29,347.0
eta020_rho050_q64,queue_bytes_max,29,323730.0
eta020_rho050_q64,queue_bytes_mean,29,2736.678
eta020_rho050_q64,queue_bytes_p95,29,9810.0
eta020_rho050_q64,queue_bytes_p99,29,77390.0
eta020_rho050_q64,queue_sample_count,29,160000.0
eta020_rho050_q64,reactive_binding_rate_changes,29,22.0
eta020_rho050_q64,reactive_binding_updates,29,22.0
eta020_rho050_q64,recovery_nacks_generated,29,0.0
eta020_rho050_q64,recovery_nacks_received,29,0.0
eta020_rho050_q64,registrations,29,347.0
eta020_rho050_q64,selected_registrations,29,347.0
eta020_rho050_q64,tie_binding_rate_changes,29,3.0
eta020_rho050_q64,tie_binding_updates,29,277.0
eta020_rho050_q64,timeout_recoveries,29,0.0
eta000_rho100_q64,1BDP_to_1MB_fct_us_mean,30,46.411634920634924
eta000_rho100_q64,1BDP_to_1MB_fct_us_p95,30,145.62879999999993
eta000_rho100_q64,1BDP_to_1MB_fct_us_p99,30,207.48012000000014
eta000_rho100_q64,1BDP_to_1MB_flow_count,30,189.0
eta000_rho100_q64,1BDP_to_1MB_slowdown_mean,30,1.3093661670875307
eta000_rho100_q64,1BDP_to_1MB_slowdown_p95,30,2.0441220511979203
eta000_rho100_q64,1BDP_to_1MB_slowdown_p99,30,2.93664590246232
eta000_rho100_q64,8KB_to_1BDP_fct_us_mean,30,9.116267845448592
eta000_rho100_q64,8KB_to_1BDP_fct_us_p95,30,14.7895
eta000_rho100_q64,8KB_to_1BDP_fct_us_p99,30,17.86692
eta000_rho100_q64,8KB_to_1BDP_flow_count,30,1527.0
eta000_rho100_q64,8KB_to_1BDP_slowdown_mean,30,1.041687829435194
eta000_rho100_q64,8KB_to_1BDP_slowdown_p95,30,1.162756115656531
eta000_rho100_q64,8KB_to_1BDP_slowdown_p99,30,1.3454717303777324
eta000_rho100_q64,aggregate_goodput_gbps,30,205.89240131580246
eta000_rho100_q64,completion_releases,30,0.0
eta000_rho100_q64,completion_span_us,30,10140.124
eta000_rho100_q64,grant_binding_rate_changes,30,0.0
eta000_rho100_q64,grant_binding_updates,30,218.0
eta000_rho100_q64,grant_bytes_sent,30,350620.0
eta000_rho100_q64,grant_event_rate_changes,30,1655.0
eta000_rho100_q64,grants_received,30,3730.0
eta000_rho100_q64,grants_sent,30,3730.0
eta000_rho100_q64,gt_1MB_fct_us_mean,30,254.44176595744682
eta000_rho100_q64,gt_1MB_fct_us_p95,30,451.8094
eta000_rho100_q64,gt_1MB_fct_us_p99,30,659.1561799999997
eta000_rho100_q64,gt_1MB_flow_count,30,94.0
eta000_rho100_q64,gt_1MB_slowdown_mean,30,1.8645797729286506
eta000_rho100_q64,gt_1MB_slowdown_p95,30,3.4487204684890855
eta000_rho100_q64,gt_1MB_slowdown_p99,30,4.169258034413231
eta000_rho100_q64,guard_ack_interval_packets,30,8.0
eta000_rho100_q64,guard_adaptive_grant_updates,30,0.0
eta000_rho100_q64,guard_fixed_window,30,1.0
eta000_rho100_q64,guard_grant_refresh_bdps,30,1.0
eta000_rho100_q64,guard_long_acks_suppressed,30,180912.0
eta000_rho100_q64,guard_min_share_fraction,30,0.0
eta000_rho100_q64,guard_one_rtt_acks_suppressed,30,51003.0
eta000_rho100_q64,guard_one_rtt_bypass_enabled,30,1.0
eta000_rho100_q64,guard_one_rtt_bypass_feedbacks,30,5734.0
eta000_rho100_q64,guard_one_rtt_bypass_flows,30,5734.0
eta000_rho100_q64,guard_rebalance_events,30,0.0
eta000_rho100_q64,guard_remaining_aware,30,1.0
eta000_rho100_q64,guard_remaining_exponent,30,1.0
eta000_rho100_q64,guard_remaining_refresh_events,30,2385.0
eta000_rho100_q64,guard_sender_srpt_enabled,30,1.0
eta000_rho100_q64,guard_sender_srpt_forced_rr,30,104.0
eta000_rho100_q64,guard_sender_srpt_non_rr,30,39646.0
eta000_rho100_q64,guard_sender_srpt_selections,30,264025.0
eta000_rho100_q64,guard_srpt_quantum_packets,30,64.0
eta000_rho100_q64,guard_tail_bypass_bdps,30,8.0
eta000_rho100_q64,guard_tail_bypass_enabled,30,1.0
eta000_rho100_q64,guard_tail_bypass_feedbacks,30,14827.0
eta000_rho100_q64,guard_tail_bypass_flows,30,357.0
eta000_rho100_q64,hpcc_actual_rate_changes,30,14.0
eta000_rho100_q64,hpcc_fast_computations,30,0.0
eta000_rho100_q64,hpcc_feedback_updates,30,2020.0
eta000_rho100_q64,hpcc_full_computations,30,548.0
eta000_rho100_q64,hpcc_rate_updates_applied,30,548.0
eta000_rho100_q64,hpcc_valid_feedback,30,614.0
eta000_rho100_q64,int_hops_after_strip,30,36156.0
eta000_rho100_q64,int_hops_before_strip,30,68266.0
eta000_rho100_q64,int_records_stripped,30,32110.0
eta000_rho100_q64,irn_nacks_generated,30,0.0
eta000_rho100_q64,irn_nacks_received,30,0.0
eta000_rho100_q64,irn_retransmit_bytes,30,0.0
eta000_rho100_q64,irn_retransmit_packets,30,0.0
eta000_rho100_q64,le_8KB_fct_us_mean,30,7.038119131044148
eta000_rho100_q64,le_8KB_fct_us_p95,30,9.14
eta000_rho100_q64,le_8KB_fct_us_p99,30,9.436
eta000_rho100_q64,le_8KB_flow_count,30,4281.0
eta000_rho100_q64,le_8KB_slowdown_mean,30,1.0108105859454442
eta000_rho100_q64,le_8KB_slowdown_p95,30,1.038839006055544
eta000_rho100_q64,le_8KB_slowdown_p99,30,1.0755773964727766
eta000_rho100_q64,long_to_small_slowdown_mean_ratio,30,1.8446381536305818
eta000_rho100_q64,max_active_flows,30,4.0
eta000_rho100_q64,overall_fct_us_mean,30,12.598925299622394
eta000_rho100_q64,overall_fct_us_p95,30,16.2735
eta000_rho100_q64,overall_fct_us_p99,30,196.51630000000097
eta000_rho100_q64,overall_flow_count,30,6091.0
eta000_rho100_q64,overall_slowdown_mean,30,1.040991321328981
eta000_rho100_q64,overall_slowdown_p95,30,1.1393866964179598
eta000_rho100_q64,overall_slowdown_p99,30,1.7231367706639718
eta000_rho100_q64,pfc_pause_events,30,0.0
eta000_rho100_q64,pfc_resume_events,30,0.0
eta000_rho100_q64,proactive_releases,30,357.0
eta000_rho100_q64,queue_bytes_max,30,263780.0
eta000_rho100_q64,queue_bytes_mean,30,2457.998
eta000_rho100_q64,queue_bytes_p95,30,8720.0
eta000_rho100_q64,queue_bytes_p99,30,76562.0
eta000_rho100_q64,queue_sample_count,30,160000.0
eta000_rho100_q64,reactive_binding_rate_changes,30,14.0
eta000_rho100_q64,reactive_binding_updates,30,14.0
eta000_rho100_q64,recovery_nacks_generated,30,0.0
eta000_rho100_q64,recovery_nacks_received,30,0.0
eta000_rho100_q64,registrations,30,357.0
eta000_rho100_q64,selected_registrations,30,357.0
eta000_rho100_q64,tie_binding_rate_changes,30,0.0
eta000_rho100_q64,tie_binding_updates,30,316.0
eta000_rho100_q64,timeout_recoveries,30,0.0
eta000_rho075_q64,1BDP_to_1MB_fct_us_mean,30,46.59197354497354
eta000_rho075_q64,1BDP_to_1MB_fct_us_p95,30,148.28439999999992
eta000_rho075_q64,1BDP_to_1MB_fct_us_p99,30,209.61572000000024
eta000_rho075_q64,1BDP_to_1MB_flow_count,30,189.0
eta000_rho075_q64,1BDP_to_1MB_slowdown_mean,30,1.3114170199777868
eta000_rho075_q64,1BDP_to_1MB_slowdown_p95,30,2.0684255975762618
eta000_rho075_q64,1BDP_to_1MB_slowdown_p99,30,2.9420763202446616
eta000_rho075_q64,8KB_to_1BDP_fct_us_mean,30,9.114882121807465
eta000_rho075_q64,8KB_to_1BDP_fct_us_p95,30,14.802900000000001
eta000_rho075_q64,8KB_to_1BDP_fct_us_p99,30,17.74284
eta000_rho075_q64,8KB_to_1BDP_flow_count,30,1527.0
eta000_rho075_q64,8KB_to_1BDP_slowdown_mean,30,1.0415912451137437
eta000_rho075_q64,8KB_to_1BDP_slowdown_p95,30,1.1620477868850827
eta000_rho075_q64,8KB_to_1BDP_slowdown_p99,30,1.3427964670488088
eta000_rho075_q64,aggregate_goodput_gbps,30,205.8057772215427
eta000_rho075_q64,completion_releases,30,0.0
eta000_rho075_q64,completion_span_us,30,10144.392
eta000_rho075_q64,grant_binding_rate_changes,30,0.0
eta000_rho075_q64,grant_binding_updates,30,237.0
eta000_rho075_q64,grant_bytes_sent,30,355414.0
eta000_rho075_q64,grant_event_rate_changes,30,1739.0
eta000_rho075_q64,grants_received,30,3781.0
eta000_rho075_q64,grants_sent,30,3781.0
eta000_rho075_q64,gt_1MB_fct_us_mean,30,256.75313829787234
eta000_rho075_q64,gt_1MB_fct_us_p95,30,458.06494999999995
eta000_rho075_q64,gt_1MB_fct_us_p99,30,635.3023199999998
eta000_rho075_q64,gt_1MB_flow_count,30,94.0
eta000_rho075_q64,gt_1MB_slowdown_mean,30,1.8804712942292758
eta000_rho075_q64,gt_1MB_slowdown_p95,30,3.549498422372399
eta000_rho075_q64,gt_1MB_slowdown_p99,30,4.018379878382777
eta000_rho075_q64,guard_ack_interval_packets,30,8.0
eta000_rho075_q64,guard_adaptive_grant_updates,30,0.0
eta000_rho075_q64,guard_fixed_window,30,1.0
eta000_rho075_q64,guard_grant_refresh_bdps,30,1.0
eta000_rho075_q64,guard_long_acks_suppressed,30,180912.0
eta000_rho075_q64,guard_min_share_fraction,30,0.0
eta000_rho075_q64,guard_one_rtt_acks_suppressed,30,51003.0
eta000_rho075_q64,guard_one_rtt_bypass_enabled,30,1.0
eta000_rho075_q64,guard_one_rtt_bypass_feedbacks,30,5734.0
eta000_rho075_q64,guard_one_rtt_bypass_flows,30,5734.0
eta000_rho075_q64,guard_rebalance_events,30,0.0
eta000_rho075_q64,guard_remaining_aware,30,1.0
eta000_rho075_q64,guard_remaining_exponent,30,0.75
eta000_rho075_q64,guard_remaining_refresh_events,30,2385.0
eta000_rho075_q64,guard_sender_srpt_enabled,30,1.0
eta000_rho075_q64,guard_sender_srpt_forced_rr,30,101.0
eta000_rho075_q64,guard_sender_srpt_non_rr,30,39763.0
eta000_rho075_q64,guard_sender_srpt_selections,30,264025.0
eta000_rho075_q64,guard_srpt_quantum_packets,30,64.0
eta000_rho075_q64,guard_tail_bypass_bdps,30,8.0
eta000_rho075_q64,guard_tail_bypass_enabled,30,1.0
eta000_rho075_q64,guard_tail_bypass_feedbacks,30,14827.0
eta000_rho075_q64,guard_tail_bypass_flows,30,357.0
eta000_rho075_q64,hpcc_actual_rate_changes,30,15.0
eta000_rho075_q64,hpcc_fast_computations,30,0.0
eta000_rho075_q64,hpcc_feedback_updates,30,2026.0
eta000_rho075_q64,hpcc_full_computations,30,547.0
eta000_rho075_q64,hpcc_rate_updates_applied,30,547.0
eta000_rho075_q64,hpcc_valid_feedback,30,613.0
eta000_rho075_q64,int_hops_after_strip,30,36156.0
eta000_rho075_q64,int_hops_before_strip,30,68266.0
eta000_rho075_q64,int_records_stripped,30,32110.0
eta000_rho075_q64,irn_nacks_generated,30,0.0
eta000_rho075_q64,irn_nacks_received,30,0.0
eta000_rho075_q64,irn_retransmit_bytes,30,0.0
eta000_rho075_q64,irn_retransmit_packets,30,0.0
eta000_rho075_q64,le_8KB_fct_us_mean,30,7.03918990889979
eta000_rho075_q64,le_8KB_fct_us_p95,30,9.137
eta000_rho075_q64,le_8KB_fct_us_p99,30,9.42
eta000_rho075_q64,le_8KB_flow_count,30,4281.0
eta000_rho075_q64,le_8KB_slowdown_mean,30,1.011035594471197
eta000_rho075_q64,le_8KB_slowdown_p95,30,1.040064844835572
eta000_rho075_q64,le_8KB_slowdown_p99,30,1.079884184827388
eta000_rho075_q64,long_to_small_slowdown_mean_ratio,30,1.8599456878793872
eta000_rho075_q64,max_active_flows,30,4.0
eta000_rho075_q64,overall_fct_us_mean,30,12.64059678213758
eta000_rho075_q64,overall_fct_us_p95,30,16.298000000000002
eta000_rho075_q64,overall_fct_us_p99,30,198.0215000000004
eta000_rho075_q64,overall_flow_count,30,6091.0
eta000_rho075_q64,overall_slowdown_mean,30,1.0414341371947522
eta000_rho075_q64,overall_slowdown_p95,30,1.1394150817767603
eta000_rho075_q64,overall_slowdown_p99,30,1.7028849739192014
eta000_rho075_q64,pfc_pause_events,30,0.0
eta000_rho075_q64,pfc_resume_events,30,0.0
eta000_rho075_q64,proactive_releases,30,357.0
eta000_rho075_q64,queue_bytes_max,30,258330.0
eta000_rho075_q64,queue_bytes_mean,30,2561.366
eta000_rho075_q64,queue_bytes_p95,30,8720.0
eta000_rho075_q64,queue_bytes_p99,30,78480.0
eta000_rho075_q64,queue_sample_count,30,160000.0
eta000_rho075_q64,reactive_binding_rate_changes,30,15.0
eta000_rho075_q64,reactive_binding_updates,30,15.0
eta000_rho075_q64,recovery_nacks_generated,30,0.0
eta000_rho075_q64,recovery_nacks_received,30,0.0
eta000_rho075_q64,registrations,30,357.0
eta000_rho075_q64,selected_registrations,30,357.0
eta000_rho075_q64,tie_binding_rate_changes,30,0.0
eta000_rho075_q64,tie_binding_updates,30,295.0
eta000_rho075_q64,timeout_recoveries,30,0.0
eta000_rho050_q64,1BDP_to_1MB_fct_us_mean,30,47.416693121693115
eta000_rho050_q64,1BDP_to_1MB_fct_us_p95,30,149.251
eta000_rho050_q64,1BDP_to_1MB_fct_us_p99,30,234.13028000000025
eta000_rho050_q64,1BDP_to_1MB_flow_count,30,189.0
eta000_rho050_q64,1BDP_to_1MB_slowdown_mean,30,1.3312076771833279
eta000_rho050_q64,1BDP_to_1MB_slowdown_p95,30,2.103440910449932
eta000_rho050_q64,1BDP_to_1MB_slowdown_p99,30,3.158842483188153
eta000_rho050_q64,8KB_to_1BDP_fct_us_mean,30,9.121474132285528
eta000_rho050_q64,8KB_to_1BDP_fct_us_p95,30,14.783500000000002
eta000_rho050_q64,8KB_to_1BDP_fct_us_p99,30,17.75666
eta000_rho050_q64,8KB_to_1BDP_flow_count,30,1527.0
eta000_rho050_q64,8KB_to_1BDP_slowdown_mean,30,1.0422252673106316
eta000_rho050_q64,8KB_to_1BDP_slowdown_p95,30,1.1647925748970485
eta000_rho050_q64,8KB_to_1BDP_slowdown_p99,30,1.3424036496350367
eta000_rho050_q64,aggregate_goodput_gbps,30,205.81874184042138
eta000_rho050_q64,completion_releases,30,0.0
eta000_rho050_q64,completion_span_us,30,10143.753
eta000_rho050_q64,grant_binding_rate_changes,30,0.0
eta000_rho050_q64,grant_binding_updates,30,213.0
eta000_rho050_q64,grant_bytes_sent,30,360772.0
eta000_rho050_q64,grant_event_rate_changes,30,1803.0
eta000_rho050_q64,grants_received,30,3838.0
eta000_rho050_q64,grants_sent,30,3838.0
eta000_rho050_q64,gt_1MB_fct_us_mean,30,258.2823510638298
eta000_rho050_q64,gt_1MB_fct_us_p95,30,471.57874999999984
eta000_rho050_q64,gt_1MB_fct_us_p99,30,627.7122799999999
eta000_rho050_q64,gt_1MB_flow_count,30,94.0
eta000_rho050_q64,gt_1MB_slowdown_mean,30,1.8935284287874172
eta000_rho050_q64,gt_1MB_slowdown_p95,30,3.6121110250926836
eta000_rho050_q64,gt_1MB_slowdown_p99,30,3.9703726505680987
eta000_rho050_q64,guard_ack_interval_packets,30,8.0
eta000_rho050_q64,guard_adaptive_grant_updates,30,0.0
eta000_rho050_q64,guard_fixed_window,30,1.0
eta000_rho050_q64,guard_grant_refresh_bdps,30,1.0
eta000_rho050_q64,guard_long_acks_suppressed,30,180912.0
eta000_rho050_q64,guard_min_share_fraction,30,0.0
eta000_rho050_q64,guard_one_rtt_acks_suppressed,30,51003.0
eta000_rho050_q64,guard_one_rtt_bypass_enabled,30,1.0
eta000_rho050_q64,guard_one_rtt_bypass_feedbacks,30,5734.0
eta000_rho050_q64,guard_one_rtt_bypass_flows,30,5734.0
eta000_rho050_q64,guard_rebalance_events,30,0.0
eta000_rho050_q64,guard_remaining_aware,30,1.0
eta000_rho050_q64,guard_remaining_exponent,30,0.5
eta000_rho050_q64,guard_remaining_refresh_events,30,2388.0
eta000_rho050_q64,guard_sender_srpt_enabled,30,1.0
eta000_rho050_q64,guard_sender_srpt_forced_rr,30,100.0
eta000_rho050_q64,guard_sender_srpt_non_rr,30,40502.0
eta000_rho050_q64,guard_sender_srpt_selections,30,264025.0
eta000_rho050_q64,guard_srpt_quantum_packets,30,64.0
eta000_rho050_q64,guard_tail_bypass_bdps,30,8.0
eta000_rho050_q64,guard_tail_bypass_enabled,30,1.0
eta000_rho050_q64,guard_tail_bypass_feedbacks,30,14827.0
eta000_rho050_q64,guard_tail_bypass_flows,30,357.0
eta000_rho050_q64,hpcc_actual_rate_changes,30,18.0
eta000_rho050_q64,hpcc_fast_computations,30,0.0
eta000_rho050_q64,hpcc_feedback_updates,30,2029.0
eta000_rho050_q64,hpcc_full_computations,30,537.0
eta000_rho050_q64,hpcc_rate_updates_applied,30,537.0
eta000_rho050_q64,hpcc_valid_feedback,30,603.0
eta000_rho050_q64,int_hops_after_strip,30,36156.0
eta000_rho050_q64,int_hops_before_strip,30,68266.0
eta000_rho050_q64,int_records_stripped,30,32110.0
eta000_rho050_q64,irn_nacks_generated,30,0.0
eta000_rho050_q64,irn_nacks_received,30,0.0
eta000_rho050_q64,irn_retransmit_bytes,30,0.0
eta000_rho050_q64,irn_retransmit_packets,30,0.0
eta000_rho050_q64,le_8KB_fct_us_mean,30,7.039340808222378
eta000_rho050_q64,le_8KB_fct_us_p95,30,9.133
eta000_rho050_q64,le_8KB_fct_us_p99,30,9.4192
eta000_rho050_q64,le_8KB_flow_count,30,4281.0
eta000_rho050_q64,le_8KB_slowdown_mean,30,1.0110587541093339
eta000_rho050_q64,le_8KB_slowdown_p95,30,1.039008719596145
eta000_rho050_q64,le_8KB_slowdown_p99,30,1.0818089746119681
eta000_rho050_q64,long_to_small_slowdown_mean_ratio,30,1.8728174016508785
eta000_rho050_q64,max_active_flows,30,5.0
eta000_rho050_q64,overall_fct_us_mean,30,12.691545723198162
eta000_rho050_q64,overall_fct_us_p95,30,16.2735
eta000_rho050_q64,overall_fct_us_p99,30,196.56330000000116
eta000_rho050_q64,overall_flow_count,30,6091.0
eta000_rho050_q64,overall_slowdown_mean,30,1.0424249602395435
eta000_rho050_q64,overall_slowdown_p95,30,1.1407587889599147
eta000_rho050_q64,overall_slowdown_p99,30,1.7194087467768329
eta000_rho050_q64,pfc_pause_events,30,0.0
eta000_rho050_q64,pfc_resume_events,30,0.0
eta000_rho050_q64,proactive_releases,30,357.0
eta000_rho050_q64,queue_bytes_max,30,257240.0
eta000_rho050_q64,queue_bytes_mean,30,2649.771
eta000_rho050_q64,queue_bytes_p95,30,8720.0
eta000_rho050_q64,queue_bytes_p99,30,81750.0
eta000_rho050_q64,queue_sample_count,30,160000.0
eta000_rho050_q64,reactive_binding_rate_changes,30,17.0
eta000_rho050_q64,reactive_binding_updates,30,17.0
eta000_rho050_q64,recovery_nacks_generated,30,0.0
eta000_rho050_q64,recovery_nacks_received,30,0.0
eta000_rho050_q64,registrations,30,357.0
eta000_rho050_q64,selected_registrations,30,357.0
eta000_rho050_q64,tie_binding_rate_changes,30,1.0
eta000_rho050_q64,tie_binding_updates,30,307.0
eta000_rho050_q64,timeout_recoveries,30,0.0
eta010_rho100_q64,1BDP_to_1MB_fct_us_mean,30,46.63314814814815
eta010_rho100_q64,1BDP_to_1MB_fct_us_p95,30,148.0653999999999
eta010_rho100_q64,1BDP_to_1MB_fct_us_p99,30,222.52132000000006
eta010_rho100_q64,1BDP_to_1MB_flow_count,30,189.0
eta010_rho100_q64,1BDP_to_1MB_slowdown_mean,30,1.3131051180873725
eta010_rho100_q64,1BDP_to_1MB_slowdown_p95,30,2.0390035704474143
eta010_rho100_q64,1BDP_to_1MB_slowdown_p99,30,2.934066819804837
eta010_rho100_q64,8KB_to_1BDP_fct_us_mean,30,9.116558611656844
eta010_rho100_q64,8KB_to_1BDP_fct_us_p95,30,14.785900000000002
eta010_rho100_q64,8KB_to_1BDP_fct_us_p99,30,17.77368
eta010_rho100_q64,8KB_to_1BDP_flow_count,30,1527.0
eta010_rho100_q64,8KB_to_1BDP_slowdown_mean,30,1.0417372796522308
eta010_rho100_q64,8KB_to_1BDP_slowdown_p95,30,1.1622336907997273
eta010_rho100_q64,8KB_to_1BDP_slowdown_p99,30,1.344022932939132
eta010_rho100_q64,aggregate_goodput_gbps,30,205.83251980612584
eta010_rho100_q64,completion_releases,30,0.0
eta010_rho100_q64,completion_span_us,30,10143.074
eta010_rho100_q64,grant_binding_rate_changes,30,0.0
eta010_rho100_q64,grant_binding_updates,30,216.0
eta010_rho100_q64,grant_bytes_sent,30,351278.0
eta010_rho100_q64,grant_event_rate_changes,30,1667.0
eta010_rho100_q64,grants_received,30,3737.0
eta010_rho100_q64,grants_sent,30,3737.0
eta010_rho100_q64,gt_1MB_fct_us_mean,30,254.33195744680853
eta010_rho100_q64,gt_1MB_fct_us_p95,30,452.68375
eta010_rho100_q64,gt_1MB_fct_us_p99,30,650.5366899999998
eta010_rho100_q64,gt_1MB_flow_count,30,94.0
eta010_rho100_q64,gt_1MB_slowdown_mean,30,1.8638069271748632
eta010_rho100_q64,gt_1MB_slowdown_p95,30,3.457100402873892
eta010_rho100_q64,gt_1MB_slowdown_p99,30,4.114740213070021
eta010_rho100_q64,guard_ack_interval_packets,30,8.0
eta010_rho100_q64,guard_adaptive_grant_updates,30,0.0
eta010_rho100_q64,guard_fixed_window,30,1.0
eta010_rho100_q64,guard_grant_refresh_bdps,30,1.0
eta010_rho100_q64,guard_long_acks_suppressed,30,180912.0
eta010_rho100_q64,guard_min_share_fraction,30,0.1
eta010_rho100_q64,guard_one_rtt_acks_suppressed,30,51003.0
eta010_rho100_q64,guard_one_rtt_bypass_enabled,30,1.0
eta010_rho100_q64,guard_one_rtt_bypass_feedbacks,30,5734.0
eta010_rho100_q64,guard_one_rtt_bypass_flows,30,5734.0
eta010_rho100_q64,guard_rebalance_events,30,0.0
eta010_rho100_q64,guard_remaining_aware,30,1.0
eta010_rho100_q64,guard_remaining_exponent,30,1.0
eta010_rho100_q64,guard_remaining_refresh_events,30,2385.0
eta010_rho100_q64,guard_sender_srpt_enabled,30,1.0
eta010_rho100_q64,guard_sender_srpt_forced_rr,30,101.0
eta010_rho100_q64,guard_sender_srpt_non_rr,30,39735.0
eta010_rho100_q64,guard_sender_srpt_selections,30,264025.0
eta010_rho100_q64,guard_srpt_quantum_packets,30,64.0
eta010_rho100_q64,guard_tail_bypass_bdps,30,8.0
eta010_rho100_q64,guard_tail_bypass_enabled,30,1.0
eta010_rho100_q64,guard_tail_bypass_feedbacks,30,14828.0
eta010_rho100_q64,guard_tail_bypass_flows,30,357.0
eta010_rho100_q64,hpcc_actual_rate_changes,30,14.0
eta010_rho100_q64,hpcc_fast_computations,30,0.0
eta010_rho100_q64,hpcc_feedback_updates,30,2016.0
eta010_rho100_q64,hpcc_full_computations,30,542.0
eta010_rho100_q64,hpcc_rate_updates_applied,30,542.0
eta010_rho100_q64,hpcc_valid_feedback,30,608.0
eta010_rho100_q64,int_hops_after_strip,30,36156.0
eta010_rho100_q64,int_hops_before_strip,30,68266.0
eta010_rho100_q64,int_records_stripped,30,32110.0
eta010_rho100_q64,irn_nacks_generated,30,0.0
eta010_rho100_q64,irn_nacks_received,30,0.0
eta010_rho100_q64,irn_retransmit_bytes,30,0.0
eta010_rho100_q64,irn_retransmit_packets,30,0.0
eta010_rho100_q64,le_8KB_fct_us_mean,30,7.038453165148329
eta010_rho100_q64,le_8KB_fct_us_p95,30,9.14
eta010_rho100_q64,le_8KB_fct_us_p99,30,9.4218
eta010_rho100_q64,le_8KB_flow_count,30,4281.0
eta010_rho100_q64,le_8KB_slowdown_mean,30,1.0108656549366881
eta010_rho100_q64,le_8KB_slowdown_p95,30,1.039854247324072
eta010_rho100_q64,le_8KB_slowdown_p99,30,1.0775517274768367
eta010_rho100_q64,long_to_small_slowdown_mean_ratio,30,1.8437731246211901
eta010_rho100_q64,max_active_flows,30,4.0
eta010_rho100_q64,overall_fct_us_mean,30,12.604411755048432
eta010_rho100_q64,overall_fct_us_p95,30,16.311999999999998
eta010_rho100_q64,overall_fct_us_p99,30,196.4334000000007
eta010_rho100_q64,overall_flow_count,30,6091.0
eta010_rho100_q64,overall_slowdown_mean,30,1.0411465134273303
eta010_rho100_q64,overall_slowdown_p95,30,1.1392078405111796
eta010_rho100_q64,overall_slowdown_p99,30,1.7233204695727133
eta010_rho100_q64,pfc_pause_events,30,0.0
eta010_rho100_q64,pfc_resume_events,30,0.0
eta010_rho100_q64,proactive_releases,30,357.0
eta010_rho100_q64,queue_bytes_max,30,263780.0
eta010_rho100_q64,queue_bytes_mean,30,2508.043
eta010_rho100_q64,queue_bytes_p95,30,8720.0
eta010_rho100_q64,queue_bytes_p99,30,78480.0
eta010_rho100_q64,queue_sample_count,30,160000.0
eta010_rho100_q64,reactive_binding_rate_changes,30,14.0
eta010_rho100_q64,reactive_binding_updates,30,14.0
eta010_rho100_q64,recovery_nacks_generated,30,0.0
eta010_rho100_q64,recovery_nacks_received,30,0.0
eta010_rho100_q64,registrations,30,357.0
eta010_rho100_q64,selected_registrations,30,357.0
eta010_rho100_q64,tie_binding_rate_changes,30,0.0
eta010_rho100_q64,tie_binding_updates,30,312.0
eta010_rho100_q64,timeout_recoveries,30,0.0
eta010_rho075_q64,1BDP_to_1MB_fct_us_mean,30,46.744481481481486
eta010_rho075_q64,1BDP_to_1MB_fct_us_p95,30,146.34459999999993
eta010_rho075_q64,1BDP_to_1MB_fct_us_p99,30,210.75804000000025
eta010_rho075_q64,1BDP_to_1MB_flow_count,30,189.0
eta010_rho075_q64,1BDP_to_1MB_slowdown_mean,30,1.3158390459436717
eta010_rho075_q64,1BDP_to_1MB_slowdown_p95,30,2.101713909760722
eta010_rho075_q64,1BDP_to_1MB_slowdown_p99,30,2.974978116311013
eta010_rho075_q64,8KB_to_1BDP_fct_us_mean,30,9.11577734119188
eta010_rho075_q64,8KB_to_1BDP_fct_us_p95,30,14.7832
eta010_rho075_q64,8KB_to_1BDP_fct_us_p99,30,17.741280000000003
eta010_rho075_q64,8KB_to_1BDP_flow_count,30,1527.0
eta010_rho075_q64,8KB_to_1BDP_slowdown_mean,30,1.041672663081104
eta010_rho075_q64,8KB_to_1BDP_slowdown_p95,30,1.1628475544387955
eta010_rho075_q64,8KB_to_1BDP_slowdown_p99,30,1.3414429949234403
eta010_rho075_q64,aggregate_goodput_gbps,30,205.77178075289856
eta010_rho075_q64,completion_releases,30,0.0
eta010_rho075_q64,completion_span_us,30,10146.068
eta010_rho075_q64,grant_binding_rate_changes,30,0.0
eta010_rho075_q64,grant_binding_updates,30,236.0
eta010_rho075_q64,grant_bytes_sent,30,355508.0
eta010_rho075_q64,grant_event_rate_changes,30,1743.0
eta010_rho075_q64,grants_received,30,3782.0
eta010_rho075_q64,grants_sent,30,3782.0
eta010_rho075_q64,gt_1MB_fct_us_mean,30,257.1654574468085
eta010_rho075_q64,gt_1MB_fct_us_p95,30,460.4399499999999
eta010_rho075_q64,gt_1MB_fct_us_p99,30,631.9285899999998
eta010_rho075_q64,gt_1MB_flow_count,30,94.0
eta010_rho075_q64,gt_1MB_slowdown_mean,30,1.8837236416880234
eta010_rho075_q64,gt_1MB_slowdown_p95,30,3.5659631144513284
eta010_rho075_q64,gt_1MB_slowdown_p99,30,3.9970403766298235
eta010_rho075_q64,guard_ack_interval_packets,30,8.0
eta010_rho075_q64,guard_adaptive_grant_updates,30,0.0
eta010_rho075_q64,guard_fixed_window,30,1.0
eta010_rho075_q64,guard_grant_refresh_bdps,30,1.0
eta010_rho075_q64,guard_long_acks_suppressed,30,180912.0
eta010_rho075_q64,guard_min_share_fraction,30,0.1
eta010_rho075_q64,guard_one_rtt_acks_suppressed,30,51003.0
eta010_rho075_q64,guard_one_rtt_bypass_enabled,30,1.0
eta010_rho075_q64,guard_one_rtt_bypass_feedbacks,30,5734.0
eta010_rho075_q64,guard_one_rtt_bypass_flows,30,5734.0
eta010_rho075_q64,guard_rebalance_events,30,0.0
eta010_rho075_q64,guard_remaining_aware,30,1.0
eta010_rho075_q64,guard_remaining_exponent,30,0.75
eta010_rho075_q64,guard_remaining_refresh_events,30,2385.0
eta010_rho075_q64,guard_sender_srpt_enabled,30,1.0
eta010_rho075_q64,guard_sender_srpt_forced_rr,30,99.0
eta010_rho075_q64,guard_sender_srpt_non_rr,30,39822.0
eta010_rho075_q64,guard_sender_srpt_selections,30,264025.0
eta010_rho075_q64,guard_srpt_quantum_packets,30,64.0
eta010_rho075_q64,guard_tail_bypass_bdps,30,8.0
eta010_rho075_q64,guard_tail_bypass_enabled,30,1.0
eta010_rho075_q64,guard_tail_bypass_feedbacks,30,14828.0
eta010_rho075_q64,guard_tail_bypass_flows,30,357.0
eta010_rho075_q64,hpcc_actual_rate_changes,30,15.0
eta010_rho075_q64,hpcc_fast_computations,30,0.0
eta010_rho075_q64,hpcc_feedback_updates,30,2024.0
eta010_rho075_q64,hpcc_full_computations,30,544.0
eta010_rho075_q64,hpcc_rate_updates_applied,30,544.0
eta010_rho075_q64,hpcc_valid_feedback,30,610.0
eta010_rho075_q64,int_hops_after_strip,30,36156.0
eta010_rho075_q64,int_hops_before_strip,30,68266.0
eta010_rho075_q64,int_records_stripped,30,32110.0
eta010_rho075_q64,irn_nacks_generated,30,0.0
eta010_rho075_q64,irn_nacks_received,30,0.0
eta010_rho075_q64,irn_retransmit_bytes,30,0.0
eta010_rho075_q64,irn_retransmit_packets,30,0.0
eta010_rho075_q64,le_8KB_fct_us_mean,30,7.039408082223779
eta010_rho075_q64,le_8KB_fct_us_p95,30,9.143
eta010_rho075_q64,le_8KB_fct_us_p99,30,9.4204
eta010_rho075_q64,le_8KB_flow_count,30,4281.0
eta010_rho075_q64,le_8KB_slowdown_mean,30,1.0110268350704767
eta010_rho075_q64,le_8KB_slowdown_p95,30,1.04014272970562
eta010_rho075_q64,le_8KB_slowdown_p99,30,1.0750302924130277
eta010_rho075_q64,long_to_small_slowdown_mean_ratio,30,1.8631786777021726
eta010_rho075_q64,max_active_flows,30,4.0
eta010_rho075_q64,overall_fct_us_mean,30,12.652069939254638
eta010_rho075_q64,overall_fct_us_p95,30,16.343
eta010_rho075_q64,overall_fct_us_p99,30,197.59390000000067
eta010_rho075_q64,overall_flow_count,30,6091.0
eta010_rho075_q64,overall_slowdown_mean,30,1.0416357969895886
eta010_rho075_q64,overall_slowdown_p95,30,1.1408095467531092
eta010_rho075_q64,overall_slowdown_p99,30,1.7036171868416383
eta010_rho075_q64,pfc_pause_events,30,0.0
eta010_rho075_q64,pfc_resume_events,30,0.0
eta010_rho075_q64,proactive_releases,30,357.0
eta010_rho075_q64,queue_bytes_max,30,259420.0
eta010_rho075_q64,queue_bytes_mean,30,2583.846
eta010_rho075_q64,queue_bytes_p95,30,8720.0
eta010_rho075_q64,queue_bytes_p99,30,78946.0
eta010_rho075_q64,queue_sample_count,30,160000.0
eta010_rho075_q64,reactive_binding_rate_changes,30,15.0
eta010_rho075_q64,reactive_binding_updates,30,15.0
eta010_rho075_q64,recovery_nacks_generated,30,0.0
eta010_rho075_q64,recovery_nacks_received,30,0.0
eta010_rho075_q64,registrations,30,357.0
eta010_rho075_q64,selected_registrations,30,357.0
eta010_rho075_q64,tie_binding_rate_changes,30,0.0
eta010_rho075_q64,tie_binding_updates,30,293.0
eta010_rho075_q64,timeout_recoveries,30,0.0
eta010_rho050_q64,1BDP_to_1MB_fct_us_mean,30,48.14942857142857
eta010_rho050_q64,1BDP_to_1MB_fct_us_p95,30,152.94419999999994
eta010_rho050_q64,1BDP_to_1MB_fct_us_p99,30,279.33140000000003
eta010_rho050_q64,1BDP_to_1MB_flow_count,30,189.0
eta010_rho050_q64,1BDP_to_1MB_slowdown_mean,30,1.3457540436117281
eta010_rho050_q64,1BDP_to_1MB_slowdown_p95,30,2.166685541932851
eta010_rho050_q64,1BDP_to_1MB_slowdown_p99,30,3.160949358414841
eta010_rho050_q64,8KB_to_1BDP_fct_us_mean,30,9.127190569744597
eta010_rho050_q64,8KB_to_1BDP_fct_us_p95,30,14.811699999999998
eta010_rho050_q64,8KB_to_1BDP_fct_us_p99,30,17.87524
eta010_rho050_q64,8KB_to_1BDP_flow_count,30,1527.0
eta010_rho050_q64,8KB_to_1BDP_slowdown_mean,30,1.0425868564701248
eta010_rho050_q64,8KB_to_1BDP_slowdown_p95,30,1.1649987679368905
eta010_rho050_q64,8KB_to_1BDP_slowdown_p99,30,1.3437880004752287
eta010_rho050_q64,aggregate_goodput_gbps,30,205.80514830661141
eta010_rho050_q64,completion_releases,30,0.0
eta010_rho050_q64,completion_span_us,30,10144.423
eta010_rho050_q64,grant_binding_rate_changes,30,0.0
eta010_rho050_q64,grant_binding_updates,30,213.0
eta010_rho050_q64,grant_bytes_sent,30,361900.0
eta010_rho050_q64,grant_event_rate_changes,30,1812.0
eta010_rho050_q64,grants_received,30,3850.0
eta010_rho050_q64,grants_sent,30,3850.0
eta010_rho050_q64,gt_1MB_fct_us_mean,30,259.0905319148936
eta010_rho050_q64,gt_1MB_fct_us_p95,30,499.64559999999994
eta010_rho050_q64,gt_1MB_fct_us_p99,30,615.0167399999996
eta010_rho050_q64,gt_1MB_flow_count,30,94.0
eta010_rho050_q64,gt_1MB_slowdown_mean,30,1.8998634638333465
eta010_rho050_q64,gt_1MB_slowdown_p95,30,3.6171168682708217
eta010_rho050_q64,gt_1MB_slowdown_p99,30,4.0281335518554
eta010_rho050_q64,guard_ack_interval_packets,30,8.0
eta010_rho050_q64,guard_adaptive_grant_updates,30,0.0
eta010_rho050_q64,guard_fixed_window,30,1.0
eta010_rho050_q64,guard_grant_refresh_bdps,30,1.0
eta010_rho050_q64,guard_long_acks_suppressed,30,180912.0
eta010_rho050_q64,guard_min_share_fraction,30,0.1
eta010_rho050_q64,guard_one_rtt_acks_suppressed,30,51003.0
eta010_rho050_q64,guard_one_rtt_bypass_enabled,30,1.0
eta010_rho050_q64,guard_one_rtt_bypass_feedbacks,30,5734.0
eta010_rho050_q64,guard_one_rtt_bypass_flows,30,5734.0
eta010_rho050_q64,guard_rebalance_events,30,0.0
eta010_rho050_q64,guard_remaining_aware,30,1.0
eta010_rho050_q64,guard_remaining_exponent,30,0.5
eta010_rho050_q64,guard_remaining_refresh_events,30,2385.0
eta010_rho050_q64,guard_sender_srpt_enabled,30,1.0
eta010_rho050_q64,guard_sender_srpt_forced_rr,30,109.0
eta010_rho050_q64,guard_sender_srpt_non_rr,30,40749.0
eta010_rho050_q64,guard_sender_srpt_selections,30,264025.0
eta010_rho050_q64,guard_srpt_quantum_packets,30,64.0
eta010_rho050_q64,guard_tail_bypass_bdps,30,8.0
eta010_rho050_q64,guard_tail_bypass_enabled,30,1.0
eta010_rho050_q64,guard_tail_bypass_feedbacks,30,14826.0
eta010_rho050_q64,guard_tail_bypass_flows,30,357.0
eta010_rho050_q64,hpcc_actual_rate_changes,30,17.0
eta010_rho050_q64,hpcc_fast_computations,30,0.0
eta010_rho050_q64,hpcc_feedback_updates,30,2029.0
eta010_rho050_q64,hpcc_full_computations,30,534.0
eta010_rho050_q64,hpcc_rate_updates_applied,30,534.0
eta010_rho050_q64,hpcc_valid_feedback,30,600.0
eta010_rho050_q64,int_hops_after_strip,30,36156.0
eta010_rho050_q64,int_hops_before_strip,30,68266.0
eta010_rho050_q64,int_records_stripped,30,32110.0
eta010_rho050_q64,irn_nacks_generated,30,0.0
eta010_rho050_q64,irn_nacks_received,30,0.0
eta010_rho050_q64,irn_retransmit_bytes,30,0.0
eta010_rho050_q64,irn_retransmit_packets,30,0.0
eta010_rho050_q64,le_8KB_fct_us_mean,30,7.038660126138753
eta010_rho050_q64,le_8KB_fct_us_p95,30,9.132
eta010_rho050_q64,le_8KB_fct_us_p99,30,9.425999999999997
eta010_rho050_q64,le_8KB_flow_count,30,4281.0
eta010_rho050_q64,le_8KB_slowdown_mean,30,1.0109607643568705
eta010_rho050_q64,le_8KB_slowdown_p95,30,1.0383290745472726
eta010_rho050_q64,le_8KB_slowdown_p99,30,1.0785558154906782
eta010_rho050_q64,long_to_small_slowdown_mean_ratio,30,1.8792652799359204
eta010_rho050_q64,max_active_flows,30,5.0
eta010_rho050_q64,overall_fct_us_mean,30,12.727709078968969
eta010_rho050_q64,overall_fct_us_p95,30,16.3375
eta010_rho050_q64,overall_fct_us_p99,30,196.56700000000117
eta010_rho050_q64,overall_flow_count,30,6091.0
eta010_rho050_q64,overall_slowdown_mean,30,1.0429958696247899
eta010_rho050_q64,overall_slowdown_p95,30,1.140655757421149
eta010_rho050_q64,overall_slowdown_p99,30,1.7391843713618305
eta010_rho050_q64,pfc_pause_events,30,0.0
eta010_rho050_q64,pfc_resume_events,30,0.0
eta010_rho050_q64,proactive_releases,30,357.0
eta010_rho050_q64,queue_bytes_max,30,255060.0
eta010_rho050_q64,queue_bytes_mean,30,2650.674
eta010_rho050_q64,queue_bytes_p95,30,9810.0
eta010_rho050_q64,queue_bytes_p99,30,79363.0
eta010_rho050_q64,queue_sample_count,30,160000.0
eta010_rho050_q64,reactive_binding_rate_changes,30,16.0
eta010_rho050_q64,reactive_binding_updates,30,16.0
eta010_rho050_q64,recovery_nacks_generated,30,0.0
eta010_rho050_q64,recovery_nacks_received,30,0.0
eta010_rho050_q64,registrations,30,357.0
eta010_rho050_q64,selected_registrations,30,357.0
eta010_rho050_q64,tie_binding_rate_changes,30,1.0
eta010_rho050_q64,tie_binding_updates,30,305.0
eta010_rho050_q64,timeout_recoveries,30,0.0
eta020_rho100_q64,1BDP_to_1MB_fct_us_mean,30,46.61066666666666
eta020_rho100_q64,1BDP_to_1MB_fct_us_p95,30,147.16119999999992
eta020_rho100_q64,1BDP_to_1MB_fct_us_p99,30,210.56236000000024
eta020_rho100_q64,1BDP_to_1MB_flow_count,30,189.0
eta020_rho100_q64,1BDP_to_1MB_slowdown_mean,30,1.3130585696090167
eta020_rho100_q64,1BDP_to_1MB_slowdown_p95,30,2.0336489668023883
eta020_rho100_q64,1BDP_to_1MB_slowdown_p99,30,2.9517400859013483
eta020_rho100_q64,8KB_to_1BDP_fct_us_mean,30,9.113407989521939
eta020_rho100_q64,8KB_to_1BDP_fct_us_p95,30,14.8057
eta020_rho100_q64,8KB_to_1BDP_fct_us_p99,30,17.741280000000003
eta020_rho100_q64,8KB_to_1BDP_flow_count,30,1527.0
eta020_rho100_q64,8KB_to_1BDP_slowdown_mean,30,1.0413924258269995
eta020_rho100_q64,8KB_to_1BDP_slowdown_p95,30,1.162756115656531
eta020_rho100_q64,8KB_to_1BDP_slowdown_p99,30,1.3405022372321105
eta020_rho100_q64,aggregate_goodput_gbps,30,205.8305514123739
eta020_rho100_q64,completion_releases,30,0.0
eta020_rho100_q64,completion_span_us,30,10143.171
eta020_rho100_q64,grant_binding_rate_changes,30,0.0
eta020_rho100_q64,grant_binding_updates,30,240.0
eta020_rho100_q64,grant_bytes_sent,30,354662.0
eta020_rho100_q64,grant_event_rate_changes,30,1732.0
eta020_rho100_q64,grants_received,30,3773.0
eta020_rho100_q64,grants_sent,30,3773.0
eta020_rho100_q64,gt_1MB_fct_us_mean,30,256.60226595744683
eta020_rho100_q64,gt_1MB_fct_us_p95,30,457.5113999999999
eta020_rho100_q64,gt_1MB_fct_us_p99,30,633.5201199999998
eta020_rho100_q64,gt_1MB_flow_count,30,94.0
eta020_rho100_q64,gt_1MB_slowdown_mean,30,1.8793655936653544
eta020_rho100_q64,gt_1MB_slowdown_p95,30,3.55434975057903
eta020_rho100_q64,gt_1MB_slowdown_p99,30,4.00710625001663
eta020_rho100_q64,guard_ack_interval_packets,30,8.0
eta020_rho100_q64,guard_adaptive_grant_updates,30,0.0
eta020_rho100_q64,guard_fixed_window,30,1.0
eta020_rho100_q64,guard_grant_refresh_bdps,30,1.0
eta020_rho100_q64,guard_long_acks_suppressed,30,180912.0
eta020_rho100_q64,guard_min_share_fraction,30,0.2
eta020_rho100_q64,guard_one_rtt_acks_suppressed,30,51003.0
eta020_rho100_q64,guard_one_rtt_bypass_enabled,30,1.0
eta020_rho100_q64,guard_one_rtt_bypass_feedbacks,30,5734.0
eta020_rho100_q64,guard_one_rtt_bypass_flows,30,5734.0
eta020_rho100_q64,guard_rebalance_events,30,0.0
eta020_rho100_q64,guard_remaining_aware,30,1.0
eta020_rho100_q64,guard_remaining_exponent,30,1.0
eta020_rho100_q64,guard_remaining_refresh_events,30,2383.0
eta020_rho100_q64,guard_sender_srpt_enabled,30,1.0
eta020_rho100_q64,guard_sender_srpt_forced_rr,30,101.0
eta020_rho100_q64,guard_sender_srpt_non_rr,30,39806.0
eta020_rho100_q64,guard_sender_srpt_selections,30,264025.0
eta020_rho100_q64,guard_srpt_quantum_packets,30,64.0
eta020_rho100_q64,guard_tail_bypass_bdps,30,8.0
eta020_rho100_q64,guard_tail_bypass_enabled,30,1.0
eta020_rho100_q64,guard_tail_bypass_feedbacks,30,14829.0
eta020_rho100_q64,guard_tail_bypass_flows,30,357.0
eta020_rho100_q64,hpcc_actual_rate_changes,30,17.0
eta020_rho100_q64,hpcc_fast_computations,30,0.0
eta020_rho100_q64,hpcc_feedback_updates,30,2039.0
eta020_rho100_q64,hpcc_full_computations,30,554.0
eta020_rho100_q64,hpcc_rate_updates_applied,30,554.0
eta020_rho100_q64,hpcc_valid_feedback,30,620.0
eta020_rho100_q64,int_hops_after_strip,30,36156.0
eta020_rho100_q64,int_hops_before_strip,30,68266.0
eta020_rho100_q64,int_records_stripped,30,32110.0
eta020_rho100_q64,irn_nacks_generated,30,0.0
eta020_rho100_q64,irn_nacks_received,30,0.0
eta020_rho100_q64,irn_retransmit_bytes,30,0.0
eta020_rho100_q64,irn_retransmit_packets,30,0.0
eta020_rho100_q64,le_8KB_fct_us_mean,30,7.03802476056996
eta020_rho100_q64,le_8KB_fct_us_p95,30,9.136
eta020_rho100_q64,le_8KB_fct_us_p99,30,9.434
eta020_rho100_q64,le_8KB_flow_count,30,4281.0
eta020_rho100_q64,le_8KB_slowdown_mean,30,1.0108526284248933
eta020_rho100_q64,le_8KB_slowdown_p95,30,1.0392090776317269
eta020_rho100_q64,le_8KB_slowdown_p99,30,1.0776481339236432
eta020_rho100_q64,long_to_small_slowdown_mean_ratio,30,1.8591885115773747
eta020_rho100_q64,max_active_flows,30,4.0
eta020_rho100_q64,overall_fct_us_mean,30,12.6376599901494
eta020_rho100_q64,overall_fct_us_p95,30,16.351
eta020_rho100_q64,overall_fct_us_p99,30,198.3085000000005
eta020_rho100_q64,overall_flow_count,30,6091.0
eta020_rho100_q64,overall_slowdown_mean,30,1.0412895701831297
eta020_rho100_q64,overall_slowdown_p95,30,1.1397111182817767
eta020_rho100_q64,overall_slowdown_p99,30,1.7027016543065487
eta020_rho100_q64,pfc_pause_events,30,0.0
eta020_rho100_q64,pfc_resume_events,30,0.0
eta020_rho100_q64,proactive_releases,30,357.0
eta020_rho100_q64,queue_bytes_max,30,258330.0
eta020_rho100_q64,queue_bytes_mean,30,2532.283
eta020_rho100_q64,queue_bytes_p95,30,8720.0
eta020_rho100_q64,queue_bytes_p99,30,78480.0
eta020_rho100_q64,queue_sample_count,30,160000.0
eta020_rho100_q64,reactive_binding_rate_changes,30,15.0
eta020_rho100_q64,reactive_binding_updates,30,15.0
eta020_rho100_q64,recovery_nacks_generated,30,0.0
eta020_rho100_q64,recovery_nacks_received,30,0.0
eta020_rho100_q64,registrations,30,357.0
eta020_rho100_q64,selected_registrations,30,357.0
eta020_rho100_q64,tie_binding_rate_changes,30,2.0
eta020_rho100_q64,tie_binding_updates,30,299.0
eta020_rho100_q64,timeout_recoveries,30,0.0
eta020_rho075_q64,1BDP_to_1MB_fct_us_mean,30,47.03737566137566
eta020_rho075_q64,1BDP_to_1MB_fct_us_p95,30,145.26039999999995
eta020_rho075_q64,1BDP_to_1MB_fct_us_p99,30,223.36408000000026
eta020_rho075_q64,1BDP_to_1MB_flow_count,30,189.0
eta020_rho075_q64,1BDP_to_1MB_slowdown_mean,30,1.3236178232630644
eta020_rho075_q64,1BDP_to_1MB_slowdown_p95,30,2.0911815272643066
eta020_rho075_q64,1BDP_to_1MB_slowdown_p99,30,3.106406906015022
eta020_rho075_q64,8KB_to_1BDP_fct_us_mean,30,9.120355599214145
eta020_rho075_q64,8KB_to_1BDP_fct_us_p95,30,14.784300000000002
eta020_rho075_q64,8KB_to_1BDP_fct_us_p99,30,17.74922
eta020_rho075_q64,8KB_to_1BDP_flow_count,30,1527.0
eta020_rho075_q64,8KB_to_1BDP_slowdown_mean,30,1.042063970241715
eta020_rho075_q64,8KB_to_1BDP_slowdown_p95,30,1.163619891748687
eta020_rho075_q64,8KB_to_1BDP_slowdown_p99,30,1.3420074495382381
eta020_rho075_q64,aggregate_goodput_gbps,30,205.80857695400766
eta020_rho075_q64,completion_releases,30,0.0
eta020_rho075_q64,completion_span_us,30,10144.254
eta020_rho075_q64,grant_binding_rate_changes,30,0.0
eta020_rho075_q64,grant_binding_updates,30,212.0
eta020_rho075_q64,grant_bytes_sent,30,356542.0
eta020_rho075_q64,grant_event_rate_changes,30,1752.0
eta020_rho075_q64,grants_received,30,3793.0
eta020_rho075_q64,grants_sent,30,3793.0
eta020_rho075_q64,gt_1MB_fct_us_mean,30,257.1575106382979
eta020_rho075_q64,gt_1MB_fct_us_p95,30,462.0275999999999
eta020_rho075_q64,gt_1MB_fct_us_p99,30,632.1840699999998
eta020_rho075_q64,gt_1MB_flow_count,30,94.0
eta020_rho075_q64,gt_1MB_slowdown_mean,30,1.8850025324282373
eta020_rho075_q64,gt_1MB_slowdown_p95,30,3.5540135144914444
eta020_rho075_q64,gt_1MB_slowdown_p99,30,3.9986561572411365
eta020_rho075_q64,guard_ack_interval_packets,30,8.0
eta020_rho075_q64,guard_adaptive_grant_updates,30,0.0
eta020_rho075_q64,guard_fixed_window,30,1.0
eta020_rho075_q64,guard_grant_refresh_bdps,30,1.0
eta020_rho075_q64,guard_long_acks_suppressed,30,180912.0
eta020_rho075_q64,guard_min_share_fraction,30,0.2
eta020_rho075_q64,guard_one_rtt_acks_suppressed,30,51003.0
eta020_rho075_q64,guard_one_rtt_bypass_enabled,30,1.0
eta020_rho075_q64,guard_one_rtt_bypass_feedbacks,30,5734.0
eta020_rho075_q64,guard_one_rtt_bypass_flows,30,5734.0
eta020_rho075_q64,guard_rebalance_events,30,0.0
eta020_rho075_q64,guard_remaining_aware,30,1.0
eta020_rho075_q64,guard_remaining_exponent,30,0.75
eta020_rho075_q64,guard_remaining_refresh_events,30,2384.0
eta020_rho075_q64,guard_sender_srpt_enabled,30,1.0
eta020_rho075_q64,guard_sender_srpt_forced_rr,30,102.0
eta020_rho075_q64,guard_sender_srpt_non_rr,30,40284.0
eta020_rho075_q64,guard_sender_srpt_selections,30,264025.0
eta020_rho075_q64,guard_srpt_quantum_packets,30,64.0
eta020_rho075_q64,guard_tail_bypass_bdps,30,8.0
eta020_rho075_q64,guard_tail_bypass_enabled,30,1.0
eta020_rho075_q64,guard_tail_bypass_feedbacks,30,14828.0
eta020_rho075_q64,guard_tail_bypass_flows,30,357.0
eta020_rho075_q64,hpcc_actual_rate_changes,30,17.0
eta020_rho075_q64,hpcc_fast_computations,30,0.0
eta020_rho075_q64,hpcc_feedback_updates,30,2021.0
eta020_rho075_q64,hpcc_full_computations,30,536.0
eta020_rho075_q64,hpcc_rate_updates_applied,30,536.0
eta020_rho075_q64,hpcc_valid_feedback,30,602.0
eta020_rho075_q64,int_hops_after_strip,30,36156.0
eta020_rho075_q64,int_hops_before_strip,30,68266.0
eta020_rho075_q64,int_records_stripped,30,32110.0
eta020_rho075_q64,irn_nacks_generated,30,0.0
eta020_rho075_q64,irn_nacks_received,30,0.0
eta020_rho075_q64,irn_retransmit_bytes,30,0.0
eta020_rho075_q64,irn_retransmit_packets,30,0.0
eta020_rho075_q64,le_8KB_fct_us_mean,30,7.038188273767811
eta020_rho075_q64,le_8KB_fct_us_p95,30,9.135
eta020_rho075_q64,le_8KB_fct_us_p99,30,9.401799999999998
eta020_rho075_q64,le_8KB_flow_count,30,4281.0
eta020_rho075_q64,le_8KB_slowdown_mean,30,1.0109047296737426
eta020_rho075_q64,le_8KB_slowdown_p95,30,1.039859061880643
eta020_rho075_q64,le_8KB_slowdown_p99,30,1.0748424605244131
eta020_rho075_q64,long_to_small_slowdown_mean_ratio,30,1.8646688229825568
eta020_rho075_q64,max_active_flows,30,4.0
eta020_rho075_q64,overall_fct_us_mean,30,12.661326054835003
eta020_rho075_q64,overall_fct_us_p95,30,16.311500000000002
eta020_rho075_q64,overall_fct_us_p99,30,196.56700000000117
eta020_rho075_q64,overall_flow_count,30,6091.0
eta020_rho075_q64,overall_slowdown_mean,30,1.0419091835392158
eta020_rho075_q64,overall_slowdown_p95,30,1.140926031659839
eta020_rho075_q64,overall_slowdown_p99,30,1.708790474998063
eta020_rho075_q64,pfc_pause_events,30,0.0
eta020_rho075_q64,pfc_resume_events,30,0.0
eta020_rho075_q64,proactive_releases,30,357.0
eta020_rho075_q64,queue_bytes_max,30,258330.0
eta020_rho075_q64,queue_bytes_mean,30,2577.393
eta020_rho075_q64,queue_bytes_p95,30,8720.0
eta020_rho075_q64,queue_bytes_p99,30,78480.0
eta020_rho075_q64,queue_sample_count,30,160000.0
eta020_rho075_q64,reactive_binding_rate_changes,30,16.0
eta020_rho075_q64,reactive_binding_updates,30,16.0
eta020_rho075_q64,recovery_nacks_generated,30,0.0
eta020_rho075_q64,recovery_nacks_received,30,0.0
eta020_rho075_q64,registrations,30,357.0
eta020_rho075_q64,selected_registrations,30,357.0
eta020_rho075_q64,tie_binding_rate_changes,30,1.0
eta020_rho075_q64,tie_binding_updates,30,308.0
eta020_rho075_q64,timeout_recoveries,30,0.0
eta020_rho050_q64,1BDP_to_1MB_fct_us_mean,30,48.34005291005291
eta020_rho050_q64,1BDP_to_1MB_fct_us_p95,30,156.06799999999993
eta020_rho050_q64,1BDP_to_1MB_fct_us_p99,30,279.78404
eta020_rho050_q64,1BDP_to_1MB_flow_count,30,189.0
eta020_rho050_q64,1BDP_to_1MB_slowdown_mean,30,1.3532470179837146
eta020_rho050_q64,1BDP_to_1MB_slowdown_p95,30,2.18453884261269
eta020_rho050_q64,1BDP_to_1MB_slowdown_p99,30,3.220277717392359
eta020_rho050_q64,8KB_to_1BDP_fct_us_mean,30,9.123967910936477
eta020_rho050_q64,8KB_to_1BDP_fct_us_p95,30,14.773900000000003
eta020_rho050_q64,8KB_to_1BDP_fct_us_p99,30,18.0338
eta020_rho050_q64,8KB_to_1BDP_flow_count,30,1527.0
eta020_rho050_q64,8KB_to_1BDP_slowdown_mean,30,1.042341187011801
eta020_rho050_q64,8KB_to_1BDP_slowdown_p95,30,1.1644379410507468
eta020_rho050_q64,8KB_to_1BDP_slowdown_p99,30,1.34064335088581
eta020_rho050_q64,aggregate_goodput_gbps,30,205.8530988773484
eta020_rho050_q64,completion_releases,30,0.0
eta020_rho050_q64,completion_span_us,30,10142.06
eta020_rho050_q64,grant_binding_rate_changes,30,0.0
eta020_rho050_q64,grant_binding_updates,30,211.0
eta020_rho050_q64,grant_bytes_sent,30,364532.0
eta020_rho050_q64,grant_event_rate_changes,30,1857.0
eta020_rho050_q64,grants_received,30,3878.0
eta020_rho050_q64,grants_sent,30,3878.0
eta020_rho050_q64,gt_1MB_fct_us_mean,30,259.01563829787233
eta020_rho050_q64,gt_1MB_fct_us_p95,30,509.50604999999985
eta020_rho050_q64,gt_1MB_fct_us_p99,30,612.9288199999996
eta020_rho050_q64,gt_1MB_flow_count,30,94.0
eta020_rho050_q64,gt_1MB_slowdown_mean,30,1.899458614122766
eta020_rho050_q64,gt_1MB_slowdown_p95,30,3.6149071198813205
eta020_rho050_q64,gt_1MB_slowdown_p99,30,4.133070348145713
eta020_rho050_q64,guard_ack_interval_packets,30,8.0
eta020_rho050_q64,guard_adaptive_grant_updates,30,0.0
eta020_rho050_q64,guard_fixed_window,30,1.0
eta020_rho050_q64,guard_grant_refresh_bdps,30,1.0
eta020_rho050_q64,guard_long_acks_suppressed,30,180912.0
eta020_rho050_q64,guard_min_share_fraction,30,0.2
eta020_rho050_q64,guard_one_rtt_acks_suppressed,30,51003.0
eta020_rho050_q64,guard_one_rtt_bypass_enabled,30,1.0
eta020_rho050_q64,guard_one_rtt_bypass_feedbacks,30,5734.0
eta020_rho050_q64,guard_one_rtt_bypass_flows,30,5734.0
eta020_rho050_q64,guard_rebalance_events,30,0.0
eta020_rho050_q64,guard_remaining_aware,30,1.0
eta020_rho050_q64,guard_remaining_exponent,30,0.5
eta020_rho050_q64,guard_remaining_refresh_events,30,2388.0
eta020_rho050_q64,guard_sender_srpt_enabled,30,1.0
eta020_rho050_q64,guard_sender_srpt_forced_rr,30,110.0
eta020_rho050_q64,guard_sender_srpt_non_rr,30,40623.0
eta020_rho050_q64,guard_sender_srpt_selections,30,264025.0
eta020_rho050_q64,guard_srpt_quantum_packets,30,64.0
eta020_rho050_q64,guard_tail_bypass_bdps,30,8.0
eta020_rho050_q64,guard_tail_bypass_enabled,30,1.0
eta020_rho050_q64,guard_tail_bypass_feedbacks,30,14828.0
eta020_rho050_q64,guard_tail_bypass_flows,30,357.0
eta020_rho050_q64,hpcc_actual_rate_changes,30,17.0
eta020_rho050_q64,hpcc_fast_computations,30,0.0
eta020_rho050_q64,hpcc_feedback_updates,30,2032.0
eta020_rho050_q64,hpcc_full_computations,30,534.0
eta020_rho050_q64,hpcc_rate_updates_applied,30,534.0
eta020_rho050_q64,hpcc_valid_feedback,30,600.0
eta020_rho050_q64,int_hops_after_strip,30,36156.0
eta020_rho050_q64,int_hops_before_strip,30,68266.0
eta020_rho050_q64,int_records_stripped,30,32110.0
eta020_rho050_q64,irn_nacks_generated,30,0.0
eta020_rho050_q64,irn_nacks_received,30,0.0
eta020_rho050_q64,irn_retransmit_bytes,30,0.0
eta020_rho050_q64,irn_retransmit_packets,30,0.0
eta020_rho050_q64,le_8KB_fct_us_mean,30,7.038625087596356
eta020_rho050_q64,le_8KB_fct_us_p95,30,9.134
eta020_rho050_q64,le_8KB_fct_us_p99,30,9.426400000000001
eta020_rho050_q64,le_8KB_flow_count,30,4281.0
eta020_rho050_q64,le_8KB_slowdown_mean,30,1.0109740382649333
eta020_rho050_q64,le_8KB_slowdown_p95,30,1.0393946138437569
eta020_rho050_q64,le_8KB_slowdown_p99,30,1.0774503388060186
eta020_rho050_q64,long_to_small_slowdown_mean_ratio,30,1.8788401504183818
eta020_rho050_q64,max_active_flows,30,5.0
eta020_rho050_q64,overall_fct_us_mean,30,12.731635692004597
eta020_rho050_q64,overall_fct_us_p95,30,16.3515
eta020_rho050_q64,overall_fct_us_p99,30,195.97680000000008
eta020_rho050_q64,overall_flow_count,30,6091.0
eta020_rho050_q64,overall_slowdown_mean,30,1.043169864801455
eta020_rho050_q64,overall_slowdown_p95,30,1.141808642304618
eta020_rho050_q64,overall_slowdown_p99,30,1.740894769806929
eta020_rho050_q64,pfc_pause_events,30,0.0
eta020_rho050_q64,pfc_resume_events,30,0.0
eta020_rho050_q64,proactive_releases,30,357.0
eta020_rho050_q64,queue_bytes_max,30,258330.0
eta020_rho050_q64,queue_bytes_mean,30,2642.181
eta020_rho050_q64,queue_bytes_p95,30,9810.0
eta020_rho050_q64,queue_bytes_p99,30,80660.0
eta020_rho050_q64,queue_sample_count,30,160000.0
eta020_rho050_q64,reactive_binding_rate_changes,30,16.0
eta020_rho050_q64,reactive_binding_updates,30,16.0
eta020_rho050_q64,recovery_nacks_generated,30,0.0
eta020_rho050_q64,recovery_nacks_received,30,0.0
eta020_rho050_q64,registrations,30,357.0
eta020_rho050_q64,selected_registrations,30,357.0
eta020_rho050_q64,tie_binding_rate_changes,30,1.0
eta020_rho050_q64,tie_binding_updates,30,307.0
eta020_rho050_q64,timeout_recoveries,30,0.0
