analysis,ci95_half_width,ci95_high,ci95_low,comparison,mean,metric,n,t_critical,workload
arm_mean,0.9467347117482757,51.24240422971782,49.348934806221266,guard,50.29566951796954,1BDP_to_1MB_fct_us_mean,5,2.7764451051977987,AliStorage50
arm_mean,10.345985487958739,155.0608554879587,134.36888451204123,guard,144.71486999999996,1BDP_to_1MB_fct_us_p95,5,2.7764451051977987,AliStorage50
arm_mean,40.7253667615549,271.4207567615549,189.97002323844512,guard,230.69539000000003,1BDP_to_1MB_fct_us_p99,5,2.7764451051977987,AliStorage50
arm_mean,17.712762350423954,208.71276235042396,173.28723764957604,guard,191.0,1BDP_to_1MB_flow_count,5,2.7764451051977987,AliStorage50
arm_mean,0.015477117915239738,1.3516292646062313,1.3206750287757518,guard,1.3361521466909916,1BDP_to_1MB_slowdown_mean,5,2.7764451051977987,AliStorage50
arm_mean,0.07022981386769726,2.1763517541494157,2.0358921264140215,guard,2.1061219402817186,1BDP_to_1MB_slowdown_p95,5,2.7764451051977987,AliStorage50
arm_mean,0.3452897189349631,3.132402540684139,2.4418231028142126,guard,2.787112821749176,1BDP_to_1MB_slowdown_p99,5,2.7764451051977987,AliStorage50
arm_mean,0.03404979121938544,9.291271176476302,9.223171594037533,guard,9.257221385256917,8KB_to_1BDP_fct_us_mean,5,2.7764451051977987,AliStorage50
arm_mean,0.5844416418850845,15.749891641885082,14.581008358114914,guard,15.165449999999998,8KB_to_1BDP_fct_us_p95,5,2.7764451051977987,AliStorage50
arm_mean,0.3105464492233538,18.790548449223355,18.16945555077665,guard,18.480002000000002,8KB_to_1BDP_fct_us_p99,5,2.7764451051977987,AliStorage50
arm_mean,70.4199750545706,1658.4199750545706,1517.5800249454294,guard,1588.0,8KB_to_1BDP_flow_count,5,2.7764451051977987,AliStorage50
arm_mean,0.0018230747607108275,1.0479702554171242,1.0443241058957025,guard,1.0461471806564133,8KB_to_1BDP_slowdown_mean,5,2.7764451051977987,AliStorage50
arm_mean,0.007649568155786455,1.193095830190895,1.177796693879322,guard,1.1854462620351085,8KB_to_1BDP_slowdown_p95,5,2.7764451051977987,AliStorage50
arm_mean,0.038160598327983845,1.4194944013954325,1.3431732047394649,guard,1.3813338030674487,8KB_to_1BDP_slowdown_p99,5,2.7764451051977987,AliStorage50
arm_mean,0.0,0.0,0.0,guard,0.0,completion_releases,5,2.7764451051977987,AliStorage50
arm_mean,0.0,2.0,2.0,guard,2.0,elapsed_seconds,5,2.7764451051977987,AliStorage50
arm_mean,86.38002191376097,6213.580021913761,6040.819978086239,guard,6127.2,flow_count,5,2.7764451051977987,AliStorage50
arm_mean,0.5552890210395597,0.7552890210395597,-0.35528902103955967,guard,0.2,grant_binding_rate_changes,5,2.7764451051977987,AliStorage50
arm_mean,81.45637594543766,258.25637594543764,95.34362405456235,guard,176.8,grant_binding_updates,5,2.7764451051977987,AliStorage50
arm_mean,47590.86630104137,399677.2663010414,304495.53369895864,guard,352086.4,grant_bytes_sent,5,2.7764451051977987,AliStorage50
arm_mean,371.05669701119933,2045.6566970111992,1303.5433029888006,guard,1674.6,grant_event_rate_changes,5,2.7764451051977987,AliStorage50
arm_mean,506.285811713206,4251.885811713206,3239.314188286794,guard,3745.6,grants_received,5,2.7764451051977987,AliStorage50
arm_mean,506.285811713206,4251.885811713206,3239.314188286794,guard,3745.6,grants_sent,5,2.7764451051977987,AliStorage50
arm_mean,19.59910736542218,283.14814437281075,243.94992964196638,guard,263.54903700738856,gt_1MB_fct_us_mean,5,2.7764451051977987,AliStorage50
arm_mean,99.86142616142132,597.3774061614213,397.6545538385787,guard,497.51598,gt_1MB_fct_us_p95,5,2.7764451051977987,AliStorage50
arm_mean,157.7329850037042,794.2059310037041,478.7399609962957,guard,636.4729459999999,gt_1MB_fct_us_p99,5,2.7764451051977987,AliStorage50
arm_mean,6.946663433823958,95.54666343382395,81.65333656617604,guard,88.6,gt_1MB_flow_count,5,2.7764451051977987,AliStorage50
arm_mean,0.13617736727204022,2.0966534461519033,1.824298711607823,guard,1.9604760788798632,gt_1MB_slowdown_mean,5,2.7764451051977987,AliStorage50
arm_mean,1.2214452815834402,4.888062201007316,2.445171637840436,guard,3.666616919423876,gt_1MB_slowdown_p95,5,2.7764451051977987,AliStorage50
arm_mean,1.060592498805005,5.5069661194085695,3.3857811217985594,guard,4.4463736206035644,gt_1MB_slowdown_p99,5,2.7764451051977987,AliStorage50
arm_mean,0.0,0.0,0.0,guard,0.0,guard_adaptive_grant_updates,5,2.7764451051977987,AliStorage50
arm_mean,0.0,1.0,1.0,guard,1.0,guard_grant_refresh_bdps,5,2.7764451051977987,AliStorage50
arm_mean,0.0,0.0,0.0,guard,0.0,guard_min_share_fraction,5,2.7764451051977987,AliStorage50
arm_mean,0.0,0.0,0.0,guard,0.0,guard_rebalance_events,5,2.7764451051977987,AliStorage50
arm_mean,0.0,1.0,1.0,guard,1.0,guard_remaining_aware,5,2.7764451051977987,AliStorage50
arm_mean,0.0,1.0,1.0,guard,1.0,guard_remaining_exponent,5,2.7764451051977987,AliStorage50
arm_mean,275.0777612788623,2655.6777612788624,2105.5222387211375,guard,2380.6,guard_remaining_refresh_events,5,2.7764451051977987,AliStorage50
arm_mean,0.0,1.0,1.0,guard,1.0,guard_sender_srpt_enabled,5,2.7764451051977987,AliStorage50
arm_mean,55.173769737236775,180.17376973723677,69.82623026276323,guard,125.0,guard_sender_srpt_forced_rr,5,2.7764451051977987,AliStorage50
arm_mean,7909.994621551201,49115.794621551206,33295.8053784488,guard,41205.8,guard_sender_srpt_non_rr,5,2.7764451051977987,AliStorage50
arm_mean,17561.552740469277,280526.9527404693,245403.84725953074,guard,262965.4,guard_sender_srpt_selections,5,2.7764451051977987,AliStorage50
arm_mean,0.0,64.0,64.0,guard,64.0,guard_srpt_quantum_packets,5,2.7764451051977987,AliStorage50
arm_mean,0.0,8.0,8.0,guard,8.0,guard_tail_bypass_bdps,5,2.7764451051977987,AliStorage50
arm_mean,0.0,1.0,1.0,guard,1.0,guard_tail_bypass_enabled,5,2.7764451051977987,AliStorage50
arm_mean,1004.8289706695577,16117.628970669557,14107.971029330442,guard,15112.8,guard_tail_bypass_feedbacks,5,2.7764451051977987,AliStorage50
arm_mean,20.954344589301556,388.5543445893016,346.64565541069845,guard,367.6,guard_tail_bypass_flows,5,2.7764451051977987,AliStorage50
arm_mean,0.0,0.0,0.0,guard,0.0,homa_completion_notices_received,5,2.7764451051977987,AliStorage50
arm_mean,0.0,0.0,0.0,guard,0.0,homa_completion_notices_sent,5,2.7764451051977987,AliStorage50
arm_mean,0.0,0.0,0.0,guard,0.0,homa_data_bytes,5,2.7764451051977987,AliStorage50
arm_mean,0.0,0.0,0.0,guard,0.0,homa_data_packets,5,2.7764451051977987,AliStorage50
arm_mean,0.0,0.0,0.0,guard,0.0,homa_grants_received,5,2.7764451051977987,AliStorage50
arm_mean,0.0,0.0,0.0,guard,0.0,homa_grants_sent,5,2.7764451051977987,AliStorage50
arm_mean,0.0,0.0,0.0,guard,0.0,homa_max_pending_messages,5,2.7764451051977987,AliStorage50
arm_mean,0.0,0.0,0.0,guard,0.0,homa_messages_completed,5,2.7764451051977987,AliStorage50
arm_mean,0.0,0.0,0.0,guard,0.0,homa_messages_tracked,5,2.7764451051977987,AliStorage50
arm_mean,0.0,0.0,0.0,guard,0.0,homa_resends_received,5,2.7764451051977987,AliStorage50
arm_mean,0.0,0.0,0.0,guard,0.0,homa_resends_sent,5,2.7764451051977987,AliStorage50
arm_mean,0.0,0.0,0.0,guard,0.0,homa_retransmit_packets,5,2.7764451051977987,AliStorage50
arm_mean,27.861457166006325,58.861457166006325,3.138542833993675,guard,31.0,hpcc_actual_rate_changes,5,2.7764451051977987,AliStorage50
arm_mean,0.0,0.0,0.0,guard,0.0,hpcc_fast_computations,5,2.7764451051977987,AliStorage50
arm_mean,329.99472140517287,2292.794721405173,1632.805278594827,guard,1962.8,hpcc_feedback_updates,5,2.7764451051977987,AliStorage50
arm_mean,107.6695245290645,579.2695245290645,363.9304754709355,guard,471.6,hpcc_full_computations,5,2.7764451051977987,AliStorage50
arm_mean,107.6695245290645,579.2695245290645,363.9304754709355,guard,471.6,hpcc_rate_updates_applied,5,2.7764451051977987,AliStorage50
arm_mean,113.78344934807505,644.783449348075,417.21655065192493,guard,531.0,hpcc_valid_feedback,5,2.7764451051977987,AliStorage50
arm_mean,2377.0398199348324,36587.039819934835,31832.96018006517,guard,34210.0,int_hops_after_strip,5,2.7764451051977987,AliStorage50
arm_mean,4021.6609058176223,69985.26090581763,61941.93909418238,guard,65963.6,int_hops_before_strip,5,2.7764451051977987,AliStorage50
arm_mean,2205.2130187707958,33958.813018770794,29548.386981229203,guard,31753.6,int_records_stripped,5,2.7764451051977987,AliStorage50
arm_mean,0.0,0.0,0.0,guard,0.0,irn_nacks_generated,5,2.7764451051977987,AliStorage50
arm_mean,0.0,0.0,0.0,guard,0.0,irn_nacks_received,5,2.7764451051977987,AliStorage50
arm_mean,0.0,0.0,0.0,guard,0.0,irn_retransmit_bytes,5,2.7764451051977987,AliStorage50
arm_mean,0.0,0.0,0.0,guard,0.0,irn_retransmit_packets,5,2.7764451051977987,AliStorage50
arm_mean,0.025297446485795808,7.01174154314458,6.961146650172988,guard,6.986444096658784,le_8KB_fct_us_mean,5,2.7764451051977987,AliStorage50
arm_mean,0.01688391401710073,9.151993914017101,9.1182260859829,guard,9.135110000000001,le_8KB_fct_us_p95,5,2.7764451051977987,AliStorage50
arm_mean,0.04892056992126683,9.458588569921266,9.360747430078733,guard,9.409668,le_8KB_fct_us_p99,5,2.7764451051977987,AliStorage50
arm_mean,35.36672349430196,4294.966723494303,4224.233276505698,guard,4259.6,le_8KB_flow_count,5,2.7764451051977987,AliStorage50
arm_mean,0.001109334198025811,1.012277780238837,1.0100591118427855,guard,1.0111684460408112,le_8KB_slowdown_mean,5,2.7764451051977987,AliStorage50
arm_mean,0.0037562206630013615,1.0440148370346574,1.0365023957086548,guard,1.040258616371656,le_8KB_slowdown_p95,5,2.7764451051977987,AliStorage50
arm_mean,0.007400333759707885,1.0906948186083207,1.0758941510889048,guard,1.0832944848486128,le_8KB_slowdown_p99,5,2.7764451051977987,AliStorage50
arm_mean,0.13364300751483632,2.0724262615408073,1.8051402465111346,guard,1.9387832540259708,long_to_small_slowdown_mean_ratio,5,2.7764451051977987,AliStorage50
arm_mean,1.1105780420791194,5.710578042079119,3.4894219579208805,guard,4.6,max_active_flows,5,2.7764451051977987,AliStorage50
arm_mean,824732.3296416525,1779245.9296416524,129781.27035834745,guard,954513.6,output_bytes,5,2.7764451051977987,AliStorage50
arm_mean,0.5942720389575066,13.236089389653328,12.047545311738316,guard,12.641817350695822,overall_fct_us_mean,5,2.7764451051977987,AliStorage50
arm_mean,0.8404750768806973,17.240725076880704,15.55977492311931,guard,16.400250000000007,overall_fct_us_p95,5,2.7764451051977987,AliStorage50
arm_mean,12.85786406303667,208.10307006303717,182.38734193696385,guard,195.2452060000005,overall_fct_us_p99,5,2.7764451051977987,AliStorage50
arm_mean,86.38002191376097,6213.580021913761,6040.819978086239,guard,6127.2,overall_flow_count,5,2.7764451051977987,AliStorage50
arm_mean,0.003983561783354948,1.0481064456910252,1.0401393221243151,guard,1.0441228839076702,overall_slowdown_mean,5,2.7764451051977987,AliStorage50
arm_mean,0.00918369457258893,1.162208643478252,1.143841254333074,guard,1.153024948905663,overall_slowdown_p95,5,2.7764451051977987,AliStorage50
arm_mean,0.13830957504837615,1.9569385887948,1.680319438698048,guard,1.818629013746424,overall_slowdown_p99,5,2.7764451051977987,AliStorage50
arm_mean,0.0,0.0,0.0,guard,0.0,pfc_cumulative_pause_ns,5,2.7764451051977987,AliStorage50
arm_mean,0.0,0.0,0.0,guard,0.0,pfc_matched_intervals,5,2.7764451051977987,AliStorage50
arm_mean,0.0,0.0,0.0,guard,0.0,pfc_max_pause_ns,5,2.7764451051977987,AliStorage50
arm_mean,0.0,0.0,0.0,guard,0.0,pfc_pause_count,5,2.7764451051977987,AliStorage50
arm_mean,0.0,0.0,0.0,guard,0.0,pfc_pause_events,5,2.7764451051977987,AliStorage50
arm_mean,0.0,0.0,0.0,guard,0.0,pfc_resume_count,5,2.7764451051977987,AliStorage50
arm_mean,0.0,0.0,0.0,guard,0.0,pfc_resume_events,5,2.7764451051977987,AliStorage50
arm_mean,0.0,0.0,0.0,guard,0.0,pfc_unmatched_pauses,5,2.7764451051977987,AliStorage50
arm_mean,0.0,0.0,0.0,guard,0.0,pfc_unmatched_resumes,5,2.7764451051977987,AliStorage50
arm_mean,20.954344589301556,388.5543445893016,346.64565541069845,guard,367.6,proactive_releases,5,2.7764451051977987,AliStorage50
arm_mean,131635.00570098794,428786.00570098794,165515.99429901206,guard,297151.0,queue_bytes_max,5,2.7764451051977987,AliStorage50
arm_mean,915.8616296066457,3771.1744296066454,1939.451170393354,guard,2855.3127999999997,queue_bytes_mean,5,2.7764451051977987,AliStorage50
arm_mean,2603.3433430289833,12195.343343028984,6988.656656971017,guard,9592.0,queue_bytes_p95,5,2.7764451051977987,AliStorage50
arm_mean,26603.781929724715,112681.38192972472,59473.81807027529,guard,86077.6,queue_bytes_p99,5,2.7764451051977987,AliStorage50
arm_mean,0.0,160000.0,160000.0,guard,160000.0,queue_sample_count,5,2.7764451051977987,AliStorage50
arm_mean,27.99945433102906,55.99945433102906,0.0005456689709397722,guard,28.0,reactive_binding_rate_changes,5,2.7764451051977987,AliStorage50
arm_mean,27.99945433102906,55.99945433102906,0.0005456689709397722,guard,28.0,reactive_binding_updates,5,2.7764451051977987,AliStorage50
arm_mean,0.0,0.0,0.0,guard,0.0,recovery_nacks_generated,5,2.7764451051977987,AliStorage50
arm_mean,0.0,0.0,0.0,guard,0.0,recovery_nacks_received,5,2.7764451051977987,AliStorage50
arm_mean,20.954344589301556,388.5543445893016,346.64565541069845,guard,367.6,registrations,5,2.7764451051977987,AliStorage50
arm_mean,20.954344589301556,388.5543445893016,346.64565541069845,guard,367.6,selected_registrations,5,2.7764451051977987,AliStorage50
arm_mean,0.0,0.0,0.0,guard,0.0,switch_drops_egress,5,2.7764451051977987,AliStorage50
arm_mean,0.0,0.0,0.0,guard,0.0,switch_drops_ingress,5,2.7764451051977987,AliStorage50
arm_mean,0.0,0.0,0.0,guard,0.0,switch_drops_total,5,2.7764451051977987,AliStorage50
arm_mean,2.5446539714917087,5.3446539714917085,0.25534602850829113,guard,2.8,tie_binding_rate_changes,5,2.7764451051977987,AliStorage50
arm_mean,35.71160356977732,302.5116035697773,231.0883964302227,guard,266.8,tie_binding_updates,5,2.7764451051977987,AliStorage50
arm_mean,0.0,0.0,0.0,guard,0.0,timeout_recoveries,5,2.7764451051977987,AliStorage50
arm_mean,3.0735051139059513,53.99082822819707,47.84381800038516,homa,50.917323114291115,1BDP_to_1MB_fct_us_mean,5,2.7764451051977987,AliStorage50
arm_mean,13.774399552041372,151.95199955204131,124.40320044795858,homa,138.17759999999996,1BDP_to_1MB_fct_us_p95,5,2.7764451051977987,AliStorage50
arm_mean,30.207734075067403,244.20664607506743,183.7911779249326,homa,213.99891200000002,1BDP_to_1MB_fct_us_p99,5,2.7764451051977987,AliStorage50
arm_mean,17.712762350423954,208.71276235042396,173.28723764957604,homa,191.0,1BDP_to_1MB_flow_count,5,2.7764451051977987,AliStorage50
arm_mean,0.05566855867952885,1.45688718900033,1.3455500716412723,homa,1.4012186303208012,1BDP_to_1MB_slowdown_mean,5,2.7764451051977987,AliStorage50
arm_mean,0.160921061668516,2.363653619479014,2.0418114961419818,homa,2.202732557810498,1BDP_to_1MB_slowdown_p95,5,2.7764451051977987,AliStorage50
arm_mean,0.8165462770594818,4.02018556588355,2.3870930117645868,homa,3.2036392888240686,1BDP_to_1MB_slowdown_p99,5,2.7764451051977987,AliStorage50
arm_mean,0.05271633685386857,9.46151218737742,9.35607951366968,homa,9.40879585052355,8KB_to_1BDP_fct_us_mean,5,2.7764451051977987,AliStorage50
arm_mean,0.49814470277266626,15.977934702772666,14.981645297227333,homa,15.47979,8KB_to_1BDP_fct_us_p95,5,2.7764451051977987,AliStorage50
arm_mean,0.6592300712472047,19.79579807124721,18.4773379287528,homa,19.136568000000004,8KB_to_1BDP_fct_us_p99,5,2.7764451051977987,AliStorage50
arm_mean,70.4199750545706,1658.4199750545706,1517.5800249454294,homa,1588.0,8KB_to_1BDP_flow_count,5,2.7764451051977987,AliStorage50
arm_mean,0.0035116620164390077,1.065094658994311,1.058071334961433,homa,1.061582996977872,8KB_to_1BDP_slowdown_mean,5,2.7764451051977987,AliStorage50
arm_mean,0.0115081925062619,1.2272805641621827,1.2042641791496589,homa,1.2157723716559208,8KB_to_1BDP_slowdown_p95,5,2.7764451051977987,AliStorage50
arm_mean,0.05238967714539956,1.4909798969253172,1.386200542634518,homa,1.4385902197799176,8KB_to_1BDP_slowdown_p99,5,2.7764451051977987,AliStorage50
arm_mean,0.0,0.0,0.0,homa,0.0,completion_releases,5,2.7764451051977987,AliStorage50
arm_mean,0.0,3.0,3.0,homa,3.0,elapsed_seconds,5,2.7764451051977987,AliStorage50
arm_mean,86.38002191376097,6213.580021913761,6040.819978086239,homa,6127.2,flow_count,5,2.7764451051977987,AliStorage50
arm_mean,0.0,0.0,0.0,homa,0.0,grant_binding_rate_changes,5,2.7764451051977987,AliStorage50
arm_mean,0.0,0.0,0.0,homa,0.0,grant_binding_updates,5,2.7764451051977987,AliStorage50
arm_mean,0.0,0.0,0.0,homa,0.0,grant_bytes_sent,5,2.7764451051977987,AliStorage50
arm_mean,0.0,0.0,0.0,homa,0.0,grant_event_rate_changes,5,2.7764451051977987,AliStorage50
arm_mean,0.0,0.0,0.0,homa,0.0,grants_received,5,2.7764451051977987,AliStorage50
arm_mean,0.0,0.0,0.0,homa,0.0,grants_sent,5,2.7764451051977987,AliStorage50
arm_mean,10.940338884623147,256.9908349764079,235.1101572071616,homa,246.05049609178474,gt_1MB_fct_us_mean,5,2.7764451051977987,AliStorage50
arm_mean,44.186667812197896,480.8296478121979,392.45631218780204,homa,436.64297999999997,gt_1MB_fct_us_p95,5,2.7764451051977987,AliStorage50
arm_mean,119.9822385128216,725.8809105128216,485.91643348717844,homa,605.898672,gt_1MB_fct_us_p99,5,2.7764451051977987,AliStorage50
arm_mean,6.946663433823958,95.54666343382395,81.65333656617604,homa,88.6,gt_1MB_flow_count,5,2.7764451051977987,AliStorage50
arm_mean,0.06064277163995762,1.8810739264180838,1.7597883831381687,homa,1.8204311547781262,gt_1MB_slowdown_mean,5,2.7764451051977987,AliStorage50
arm_mean,0.3985608188226519,3.5590673802699286,2.761945742624625,homa,3.160506561447277,gt_1MB_slowdown_p95,5,2.7764451051977987,AliStorage50
arm_mean,0.4590768198509654,4.6073360111930945,3.689182371491164,homa,4.148259191342129,gt_1MB_slowdown_p99,5,2.7764451051977987,AliStorage50
arm_mean,0.0,0.0,0.0,homa,0.0,guard_adaptive_grant_updates,5,2.7764451051977987,AliStorage50
arm_mean,0.0,1.0,1.0,homa,1.0,guard_grant_refresh_bdps,5,2.7764451051977987,AliStorage50
arm_mean,0.0,0.0,0.0,homa,0.0,guard_min_share_fraction,5,2.7764451051977987,AliStorage50
arm_mean,0.0,0.0,0.0,homa,0.0,guard_rebalance_events,5,2.7764451051977987,AliStorage50
arm_mean,0.0,1.0,1.0,homa,1.0,guard_remaining_aware,5,2.7764451051977987,AliStorage50
arm_mean,0.0,1.0,1.0,homa,1.0,guard_remaining_exponent,5,2.7764451051977987,AliStorage50
arm_mean,0.0,0.0,0.0,homa,0.0,guard_remaining_refresh_events,5,2.7764451051977987,AliStorage50
arm_mean,0.0,1.0,1.0,homa,1.0,guard_sender_srpt_enabled,5,2.7764451051977987,AliStorage50
arm_mean,0.0,0.0,0.0,homa,0.0,guard_sender_srpt_forced_rr,5,2.7764451051977987,AliStorage50
arm_mean,0.0,0.0,0.0,homa,0.0,guard_sender_srpt_non_rr,5,2.7764451051977987,AliStorage50
arm_mean,0.0,0.0,0.0,homa,0.0,guard_sender_srpt_selections,5,2.7764451051977987,AliStorage50
arm_mean,0.0,64.0,64.0,homa,64.0,guard_srpt_quantum_packets,5,2.7764451051977987,AliStorage50
arm_mean,0.0,8.0,8.0,homa,8.0,guard_tail_bypass_bdps,5,2.7764451051977987,AliStorage50
arm_mean,0.0,1.0,1.0,homa,1.0,guard_tail_bypass_enabled,5,2.7764451051977987,AliStorage50
arm_mean,0.0,0.0,0.0,homa,0.0,guard_tail_bypass_feedbacks,5,2.7764451051977987,AliStorage50
arm_mean,0.0,0.0,0.0,homa,0.0,guard_tail_bypass_flows,5,2.7764451051977987,AliStorage50
arm_mean,86.38002191376097,6213.580021913761,6040.819978086239,homa,6127.2,homa_completion_notices_received,5,2.7764451051977987,AliStorage50
arm_mean,86.38002191376097,6213.580021913761,6040.819978086239,homa,6127.2,homa_completion_notices_sent,5,2.7764451051977987,AliStorage50
arm_mean,17529499.80406895,277435908.20406896,242376908.59593105,homa,259906408.4,homa_data_bytes,5,2.7764451051977987,AliStorage50
arm_mean,17561.552740469277,280526.9527404693,245403.84725953074,homa,262965.4,homa_data_packets,5,2.7764451051977987,AliStorage50
arm_mean,16326.448123318101,193292.4481233181,160639.5518766819,homa,176966.0,homa_grants_received,5,2.7764451051977987,AliStorage50
arm_mean,16326.448123318101,193292.4481233181,160639.5518766819,homa,176966.0,homa_grants_sent,5,2.7764451051977987,AliStorage50
arm_mean,1.0388506336835697,4.8388506336835695,2.76114936631643,homa,3.8,homa_max_pending_messages,5,2.7764451051977987,AliStorage50
arm_mean,86.38002191376097,6213.580021913761,6040.819978086239,homa,6127.2,homa_messages_completed,5,2.7764451051977987,AliStorage50
arm_mean,86.38002191376097,6213.580021913761,6040.819978086239,homa,6127.2,homa_messages_tracked,5,2.7764451051977987,AliStorage50
arm_mean,0.0,0.0,0.0,homa,0.0,homa_resends_received,5,2.7764451051977987,AliStorage50
arm_mean,0.0,0.0,0.0,homa,0.0,homa_resends_sent,5,2.7764451051977987,AliStorage50
arm_mean,0.0,0.0,0.0,homa,0.0,homa_retransmit_packets,5,2.7764451051977987,AliStorage50
arm_mean,0.0,0.0,0.0,homa,0.0,hpcc_actual_rate_changes,5,2.7764451051977987,AliStorage50
arm_mean,0.0,0.0,0.0,homa,0.0,hpcc_fast_computations,5,2.7764451051977987,AliStorage50
arm_mean,0.0,0.0,0.0,homa,0.0,hpcc_feedback_updates,5,2.7764451051977987,AliStorage50
arm_mean,0.0,0.0,0.0,homa,0.0,hpcc_full_computations,5,2.7764451051977987,AliStorage50
arm_mean,0.0,0.0,0.0,homa,0.0,hpcc_rate_updates_applied,5,2.7764451051977987,AliStorage50
arm_mean,0.0,0.0,0.0,homa,0.0,hpcc_valid_feedback,5,2.7764451051977987,AliStorage50
arm_mean,0.0,0.0,0.0,homa,0.0,int_hops_after_strip,5,2.7764451051977987,AliStorage50
arm_mean,0.0,0.0,0.0,homa,0.0,int_hops_before_strip,5,2.7764451051977987,AliStorage50
arm_mean,0.0,0.0,0.0,homa,0.0,int_records_stripped,5,2.7764451051977987,AliStorage50
arm_mean,0.0,0.0,0.0,homa,0.0,irn_nacks_generated,5,2.7764451051977987,AliStorage50
arm_mean,0.0,0.0,0.0,homa,0.0,irn_nacks_received,5,2.7764451051977987,AliStorage50
arm_mean,0.0,0.0,0.0,homa,0.0,irn_retransmit_bytes,5,2.7764451051977987,AliStorage50
arm_mean,0.0,0.0,0.0,homa,0.0,irn_retransmit_packets,5,2.7764451051977987,AliStorage50
arm_mean,0.03270749584626695,7.055268512609536,6.989853520917003,homa,7.0225610167632695,le_8KB_fct_us_mean,5,2.7764451051977987,AliStorage50
arm_mean,0.039667827265889515,9.24414782726589,9.164812172734111,homa,9.20448,le_8KB_fct_us_p95,5,2.7764451051977987,AliStorage50
arm_mean,0.12909093223721416,9.639294932237213,9.381113067762787,homa,9.510204,le_8KB_fct_us_p99,5,2.7764451051977987,AliStorage50
arm_mean,35.36672349430196,4294.966723494303,4224.233276505698,homa,4259.6,le_8KB_flow_count,5,2.7764451051977987,AliStorage50
arm_mean,0.0021487811489047893,1.0179888104412085,1.013691248143399,homa,1.0158400292923038,le_8KB_slowdown_mean,5,2.7764451051977987,AliStorage50
arm_mean,0.008485347745579087,1.0595144890806962,1.042543793589538,homa,1.0510291413351172,le_8KB_slowdown_p95,5,2.7764451051977987,AliStorage50
arm_mean,0.017432013394496744,1.119107861456509,1.0842438346675156,homa,1.1016758480620124,le_8KB_slowdown_p99,5,2.7764451051977987,AliStorage50
arm_mean,0.05719124078268009,1.8491944534283855,1.7348119718630255,homa,1.7920032126457055,long_to_small_slowdown_mean_ratio,5,2.7764451051977987,AliStorage50
arm_mean,0.0,0.0,0.0,homa,0.0,max_active_flows,5,2.7764451051977987,AliStorage50
arm_mean,15925.411292545963,695358.6112925459,663507.788707454,homa,679433.2,output_bytes,5,2.7764451051977987,AliStorage50
arm_mean,0.524317953470289,12.991899920196087,11.943264013255508,homa,12.467581966725797,overall_fct_us_mean,5,2.7764451051977987,AliStorage50
arm_mean,1.0298351232529557,17.851155123252948,15.791484876747038,homa,16.821319999999993,overall_fct_us_p95,5,2.7764451051977987,AliStorage50
arm_mean,15.271362259770278,194.64501625977076,164.10229174023019,homa,179.37365400000047,overall_fct_us_p99,5,2.7764451051977987,AliStorage50
arm_mean,86.38002191376097,6213.580021913761,6040.819978086239,homa,6127.2,overall_flow_count,5,2.7764451051977987,AliStorage50
arm_mean,0.00554397777193289,1.0568998321796317,1.045811876635766,homa,1.0513558544076989,overall_slowdown_mean,5,2.7764451051977987,AliStorage50
arm_mean,0.017003341780138587,1.1987896329742758,1.1647829494139987,homa,1.1817862911941373,overall_slowdown_p95,5,2.7764451051977987,AliStorage50
arm_mean,0.09893531205846841,1.9132241267429364,1.7153535026259996,homa,1.814288814684468,overall_slowdown_p99,5,2.7764451051977987,AliStorage50
arm_mean,0.0,0.0,0.0,homa,0.0,pfc_cumulative_pause_ns,5,2.7764451051977987,AliStorage50
arm_mean,0.0,0.0,0.0,homa,0.0,pfc_matched_intervals,5,2.7764451051977987,AliStorage50
arm_mean,0.0,0.0,0.0,homa,0.0,pfc_max_pause_ns,5,2.7764451051977987,AliStorage50
arm_mean,0.0,0.0,0.0,homa,0.0,pfc_pause_count,5,2.7764451051977987,AliStorage50
arm_mean,0.0,0.0,0.0,homa,0.0,pfc_pause_events,5,2.7764451051977987,AliStorage50
arm_mean,0.0,0.0,0.0,homa,0.0,pfc_resume_count,5,2.7764451051977987,AliStorage50
arm_mean,0.0,0.0,0.0,homa,0.0,pfc_resume_events,5,2.7764451051977987,AliStorage50
arm_mean,0.0,0.0,0.0,homa,0.0,pfc_unmatched_pauses,5,2.7764451051977987,AliStorage50
arm_mean,0.0,0.0,0.0,homa,0.0,pfc_unmatched_resumes,5,2.7764451051977987,AliStorage50
arm_mean,0.0,0.0,0.0,homa,0.0,proactive_releases,5,2.7764451051977987,AliStorage50
arm_mean,109320.43038002995,496875.23038002994,278234.36961997004,homa,387554.8,queue_bytes_max,5,2.7764451051977987,AliStorage50
arm_mean,1276.3684515466223,6261.477051546622,3708.7401484533775,homa,4985.1086,queue_bytes_mean,5,2.7764451051977987,AliStorage50
arm_mean,6139.249902195061,28275.24990219506,15996.75009780494,homa,22136.0,queue_bytes_p95,5,2.7764451051977987,AliStorage50
arm_mean,29561.623747529695,157624.6237475297,98501.3762524703,homa,128063.0,queue_bytes_p99,5,2.7764451051977987,AliStorage50
arm_mean,0.0,160000.0,160000.0,homa,160000.0,queue_sample_count,5,2.7764451051977987,AliStorage50
arm_mean,0.0,0.0,0.0,homa,0.0,reactive_binding_rate_changes,5,2.7764451051977987,AliStorage50
arm_mean,0.0,0.0,0.0,homa,0.0,reactive_binding_updates,5,2.7764451051977987,AliStorage50
arm_mean,0.0,0.0,0.0,homa,0.0,recovery_nacks_generated,5,2.7764451051977987,AliStorage50
arm_mean,0.0,0.0,0.0,homa,0.0,recovery_nacks_received,5,2.7764451051977987,AliStorage50
arm_mean,0.0,0.0,0.0,homa,0.0,registrations,5,2.7764451051977987,AliStorage50
arm_mean,0.0,0.0,0.0,homa,0.0,selected_registrations,5,2.7764451051977987,AliStorage50
arm_mean,0.0,0.0,0.0,homa,0.0,switch_drops_egress,5,2.7764451051977987,AliStorage50
arm_mean,0.0,0.0,0.0,homa,0.0,switch_drops_ingress,5,2.7764451051977987,AliStorage50
arm_mean,0.0,0.0,0.0,homa,0.0,switch_drops_total,5,2.7764451051977987,AliStorage50
arm_mean,0.0,0.0,0.0,homa,0.0,tie_binding_rate_changes,5,2.7764451051977987,AliStorage50
arm_mean,0.0,0.0,0.0,homa,0.0,tie_binding_updates,5,2.7764451051977987,AliStorage50
arm_mean,0.0,0.0,0.0,homa,0.0,timeout_recoveries,5,2.7764451051977987,AliStorage50
arm_mean,6.700030873974779,73.568524075796,60.16846232784644,hpcc,66.86849320182122,1BDP_to_1MB_fct_us_mean,5,2.7764451051977987,AliStorage50
arm_mean,21.601720888096885,211.24554088809683,168.04209911190307,hpcc,189.64381999999995,1BDP_to_1MB_fct_us_p95,5,2.7764451051977987,AliStorage50
arm_mean,64.34354240089617,387.6255624008962,258.9384775991038,hpcc,323.28202,1BDP_to_1MB_fct_us_p99,5,2.7764451051977987,AliStorage50
arm_mean,17.712762350423954,208.71276235042396,173.28723764957604,hpcc,191.0,1BDP_to_1MB_flow_count,5,2.7764451051977987,AliStorage50
arm_mean,0.1453924191452017,1.907699911560101,1.6169150732696977,hpcc,1.7623074924148994,1BDP_to_1MB_slowdown_mean,5,2.7764451051977987,AliStorage50
arm_mean,0.4823740844553995,3.5498036518120406,2.5850554829012413,hpcc,3.067429567356641,1BDP_to_1MB_slowdown_p95,5,2.7764451051977987,AliStorage50
arm_mean,1.6466890966732568,6.421471524934185,3.128093331587672,hpcc,4.774782428260929,1BDP_to_1MB_slowdown_p99,5,2.7764451051977987,AliStorage50
arm_mean,0.15368630620821536,11.308218729487896,11.000846117071466,hpcc,11.154532423279681,8KB_to_1BDP_fct_us_mean,5,2.7764451051977987,AliStorage50
arm_mean,0.9272111342899839,21.787291134289983,19.932868865710017,hpcc,20.86008,8KB_to_1BDP_fct_us_p95,5,2.7764451051977987,AliStorage50
arm_mean,1.1273653876677516,30.756339387667758,28.501608612332255,hpcc,29.628974000000007,8KB_to_1BDP_fct_us_p99,5,2.7764451051977987,AliStorage50
arm_mean,70.4199750545706,1658.4199750545706,1517.5800249454294,hpcc,1588.0,8KB_to_1BDP_flow_count,5,2.7764451051977987,AliStorage50
arm_mean,0.017636292861318653,1.2681126042540019,1.2328400185313644,hpcc,1.2504763113926831,8KB_to_1BDP_slowdown_mean,5,2.7764451051977987,AliStorage50
arm_mean,0.03035723665706785,1.9371451902239822,1.8764307169098464,hpcc,1.9067879535669143,8KB_to_1BDP_slowdown_p95,5,2.7764451051977987,AliStorage50
arm_mean,0.17416970231183057,2.7448170605063944,2.3964776558827334,hpcc,2.570647358194564,8KB_to_1BDP_slowdown_p99,5,2.7764451051977987,AliStorage50
arm_mean,0.0,0.0,0.0,hpcc,0.0,completion_releases,5,2.7764451051977987,AliStorage50
arm_mean,0.5552890210395597,4.355289021039559,3.2447109789604403,hpcc,3.8,elapsed_seconds,5,2.7764451051977987,AliStorage50
arm_mean,86.38002191376097,6213.580021913761,6040.819978086239,hpcc,6127.2,flow_count,5,2.7764451051977987,AliStorage50
arm_mean,0.0,0.0,0.0,hpcc,0.0,grant_binding_rate_changes,5,2.7764451051977987,AliStorage50
arm_mean,0.0,0.0,0.0,hpcc,0.0,grant_binding_updates,5,2.7764451051977987,AliStorage50
arm_mean,0.0,0.0,0.0,hpcc,0.0,grant_bytes_sent,5,2.7764451051977987,AliStorage50
arm_mean,0.0,0.0,0.0,hpcc,0.0,grant_event_rate_changes,5,2.7764451051977987,AliStorage50
arm_mean,0.0,0.0,0.0,hpcc,0.0,grants_received,5,2.7764451051977987,AliStorage50
arm_mean,0.0,0.0,0.0,hpcc,0.0,grants_sent,5,2.7764451051977987,AliStorage50
arm_mean,34.45544242400273,333.16488997973846,264.254005131733,hpcc,298.7094475557357,gt_1MB_fct_us_mean,5,2.7764451051977987,AliStorage50
arm_mean,115.53872581583104,663.6531658158311,432.575714184169,hpcc,548.1144400000001,gt_1MB_fct_us_p95,5,2.7764451051977987,AliStorage50
arm_mean,454.2425038246212,1321.6719958246213,413.18698817537876,hpcc,867.429492,gt_1MB_fct_us_p99,5,2.7764451051977987,AliStorage50
arm_mean,6.946663433823958,95.54666343382395,81.65333656617604,hpcc,88.6,gt_1MB_flow_count,5,2.7764451051977987,AliStorage50
arm_mean,0.24396247032322532,2.4736623302217846,1.9857373895753339,hpcc,2.229699859898559,gt_1MB_slowdown_mean,5,2.7764451051977987,AliStorage50
arm_mean,0.7210299868788536,4.665037245496989,3.2229772717392815,hpcc,3.944007258618135,gt_1MB_slowdown_p95,5,2.7764451051977987,AliStorage50
arm_mean,3.1538814901732577,9.42365303017682,3.1158900498303055,hpcc,6.269771540003563,gt_1MB_slowdown_p99,5,2.7764451051977987,AliStorage50
arm_mean,0.0,0.0,0.0,hpcc,0.0,guard_adaptive_grant_updates,5,2.7764451051977987,AliStorage50
arm_mean,0.0,1.0,1.0,hpcc,1.0,guard_grant_refresh_bdps,5,2.7764451051977987,AliStorage50
arm_mean,0.0,0.0,0.0,hpcc,0.0,guard_min_share_fraction,5,2.7764451051977987,AliStorage50
arm_mean,0.0,0.0,0.0,hpcc,0.0,guard_rebalance_events,5,2.7764451051977987,AliStorage50
arm_mean,0.0,1.0,1.0,hpcc,1.0,guard_remaining_aware,5,2.7764451051977987,AliStorage50
arm_mean,0.0,1.0,1.0,hpcc,1.0,guard_remaining_exponent,5,2.7764451051977987,AliStorage50
arm_mean,0.0,0.0,0.0,hpcc,0.0,guard_remaining_refresh_events,5,2.7764451051977987,AliStorage50
arm_mean,0.0,1.0,1.0,hpcc,1.0,guard_sender_srpt_enabled,5,2.7764451051977987,AliStorage50
arm_mean,0.0,0.0,0.0,hpcc,0.0,guard_sender_srpt_forced_rr,5,2.7764451051977987,AliStorage50
arm_mean,0.0,0.0,0.0,hpcc,0.0,guard_sender_srpt_non_rr,5,2.7764451051977987,AliStorage50
arm_mean,0.0,0.0,0.0,hpcc,0.0,guard_sender_srpt_selections,5,2.7764451051977987,AliStorage50
arm_mean,0.0,64.0,64.0,hpcc,64.0,guard_srpt_quantum_packets,5,2.7764451051977987,AliStorage50
arm_mean,0.0,8.0,8.0,hpcc,8.0,guard_tail_bypass_bdps,5,2.7764451051977987,AliStorage50
arm_mean,0.0,1.0,1.0,hpcc,1.0,guard_tail_bypass_enabled,5,2.7764451051977987,AliStorage50
arm_mean,0.0,0.0,0.0,hpcc,0.0,guard_tail_bypass_feedbacks,5,2.7764451051977987,AliStorage50
arm_mean,0.0,0.0,0.0,hpcc,0.0,guard_tail_bypass_flows,5,2.7764451051977987,AliStorage50
arm_mean,0.0,0.0,0.0,hpcc,0.0,homa_completion_notices_received,5,2.7764451051977987,AliStorage50
arm_mean,0.0,0.0,0.0,hpcc,0.0,homa_completion_notices_sent,5,2.7764451051977987,AliStorage50
arm_mean,0.0,0.0,0.0,hpcc,0.0,homa_data_bytes,5,2.7764451051977987,AliStorage50
arm_mean,0.0,0.0,0.0,hpcc,0.0,homa_data_packets,5,2.7764451051977987,AliStorage50
arm_mean,0.0,0.0,0.0,hpcc,0.0,homa_grants_received,5,2.7764451051977987,AliStorage50
arm_mean,0.0,0.0,0.0,hpcc,0.0,homa_grants_sent,5,2.7764451051977987,AliStorage50
arm_mean,0.0,0.0,0.0,hpcc,0.0,homa_max_pending_messages,5,2.7764451051977987,AliStorage50
arm_mean,0.0,0.0,0.0,hpcc,0.0,homa_messages_completed,5,2.7764451051977987,AliStorage50
arm_mean,0.0,0.0,0.0,hpcc,0.0,homa_messages_tracked,5,2.7764451051977987,AliStorage50
arm_mean,0.0,0.0,0.0,hpcc,0.0,homa_resends_received,5,2.7764451051977987,AliStorage50
arm_mean,0.0,0.0,0.0,hpcc,0.0,homa_resends_sent,5,2.7764451051977987,AliStorage50
arm_mean,0.0,0.0,0.0,hpcc,0.0,homa_retransmit_packets,5,2.7764451051977987,AliStorage50
arm_mean,419.9701563564304,4129.17015635643,3289.2298436435694,hpcc,3709.2,hpcc_actual_rate_changes,5,2.7764451051977987,AliStorage50
arm_mean,0.0,0.0,0.0,hpcc,0.0,hpcc_fast_computations,5,2.7764451051977987,AliStorage50
arm_mean,913.4544059516148,12354.654405951616,10527.745594048385,hpcc,11441.2,hpcc_feedback_updates,5,2.7764451051977987,AliStorage50
arm_mean,879.4641324953278,6193.464132495328,4434.535867504672,hpcc,5314.0,hpcc_full_computations,5,2.7764451051977987,AliStorage50
arm_mean,879.4641324953278,6193.464132495328,4434.535867504672,hpcc,5314.0,hpcc_rate_updates_applied,5,2.7764451051977987,AliStorage50
arm_mean,913.4544059516148,12354.654405951616,10527.745594048385,hpcc,11441.2,hpcc_valid_feedback,5,2.7764451051977987,AliStorage50
arm_mean,0.0,0.0,0.0,hpcc,0.0,int_hops_after_strip,5,2.7764451051977987,AliStorage50
arm_mean,0.0,0.0,0.0,hpcc,0.0,int_hops_before_strip,5,2.7764451051977987,AliStorage50
arm_mean,0.0,0.0,0.0,hpcc,0.0,int_records_stripped,5,2.7764451051977987,AliStorage50
arm_mean,0.0,0.0,0.0,hpcc,0.0,irn_nacks_generated,5,2.7764451051977987,AliStorage50
arm_mean,0.0,0.0,0.0,hpcc,0.0,irn_nacks_received,5,2.7764451051977987,AliStorage50
arm_mean,0.0,0.0,0.0,hpcc,0.0,irn_retransmit_bytes,5,2.7764451051977987,AliStorage50
arm_mean,0.0,0.0,0.0,hpcc,0.0,irn_retransmit_packets,5,2.7764451051977987,AliStorage50
arm_mean,0.08126085683973985,7.733937764641552,7.571416050962072,hpcc,7.652676907801812,le_8KB_fct_us_mean,5,2.7764451051977987,AliStorage50
arm_mean,0.42981527838039807,11.932465278380397,11.072834721619602,hpcc,11.50265,le_8KB_fct_us_p95,5,2.7764451051977987,AliStorage50
arm_mean,1.3884526731271767,18.819050673127183,16.04214532687283,hpcc,17.430598000000007,le_8KB_fct_us_p99,5,2.7764451051977987,AliStorage50
arm_mean,35.36672349430196,4294.966723494303,4224.233276505698,hpcc,4259.6,le_8KB_flow_count,5,2.7764451051977987,AliStorage50
arm_mean,0.009641221458931589,1.1154711977790768,1.0961887548612135,hpcc,1.1058299763201451,le_8KB_slowdown_mean,5,2.7764451051977987,AliStorage50
arm_mean,0.038110023629619134,1.499379996863639,1.4231599496044005,hpcc,1.4612699732340197,le_8KB_slowdown_p95,5,2.7764451051977987,AliStorage50
arm_mean,0.15773999277883663,2.3833689598069596,2.067888974249286,hpcc,2.225628967028123,le_8KB_slowdown_p99,5,2.7764451051977987,AliStorage50
arm_mean,0.20868376923972232,2.224341642541411,1.8069741040619665,hpcc,2.0156578733016888,long_to_small_slowdown_mean_ratio,5,2.7764451051977987,AliStorage50
arm_mean,0.0,0.0,0.0,hpcc,0.0,max_active_flows,5,2.7764451051977987,AliStorage50
arm_mean,19296.622285326597,750741.8222853265,712148.5777146734,hpcc,731445.2,output_bytes,5,2.7764451051977987,AliStorage50
arm_mean,1.0860377978201132,15.715146905841108,13.543071310200881,hpcc,14.629109108020995,overall_fct_us_mean,5,2.7764451051977987,AliStorage50
arm_mean,1.2342548469838197,23.829304846983813,21.360795153016173,hpcc,22.595049999999993,overall_fct_us_p95,5,2.7764451051977987,AliStorage50
arm_mean,17.07161247641158,243.51024247641186,209.3670175235887,hpcc,226.43863000000027,overall_fct_us_p99,5,2.7764451051977987,AliStorage50
arm_mean,86.38002191376097,6213.580021913761,6040.819978086239,hpcc,6127.2,overall_flow_count,5,2.7764451051977987,AliStorage50
arm_mean,0.01809403502592268,1.1981997474870723,1.162011677435227,hpcc,1.1801057124611496,overall_slowdown_mean,5,2.7764451051977987,AliStorage50
arm_mean,0.04362801884400564,1.8737831828300384,1.786527145142027,hpcc,1.8301551639860327,overall_slowdown_p95,5,2.7764451051977987,AliStorage50
arm_mean,0.15700283104813031,2.904849382262399,2.5908437201661387,hpcc,2.747846551214269,overall_slowdown_p99,5,2.7764451051977987,AliStorage50
arm_mean,0.0,0.0,0.0,hpcc,0.0,pfc_cumulative_pause_ns,5,2.7764451051977987,AliStorage50
arm_mean,0.0,0.0,0.0,hpcc,0.0,pfc_matched_intervals,5,2.7764451051977987,AliStorage50
arm_mean,0.0,0.0,0.0,hpcc,0.0,pfc_max_pause_ns,5,2.7764451051977987,AliStorage50
arm_mean,0.0,0.0,0.0,hpcc,0.0,pfc_pause_count,5,2.7764451051977987,AliStorage50
arm_mean,0.0,0.0,0.0,hpcc,0.0,pfc_pause_events,5,2.7764451051977987,AliStorage50
arm_mean,0.0,0.0,0.0,hpcc,0.0,pfc_resume_count,5,2.7764451051977987,AliStorage50
arm_mean,0.0,0.0,0.0,hpcc,0.0,pfc_resume_events,5,2.7764451051977987,AliStorage50
arm_mean,0.0,0.0,0.0,hpcc,0.0,pfc_unmatched_pauses,5,2.7764451051977987,AliStorage50
arm_mean,0.0,0.0,0.0,hpcc,0.0,pfc_unmatched_resumes,5,2.7764451051977987,AliStorage50
arm_mean,0.0,0.0,0.0,hpcc,0.0,proactive_releases,5,2.7764451051977987,AliStorage50
arm_mean,39783.26995430771,291082.86995430774,211516.3300456923,hpcc,251299.6,queue_bytes_max,5,2.7764451051977987,AliStorage50
arm_mean,343.00288390649797,2621.352683906498,1935.346916093502,hpcc,2278.3498,queue_bytes_mean,5,2.7764451051977987,AliStorage50
arm_mean,1767.3425060403245,9997.542506040325,6462.8574939596765,hpcc,8230.2,queue_bytes_p95,5,2.7764451051977987,AliStorage50
arm_mean,10139.967207338266,77444.56720733827,57164.63279266174,hpcc,67304.6,queue_bytes_p99,5,2.7764451051977987,AliStorage50
arm_mean,0.0,160000.0,160000.0,hpcc,160000.0,queue_sample_count,5,2.7764451051977987,AliStorage50
arm_mean,0.0,0.0,0.0,hpcc,0.0,reactive_binding_rate_changes,5,2.7764451051977987,AliStorage50
arm_mean,0.0,0.0,0.0,hpcc,0.0,reactive_binding_updates,5,2.7764451051977987,AliStorage50
arm_mean,0.0,0.0,0.0,hpcc,0.0,recovery_nacks_generated,5,2.7764451051977987,AliStorage50
arm_mean,0.0,0.0,0.0,hpcc,0.0,recovery_nacks_received,5,2.7764451051977987,AliStorage50
arm_mean,0.0,0.0,0.0,hpcc,0.0,registrations,5,2.7764451051977987,AliStorage50
arm_mean,0.0,0.0,0.0,hpcc,0.0,selected_registrations,5,2.7764451051977987,AliStorage50
arm_mean,0.0,0.0,0.0,hpcc,0.0,switch_drops_egress,5,2.7764451051977987,AliStorage50
arm_mean,0.0,0.0,0.0,hpcc,0.0,switch_drops_ingress,5,2.7764451051977987,AliStorage50
arm_mean,0.0,0.0,0.0,hpcc,0.0,switch_drops_total,5,2.7764451051977987,AliStorage50
arm_mean,0.0,0.0,0.0,hpcc,0.0,tie_binding_rate_changes,5,2.7764451051977987,AliStorage50
arm_mean,0.0,0.0,0.0,hpcc,0.0,tie_binding_updates,5,2.7764451051977987,AliStorage50
arm_mean,0.0,0.0,0.0,hpcc,0.0,timeout_recoveries,5,2.7764451051977987,AliStorage50
paired_difference,6.6592952441289235,-9.913528439722764,-23.23211892798061,guard_minus_hpcc,-16.572823683851688,1BDP_to_1MB_fct_us_mean,5,2.7764451051977987,AliStorage50
paired_percent,7.2839369605858195,-17.12847726015635,-31.69635118132799,guard_minus_hpcc,-24.41241422074217,1BDP_to_1MB_fct_us_mean,5,2.7764451051977987,AliStorage50
paired_difference,28.28922610978206,-16.639723890217912,-73.21817610978204,guard_minus_hpcc,-44.92894999999997,1BDP_to_1MB_fct_us_p95,5,2.7764451051977987,AliStorage50
paired_percent,11.444387535740306,-11.613549813158974,-34.502324884639584,guard_minus_hpcc,-23.05793734889928,1BDP_to_1MB_fct_us_p95,5,2.7764451051977987,AliStorage50
paired_difference,77.29365685303588,-15.292973146964101,-169.88028685303587,guard_minus_hpcc,-92.58662999999999,1BDP_to_1MB_fct_us_p99,5,2.7764451051977987,AliStorage50
paired_percent,16.435888656793846,-10.910993395812486,-43.78277070940018,guard_minus_hpcc,-27.346882052606333,1BDP_to_1MB_fct_us_p99,5,2.7764451051977987,AliStorage50
paired_difference,0.0,0.0,0.0,guard_minus_hpcc,0.0,1BDP_to_1MB_flow_count,5,2.7764451051977987,AliStorage50
paired_percent,0.0,0.0,0.0,guard_minus_hpcc,0.0,1BDP_to_1MB_flow_count,5,2.7764451051977987,AliStorage50
paired_difference,0.13771192743959,-0.28844341828431797,-0.5638672731634979,guard_minus_hpcc,-0.42615534572390795,1BDP_to_1MB_slowdown_mean,5,2.7764451051977987,AliStorage50
paired_percent,5.685590159146917,-18.255917775436025,-29.627098093729863,guard_minus_hpcc,-23.941507934582944,1BDP_to_1MB_slowdown_mean,5,2.7764451051977987,AliStorage50
paired_difference,0.46169210600839294,-0.4996155210665292,-1.422999733083315,guard_minus_hpcc,-0.9613076270749221,1BDP_to_1MB_slowdown_p95,5,2.7764451051977987,AliStorage50
paired_percent,9.626234240950945,-20.94884772764854,-40.201316209550434,guard_minus_hpcc,-30.575081968599488,1BDP_to_1MB_slowdown_p95,5,2.7764451051977987,AliStorage50
paired_difference,1.6687939790328927,-0.3188756274788609,-3.656463585544646,guard_minus_hpcc,-1.9876696065117536,1BDP_to_1MB_slowdown_p99,5,2.7764451051977987,AliStorage50
paired_percent,21.178862309305384,-16.85928021957491,-59.21700483818567,guard_minus_hpcc,-38.03814252888029,1BDP_to_1MB_slowdown_p99,5,2.7764451051977987,AliStorage50
paired_difference,0.1452210023143396,-1.7520900357084253,-2.0425320403371043,guard_minus_hpcc,-1.897311038022765,8KB_to_1BDP_fct_us_mean,5,2.7764451051977987,AliStorage50
paired_percent,1.080459619571444,-15.921422286843322,-18.08234152598621,guard_minus_hpcc,-17.001881906414766,8KB_to_1BDP_fct_us_mean,5,2.7764451051977987,AliStorage50
paired_difference,1.060729507871241,-4.6339004921287605,-6.755359507871243,guard_minus_hpcc,-5.694630000000002,8KB_to_1BDP_fct_us_p95,5,2.7764451051977987,AliStorage50
paired_percent,4.019295516462702,-23.21337467688567,-31.251965709811074,guard_minus_hpcc,-27.232670193348373,8KB_to_1BDP_fct_us_p95,5,2.7764451051977987,AliStorage50
paired_difference,0.8980601954019043,-10.250911804598097,-12.047032195401904,guard_minus_hpcc,-11.148972,8KB_to_1BDP_fct_us_p99,5,2.7764451051977987,AliStorage50
paired_percent,1.6197608969243913,-35.97954811158985,-39.21906990543863,guard_minus_hpcc,-37.59930900851424,8KB_to_1BDP_fct_us_p99,5,2.7764451051977987,AliStorage50
paired_difference,0.0,0.0,0.0,guard_minus_hpcc,0.0,8KB_to_1BDP_flow_count,5,2.7764451051977987,AliStorage50
paired_percent,0.0,0.0,0.0,guard_minus_hpcc,0.0,8KB_to_1BDP_flow_count,5,2.7764451051977987,AliStorage50
paired_difference,0.01621701361045373,-0.18811211712581594,-0.22054614434672337,guard_minus_hpcc,-0.20432913073626965,8KB_to_1BDP_slowdown_mean,5,2.7764451051977987,AliStorage50
paired_percent,1.0729431033947636,-15.25933407134968,-17.405220278139208,guard_minus_hpcc,-16.332277174744444,8KB_to_1BDP_slowdown_mean,5,2.7764451051977987,AliStorage50
paired_difference,0.0312772446610302,-0.6900644468707757,-0.7526189361928362,guard_minus_hpcc,-0.7213416915318059,8KB_to_1BDP_slowdown_p95,5,2.7764451051977987,AliStorage50
paired_percent,1.0504299140338145,-36.77172295549994,-38.872582783567566,guard_minus_hpcc,-37.82215286953375,8KB_to_1BDP_slowdown_p95,5,2.7764451051977987,AliStorage50
paired_difference,0.1752801672974134,-1.0140333878297019,-1.3645937224245286,guard_minus_hpcc,-1.1893135551271152,8KB_to_1BDP_slowdown_p99,5,2.7764451051977987,AliStorage50
paired_percent,3.8212951639069903,-42.319948644352365,-49.96253897216634,guard_minus_hpcc,-46.141243808259354,8KB_to_1BDP_slowdown_p99,5,2.7764451051977987,AliStorage50
paired_difference,0.0,0.0,0.0,guard_minus_hpcc,0.0,completion_releases,5,2.7764451051977987,AliStorage50
paired_difference,0.5552890210395597,-1.2447109789604403,-2.35528902103956,guard_minus_hpcc,-1.8,elapsed_seconds,5,2.7764451051977987,AliStorage50
paired_percent,9.254817017325994,-37.41184964934068,-55.92148368399266,guard_minus_hpcc,-46.66666666666667,elapsed_seconds,5,2.7764451051977987,AliStorage50
paired_difference,0.0,0.0,0.0,guard_minus_hpcc,0.0,flow_count,5,2.7764451051977987,AliStorage50
paired_percent,0.0,0.0,0.0,guard_minus_hpcc,0.0,flow_count,5,2.7764451051977987,AliStorage50
paired_difference,0.5552890210395597,0.7552890210395597,-0.35528902103955967,guard_minus_hpcc,0.2,grant_binding_rate_changes,5,2.7764451051977987,AliStorage50
paired_difference,81.45637594543766,258.25637594543764,95.34362405456235,guard_minus_hpcc,176.8,grant_binding_updates,5,2.7764451051977987,AliStorage50
paired_difference,47590.86630104137,399677.2663010414,304495.53369895864,guard_minus_hpcc,352086.4,grant_bytes_sent,5,2.7764451051977987,AliStorage50
paired_difference,371.05669701119933,2045.6566970111992,1303.5433029888006,guard_minus_hpcc,1674.6,grant_event_rate_changes,5,2.7764451051977987,AliStorage50
paired_difference,506.285811713206,4251.885811713206,3239.314188286794,guard_minus_hpcc,3745.6,grants_received,5,2.7764451051977987,AliStorage50
paired_difference,506.285811713206,4251.885811713206,3239.314188286794,guard_minus_hpcc,3745.6,grants_sent,5,2.7764451051977987,AliStorage50
paired_difference,15.223377243972472,-19.937033304374737,-50.38378779231968,guard_minus_hpcc,-35.16041054834721,gt_1MB_fct_us_mean,5,2.7764451051977987,AliStorage50
paired_percent,3.8273783273632023,-7.716901020563057,-15.371657675289462,guard_minus_hpcc,-11.54427934792626,gt_1MB_fct_us_mean,5,2.7764451051977987,AliStorage50
paired_difference,31.684951375821885,-18.91350862417809,-82.28341137582186,guard_minus_hpcc,-50.598459999999974,gt_1MB_fct_us_p95,5,2.7764451051977987,AliStorage50
paired_percent,4.930469083919934,-4.147069375171056,-14.008007543010923,guard_minus_hpcc,-9.07753845909099,gt_1MB_fct_us_p95,5,2.7764451051977987,AliStorage50
paired_difference,322.22380424960835,91.26725824960815,-553.1803502496085,guard_minus_hpcc,-230.9565460000002,gt_1MB_fct_us_p99,5,2.7764451051977987,AliStorage50
paired_percent,26.16793293945073,6.0262908376161874,-46.30957504128527,guard_minus_hpcc,-20.14164210183454,gt_1MB_fct_us_p99,5,2.7764451051977987,AliStorage50
paired_difference,0.0,0.0,0.0,guard_minus_hpcc,0.0,gt_1MB_flow_count,5,2.7764451051977987,AliStorage50
paired_percent,0.0,0.0,0.0,guard_minus_hpcc,0.0,gt_1MB_flow_count,5,2.7764451051977987,AliStorage50
paired_difference,0.10995441326711705,-0.15926936775157916,-0.37917819428581323,guard_minus_hpcc,-0.2692237810186962,gt_1MB_slowdown_mean,5,2.7764451051977987,AliStorage50
paired_percent,3.682598940918175,-8.186549950637847,-15.551747832474199,guard_minus_hpcc,-11.869148891556023,gt_1MB_slowdown_mean,5,2.7764451051977987,AliStorage50
paired_difference,0.9346907330933749,0.6573003938991159,-1.212081072287634,guard_minus_hpcc,-0.27739033919425904,gt_1MB_slowdown_p95,5,2.7764451051977987,AliStorage50
paired_percent,21.44946518175826,14.126336771608244,-28.772593591908276,guard_minus_hpcc,-7.323128410150017,gt_1MB_slowdown_p95,5,2.7764451051977987,AliStorage50
paired_difference,2.1523963855847525,0.3289984661847536,-3.9757943049847517,guard_minus_hpcc,-1.823397919399999,gt_1MB_slowdown_p99,5,2.7764451051977987,AliStorage50
paired_percent,20.512308342260372,-3.3823928700348844,-44.40700955455563,guard_minus_hpcc,-23.894701212295256,gt_1MB_slowdown_p99,5,2.7764451051977987,AliStorage50
paired_difference,0.0,0.0,0.0,guard_minus_hpcc,0.0,guard_adaptive_grant_updates,5,2.7764451051977987,AliStorage50
paired_difference,0.0,0.0,0.0,guard_minus_hpcc,0.0,guard_grant_refresh_bdps,5,2.7764451051977987,AliStorage50
paired_percent,0.0,0.0,0.0,guard_minus_hpcc,0.0,guard_grant_refresh_bdps,5,2.7764451051977987,AliStorage50
paired_difference,0.0,0.0,0.0,guard_minus_hpcc,0.0,guard_min_share_fraction,5,2.7764451051977987,AliStorage50
paired_difference,0.0,0.0,0.0,guard_minus_hpcc,0.0,guard_rebalance_events,5,2.7764451051977987,AliStorage50
paired_difference,0.0,0.0,0.0,guard_minus_hpcc,0.0,guard_remaining_aware,5,2.7764451051977987,AliStorage50
paired_percent,0.0,0.0,0.0,guard_minus_hpcc,0.0,guard_remaining_aware,5,2.7764451051977987,AliStorage50
paired_difference,0.0,0.0,0.0,guard_minus_hpcc,0.0,guard_remaining_exponent,5,2.7764451051977987,AliStorage50
paired_percent,0.0,0.0,0.0,guard_minus_hpcc,0.0,guard_remaining_exponent,5,2.7764451051977987,AliStorage50
paired_difference,275.0777612788623,2655.6777612788624,2105.5222387211375,guard_minus_hpcc,2380.6,guard_remaining_refresh_events,5,2.7764451051977987,AliStorage50
paired_difference,0.0,0.0,0.0,guard_minus_hpcc,0.0,guard_sender_srpt_enabled,5,2.7764451051977987,AliStorage50
paired_percent,0.0,0.0,0.0,guard_minus_hpcc,0.0,guard_sender_srpt_enabled,5,2.7764451051977987,AliStorage50
paired_difference,55.173769737236775,180.17376973723677,69.82623026276323,guard_minus_hpcc,125.0,guard_sender_srpt_forced_rr,5,2.7764451051977987,AliStorage50
paired_difference,7909.994621551201,49115.794621551206,33295.8053784488,guard_minus_hpcc,41205.8,guard_sender_srpt_non_rr,5,2.7764451051977987,AliStorage50
paired_difference,17561.552740469277,280526.9527404693,245403.84725953074,guard_minus_hpcc,262965.4,guard_sender_srpt_selections,5,2.7764451051977987,AliStorage50
paired_difference,0.0,0.0,0.0,guard_minus_hpcc,0.0,guard_srpt_quantum_packets,5,2.7764451051977987,AliStorage50
paired_percent,0.0,0.0,0.0,guard_minus_hpcc,0.0,guard_srpt_quantum_packets,5,2.7764451051977987,AliStorage50
paired_difference,0.0,0.0,0.0,guard_minus_hpcc,0.0,guard_tail_bypass_bdps,5,2.7764451051977987,AliStorage50
paired_percent,0.0,0.0,0.0,guard_minus_hpcc,0.0,guard_tail_bypass_bdps,5,2.7764451051977987,AliStorage50
paired_difference,0.0,0.0,0.0,guard_minus_hpcc,0.0,guard_tail_bypass_enabled,5,2.7764451051977987,AliStorage50
paired_percent,0.0,0.0,0.0,guard_minus_hpcc,0.0,guard_tail_bypass_enabled,5,2.7764451051977987,AliStorage50
paired_difference,1004.8289706695577,16117.628970669557,14107.971029330442,guard_minus_hpcc,15112.8,guard_tail_bypass_feedbacks,5,2.7764451051977987,AliStorage50
paired_difference,20.954344589301556,388.5543445893016,346.64565541069845,guard_minus_hpcc,367.6,guard_tail_bypass_flows,5,2.7764451051977987,AliStorage50
paired_difference,0.0,0.0,0.0,guard_minus_hpcc,0.0,homa_completion_notices_received,5,2.7764451051977987,AliStorage50
paired_difference,0.0,0.0,0.0,guard_minus_hpcc,0.0,homa_completion_notices_sent,5,2.7764451051977987,AliStorage50
paired_difference,0.0,0.0,0.0,guard_minus_hpcc,0.0,homa_data_bytes,5,2.7764451051977987,AliStorage50
paired_difference,0.0,0.0,0.0,guard_minus_hpcc,0.0,homa_data_packets,5,2.7764451051977987,AliStorage50
paired_difference,0.0,0.0,0.0,guard_minus_hpcc,0.0,homa_grants_received,5,2.7764451051977987,AliStorage50
paired_difference,0.0,0.0,0.0,guard_minus_hpcc,0.0,homa_grants_sent,5,2.7764451051977987,AliStorage50
paired_difference,0.0,0.0,0.0,guard_minus_hpcc,0.0,homa_max_pending_messages,5,2.7764451051977987,AliStorage50
paired_difference,0.0,0.0,0.0,guard_minus_hpcc,0.0,homa_messages_completed,5,2.7764451051977987,AliStorage50
paired_difference,0.0,0.0,0.0,guard_minus_hpcc,0.0,homa_messages_tracked,5,2.7764451051977987,AliStorage50
paired_difference,0.0,0.0,0.0,guard_minus_hpcc,0.0,homa_resends_received,5,2.7764451051977987,AliStorage50
paired_difference,0.0,0.0,0.0,guard_minus_hpcc,0.0,homa_resends_sent,5,2.7764451051977987,AliStorage50
paired_difference,0.0,0.0,0.0,guard_minus_hpcc,0.0,homa_retransmit_packets,5,2.7764451051977987,AliStorage50
paired_difference,423.08177099446317,-3255.1182290055367,-4101.281770994463,guard_minus_hpcc,-3678.2,hpcc_actual_rate_changes,5,2.7764451051977987,AliStorage50
paired_percent,0.790262931063799,-98.36592142023184,-99.94644728235943,guard_minus_hpcc,-99.15618435129564,hpcc_actual_rate_changes,5,2.7764451051977987,AliStorage50
paired_difference,0.0,0.0,0.0,guard_minus_hpcc,0.0,hpcc_fast_computations,5,2.7764451051977987,AliStorage50
paired_difference,628.3645507754197,-8850.03544922458,-10106.764550775419,guard_minus_hpcc,-9478.4,hpcc_feedback_updates,5,2.7764451051977987,AliStorage50
paired_percent,1.735067966819131,-81.16115866871891,-84.63129460235717,guard_minus_hpcc,-82.89622663553804,hpcc_feedback_updates,5,2.7764451051977987,AliStorage50
paired_difference,790.6517196346981,-4051.7482803653015,-5633.051719634697,guard_minus_hpcc,-4842.4,hpcc_full_computations,5,2.7764451051977987,AliStorage50
paired_percent,1.239093997007604,-89.90410739165583,-92.38229538567103,guard_minus_hpcc,-91.14320138866343,hpcc_full_computations,5,2.7764451051977987,AliStorage50
paired_difference,790.6517196346981,-4051.7482803653015,-5633.051719634697,guard_minus_hpcc,-4842.4,hpcc_rate_updates_applied,5,2.7764451051977987,AliStorage50
paired_percent,1.239093997007604,-89.90410739165583,-92.38229538567103,guard_minus_hpcc,-91.14320138866343,hpcc_rate_updates_applied,5,2.7764451051977987,AliStorage50
paired_difference,818.4635240484479,-10091.736475951553,-11728.663524048448,guard_minus_hpcc,-10910.2,hpcc_valid_feedback,5,2.7764451051977987,AliStorage50
paired_percent,0.7208067662514149,-94.65754992776895,-96.09916346027178,guard_minus_hpcc,-95.37835669402037,hpcc_valid_feedback,5,2.7764451051977987,AliStorage50
paired_difference,2377.0398199348324,36587.039819934835,31832.96018006517,guard_minus_hpcc,34210.0,int_hops_after_strip,5,2.7764451051977987,AliStorage50
paired_difference,4021.6609058176223,69985.26090581763,61941.93909418238,guard_minus_hpcc,65963.6,int_hops_before_strip,5,2.7764451051977987,AliStorage50
paired_difference,2205.2130187707958,33958.813018770794,29548.386981229203,guard_minus_hpcc,31753.6,int_records_stripped,5,2.7764451051977987,AliStorage50
paired_difference,0.0,0.0,0.0,guard_minus_hpcc,0.0,irn_nacks_generated,5,2.7764451051977987,AliStorage50
paired_difference,0.0,0.0,0.0,guard_minus_hpcc,0.0,irn_nacks_received,5,2.7764451051977987,AliStorage50
paired_difference,0.0,0.0,0.0,guard_minus_hpcc,0.0,irn_retransmit_bytes,5,2.7764451051977987,AliStorage50
paired_difference,0.0,0.0,0.0,guard_minus_hpcc,0.0,irn_retransmit_packets,5,2.7764451051977987,AliStorage50
paired_difference,0.06808534842725306,-0.5981474627157757,-0.7343181595702819,guard_minus_hpcc,-0.6662328111430288,le_8KB_fct_us_mean,5,2.7764451051977987,AliStorage50
paired_percent,0.806060046157963,-7.895599397193976,-9.507719489509903,guard_minus_hpcc,-8.70165944335194,le_8KB_fct_us_mean,5,2.7764451051977987,AliStorage50
paired_difference,0.4225802064512784,-1.944959793548721,-2.790120206451278,guard_minus_hpcc,-2.3675399999999995,le_8KB_fct_us_p95,5,2.7764451051977987,AliStorage50
paired_percent,2.9281335653003495,-17.597672444035876,-23.453939574636575,guard_minus_hpcc,-20.525806009336225,le_8KB_fct_us_p95,5,2.7764451051977987,AliStorage50
paired_difference,1.4093054057133247,-6.611624594286682,-9.430235405713331,guard_minus_hpcc,-8.020930000000007,le_8KB_fct_us_p99,5,2.7764451051977987,AliStorage50
paired_percent,4.283870643369548,-41.5562577515622,-50.12399903830129,guard_minus_hpcc,-45.840128394931746,le_8KB_fct_us_p99,5,2.7764451051977987,AliStorage50
paired_difference,0.0,0.0,0.0,guard_minus_hpcc,0.0,le_8KB_flow_count,5,2.7764451051977987,AliStorage50
paired_percent,0.0,0.0,0.0,guard_minus_hpcc,0.0,le_8KB_flow_count,5,2.7764451051977987,AliStorage50
paired_difference,0.008885085169070208,-0.0857764451102636,-0.103546615448404,guard_minus_hpcc,-0.0946615302793338,le_8KB_slowdown_mean,5,2.7764451051977987,AliStorage50
paired_percent,0.7335016969157332,-7.823418670646466,-9.290422064477932,guard_minus_hpcc,-8.5569203675622,le_8KB_slowdown_mean,5,2.7764451051977987,AliStorage50
paired_difference,0.036512352591145734,-0.38449900427121814,-0.45752370945350956,guard_minus_hpcc,-0.42101135686236385,le_8KB_slowdown_p95,5,2.7764451051977987,AliStorage50
paired_percent,1.7640182133735638,-27.02359240863972,-30.551628835386847,guard_minus_hpcc,-28.787610622013283,le_8KB_slowdown_p95,5,2.7764451051977987,AliStorage50
paired_difference,0.15836298599368473,-0.9839714961858256,-1.300697468173195,guard_minus_hpcc,-1.1423344821795103,le_8KB_slowdown_p99,5,2.7764451051977987,AliStorage50
paired_percent,3.405815505461258,-47.79631644136112,-54.60794745228363,guard_minus_hpcc,-51.20213194682238,le_8KB_slowdown_p99,5,2.7764451051977987,AliStorage50
paired_difference,0.07983860678597385,0.0029639875102557417,-0.15671322606169197,guard_minus_hpcc,-0.0768746192757181,long_to_small_slowdown_mean_ratio,5,2.7764451051977987,AliStorage50
paired_percent,3.572236344517588,-0.05744380159239082,-7.201916490627567,guard_minus_hpcc,-3.629680146109979,long_to_small_slowdown_mean_ratio,5,2.7764451051977987,AliStorage50
paired_difference,1.1105780420791194,5.710578042079119,3.4894219579208805,guard_minus_hpcc,4.6,max_active_flows,5,2.7764451051977987,AliStorage50
paired_difference,815160.0089691328,1038228.4089691328,-592091.6089691328,guard_minus_hpcc,223068.4,output_bytes,5,2.7764451051977987,AliStorage50
paired_percent,109.51613676688677,139.2802077105256,-79.75206582324796,guard_minus_hpcc,29.76407094363882,output_bytes,5,2.7764451051977987,AliStorage50
paired_difference,0.5072114473989526,-1.4800803099262185,-2.494503204724124,guard_minus_hpcc,-1.9872917573251712,overall_fct_us_mean,5,2.7764451051977987,AliStorage50
paired_percent,2.4732134169597924,-11.01894979845843,-15.965376632378014,guard_minus_hpcc,-13.492163215418222,overall_fct_us_mean,5,2.7764451051977987,AliStorage50
paired_difference,0.8745358356729187,-5.320264164327071,-7.069335835672909,guard_minus_hpcc,-6.19479999999999,overall_fct_us_p95,5,2.7764451051977987,AliStorage50
paired_percent,2.9680786108010153,-24.40929830324542,-30.345455524847452,guard_minus_hpcc,-27.377376914046437,overall_fct_us_p95,5,2.7764451051977987,AliStorage50
paired_difference,11.093285198481082,-20.100138801518675,-42.28670919848084,guard_minus_hpcc,-31.19342399999976,overall_fct_us_p99,5,2.7764451051977987,AliStorage50
paired_percent,4.479140483206511,-9.210735599524433,-18.169016565937454,guard_minus_hpcc,-13.689876082730944,overall_fct_us_p99,5,2.7764451051977987,AliStorage50
paired_difference,0.0,0.0,0.0,guard_minus_hpcc,0.0,overall_flow_count,5,2.7764451051977987,AliStorage50
paired_percent,0.0,0.0,0.0,guard_minus_hpcc,0.0,overall_flow_count,5,2.7764451051977987,AliStorage50
paired_difference,0.014288773666936335,-0.12169405488654315,-0.15027160222041583,guard_minus_hpcc,-0.13598282855347948,overall_slowdown_mean,5,2.7764451051977987,AliStorage50
paired_percent,1.0417253750855462,-10.472952616875117,-12.55640336704621,guard_minus_hpcc,-11.514677991960664,overall_slowdown_mean,5,2.7764451051977987,AliStorage50
paired_difference,0.042087200284682505,-0.6350430147956874,-0.7192174153650523,guard_minus_hpcc,-0.6771302150803699,overall_slowdown_p95,5,2.7764451051977987,AliStorage50
paired_percent,1.4434366831883567,-35.53819884947087,-38.425072215847585,guard_minus_hpcc,-36.981635532659226,overall_slowdown_p95,5,2.7764451051977987,AliStorage50
paired_difference,0.1050576726379886,-0.8241598648298565,-1.0342752101058337,guard_minus_hpcc,-0.9292175374678451,overall_slowdown_p99,5,2.7764451051977987,AliStorage50
paired_percent,3.4115881067161276,-30.407081617200145,-37.2302578306324,guard_minus_hpcc,-33.81866972391627,overall_slowdown_p99,5,2.7764451051977987,AliStorage50
paired_difference,0.0,0.0,0.0,guard_minus_hpcc,0.0,pfc_cumulative_pause_ns,5,2.7764451051977987,AliStorage50
paired_difference,0.0,0.0,0.0,guard_minus_hpcc,0.0,pfc_matched_intervals,5,2.7764451051977987,AliStorage50
paired_difference,0.0,0.0,0.0,guard_minus_hpcc,0.0,pfc_max_pause_ns,5,2.7764451051977987,AliStorage50
paired_difference,0.0,0.0,0.0,guard_minus_hpcc,0.0,pfc_pause_count,5,2.7764451051977987,AliStorage50
paired_difference,0.0,0.0,0.0,guard_minus_hpcc,0.0,pfc_pause_events,5,2.7764451051977987,AliStorage50
paired_difference,0.0,0.0,0.0,guard_minus_hpcc,0.0,pfc_resume_count,5,2.7764451051977987,AliStorage50
paired_difference,0.0,0.0,0.0,guard_minus_hpcc,0.0,pfc_resume_events,5,2.7764451051977987,AliStorage50
paired_difference,0.0,0.0,0.0,guard_minus_hpcc,0.0,pfc_unmatched_pauses,5,2.7764451051977987,AliStorage50
paired_difference,0.0,0.0,0.0,guard_minus_hpcc,0.0,pfc_unmatched_resumes,5,2.7764451051977987,AliStorage50
paired_difference,20.954344589301556,388.5543445893016,346.64565541069845,guard_minus_hpcc,367.6,proactive_releases,5,2.7764451051977987,AliStorage50
paired_difference,126949.82489776023,172801.22489776023,-81098.42489776024,guard_minus_hpcc,45851.4,queue_bytes_max,5,2.7764451051977987,AliStorage50
paired_percent,45.39629229077838,64.03834138173652,-26.75424319982025,guard_minus_hpcc,18.642049090958132,queue_bytes_max,5,2.7764451051977987,AliStorage50
paired_difference,605.9340844562779,1182.8970844562778,-28.971084456277936,guard_minus_hpcc,576.963,queue_bytes_mean,5,2.7764451051977987,AliStorage50
paired_percent,22.813355344518598,46.69353412312951,1.06682343409231,guard_minus_hpcc,23.880178778610908,queue_bytes_mean,5,2.7764451051977987,AliStorage50
paired_difference,1666.4787867560672,3028.2787867560673,-304.6787867560672,guard_minus_hpcc,1361.8,queue_bytes_p95,5,2.7764451051977987,AliStorage50
paired_percent,20.803880224213678,37.335865267021944,-4.271895181405412,guard_minus_hpcc,16.531985042808266,queue_bytes_p95,5,2.7764451051977987,AliStorage50
paired_difference,17677.486747726154,36450.48674772616,1095.5132522738459,guard_minus_hpcc,18773.0,queue_bytes_p99,5,2.7764451051977987,AliStorage50
paired_percent,22.122243827364297,48.68673485093094,4.442247196202345,guard_minus_hpcc,26.564491023566642,queue_bytes_p99,5,2.7764451051977987,AliStorage50
paired_difference,0.0,0.0,0.0,guard_minus_hpcc,0.0,queue_sample_count,5,2.7764451051977987,AliStorage50
paired_percent,0.0,0.0,0.0,guard_minus_hpcc,0.0,queue_sample_count,5,2.7764451051977987,AliStorage50
paired_difference,27.99945433102906,55.99945433102906,0.0005456689709397722,guard_minus_hpcc,28.0,reactive_binding_rate_changes,5,2.7764451051977987,AliStorage50
paired_difference,27.99945433102906,55.99945433102906,0.0005456689709397722,guard_minus_hpcc,28.0,reactive_binding_updates,5,2.7764451051977987,AliStorage50
paired_difference,0.0,0.0,0.0,guard_minus_hpcc,0.0,recovery_nacks_generated,5,2.7764451051977987,AliStorage50
paired_difference,0.0,0.0,0.0,guard_minus_hpcc,0.0,recovery_nacks_received,5,2.7764451051977987,AliStorage50
paired_difference,20.954344589301556,388.5543445893016,346.64565541069845,guard_minus_hpcc,367.6,registrations,5,2.7764451051977987,AliStorage50
paired_difference,20.954344589301556,388.5543445893016,346.64565541069845,guard_minus_hpcc,367.6,selected_registrations,5,2.7764451051977987,AliStorage50
paired_difference,0.0,0.0,0.0,guard_minus_hpcc,0.0,switch_drops_egress,5,2.7764451051977987,AliStorage50
paired_difference,0.0,0.0,0.0,guard_minus_hpcc,0.0,switch_drops_ingress,5,2.7764451051977987,AliStorage50
paired_difference,0.0,0.0,0.0,guard_minus_hpcc,0.0,switch_drops_total,5,2.7764451051977987,AliStorage50
paired_difference,2.5446539714917087,5.3446539714917085,0.25534602850829113,guard_minus_hpcc,2.8,tie_binding_rate_changes,5,2.7764451051977987,AliStorage50
paired_difference,35.71160356977732,302.5116035697773,231.0883964302227,guard_minus_hpcc,266.8,tie_binding_updates,5,2.7764451051977987,AliStorage50
paired_difference,0.0,0.0,0.0,guard_minus_hpcc,0.0,timeout_recoveries,5,2.7764451051977987,AliStorage50
paired_difference,2.8185199927250038,2.196866396403433,-3.4401735890465743,guard_minus_homa,-0.6216535963215705,1BDP_to_1MB_fct_us_mean,5,2.7764451051977987,AliStorage50
paired_percent,5.528613182559889,4.473172891333189,-6.584053473786589,guard_minus_homa,-1.0554402912266998,1BDP_to_1MB_fct_us_mean,5,2.7764451051977987,AliStorage50
paired_difference,23.91239649424532,30.449666494245335,-17.375126494245308,guard_minus_homa,6.537270000000012,1BDP_to_1MB_fct_us_p95,5,2.7764451051977987,AliStorage50
paired_percent,18.508206429667048,24.195918238735953,-12.820494620598144,guard_minus_homa,5.687711809068905,1BDP_to_1MB_fct_us_p95,5,2.7764451051977987,AliStorage50
paired_difference,61.09941981448529,77.7958978144853,-44.40294181448528,guard_minus_homa,16.696478000000006,1BDP_to_1MB_fct_us_p99,5,2.7764451051977987,AliStorage50
paired_percent,31.268719892119222,40.935107014661426,-21.602332769577014,guard_minus_homa,9.666387122542208,1BDP_to_1MB_fct_us_p99,5,2.7764451051977987,AliStorage50
paired_difference,0.0,0.0,0.0,guard_minus_homa,0.0,1BDP_to_1MB_flow_count,5,2.7764451051977987,AliStorage50
paired_percent,0.0,0.0,0.0,guard_minus_homa,0.0,1BDP_to_1MB_flow_count,5,2.7764451051977987,AliStorage50
paired_difference,0.04812757503588905,-0.016938908593920415,-0.11319405866569851,guard_minus_homa,-0.06506648362980946,1BDP_to_1MB_slowdown_mean,5,2.7764451051977987,AliStorage50
paired_percent,3.2909592174669964,-1.2876402882558438,-7.8695587231898365,guard_minus_homa,-4.57859950572284,1BDP_to_1MB_slowdown_mean,5,2.7764451051977987,AliStorage50
paired_difference,0.1747406809868507,0.07813006345807165,-0.2713512985156297,guard_minus_homa,-0.09661061752877904,1BDP_to_1MB_slowdown_p95,5,2.7764451051977987,AliStorage50
paired_percent,7.6386263485072465,3.5110448934894043,-11.766207803525088,guard_minus_homa,-4.127581455017842,1BDP_to_1MB_slowdown_p95,5,2.7764451051977987,AliStorage50
paired_difference,1.0781468730968806,0.6616204060219877,-1.4946733401717736,guard_minus_homa,-0.4165264670748929,1BDP_to_1MB_slowdown_p99,5,2.7764451051977987,AliStorage50
paired_percent,37.48261700885059,29.065743818136966,-45.89949019956421,guard_minus_homa,-8.416873190713622,1BDP_to_1MB_slowdown_p99,5,2.7764451051977987,AliStorage50
paired_difference,0.026997370414832935,-0.12457709485179985,-0.17857183568146573,guard_minus_homa,-0.1515744652666328,8KB_to_1BDP_fct_us_mean,5,2.7764451051977987,AliStorage50
paired_percent,0.28036100240556255,-1.329963006059665,-1.89068501087079,guard_minus_homa,-1.6103240084652275,8KB_to_1BDP_fct_us_mean,5,2.7764451051977987,AliStorage50
paired_difference,0.16599747085053426,-0.14834252914946713,-0.4803374708505357,guard_minus_homa,-0.3143400000000014,8KB_to_1BDP_fct_us_p95,5,2.7764451051977987,AliStorage50
paired_percent,1.1022947308031148,-0.9366915800130757,-3.1412810416193055,guard_minus_homa,-2.0389863108161905,8KB_to_1BDP_fct_us_p95,5,2.7764451051977987,AliStorage50
paired_difference,0.6262935586683811,-0.030272441331623323,-1.2828595586683855,guard_minus_homa,-0.6565660000000044,8KB_to_1BDP_fct_us_p99,5,2.7764451051977987,AliStorage50
paired_percent,3.1955920930069914,-0.18486777473570815,-6.576051960749691,guard_minus_homa,-3.3804598677426996,8KB_to_1BDP_fct_us_p99,5,2.7764451051977987,AliStorage50
paired_difference,0.0,0.0,0.0,guard_minus_homa,0.0,8KB_to_1BDP_flow_count,5,2.7764451051977987,AliStorage50
paired_percent,0.0,0.0,0.0,guard_minus_homa,0.0,8KB_to_1BDP_flow_count,5,2.7764451051977987,AliStorage50
paired_difference,0.001979944617287923,-0.013455871704170817,-0.017415760938746663,guard_minus_homa,-0.01543581632145874,8KB_to_1BDP_slowdown_mean,5,2.7764451051977987,AliStorage50
paired_percent,0.1824925854991743,-1.2712548447842082,-1.636240015782557,guard_minus_homa,-1.4537474302833826,8KB_to_1BDP_slowdown_mean,5,2.7764451051977987,AliStorage50
paired_difference,0.017033315873510525,-0.013292793747301624,-0.04735942549432268,guard_minus_homa,-0.03032610962081215,8KB_to_1BDP_slowdown_p95,5,2.7764451051977987,AliStorage50
paired_percent,1.3777447580425202,-1.1103796998332403,-3.8658692159182806,guard_minus_homa,-2.4881244578757604,8KB_to_1BDP_slowdown_p95,5,2.7764451051977987,AliStorage50
paired_difference,0.052971974217854684,-0.004284442494614175,-0.11022839093032355,guard_minus_homa,-0.05725641671246886,8KB_to_1BDP_slowdown_p99,5,2.7764451051977987,AliStorage50
paired_percent,3.6447127026200308,-0.2857048018349686,-7.575130207075031,guard_minus_homa,-3.9304175044549994,8KB_to_1BDP_slowdown_p99,5,2.7764451051977987,AliStorage50
paired_difference,0.0,0.0,0.0,guard_minus_homa,0.0,completion_releases,5,2.7764451051977987,AliStorage50
paired_difference,0.0,-1.0,-1.0,guard_minus_homa,-1.0,elapsed_seconds,5,2.7764451051977987,AliStorage50
paired_percent,0.0,-33.333333333333336,-33.333333333333336,guard_minus_homa,-33.333333333333336,elapsed_seconds,5,2.7764451051977987,AliStorage50
paired_difference,0.0,0.0,0.0,guard_minus_homa,0.0,flow_count,5,2.7764451051977987,AliStorage50
paired_percent,0.0,0.0,0.0,guard_minus_homa,0.0,flow_count,5,2.7764451051977987,AliStorage50
paired_difference,0.5552890210395597,0.7552890210395597,-0.35528902103955967,guard_minus_homa,0.2,grant_binding_rate_changes,5,2.7764451051977987,AliStorage50
paired_difference,81.45637594543766,258.25637594543764,95.34362405456235,guard_minus_homa,176.8,grant_binding_updates,5,2.7764451051977987,AliStorage50
paired_difference,47590.86630104137,399677.2663010414,304495.53369895864,guard_minus_homa,352086.4,grant_bytes_sent,5,2.7764451051977987,AliStorage50
paired_difference,371.05669701119933,2045.6566970111992,1303.5433029888006,guard_minus_homa,1674.6,grant_event_rate_changes,5,2.7764451051977987,AliStorage50
paired_difference,506.285811713206,4251.885811713206,3239.314188286794,guard_minus_homa,3745.6,grants_received,5,2.7764451051977987,AliStorage50
paired_difference,506.285811713206,4251.885811713206,3239.314188286794,guard_minus_homa,3745.6,grants_sent,5,2.7764451051977987,AliStorage50
paired_difference,10.457124921673149,27.95566583727698,7.041415993930684,guard_minus_homa,17.498540915603833,gt_1MB_fct_us_mean,5,2.7764451051977987,AliStorage50
paired_percent,4.057168284480526,11.107421452093885,2.9930848831328323,guard_minus_homa,7.050253167613358,gt_1MB_fct_us_mean,5,2.7764451051977987,AliStorage50
paired_difference,66.12135564803668,126.99435564803672,-5.24835564803665,guard_minus_homa,60.87300000000003,gt_1MB_fct_us_p95,5,2.7764451051977987,AliStorage50
paired_percent,13.639518401513472,27.167651151320186,-0.11138565170675996,guard_minus_homa,13.528132749806712,gt_1MB_fct_us_p95,5,2.7764451051977987,AliStorage50
paired_difference,105.35813461767759,135.93240861767737,-74.7838606176778,guard_minus_homa,30.574273999999786,gt_1MB_fct_us_p99,5,2.7764451051977987,AliStorage50
paired_percent,18.680484599950965,24.186426343022987,-13.174542856878945,guard_minus_homa,5.50594174307202,gt_1MB_fct_us_p99,5,2.7764451051977987,AliStorage50
paired_difference,0.0,0.0,0.0,guard_minus_homa,0.0,gt_1MB_flow_count,5,2.7764451051977987,AliStorage50
paired_percent,0.0,0.0,0.0,guard_minus_homa,0.0,gt_1MB_flow_count,5,2.7764451051977987,AliStorage50
paired_difference,0.08318562866825993,0.22323055276999668,0.056859295433476814,guard_minus_homa,0.14004492410173675,gt_1MB_slowdown_mean,5,2.7764451051977987,AliStorage50
paired_percent,4.364730556085189,11.99918979338719,3.2697286812168116,guard_minus_homa,7.634459237302001,gt_1MB_slowdown_mean,5,2.7764451051977987,AliStorage50
paired_difference,1.3106046335008117,1.816714991477411,-0.8044942755242124,guard_minus_homa,0.5061103579765993,gt_1MB_slowdown_p95,5,2.7764451051977987,AliStorage50
paired_percent,43.56336230563463,60.65676406755554,-26.46996054371371,guard_minus_homa,17.093401761920916,gt_1MB_slowdown_p95,5,2.7764451051977987,AliStorage50
paired_difference,0.7992070838039682,1.0973215130654044,-0.501092654542532,guard_minus_homa,0.29811442926143616,gt_1MB_slowdown_p99,5,2.7764451051977987,AliStorage50
paired_percent,18.085036360751644,24.909973123979917,-11.260099597523372,guard_minus_homa,6.824936763228273,gt_1MB_slowdown_p99,5,2.7764451051977987,AliStorage50
paired_difference,0.0,0.0,0.0,guard_minus_homa,0.0,guard_adaptive_grant_updates,5,2.7764451051977987,AliStorage50
paired_difference,0.0,0.0,0.0,guard_minus_homa,0.0,guard_grant_refresh_bdps,5,2.7764451051977987,AliStorage50
paired_percent,0.0,0.0,0.0,guard_minus_homa,0.0,guard_grant_refresh_bdps,5,2.7764451051977987,AliStorage50
paired_difference,0.0,0.0,0.0,guard_minus_homa,0.0,guard_min_share_fraction,5,2.7764451051977987,AliStorage50
paired_difference,0.0,0.0,0.0,guard_minus_homa,0.0,guard_rebalance_events,5,2.7764451051977987,AliStorage50
paired_difference,0.0,0.0,0.0,guard_minus_homa,0.0,guard_remaining_aware,5,2.7764451051977987,AliStorage50
paired_percent,0.0,0.0,0.0,guard_minus_homa,0.0,guard_remaining_aware,5,2.7764451051977987,AliStorage50
paired_difference,0.0,0.0,0.0,guard_minus_homa,0.0,guard_remaining_exponent,5,2.7764451051977987,AliStorage50
paired_percent,0.0,0.0,0.0,guard_minus_homa,0.0,guard_remaining_exponent,5,2.7764451051977987,AliStorage50
paired_difference,275.0777612788623,2655.6777612788624,2105.5222387211375,guard_minus_homa,2380.6,guard_remaining_refresh_events,5,2.7764451051977987,AliStorage50
paired_difference,0.0,0.0,0.0,guard_minus_homa,0.0,guard_sender_srpt_enabled,5,2.7764451051977987,AliStorage50
paired_percent,0.0,0.0,0.0,guard_minus_homa,0.0,guard_sender_srpt_enabled,5,2.7764451051977987,AliStorage50
paired_difference,55.173769737236775,180.17376973723677,69.82623026276323,guard_minus_homa,125.0,guard_sender_srpt_forced_rr,5,2.7764451051977987,AliStorage50
paired_difference,7909.994621551201,49115.794621551206,33295.8053784488,guard_minus_homa,41205.8,guard_sender_srpt_non_rr,5,2.7764451051977987,AliStorage50
paired_difference,17561.552740469277,280526.9527404693,245403.84725953074,guard_minus_homa,262965.4,guard_sender_srpt_selections,5,2.7764451051977987,AliStorage50
paired_difference,0.0,0.0,0.0,guard_minus_homa,0.0,guard_srpt_quantum_packets,5,2.7764451051977987,AliStorage50
paired_percent,0.0,0.0,0.0,guard_minus_homa,0.0,guard_srpt_quantum_packets,5,2.7764451051977987,AliStorage50
paired_difference,0.0,0.0,0.0,guard_minus_homa,0.0,guard_tail_bypass_bdps,5,2.7764451051977987,AliStorage50
paired_percent,0.0,0.0,0.0,guard_minus_homa,0.0,guard_tail_bypass_bdps,5,2.7764451051977987,AliStorage50
paired_difference,0.0,0.0,0.0,guard_minus_homa,0.0,guard_tail_bypass_enabled,5,2.7764451051977987,AliStorage50
paired_percent,0.0,0.0,0.0,guard_minus_homa,0.0,guard_tail_bypass_enabled,5,2.7764451051977987,AliStorage50
paired_difference,1004.8289706695577,16117.628970669557,14107.971029330442,guard_minus_homa,15112.8,guard_tail_bypass_feedbacks,5,2.7764451051977987,AliStorage50
paired_difference,20.954344589301556,388.5543445893016,346.64565541069845,guard_minus_homa,367.6,guard_tail_bypass_flows,5,2.7764451051977987,AliStorage50
paired_difference,86.38002191376097,-6040.819978086239,-6213.580021913761,guard_minus_homa,-6127.2,homa_completion_notices_received,5,2.7764451051977987,AliStorage50
paired_percent,0.0,-100.0,-100.0,guard_minus_homa,-100.0,homa_completion_notices_received,5,2.7764451051977987,AliStorage50
paired_difference,86.38002191376097,-6040.819978086239,-6213.580021913761,guard_minus_homa,-6127.2,homa_completion_notices_sent,5,2.7764451051977987,AliStorage50
paired_percent,0.0,-100.0,-100.0,guard_minus_homa,-100.0,homa_completion_notices_sent,5,2.7764451051977987,AliStorage50
paired_difference,17529499.80406895,-242376908.59593105,-277435908.20406896,guard_minus_homa,-259906408.4,homa_data_bytes,5,2.7764451051977987,AliStorage50
paired_percent,0.0,-100.0,-100.0,guard_minus_homa,-100.0,homa_data_bytes,5,2.7764451051977987,AliStorage50
paired_difference,17561.552740469277,-245403.84725953074,-280526.9527404693,guard_minus_homa,-262965.4,homa_data_packets,5,2.7764451051977987,AliStorage50
paired_percent,0.0,-100.0,-100.0,guard_minus_homa,-100.0,homa_data_packets,5,2.7764451051977987,AliStorage50
paired_difference,16326.448123318101,-160639.5518766819,-193292.4481233181,guard_minus_homa,-176966.0,homa_grants_received,5,2.7764451051977987,AliStorage50
paired_percent,0.0,-100.0,-100.0,guard_minus_homa,-100.0,homa_grants_received,5,2.7764451051977987,AliStorage50
paired_difference,16326.448123318101,-160639.5518766819,-193292.4481233181,guard_minus_homa,-176966.0,homa_grants_sent,5,2.7764451051977987,AliStorage50
paired_percent,0.0,-100.0,-100.0,guard_minus_homa,-100.0,homa_grants_sent,5,2.7764451051977987,AliStorage50
paired_difference,1.0388506336835697,-2.76114936631643,-4.8388506336835695,guard_minus_homa,-3.8,homa_max_pending_messages,5,2.7764451051977987,AliStorage50
paired_percent,0.0,-100.0,-100.0,guard_minus_homa,-100.0,homa_max_pending_messages,5,2.7764451051977987,AliStorage50
paired_difference,86.38002191376097,-6040.819978086239,-6213.580021913761,guard_minus_homa,-6127.2,homa_messages_completed,5,2.7764451051977987,AliStorage50
paired_percent,0.0,-100.0,-100.0,guard_minus_homa,-100.0,homa_messages_completed,5,2.7764451051977987,AliStorage50
paired_difference,86.38002191376097,-6040.819978086239,-6213.580021913761,guard_minus_homa,-6127.2,homa_messages_tracked,5,2.7764451051977987,AliStorage50
paired_percent,0.0,-100.0,-100.0,guard_minus_homa,-100.0,homa_messages_tracked,5,2.7764451051977987,AliStorage50
paired_difference,0.0,0.0,0.0,guard_minus_homa,0.0,homa_resends_received,5,2.7764451051977987,AliStorage50
paired_difference,0.0,0.0,0.0,guard_minus_homa,0.0,homa_resends_sent,5,2.7764451051977987,AliStorage50
paired_difference,0.0,0.0,0.0,guard_minus_homa,0.0,homa_retransmit_packets,5,2.7764451051977987,AliStorage50
paired_difference,27.861457166006325,58.861457166006325,3.138542833993675,guard_minus_homa,31.0,hpcc_actual_rate_changes,5,2.7764451051977987,AliStorage50
paired_difference,0.0,0.0,0.0,guard_minus_homa,0.0,hpcc_fast_computations,5,2.7764451051977987,AliStorage50
paired_difference,329.99472140517287,2292.794721405173,1632.805278594827,guard_minus_homa,1962.8,hpcc_feedback_updates,5,2.7764451051977987,AliStorage50
paired_difference,107.6695245290645,579.2695245290645,363.9304754709355,guard_minus_homa,471.6,hpcc_full_computations,5,2.7764451051977987,AliStorage50
paired_difference,107.6695245290645,579.2695245290645,363.9304754709355,guard_minus_homa,471.6,hpcc_rate_updates_applied,5,2.7764451051977987,AliStorage50
paired_difference,113.78344934807505,644.783449348075,417.21655065192493,guard_minus_homa,531.0,hpcc_valid_feedback,5,2.7764451051977987,AliStorage50
paired_difference,2377.0398199348324,36587.039819934835,31832.96018006517,guard_minus_homa,34210.0,int_hops_after_strip,5,2.7764451051977987,AliStorage50
paired_difference,4021.6609058176223,69985.26090581763,61941.93909418238,guard_minus_homa,65963.6,int_hops_before_strip,5,2.7764451051977987,AliStorage50
paired_difference,2205.2130187707958,33958.813018770794,29548.386981229203,guard_minus_homa,31753.6,int_records_stripped,5,2.7764451051977987,AliStorage50
paired_difference,0.0,0.0,0.0,guard_minus_homa,0.0,irn_nacks_generated,5,2.7764451051977987,AliStorage50
paired_difference,0.0,0.0,0.0,guard_minus_homa,0.0,irn_nacks_received,5,2.7764451051977987,AliStorage50
paired_difference,0.0,0.0,0.0,guard_minus_homa,0.0,irn_retransmit_bytes,5,2.7764451051977987,AliStorage50
paired_difference,0.0,0.0,0.0,guard_minus_homa,0.0,irn_retransmit_packets,5,2.7764451051977987,AliStorage50
paired_difference,0.008846526446111875,-0.027270393658373693,-0.04496344655059745,guard_minus_homa,-0.03611692010448557,le_8KB_fct_us_mean,5,2.7764451051977987,AliStorage50
paired_percent,0.12395092190393664,-0.3900858050230116,-0.6379876488308849,guard_minus_homa,-0.5140367269269482,le_8KB_fct_us_mean,5,2.7764451051977987,AliStorage50
paired_difference,0.02432400440729146,-0.04504599559270887,-0.0936940044072918,guard_minus_homa,-0.06937000000000033,le_8KB_fct_us_p95,5,2.7764451051977987,AliStorage50
paired_percent,0.26134840480635174,-0.49173715530891776,-1.0144339649216212,guard_minus_homa,-0.7530855601152695,le_8KB_fct_us_p95,5,2.7764451051977987,AliStorage50
paired_difference,0.09148078915553781,-0.009055210844462508,-0.19201678915553813,guard_minus_homa,-0.10053600000000032,le_8KB_fct_us_p99,5,2.7764451051977987,AliStorage50
paired_percent,0.9492034857079252,-0.1015347181709978,-1.9999416895868483,guard_minus_homa,-1.050738203878923,le_8KB_fct_us_p99,5,2.7764451051977987,AliStorage50
paired_difference,0.0,0.0,0.0,guard_minus_homa,0.0,le_8KB_flow_count,5,2.7764451051977987,AliStorage50
paired_percent,0.0,0.0,0.0,guard_minus_homa,0.0,le_8KB_flow_count,5,2.7764451051977987,AliStorage50
paired_difference,0.0013181291868250378,-0.0033534540646674906,-0.005989712438317566,guard_minus_homa,-0.004671583251492528,le_8KB_slowdown_mean,5,2.7764451051977987,AliStorage50
paired_percent,0.12890612385975647,-0.33083997527898323,-0.5886522229984962,guard_minus_homa,-0.4597460991387397,le_8KB_slowdown_mean,5,2.7764451051977987,AliStorage50
paired_difference,0.005949495243343866,-0.004821029720117315,-0.016720020206805047,guard_minus_homa,-0.01077052496346118,le_8KB_slowdown_p95,5,2.7764451051977987,AliStorage50
paired_percent,0.5595464134625234,-0.4630523960889721,-1.582145223014019,guard_minus_homa,-1.0225988095514955,le_8KB_slowdown_p95,5,2.7764451051977987,AliStorage50
paired_difference,0.013543734865642792,-0.004837628347756945,-0.03192509807904253,guard_minus_homa,-0.018381363213399737,le_8KB_slowdown_p99,5,2.7764451051977987,AliStorage50
paired_percent,1.2058311207919354,-0.45365007627645104,-2.865312317860322,guard_minus_homa,-1.6594811970683865,le_8KB_slowdown_p99,5,2.7764451051977987,AliStorage50
paired_difference,0.08408606939149522,0.23086611077176028,0.06269397198876982,guard_minus_homa,0.14678004138026504,long_to_small_slowdown_mean_ratio,5,2.7764451051977987,AliStorage50
paired_percent,4.486159445073269,12.619939990285847,3.6476211001393084,guard_minus_homa,8.133780545212577,long_to_small_slowdown_mean_ratio,5,2.7764451051977987,AliStorage50
paired_difference,1.1105780420791194,5.710578042079119,3.4894219579208805,guard_minus_homa,4.6,max_active_flows,5,2.7764451051977987,AliStorage50
paired_difference,815970.8399964579,1091051.239996458,-540890.4399964579,guard_minus_homa,275080.4,output_bytes,5,2.7764451051977987,AliStorage50
paired_percent,117.9595632731391,157.6662434476239,-78.25288309865428,guard_minus_homa,39.70668017448482,output_bytes,5,2.7764451051977987,AliStorage50
paired_difference,0.11710489783292166,0.29134028180294846,0.05713048613710514,guard_minus_homa,0.1742353839700268,overall_fct_us_mean,5,2.7764451051977987,AliStorage50
paired_percent,0.8871227984266198,2.275315956221447,0.5010703593682074,guard_minus_homa,1.3881931577948272,overall_fct_us_mean,5,2.7764451051977987,AliStorage50
paired_difference,0.4075399620711259,-0.013530037928864425,-0.8286099620711163,guard_minus_homa,-0.42106999999999034,overall_fct_us_p95,5,2.7764451051977987,AliStorage50
paired_percent,2.389669757681796,-0.07049374022914945,-4.849833255592742,guard_minus_homa,-2.4601634979109455,overall_fct_us_p95,5,2.7764451051977987,AliStorage50
paired_difference,12.54829538276926,28.419847382769305,3.323256617230788,guard_minus_homa,15.871552000000047,overall_fct_us_p99,5,2.7764451051977987,AliStorage50
paired_percent,7.37753563635364,16.426777159522423,1.6717058868151433,guard_minus_homa,9.049241523168783,overall_fct_us_p99,5,2.7764451051977987,AliStorage50
paired_difference,0.0,0.0,0.0,guard_minus_homa,0.0,overall_flow_count,5,2.7764451051977987,AliStorage50
paired_percent,0.0,0.0,0.0,guard_minus_homa,0.0,overall_flow_count,5,2.7764451051977987,AliStorage50
paired_difference,0.0020771434554041064,-0.00515582704462454,-0.009310113955432752,guard_minus_homa,-0.007232970500028646,overall_slowdown_mean,5,2.7764451051977987,AliStorage50
paired_percent,0.19488317945081648,-0.4926410316095563,-0.8824073905111892,guard_minus_homa,-0.6875242110603728,overall_slowdown_mean,5,2.7764451051977987,AliStorage50
paired_difference,0.008477383388380033,-0.0202839589000941,-0.03723872567685417,guard_minus_homa,-0.028761342288474136,overall_slowdown_p95,5,2.7764451051977987,AliStorage50
paired_percent,0.6884587868061,-1.740355705725066,-3.117273279337266,guard_minus_homa,-2.428814492531166,overall_slowdown_p95,5,2.7764451051977987,AliStorage50
paired_difference,0.07135300960942492,0.07569320867138105,-0.0670128105474688,guard_minus_homa,0.004340199061956129,overall_slowdown_p99,5,2.7764451051977987,AliStorage50
paired_percent,4.057202920951619,4.260579351675084,-3.853826490228155,guard_minus_homa,0.203376430723464,overall_slowdown_p99,5,2.7764451051977987,AliStorage50
paired_difference,0.0,0.0,0.0,guard_minus_homa,0.0,pfc_cumulative_pause_ns,5,2.7764451051977987,AliStorage50
paired_difference,0.0,0.0,0.0,guard_minus_homa,0.0,pfc_matched_intervals,5,2.7764451051977987,AliStorage50
paired_difference,0.0,0.0,0.0,guard_minus_homa,0.0,pfc_max_pause_ns,5,2.7764451051977987,AliStorage50
paired_difference,0.0,0.0,0.0,guard_minus_homa,0.0,pfc_pause_count,5,2.7764451051977987,AliStorage50
paired_difference,0.0,0.0,0.0,guard_minus_homa,0.0,pfc_pause_events,5,2.7764451051977987,AliStorage50
paired_difference,0.0,0.0,0.0,guard_minus_homa,0.0,pfc_resume_count,5,2.7764451051977987,AliStorage50
paired_difference,0.0,0.0,0.0,guard_minus_homa,0.0,pfc_resume_events,5,2.7764451051977987,AliStorage50
paired_difference,0.0,0.0,0.0,guard_minus_homa,0.0,pfc_unmatched_pauses,5,2.7764451051977987,AliStorage50
paired_difference,0.0,0.0,0.0,guard_minus_homa,0.0,pfc_unmatched_resumes,5,2.7764451051977987,AliStorage50
paired_difference,20.954344589301556,388.5543445893016,346.64565541069845,guard_minus_homa,367.6,proactive_releases,5,2.7764451051977987,AliStorage50
paired_difference,142164.53444434033,51760.73444434033,-232568.33444434032,guard_minus_homa,-90403.8,queue_bytes_max,5,2.7764451051977987,AliStorage50
paired_percent,34.137287673944684,11.935223512518291,-56.339351835371076,guard_minus_homa,-22.202064161426392,queue_bytes_max,5,2.7764451051977987,AliStorage50
paired_difference,654.4299219030685,-1475.3658780969313,-2784.2257219030685,guard_minus_homa,-2129.7958,queue_bytes_mean,5,2.7764451051977987,AliStorage50
paired_percent,8.897709639893815,-33.92515388393301,-51.720573163720644,guard_minus_homa,-42.822863523826825,queue_bytes_mean,5,2.7764451051977987,AliStorage50
paired_difference,4070.0135984256594,-8473.98640157434,-16614.01359842566,guard_minus_homa,-12544.0,queue_bytes_p95,5,2.7764451051977987,AliStorage50
paired_percent,5.868298626979353,-50.47330448573245,-62.209901739691155,guard_minus_homa,-56.3416031127118,queue_bytes_p95,5,2.7764451051977987,AliStorage50
paired_difference,15488.989462431071,-26496.410537568932,-57474.38946243107,guard_minus_homa,-41985.4,queue_bytes_p99,5,2.7764451051977987,AliStorage50
paired_percent,11.593180178289577,-21.477800226839854,-44.66416058341901,guard_minus_homa,-33.07098040512943,queue_bytes_p99,5,2.7764451051977987,AliStorage50
paired_difference,0.0,0.0,0.0,guard_minus_homa,0.0,queue_sample_count,5,2.7764451051977987,AliStorage50
paired_percent,0.0,0.0,0.0,guard_minus_homa,0.0,queue_sample_count,5,2.7764451051977987,AliStorage50
paired_difference,27.99945433102906,55.99945433102906,0.0005456689709397722,guard_minus_homa,28.0,reactive_binding_rate_changes,5,2.7764451051977987,AliStorage50
paired_difference,27.99945433102906,55.99945433102906,0.0005456689709397722,guard_minus_homa,28.0,reactive_binding_updates,5,2.7764451051977987,AliStorage50
paired_difference,0.0,0.0,0.0,guard_minus_homa,0.0,recovery_nacks_generated,5,2.7764451051977987,AliStorage50
paired_difference,0.0,0.0,0.0,guard_minus_homa,0.0,recovery_nacks_received,5,2.7764451051977987,AliStorage50
paired_difference,20.954344589301556,388.5543445893016,346.64565541069845,guard_minus_homa,367.6,registrations,5,2.7764451051977987,AliStorage50
paired_difference,20.954344589301556,388.5543445893016,346.64565541069845,guard_minus_homa,367.6,selected_registrations,5,2.7764451051977987,AliStorage50
paired_difference,0.0,0.0,0.0,guard_minus_homa,0.0,switch_drops_egress,5,2.7764451051977987,AliStorage50
paired_difference,0.0,0.0,0.0,guard_minus_homa,0.0,switch_drops_ingress,5,2.7764451051977987,AliStorage50
paired_difference,0.0,0.0,0.0,guard_minus_homa,0.0,switch_drops_total,5,2.7764451051977987,AliStorage50
paired_difference,2.5446539714917087,5.3446539714917085,0.25534602850829113,guard_minus_homa,2.8,tie_binding_rate_changes,5,2.7764451051977987,AliStorage50
paired_difference,35.71160356977732,302.5116035697773,231.0883964302227,guard_minus_homa,266.8,tie_binding_updates,5,2.7764451051977987,AliStorage50
paired_difference,0.0,0.0,0.0,guard_minus_homa,0.0,timeout_recoveries,5,2.7764451051977987,AliStorage50
paired_difference,5.041473205651722,-10.909696881878396,-20.992643293181843,homa_minus_hpcc,-15.95117008753012,1BDP_to_1MB_fct_us_mean,5,2.7764451051977987,AliStorage50
paired_percent,5.517629844561733,-18.112742266600378,-29.148001955723842,homa_minus_hpcc,-23.63037211116211,1BDP_to_1MB_fct_us_mean,5,2.7764451051977987,AliStorage50
paired_difference,20.442758111997264,-31.02346188800272,-71.90897811199724,homa_minus_hpcc,-51.466219999999986,1BDP_to_1MB_fct_us_p95,5,2.7764451051977987,AliStorage50
paired_percent,9.181852270978007,-17.623598829841313,-35.987303371797324,homa_minus_hpcc,-26.80545110081932,1BDP_to_1MB_fct_us_p95,5,2.7764451051977987,AliStorage50
paired_difference,63.54890588945158,-45.734202110548416,-172.8320138894516,homa_minus_hpcc,-109.283108,1BDP_to_1MB_fct_us_p99,5,2.7764451051977987,AliStorage50
paired_percent,13.92604595215844,-18.820808758984853,-46.67290066330173,homa_minus_hpcc,-32.74685471114329,1BDP_to_1MB_fct_us_p99,5,2.7764451051977987,AliStorage50
paired_difference,0.0,0.0,0.0,homa_minus_hpcc,0.0,1BDP_to_1MB_flow_count,5,2.7764451051977987,AliStorage50
paired_percent,0.0,0.0,0.0,homa_minus_hpcc,0.0,1BDP_to_1MB_flow_count,5,2.7764451051977987,AliStorage50
paired_difference,0.10777993447869715,-0.25330892761540136,-0.4688687965727957,homa_minus_hpcc,-0.3610888620940985,1BDP_to_1MB_slowdown_mean,5,2.7764451051977987,AliStorage50
paired_percent,4.488883365147304,-15.830491322983343,-24.808258053277953,homa_minus_hpcc,-20.319374688130647,1BDP_to_1MB_slowdown_mean,5,2.7764451051977987,AliStorage50
paired_difference,0.39595160599721935,-0.4687454035489239,-1.2606486155433627,homa_minus_hpcc,-0.8646970095461433,1BDP_to_1MB_slowdown_p95,5,2.7764451051977987,AliStorage50
paired_percent,8.898250322167625,-18.66881681947065,-36.465317463805896,homa_minus_hpcc,-27.567067141638272,1BDP_to_1MB_slowdown_p95,5,2.7764451051977987,AliStorage50
paired_difference,1.3595914622298642,-0.21155167720699652,-2.9307346016667246,homa_minus_hpcc,-1.5711431394368607,1BDP_to_1MB_slowdown_p99,5,2.7764451051977987,AliStorage50
paired_percent,22.843421603277456,-7.2294623194268794,-52.91630552598179,homa_minus_hpcc,-30.072883922704335,1BDP_to_1MB_slowdown_p99,5,2.7764451051977987,AliStorage50
paired_difference,0.12316766161143083,-1.6225689111447013,-1.8689042343675628,homa_minus_hpcc,-1.745736572756132,8KB_to_1BDP_fct_us_mean,5,2.7764451051977987,AliStorage50
paired_percent,0.9055427535526751,-14.738928149888794,-16.550013656994146,homa_minus_hpcc,-15.64447090344147,8KB_to_1BDP_fct_us_mean,5,2.7764451051977987,AliStorage50
paired_difference,0.90646141532075,-4.47382858467925,-6.286751415320751,homa_minus_hpcc,-5.3802900000000005,8KB_to_1BDP_fct_us_p95,5,2.7764451051977987,AliStorage50
paired_percent,3.325330250888265,-22.41088919520583,-29.061549696982357,homa_minus_hpcc,-25.736219446094093,8KB_to_1BDP_fct_us_p95,5,2.7764451051977987,AliStorage50
paired_difference,1.0843855804561706,-9.408020419543826,-11.576791580456169,homa_minus_hpcc,-10.492405999999997,8KB_to_1BDP_fct_us_p99,5,2.7764451051977987,AliStorage50
paired_percent,2.6662493693627933,-32.714450954280764,-38.046949693006354,homa_minus_hpcc,-35.38070032364356,8KB_to_1BDP_fct_us_p99,5,2.7764451051977987,AliStorage50
paired_difference,0.0,0.0,0.0,homa_minus_hpcc,0.0,8KB_to_1BDP_flow_count,5,2.7764451051977987,AliStorage50
paired_percent,0.0,0.0,0.0,homa_minus_hpcc,0.0,8KB_to_1BDP_flow_count,5,2.7764451051977987,AliStorage50
paired_difference,0.014830665922379553,-0.17406264849243136,-0.20372398033719047,homa_minus_hpcc,-0.18889331441481091,8KB_to_1BDP_slowdown_mean,5,2.7764451051977987,AliStorage50
paired_percent,0.9788154979220339,-14.119813412536175,-16.07744440838024,homa_minus_hpcc,-15.098628910458208,8KB_to_1BDP_slowdown_mean,5,2.7764451051977987,AliStorage50
paired_difference,0.024834099421665062,-0.6661814824893287,-0.7158496813326588,homa_minus_hpcc,-0.6910155819109938,8KB_to_1BDP_slowdown_p95,5,2.7764451051977987,AliStorage50
paired_percent,0.794292403581775,-35.44024078116828,-37.028825588331834,homa_minus_hpcc,-36.234533184750056,8KB_to_1BDP_slowdown_p95,5,2.7764451051977987,AliStorage50
paired_difference,0.13792683255300853,-0.9941303058616378,-1.2699839709676548,homa_minus_hpcc,-1.1320571384146463,8KB_to_1BDP_slowdown_p99,5,2.7764451051977987,AliStorage50
paired_percent,2.5118451956100394,-41.44905040762495,-46.472740798845024,homa_minus_hpcc,-43.96089560323499,8KB_to_1BDP_slowdown_p99,5,2.7764451051977987,AliStorage50
paired_difference,0.0,0.0,0.0,homa_minus_hpcc,0.0,completion_releases,5,2.7764451051977987,AliStorage50
paired_difference,0.5552890210395597,-0.24471097896044036,-1.3552890210395598,homa_minus_hpcc,-0.8,elapsed_seconds,5,2.7764451051977987,AliStorage50
paired_percent,13.882225525988993,-6.117774474011007,-33.88222552598899,homa_minus_hpcc,-20.0,elapsed_seconds,5,2.7764451051977987,AliStorage50
paired_difference,0.0,0.0,0.0,homa_minus_hpcc,0.0,flow_count,5,2.7764451051977987,AliStorage50
paired_percent,0.0,0.0,0.0,homa_minus_hpcc,0.0,flow_count,5,2.7764451051977987,AliStorage50
paired_difference,0.0,0.0,0.0,homa_minus_hpcc,0.0,grant_binding_rate_changes,5,2.7764451051977987,AliStorage50
paired_difference,0.0,0.0,0.0,homa_minus_hpcc,0.0,grant_binding_updates,5,2.7764451051977987,AliStorage50
paired_difference,0.0,0.0,0.0,homa_minus_hpcc,0.0,grant_bytes_sent,5,2.7764451051977987,AliStorage50
paired_difference,0.0,0.0,0.0,homa_minus_hpcc,0.0,grant_event_rate_changes,5,2.7764451051977987,AliStorage50
paired_difference,0.0,0.0,0.0,homa_minus_hpcc,0.0,grants_received,5,2.7764451051977987,AliStorage50
paired_difference,0.0,0.0,0.0,homa_minus_hpcc,0.0,grants_sent,5,2.7764451051977987,AliStorage50
paired_difference,25.271554384393948,-27.387397079557093,-77.93050584834499,homa_minus_hpcc,-52.65895146395104,gt_1MB_fct_us_mean,5,2.7764451051977987,AliStorage50
paired_percent,6.550018764993767,-10.694386774976504,-23.794424304964036,homa_minus_hpcc,-17.24440553997027,gt_1MB_fct_us_mean,5,2.7764451051977987,AliStorage50
paired_difference,81.13448356417848,-30.33697643582154,-192.60594356417852,homa_minus_hpcc,-111.47146000000002,gt_1MB_fct_us_p95,5,2.7764451051977987,AliStorage50
paired_percent,9.147086161181065,-10.245874725910447,-28.540047048272577,homa_minus_hpcc,-19.392960887091512,gt_1MB_fct_us_p95,5,2.7764451051977987,AliStorage50
paired_difference,375.23409978780995,113.70327978780995,-636.76491978781,homa_minus_hpcc,-261.53082,gt_1MB_fct_us_p99,5,2.7764451051977987,AliStorage50
paired_percent,33.07800383104734,10.682725644773235,-55.473282017321445,homa_minus_hpcc,-22.395278186274105,gt_1MB_fct_us_p99,5,2.7764451051977987,AliStorage50
paired_difference,0.0,0.0,0.0,homa_minus_hpcc,0.0,gt_1MB_flow_count,5,2.7764451051977987,AliStorage50
paired_percent,0.0,0.0,0.0,homa_minus_hpcc,0.0,gt_1MB_flow_count,5,2.7764451051977987,AliStorage50
paired_difference,0.19150317655742202,-0.21776552856301093,-0.600771881677855,homa_minus_hpcc,-0.40926870512043295,gt_1MB_slowdown_mean,5,2.7764451051977987,AliStorage50
paired_percent,6.616431010623094,-11.366839110552307,-24.599701131798497,homa_minus_hpcc,-17.9832701211754,gt_1MB_slowdown_mean,5,2.7764451051977987,AliStorage50
paired_difference,0.5532676457971837,-0.23023305137367456,-1.336768342968042,homa_minus_hpcc,-0.7835006971708582,gt_1MB_slowdown_p95,5,2.7764451051977987,AliStorage50
paired_percent,11.217838584955212,-7.859956155295661,-30.295633325206083,homa_minus_hpcc,-19.077794740250873,gt_1MB_slowdown_p95,5,2.7764451051977987,AliStorage50
paired_difference,2.9013720750108827,0.7798597263494478,-5.022884423672318,homa_minus_hpcc,-2.121512348661435,gt_1MB_slowdown_p99,5,2.7764451051977987,AliStorage50
paired_percent,31.39131583325983,5.324664192782304,-57.457967473737355,homa_minus_hpcc,-26.066651640477527,gt_1MB_slowdown_p99,5,2.7764451051977987,AliStorage50
paired_difference,0.0,0.0,0.0,homa_minus_hpcc,0.0,guard_adaptive_grant_updates,5,2.7764451051977987,AliStorage50
paired_difference,0.0,0.0,0.0,homa_minus_hpcc,0.0,guard_grant_refresh_bdps,5,2.7764451051977987,AliStorage50
paired_percent,0.0,0.0,0.0,homa_minus_hpcc,0.0,guard_grant_refresh_bdps,5,2.7764451051977987,AliStorage50
paired_difference,0.0,0.0,0.0,homa_minus_hpcc,0.0,guard_min_share_fraction,5,2.7764451051977987,AliStorage50
paired_difference,0.0,0.0,0.0,homa_minus_hpcc,0.0,guard_rebalance_events,5,2.7764451051977987,AliStorage50
paired_difference,0.0,0.0,0.0,homa_minus_hpcc,0.0,guard_remaining_aware,5,2.7764451051977987,AliStorage50
paired_percent,0.0,0.0,0.0,homa_minus_hpcc,0.0,guard_remaining_aware,5,2.7764451051977987,AliStorage50
paired_difference,0.0,0.0,0.0,homa_minus_hpcc,0.0,guard_remaining_exponent,5,2.7764451051977987,AliStorage50
paired_percent,0.0,0.0,0.0,homa_minus_hpcc,0.0,guard_remaining_exponent,5,2.7764451051977987,AliStorage50
paired_difference,0.0,0.0,0.0,homa_minus_hpcc,0.0,guard_remaining_refresh_events,5,2.7764451051977987,AliStorage50
paired_difference,0.0,0.0,0.0,homa_minus_hpcc,0.0,guard_sender_srpt_enabled,5,2.7764451051977987,AliStorage50
paired_percent,0.0,0.0,0.0,homa_minus_hpcc,0.0,guard_sender_srpt_enabled,5,2.7764451051977987,AliStorage50
paired_difference,0.0,0.0,0.0,homa_minus_hpcc,0.0,guard_sender_srpt_forced_rr,5,2.7764451051977987,AliStorage50
paired_difference,0.0,0.0,0.0,homa_minus_hpcc,0.0,guard_sender_srpt_non_rr,5,2.7764451051977987,AliStorage50
paired_difference,0.0,0.0,0.0,homa_minus_hpcc,0.0,guard_sender_srpt_selections,5,2.7764451051977987,AliStorage50
paired_difference,0.0,0.0,0.0,homa_minus_hpcc,0.0,guard_srpt_quantum_packets,5,2.7764451051977987,AliStorage50
paired_percent,0.0,0.0,0.0,homa_minus_hpcc,0.0,guard_srpt_quantum_packets,5,2.7764451051977987,AliStorage50
paired_difference,0.0,0.0,0.0,homa_minus_hpcc,0.0,guard_tail_bypass_bdps,5,2.7764451051977987,AliStorage50
paired_percent,0.0,0.0,0.0,homa_minus_hpcc,0.0,guard_tail_bypass_bdps,5,2.7764451051977987,AliStorage50
paired_difference,0.0,0.0,0.0,homa_minus_hpcc,0.0,guard_tail_bypass_enabled,5,2.7764451051977987,AliStorage50
paired_percent,0.0,0.0,0.0,homa_minus_hpcc,0.0,guard_tail_bypass_enabled,5,2.7764451051977987,AliStorage50
paired_difference,0.0,0.0,0.0,homa_minus_hpcc,0.0,guard_tail_bypass_feedbacks,5,2.7764451051977987,AliStorage50
paired_difference,0.0,0.0,0.0,homa_minus_hpcc,0.0,guard_tail_bypass_flows,5,2.7764451051977987,AliStorage50
paired_difference,86.38002191376097,6213.580021913761,6040.819978086239,homa_minus_hpcc,6127.2,homa_completion_notices_received,5,2.7764451051977987,AliStorage50
paired_difference,86.38002191376097,6213.580021913761,6040.819978086239,homa_minus_hpcc,6127.2,homa_completion_notices_sent,5,2.7764451051977987,AliStorage50
paired_difference,17529499.80406895,277435908.20406896,242376908.59593105,homa_minus_hpcc,259906408.4,homa_data_bytes,5,2.7764451051977987,AliStorage50
paired_difference,17561.552740469277,280526.9527404693,245403.84725953074,homa_minus_hpcc,262965.4,homa_data_packets,5,2.7764451051977987,AliStorage50
paired_difference,16326.448123318101,193292.4481233181,160639.5518766819,homa_minus_hpcc,176966.0,homa_grants_received,5,2.7764451051977987,AliStorage50
paired_difference,16326.448123318101,193292.4481233181,160639.5518766819,homa_minus_hpcc,176966.0,homa_grants_sent,5,2.7764451051977987,AliStorage50
paired_difference,1.0388506336835697,4.8388506336835695,2.76114936631643,homa_minus_hpcc,3.8,homa_max_pending_messages,5,2.7764451051977987,AliStorage50
paired_difference,86.38002191376097,6213.580021913761,6040.819978086239,homa_minus_hpcc,6127.2,homa_messages_completed,5,2.7764451051977987,AliStorage50
paired_difference,86.38002191376097,6213.580021913761,6040.819978086239,homa_minus_hpcc,6127.2,homa_messages_tracked,5,2.7764451051977987,AliStorage50
paired_difference,0.0,0.0,0.0,homa_minus_hpcc,0.0,homa_resends_received,5,2.7764451051977987,AliStorage50
paired_difference,0.0,0.0,0.0,homa_minus_hpcc,0.0,homa_resends_sent,5,2.7764451051977987,AliStorage50
paired_difference,0.0,0.0,0.0,homa_minus_hpcc,0.0,homa_retransmit_packets,5,2.7764451051977987,AliStorage50
paired_difference,419.9701563564304,-3289.2298436435694,-4129.17015635643,homa_minus_hpcc,-3709.2,hpcc_actual_rate_changes,5,2.7764451051977987,AliStorage50
paired_percent,0.0,-100.0,-100.0,homa_minus_hpcc,-100.0,hpcc_actual_rate_changes,5,2.7764451051977987,AliStorage50
paired_difference,0.0,0.0,0.0,homa_minus_hpcc,0.0,hpcc_fast_computations,5,2.7764451051977987,AliStorage50
paired_difference,913.4544059516148,-10527.745594048385,-12354.654405951616,homa_minus_hpcc,-11441.2,hpcc_feedback_updates,5,2.7764451051977987,AliStorage50
paired_percent,0.0,-100.0,-100.0,homa_minus_hpcc,-100.0,hpcc_feedback_updates,5,2.7764451051977987,AliStorage50
paired_difference,879.4641324953278,-4434.535867504672,-6193.464132495328,homa_minus_hpcc,-5314.0,hpcc_full_computations,5,2.7764451051977987,AliStorage50
paired_percent,0.0,-100.0,-100.0,homa_minus_hpcc,-100.0,hpcc_full_computations,5,2.7764451051977987,AliStorage50
paired_difference,879.4641324953278,-4434.535867504672,-6193.464132495328,homa_minus_hpcc,-5314.0,hpcc_rate_updates_applied,5,2.7764451051977987,AliStorage50
paired_percent,0.0,-100.0,-100.0,homa_minus_hpcc,-100.0,hpcc_rate_updates_applied,5,2.7764451051977987,AliStorage50
paired_difference,913.4544059516148,-10527.745594048385,-12354.654405951616,homa_minus_hpcc,-11441.2,hpcc_valid_feedback,5,2.7764451051977987,AliStorage50
paired_percent,0.0,-100.0,-100.0,homa_minus_hpcc,-100.0,hpcc_valid_feedback,5,2.7764451051977987,AliStorage50
paired_difference,0.0,0.0,0.0,homa_minus_hpcc,0.0,int_hops_after_strip,5,2.7764451051977987,AliStorage50
paired_difference,0.0,0.0,0.0,homa_minus_hpcc,0.0,int_hops_before_strip,5,2.7764451051977987,AliStorage50
paired_difference,0.0,0.0,0.0,homa_minus_hpcc,0.0,int_records_stripped,5,2.7764451051977987,AliStorage50
paired_difference,0.0,0.0,0.0,homa_minus_hpcc,0.0,irn_nacks_generated,5,2.7764451051977987,AliStorage50
paired_difference,0.0,0.0,0.0,homa_minus_hpcc,0.0,irn_nacks_received,5,2.7764451051977987,AliStorage50
paired_difference,0.0,0.0,0.0,homa_minus_hpcc,0.0,irn_retransmit_bytes,5,2.7764451051977987,AliStorage50
paired_difference,0.0,0.0,0.0,homa_minus_hpcc,0.0,irn_retransmit_packets,5,2.7764451051977987,AliStorage50
paired_difference,0.06522114020380128,-0.5648947508347418,-0.6953370312423445,homa_minus_hpcc,-0.6301158910385432,le_8KB_fct_us_mean,5,2.7764451051977987,AliStorage50
paired_percent,0.7757081692752766,-7.454335455804216,-9.005751794354769,homa_minus_hpcc,-8.230043625079492,le_8KB_fct_us_mean,5,2.7764451051977987,AliStorage50
paired_difference,0.4160962060246961,-1.8820737939753034,-2.7142662060246954,homa_minus_hpcc,-2.2981699999999994,le_8KB_fct_us_p95,5,2.7764451051977987,AliStorage50
paired_percent,2.891927017373115,-17.03174216165936,-22.815596196405586,homa_minus_hpcc,-19.923669179032473,le_8KB_fct_us_p95,5,2.7764451051977987,AliStorage50
paired_difference,1.4195060898231384,-6.500887910176869,-9.339900089823146,homa_minus_hpcc,-7.920394000000007,le_8KB_fct_us_p99,5,2.7764451051977987,AliStorage50
paired_percent,4.456911707051943,-40.80249430448346,-49.71631771858735,homa_minus_hpcc,-45.259406011535404,le_8KB_fct_us_p99,5,2.7764451051977987,AliStorage50
paired_difference,0.0,0.0,0.0,homa_minus_hpcc,0.0,le_8KB_flow_count,5,2.7764451051977987,AliStorage50
paired_percent,0.0,0.0,0.0,homa_minus_hpcc,0.0,le_8KB_flow_count,5,2.7764451051977987,AliStorage50
paired_difference,0.008517334031382462,-0.0814726129964588,-0.09850728105922374,homa_minus_hpcc,-0.08998994702784127,le_8KB_slowdown_mean,5,2.7764451051977987,AliStorage50
paired_percent,0.7040118729091667,-7.43065221592906,-8.838675961747393,homa_minus_hpcc,-8.134664088838226,le_8KB_slowdown_mean,5,2.7764451051977987,AliStorage50
paired_difference,0.035057572627772614,-0.3751832592711301,-0.4452984045266753,homa_minus_hpcc,-0.4102408318989027,le_8KB_slowdown_p95,5,2.7764451051977987,AliStorage50
paired_percent,1.6972807698331214,-26.355026499894844,-29.749588039561086,homa_minus_hpcc,-28.052307269727965,le_8KB_slowdown_p95,5,2.7764451051977987,AliStorage50
paired_difference,0.1640884837656584,-0.9598646352004521,-1.288041602731769,homa_minus_hpcc,-1.1239531189661105,le_8KB_slowdown_p99,5,2.7764451051977987,AliStorage50
paired_percent,3.725682485965878,-46.640774421698865,-54.09213939363062,homa_minus_hpcc,-50.36645690766474,le_8KB_slowdown_p99,5,2.7764451051977987,AliStorage50
paired_difference,0.16203583084206463,-0.0616188298139185,-0.3856904914980478,homa_minus_hpcc,-0.22365466065598313,long_to_small_slowdown_mean_ratio,5,2.7764451051977987,AliStorage50
paired_percent,6.864472596822431,-3.868221048331666,-17.597166241976527,homa_minus_hpcc,-10.732693645154097,long_to_small_slowdown_mean_ratio,5,2.7764451051977987,AliStorage50
paired_difference,0.0,0.0,0.0,homa_minus_hpcc,0.0,max_active_flows,5,2.7764451051977987,AliStorage50
paired_difference,3742.2971193172843,-48269.702880682715,-55754.297119317285,homa_minus_hpcc,-52012.0,output_bytes,5,2.7764451051977987,AliStorage50
paired_percent,0.34450913597686483,-6.762479914567501,-7.45149818652123,homa_minus_hpcc,-7.106989050544366,output_bytes,5,2.7764451051977987,AliStorage50
paired_difference,0.6032393519306608,-1.5582877893645373,-2.764766493225859,homa_minus_hpcc,-2.161527141295198,overall_fct_us_mean,5,2.7764451051977987,AliStorage50
paired_percent,3.029903291325865,-11.635062602609118,-17.694869185260846,homa_minus_hpcc,-14.664965893934982,overall_fct_us_mean,5,2.7764451051977987,AliStorage50
paired_difference,0.5057517689104193,-5.267978231089581,-6.2794817689104185,homa_minus_hpcc,-5.77373,overall_fct_us_p95,5,2.7764451051977987,AliStorage50
paired_percent,1.8022217610209987,-23.753311414303305,-27.3577549363453,homa_minus_hpcc,-25.555533175324303,overall_fct_us_p95,5,2.7764451051977987,AliStorage50
paired_difference,8.456925114301884,-38.60805088569793,-55.52190111430169,homa_minus_hpcc,-47.06497599999981,overall_fct_us_p99,5,2.7764451051977987,AliStorage50
paired_percent,3.191453193503892,-17.586780864216898,-23.969687251224684,homa_minus_hpcc,-20.77823405772079,overall_fct_us_p99,5,2.7764451051977987,AliStorage50
paired_difference,0.0,0.0,0.0,homa_minus_hpcc,0.0,overall_flow_count,5,2.7764451051977987,AliStorage50
paired_percent,0.0,0.0,0.0,homa_minus_hpcc,0.0,overall_flow_count,5,2.7764451051977987,AliStorage50
paired_difference,0.013144929579839981,-0.11560492847361084,-0.1418947876332908,homa_minus_hpcc,-0.12874985805345082,overall_slowdown_mean,5,2.7764451051977987,AliStorage50
paired_percent,0.9539408769723304,-9.948626807988665,-11.856508561933326,homa_minus_hpcc,-10.902567684960996,overall_slowdown_mean,5,2.7764451051977987,AliStorage50
paired_difference,0.040154276756348084,-0.6082145960355476,-0.6885231495482438,homa_minus_hpcc,-0.6483688727918957,overall_slowdown_p95,5,2.7764451051977987,AliStorage50
paired_percent,1.439366200330982,-33.97318873343366,-36.85192113409562,homa_minus_hpcc,-35.41255493376464,overall_slowdown_p95,5,2.7764451051977987,AliStorage50
paired_difference,0.1270482742312805,-0.8065094622985206,-1.0606060107610817,homa_minus_hpcc,-0.9335577365298011,overall_slowdown_p99,5,2.7764451051977987,AliStorage50
paired_percent,3.3819617116184073,-30.54398408665846,-37.30790750989528,homa_minus_hpcc,-33.92594579827687,overall_slowdown_p99,5,2.7764451051977987,AliStorage50
paired_difference,0.0,0.0,0.0,homa_minus_hpcc,0.0,pfc_cumulative_pause_ns,5,2.7764451051977987,AliStorage50
paired_difference,0.0,0.0,0.0,homa_minus_hpcc,0.0,pfc_matched_intervals,5,2.7764451051977987,AliStorage50
paired_difference,0.0,0.0,0.0,homa_minus_hpcc,0.0,pfc_max_pause_ns,5,2.7764451051977987,AliStorage50
paired_difference,0.0,0.0,0.0,homa_minus_hpcc,0.0,pfc_pause_count,5,2.7764451051977987,AliStorage50
paired_difference,0.0,0.0,0.0,homa_minus_hpcc,0.0,pfc_pause_events,5,2.7764451051977987,AliStorage50
paired_difference,0.0,0.0,0.0,homa_minus_hpcc,0.0,pfc_resume_count,5,2.7764451051977987,AliStorage50
paired_difference,0.0,0.0,0.0,homa_minus_hpcc,0.0,pfc_resume_events,5,2.7764451051977987,AliStorage50
paired_difference,0.0,0.0,0.0,homa_minus_hpcc,0.0,pfc_unmatched_pauses,5,2.7764451051977987,AliStorage50
paired_difference,0.0,0.0,0.0,homa_minus_hpcc,0.0,pfc_unmatched_resumes,5,2.7764451051977987,AliStorage50
paired_difference,0.0,0.0,0.0,homa_minus_hpcc,0.0,proactive_releases,5,2.7764451051977987,AliStorage50
paired_difference,140242.55235871405,276497.75235871406,-3987.352358714037,homa_minus_hpcc,136255.2,queue_bytes_max,5,2.7764451051977987,AliStorage50
paired_percent,61.694220631583995,120.28814753944262,-3.100293723725372,homa_minus_hpcc,58.593926907858624,queue_bytes_max,5,2.7764451051977987,AliStorage50
paired_difference,993.2302492744759,3699.989049274476,1713.5285507255242,homa_minus_hpcc,2706.7588,queue_bytes_mean,5,2.7764451051977987,AliStorage50
paired_percent,34.153475697018614,151.7642845472465,83.45733315320928,homa_minus_hpcc,117.61080885022788,queue_bytes_mean,5,2.7764451051977987,AliStorage50
paired_difference,4489.405655448011,18395.20565544801,9416.394344551987,homa_minus_hpcc,13905.8,queue_bytes_p95,5,2.7764451051977987,AliStorage50
paired_percent,30.578948828221993,197.60636061725612,136.44846296081212,homa_minus_hpcc,167.02741178903412,queue_bytes_p95,5,2.7764451051977987,AliStorage50
paired_difference,22784.76229074987,83543.16229074987,37973.637709250135,homa_minus_hpcc,60758.4,queue_bytes_p99,5,2.7764451051977987,AliStorage50
paired_percent,27.710575122376508,117.76228150761561,62.34113126286259,homa_minus_hpcc,90.0517063852391,queue_bytes_p99,5,2.7764451051977987,AliStorage50
paired_difference,0.0,0.0,0.0,homa_minus_hpcc,0.0,queue_sample_count,5,2.7764451051977987,AliStorage50
paired_percent,0.0,0.0,0.0,homa_minus_hpcc,0.0,queue_sample_count,5,2.7764451051977987,AliStorage50
paired_difference,0.0,0.0,0.0,homa_minus_hpcc,0.0,reactive_binding_rate_changes,5,2.7764451051977987,AliStorage50
paired_difference,0.0,0.0,0.0,homa_minus_hpcc,0.0,reactive_binding_updates,5,2.7764451051977987,AliStorage50
paired_difference,0.0,0.0,0.0,homa_minus_hpcc,0.0,recovery_nacks_generated,5,2.7764451051977987,AliStorage50
paired_difference,0.0,0.0,0.0,homa_minus_hpcc,0.0,recovery_nacks_received,5,2.7764451051977987,AliStorage50
paired_difference,0.0,0.0,0.0,homa_minus_hpcc,0.0,registrations,5,2.7764451051977987,AliStorage50
paired_difference,0.0,0.0,0.0,homa_minus_hpcc,0.0,selected_registrations,5,2.7764451051977987,AliStorage50
paired_difference,0.0,0.0,0.0,homa_minus_hpcc,0.0,switch_drops_egress,5,2.7764451051977987,AliStorage50
paired_difference,0.0,0.0,0.0,homa_minus_hpcc,0.0,switch_drops_ingress,5,2.7764451051977987,AliStorage50
paired_difference,0.0,0.0,0.0,homa_minus_hpcc,0.0,switch_drops_total,5,2.7764451051977987,AliStorage50
paired_difference,0.0,0.0,0.0,homa_minus_hpcc,0.0,tie_binding_rate_changes,5,2.7764451051977987,AliStorage50
paired_difference,0.0,0.0,0.0,homa_minus_hpcc,0.0,tie_binding_updates,5,2.7764451051977987,AliStorage50
paired_difference,0.0,0.0,0.0,homa_minus_hpcc,0.0,timeout_recoveries,5,2.7764451051977987,AliStorage50
